date_time,amount,method,btc,ltc,usdt
2026-09-08 00:19:57.417498,10500.00,merchant001,0,0,0
2026-09-07 23:59:49.961433,10500.00,BALANCE,0,0,0
2026-09-07 23:56:42.979023,7200.00,BALANCE,0,0,0
2026-09-07 23:42:52.573273,3200.00,BALANCE,0,0,0
2026-09-07 23:37:46.055218,4300.00,reptiloid,0,0,0
2026-09-07 23:14:29.699013,4300.00,reptiloid,0,0,0
2026-09-07 23:03:03.255086,4300.00,card,0,0,0
2026-09-07 22:58:22.476881,1900.00,reptiloid,0,0,0
2026-09-07 22:47:41.089178,4300.00,nirvana,0,0,0
2026-09-07 22:18:24.886009,7200.00,card,0,0,0
2026-09-07 22:06:57.741037,4300.00,merchant001,0,0,0
2026-09-07 22:05:35.134603,3200.00,reptiloid,0,0,0
2026-09-07 21:58:46.009343,4300.00,reptiloid,0,0,0
2026-09-07 21:57:05.28692,7200.00,reptiloid,0,0,0
2026-09-07 21:56:25.722322,7200.00,reptiloid,0,0,0
2026-09-07 21:52:21.182393,7200.00,reptiloid,0,0,0
2026-09-07 21:39:11.148914,3200.00,merchant001,0,0,0
2026-09-07 21:26:47.172885,7200.00,reptiloid,0,0,0
2026-09-07 20:49:04.002939,7200.00,merchant001,0,0,0
2026-09-07 20:45:19.53049,6700.00,BALANCE,0,0,0
2026-09-07 20:40:37.585019,0.00,BALANCE,0,0,0
2026-09-07 20:37:42.743198,7700.00,BALANCE,0,0,0
2026-09-07 20:35:18.082606,3200.00,BALANCE,0,0,0
2026-09-07 20:29:19.246559,0.00,BALANCE,0,0,0
2026-09-07 20:20:41.768709,4500.00,reptiloid,0,0,0
2026-09-07 20:15:04.339264,4200.00,BALANCE,0,0,0
2026-09-07 20:05:25.156591,7200.00,reptiloid,0,0,0
2026-09-07 20:02:32.312177,7200.00,reptiloid,0,0,0
2026-09-07 19:52:13.127005,7200.00,reptiloid,0,0,0
2026-09-07 19:51:50.036667,7200.00,reptiloid,0,0,0
2026-09-07 19:46:13.494826,4300.00,transa,0,0,0
2026-09-07 19:38:48.992806,7200.00,reptiloid,0,0,0
2026-09-07 19:15:56.150886,5040.000,USDT,0,0,71.813000
2026-09-07 18:53:48.407539,7400.00,card,0,0,0
2026-09-07 18:50:32.814478,3200.00,merchant001,0,0,0
2026-09-07 18:45:29.937697,4200.00,BALANCE,0,0,0
2026-09-07 18:37:37.80753,5050.00,BALANCE,0,0,0
2026-09-07 18:32:54.736861,4700.00,BALANCE,0,0,0
2026-09-07 18:19:45.148952,7200.00,BALANCE,0,0,0
2026-09-07 18:18:30.076887,4300.00,BALANCE,0,0,0
2026-09-07 18:14:55.824597,4300.00,reptiloid,0,0,0
2026-09-07 18:12:04.651835,7200.00,merchant001,0,0,0
2026-09-07 17:46:22.557131,1300.00,BALANCE,0,0,0
2026-09-07 17:20:09.19561,4300.00,reptiloid,0,0,0
2026-09-07 17:17:41.847344,4300.00,card,0,0,0
2026-09-07 17:15:04.856193,1900.00,reptiloid,0,0,0
2026-09-07 17:14:04.328094,7400.00,card,0,0,0
2026-09-07 16:51:51.92751,7200.00,card,0,0,0
2026-09-07 16:39:38.758597,0.00,BALANCE,0,0,0
2026-09-07 16:31:28.467106,4300.00,reptiloid,0,0,0
2026-09-07 16:26:32.182323,900.00,BALANCE,0,0,0
2026-09-07 16:22:06.137325,7200.00,reptiloid,0,0,0
2026-09-07 16:20:59.640198,4300.00,card,0,0,0
2026-09-07 16:15:30.369262,4200.00,BALANCE,0,0,0
2026-09-07 15:58:59.637508,7200.00,card,0,0,0
2026-09-07 15:57:33.775642,1900.00,BALANCE,0,0,0
2026-09-07 15:55:35.530267,4300.00,reptiloid,0,0,0
2026-09-07 15:52:17.37327,3200.00,merchant001,0,0,0
2026-09-07 15:48:13.634398,4300.00,reptiloid,0,0,0
2026-09-07 15:46:16.876208,7200.00,reptiloid,0,0,0
2026-09-07 15:44:46.183833,7200.00,merchant001,0,0,0
2026-09-07 15:43:28.917049,7200.00,card,0,0,0
2026-09-07 15:38:51.234586,0.00,BALANCE,0,0,0
2026-09-07 15:36:06.096261,7200.00,reptiloid,0,0,0
2026-09-07 15:35:30.146882,2200.00,BALANCE,0,0,0
2026-09-07 15:35:13.683434,4300.00,card,0,0,0
2026-09-07 15:15:53.282776,3200.00,reptiloid,0,0,0
2026-09-07 15:14:27.048923,1300.00,BALANCE,0,0,0
2026-09-07 15:09:15.882772,1300.00,BALANCE,0,0,0
2026-09-07 15:02:45.161999,0.00,BALANCE,0,0,0
2026-09-07 14:49:54.733653,1900.00,reptiloid,0,0,0
2026-09-07 14:43:36.897018,7200.00,reptiloid,0,0,0
2026-09-07 14:35:51.771343,4300.00,reptiloid,0,0,0
2026-09-07 14:24:19.151055,900.00,BALANCE,0,0,0
2026-09-07 14:23:36.485586,0.00,BALANCE,0,0,0
2026-09-07 14:10:36.325307,7200.00,reptiloid,0,0,0
2026-09-07 14:09:14.343556,1300.00,BALANCE,0,0,0
2026-09-07 14:06:00.405261,1900.00,reptiloid,0,0,0
2026-09-07 13:57:27.041067,1900.00,BALANCE,0,0,0
2026-09-07 13:54:57.870718,7200.00,reptiloid,0,0,0
2026-09-07 13:54:50.535099,4300.00,BALANCE,0,0,0
2026-09-07 06:26:03.04253,4300.00,reptiloid,0,0,0
2026-09-07 06:16:41.461066,4300.00,reptiloid,0,0,0
2026-09-07 06:16:25.412624,0.00,BALANCE,0,0,0
2026-09-07 05:04:17.344852,4300.00,reptiloid,0,0,0
2026-09-07 04:50:57.92714,4300.00,reptiloid,0,0,0
2026-09-07 03:27:48.358595,7200.00,reptiloid,0,0,0
2026-09-07 03:19:06.569266,3010.000,USDT,0,0,42.888000
2026-09-07 03:02:33.05847,3200.00,reptiloid,0,0,0
2026-09-07 02:34:18.687517,4300.00,BALANCE,0,0,0
2026-09-07 02:22:55.013753,3655.0000,LTC,0,0.90498454,0
2026-09-07 01:38:37.476823,1600.00,BALANCE,0,0,0
2026-09-07 01:37:08.538846,4300.00,reptiloid,0,0,0
2026-09-07 00:29:38.622942,4300.00,reptiloid,0,0,0
2026-09-07 00:28:38.088686,1300.00,BALANCE,0,0,0
2026-09-06 23:59:27.569311,7400.00,BALANCE,0,0,0
2026-09-06 23:59:09.732448,4300.00,card,0,0,0
2026-09-06 23:48:47.004136,7400.00,reptiloid,0,0,0
2026-09-06 23:39:18.797307,0.00,BALANCE,0,0,0
2026-09-06 23:31:14.765556,1300.00,BALANCE,0,0,0
2026-09-06 23:13:24.624854,4300.00,card,0,0,0
2026-09-06 22:51:39.647019,1500.00,BALANCE,0,0,0
2026-09-06 22:49:42.593736,4300.00,reptiloid,0,0,0
2026-09-06 22:47:37.229362,3000.00,reptiloid,0,0,0
2026-09-06 22:09:46.61083,4300.00,reptiloid,0,0,0
2026-09-06 22:09:42.565319,3200.00,reptiloid,0,0,0
2026-09-06 22:01:14.622781,4300.00,transa,0,0,0
2026-09-06 21:57:45.851785,4300.00,card,0,0,0
2026-09-06 21:55:52.818643,7200.00,card,0,0,0
2026-09-06 21:46:29.451664,4300.00,reptiloid,0,0,0
2026-09-06 21:07:59.574362,7200.00,reptiloid,0,0,0
2026-09-06 21:06:19.631312,1900.00,reptiloid,0,0,0
2026-09-06 21:04:36.845372,4300.00,card,0,0,0
2026-09-06 20:55:34.943825,4300.00,transa,0,0,0
2026-09-06 20:42:04.371364,1900.00,reptiloid,0,0,0
2026-09-06 20:10:50.796378,7200.00,reptiloid,0,0,0
2026-09-06 19:56:30.199819,4300.00,reptiloid,0,0,0
2026-09-06 19:53:53.157341,4300.00,reptiloid,0,0,0
2026-09-06 19:39:45.583341,7200.00,reptiloid,0,0,0
2026-09-06 19:31:29.315508,3200.00,BALANCE,0,0,0
2026-09-06 19:26:12.163862,3200.00,BALANCE,0,0,0
2026-09-06 19:21:07.2351,4300.00,reptiloid,0,0,0
2026-09-06 19:18:22.977002,0.00,BALANCE,0,0,0
2026-09-06 19:17:17.287464,7200.00,reptiloid,0,0,0
2026-09-06 19:13:12.79717,3200.00,BALANCE,0,0,0
2026-09-06 19:07:40.523823,7200.00,reptiloid,0,0,0
2026-09-06 19:02:00.970138,1900.00,card,0,0,0
2026-09-06 18:48:50.771742,100.00,BALANCE,0,0,0
2026-09-06 18:36:30.756026,4300.00,reptiloid,0,0,0
2026-09-06 18:28:34.011361,3655.0000,LTC,0,0.91566282,0
2026-09-06 18:24:56.980783,7200.00,BALANCE,0,0,0
2026-09-06 18:19:19.586374,1900.00,reptiloid,0,0,0
2026-09-06 18:18:20.497331,7200.00,BALANCE,0,0,0
2026-09-06 17:55:37.293941,7200.00,reptiloid,0,0,0
2026-09-06 17:51:15.678207,2900.00,BALANCE,0,0,0
2026-09-06 17:49:10.272265,1900.00,nirvana,0,0,0
2026-09-06 17:35:18.697236,1300.00,BALANCE,0,0,0
2026-09-06 17:23:25.180571,4300.00,reptiloid,0,0,0
2026-09-06 17:17:53.323339,3200.00,reptiloid,0,0,0
2026-09-06 17:14:27.05825,7200.00,reptiloid,0,0,0
2026-09-06 17:13:12.478034,0.00,BALANCE,0,0,0
2026-09-06 17:08:14.352201,1300.00,BALANCE,0,0,0
2026-09-06 16:24:16.408426,7200.00,reptiloid,0,0,0
2026-09-06 16:23:53.319587,7400.00,reptiloid,0,0,0
2026-09-06 16:22:02.804869,3200.00,reptiloid,0,0,0
2026-09-06 15:33:05.675797,4300.00,reptiloid,0,0,0
2026-09-06 15:32:50.023971,4300.00,merchant001,0,0,0
2026-09-06 15:19:29.717175,4300.00,reptiloid,0,0,0
2026-09-06 15:18:10.07961,3200.00,reptiloid,0,0,0
2026-09-06 15:09:12.761246,4300.00,reptiloid,0,0,0
2026-09-06 15:05:09.757948,7200.00,reptiloid,0,0,0
2026-09-06 14:57:09.931203,7200.00,reptiloid,0,0,0
2026-09-06 14:53:27.023518,3200.00,reptiloid,0,0,0
2026-09-06 14:37:09.125841,0.00,BALANCE,0,0,0
2026-09-06 14:33:27.418323,7200.00,reptiloid,0,0,0
2026-09-06 14:23:54.620861,4300.00,reptiloid,0,0,0
2026-09-06 14:10:22.750778,3000.00,reptiloid,0,0,0
2026-09-06 14:07:13.671218,3200.00,reptiloid,0,0,0
2026-09-06 13:49:59.338155,1900.00,reptiloid,0,0,0
2026-09-06 13:47:40.600178,4300.00,BALANCE,0,0,0
2026-09-06 13:24:25.134682,300.00,BALANCE,0,0,0
2026-09-06 13:21:51.147996,4700.00,BALANCE,0,0,0
2026-09-06 13:20:13.119508,3200.00,BALANCE,0,0,0
2026-09-06 13:14:09.158274,4300.00,BALANCE,0,0,0
2026-09-06 13:11:48.298913,4300.00,BALANCE,0,0,0
2026-09-06 13:02:38.57644,7200.00,reptiloid,0,0,0
2026-09-06 12:51:41.386304,4300.00,reptiloid,0,0,0
2026-09-06 12:39:27.282077,1900.00,card,0,0,0
2026-09-06 12:33:05.879177,7700.00,card,0,0,0
2026-09-06 12:26:28.267042,7200.00,BALANCE,0,0,0
2026-09-06 12:25:34.215715,7700.00,BALANCE,0,0,0
2026-09-06 12:23:31.328848,5040.000,USDT,0,0,71.813000
2026-09-06 12:23:24.577043,4300.00,card,0,0,0
2026-09-06 12:19:49.335446,3000.00,reptiloid,0,0,0
2026-09-06 12:00:47.445476,3200.00,reptiloid,0,0,0
2026-09-06 11:00:23.364907,3200.00,reptiloid,0,0,0
2026-09-06 10:38:52.288354,7200.00,BALANCE,0,0,0
2026-09-06 09:53:44.327969,5040.000,USDT,0,0,71.813000
2026-09-06 09:45:53.931649,4300.00,BALANCE,0,0,0
2026-09-06 08:55:39.942576,0.00,BALANCE,0,0,0
2026-09-06 08:32:00.088811,4300.00,reptiloid,0,0,0
2026-09-06 07:41:23.439835,4300.00,reptiloid,0,0,0
2026-09-06 07:27:54.538635,7200.00,reptiloid,0,0,0
2026-09-06 06:39:17.013194,7700.00,merchant001,0,0,0
2026-09-06 06:22:42.510581,4300.00,reptiloid,0,0,0
2026-09-06 06:13:10.31493,4300.00,reptiloid,0,0,0
2026-09-06 05:46:47.273852,7200.00,reptiloid,0,0,0
2026-09-06 05:16:51.110353,2500.00,BALANCE,0,0,0
2026-09-06 04:56:36.720387,0.00,BALANCE,0,0,0
2026-09-06 03:54:13.66162,1900.00,reptiloid,0,0,0
2026-09-06 03:29:56.115439,0.00,BALANCE,0,0,0
2026-09-06 03:29:12.803888,4300.00,reptiloid,0,0,0
2026-09-06 02:23:34.955249,4300.00,reptiloid,0,0,0
2026-09-06 02:22:09.248363,4300.00,BALANCE,0,0,0
2026-09-06 01:50:51.245866,3200.00,BALANCE,0,0,0
2026-09-06 01:48:00.828152,4300.00,merchant001,0,0,0
2026-09-06 01:47:56.277755,2400.00,reptiloid,0,0,0
2026-09-06 01:46:13.323835,3200.00,BALANCE,0,0,0
2026-09-06 01:44:18.074501,3200.00,reptiloid,0,0,0
2026-09-06 01:31:36.217637,0.00,BALANCE,0,0,0
2026-09-06 01:16:25.547499,2300.00,BALANCE,0,0,0
2026-09-06 01:04:53.965759,0.00,BALANCE,0,0,0
2026-09-06 01:04:39.030531,0.00,BALANCE,0,0,0
2026-09-06 01:00:53.494912,1900.00,BALANCE,0,0,0
2026-09-06 00:42:16.662569,3010.000,USDT,0,0,42.888000
2026-09-06 00:40:11.140194,200.00,BALANCE,0,0,0
2026-09-06 00:08:01.280922,3000.00,reptiloid,0,0,0
2026-09-05 23:57:43.312536,1900.00,reptiloid,0,0,0
2026-09-05 23:41:23.255526,4300.00,merchant001,0,0,0
2026-09-05 23:28:20.629397,7700.00,reptiloid,0,0,0
2026-09-05 23:17:50.349487,7200.00,reptiloid,0,0,0
2026-09-05 23:17:04.054363,4300.00,reptiloid,0,0,0
2026-09-05 23:12:27.87111,7200.00,reptiloid,0,0,0
2026-09-05 23:07:08.677941,4300.00,reptiloid,0,0,0
2026-09-05 23:05:12.619578,4300.00,reptiloid,0,0,0
2026-09-05 22:48:02.994831,7700.00,reptiloid,0,0,0
2026-09-05 22:44:37.973504,2550.0000,LTC,0,0.64317996,0
2026-09-05 22:42:27.842411,4300.00,reptiloid,0,0,0
2026-09-05 22:32:25.50527,7700.00,merchant001,0,0,0
2026-09-05 22:26:12.810243,4200.00,BALANCE,0,0,0
2026-09-05 22:18:11.321537,4000.00,BALANCE,0,0,0
2026-09-05 22:14:17.923011,4300.00,reptiloid,0,0,0
2026-09-05 22:10:19.629354,4300.00,reptiloid,0,0,0
2026-09-05 22:02:32.611812,0.00,BALANCE,0,0,0
2026-09-05 21:57:55.174995,1900.00,reptiloid,0,0,0
2026-09-05 21:57:11.280641,1300.00,BALANCE,0,0,0
2026-09-05 21:52:19.81895,7200.00,reptiloid,0,0,0
2026-09-05 21:29:14.85003,7200.00,reptiloid,0,0,0
2026-09-05 21:21:44.43777,4300.00,reptiloid,0,0,0
2026-09-05 21:10:45.799818,4300.00,reptiloid,0,0,0
2026-09-05 21:10:00.155332,1300.00,BALANCE,0,0,0
2026-09-05 21:08:34.088106,4300.00,reptiloid,0,0,0
2026-09-05 21:04:01.689809,4300.00,BALANCE,0,0,0
2026-09-05 20:41:29.098212,7200.00,transa,0,0,0
2026-09-05 20:24:34.065221,1900.00,BALANCE,0,0,0
2026-09-05 20:16:38.457004,1900.00,transa,0,0,0
2026-09-05 19:58:26.790774,7700.00,merchant001,0,0,0
2026-09-05 19:44:17.270906,1900.00,merchant001,0,0,0
2026-09-05 19:38:42.306677,3200.00,reptiloid,0,0,0
2026-09-05 19:35:37.627127,1900.00,card,0,0,0
2026-09-05 19:32:23.899991,7200.00,card,0,0,0
2026-09-05 19:26:04.093683,4300.00,reptiloid,0,0,0
2026-09-05 19:11:45.57059,1900.00,reptiloid,0,0,0
2026-09-05 18:56:05.864645,7200.00,reptiloid,0,0,0
2026-09-05 18:55:42.727019,4300.00,card,0,0,0
2026-09-05 18:53:15.645816,7200.00,reptiloid,0,0,0
2026-09-05 18:42:03.770964,3200.00,reptiloid,0,0,0
2026-09-05 18:39:52.862255,4300.00,reptiloid,0,0,0
2026-09-05 18:39:02.150065,4200.00,BALANCE,0,0,0
2026-09-05 18:07:31.95496,3200.00,merchant001,0,0,0
2026-09-05 18:06:54.450984,4300.00,reptiloid,0,0,0
2026-09-05 18:05:33.594516,4300.00,BALANCE,0,0,0
2026-09-05 17:56:05.53724,7200.00,reptiloid,0,0,0
2026-09-05 17:49:10.830043,7200.00,reptiloid,0,0,0
2026-09-05 17:47:01.684337,4300.00,reptiloid,0,0,0
2026-09-05 17:38:51.177744,4300.00,merchant001,0,0,0
2026-09-05 17:32:54.257887,4300.00,reptiloid,0,0,0
2026-09-05 17:28:33.17765,1300.00,BALANCE,0,0,0
2026-09-05 17:19:16.176272,3500.00,merchant001,0,0,0
2026-09-05 17:17:28.62869,4300.00,nirvana,0,0,0
2026-09-05 16:56:12.606972,2200.00,BALANCE,0,0,0
2026-09-05 16:37:33.972492,7200.00,merchant001,0,0,0
2026-09-05 16:08:52.325136,7200.00,reptiloid,0,0,0
2026-09-05 16:07:01.520749,4300.00,reptiloid,0,0,0
2026-09-05 15:59:54.499508,1300.00,BALANCE,0,0,0
2026-09-05 15:52:26.189186,4300.00,reptiloid,0,0,0
2026-09-05 15:52:07.832813,4300.00,card,0,0,0
2026-09-05 15:50:21.850381,1300.00,BALANCE,0,0,0
2026-09-05 15:49:39.962619,7200.00,reptiloid,0,0,0
2026-09-05 15:48:23.576968,4300.00,card,0,0,0
2026-09-05 15:44:03.823636,4300.00,reptiloid,0,0,0
2026-09-05 15:42:45.231408,7200.00,card,0,0,0
2026-09-05 15:31:19.273871,4300.00,reptiloid,0,0,0
2026-09-05 15:17:09.176033,7200.00,card,0,0,0
2026-09-05 15:10:12.073665,7200.00,reptiloid,0,0,0
2026-09-05 14:57:36.825388,3200.00,reptiloid,0,0,0
2026-09-05 14:47:34.214018,4300.00,reptiloid,0,0,0
2026-09-05 14:29:47.9708,4300.00,card,0,0,0
2026-09-05 14:19:11.847015,4300.00,reptiloid,0,0,0
2026-09-05 14:17:55.107567,0.00,BALANCE,0,0,0
2026-09-05 14:06:52.228099,16200.00,reptiloid,0,0,0
2026-09-05 13:58:02.045625,0.00,BALANCE,0,0,0
2026-09-05 13:57:38.089472,4300.00,reptiloid,0,0,0
2026-09-05 13:52:33.746429,4300.00,card,0,0,0
2026-09-05 13:47:44.871675,100.00,BALANCE,0,0,0
2026-09-05 13:43:14.966914,7200.00,reptiloid,0,0,0
2026-09-05 13:37:19.187821,4300.00,card,0,0,0
2026-09-05 13:34:42.61615,1900.00,card,0,0,0
2026-09-05 13:29:21.662197,7200.00,merchant001,0,0,0
2026-09-05 13:27:09.064112,4700.00,BALANCE,0,0,0
2026-09-05 13:19:17.57769,7400.00,BALANCE,0,0,0
2026-09-05 13:07:55.121532,7200.00,BALANCE,0,0,0
2026-09-05 13:05:34.310002,7400.00,reptiloid,0,0,0
2026-09-05 13:03:49.829761,7200.00,card,0,0,0
2026-09-05 12:58:41.259813,4300.00,reptiloid,0,0,0
2026-09-05 12:54:43.659129,4300.00,reptiloid,0,0,0
2026-09-05 12:49:51.782682,7200.00,reptiloid,0,0,0
2026-09-05 12:39:47.554775,2800.00,BALANCE,0,0,0
2026-09-05 12:25:24.805839,7200.00,reptiloid,0,0,0
2026-09-05 11:46:40.15404,1900.00,reptiloid,0,0,0
2026-09-05 11:22:00.218442,7200.00,reptiloid,0,0,0
2026-09-05 11:02:23.043953,3200.00,reptiloid,0,0,0
2026-09-05 10:51:18.075144,7200.00,reptiloid,0,0,0
2026-09-05 10:49:58.813096,4300.00,reptiloid,0,0,0
2026-09-05 10:44:00.083135,7200.00,BALANCE,0,0,0
2026-09-05 10:35:09.859642,1300.00,BALANCE,0,0,0
2026-09-05 10:26:46.208829,4300.00,BALANCE,0,0,0
2026-09-05 10:17:34.973325,4300.00,reptiloid,0,0,0
2026-09-05 09:54:35.229097,1900.00,nirvana,0,0,0
2026-09-05 09:38:20.913649,3200.00,nirvana,0,0,0
2026-09-05 09:35:17.999588,7200.00,merchant001,0,0,0
2026-09-05 09:02:43.074017,4300.00,merchant001,0,0,0
2026-09-05 08:33:45.042694,7200.00,reptiloid,0,0,0
2026-09-05 08:29:43.862406,4300.00,reptiloid,0,0,0
2026-09-05 07:52:50.080154,2500.00,BALANCE,0,0,0
2026-09-05 07:38:01.940227,3010.000,USDT,0,0,42.888000
2026-09-05 07:03:32.500684,4300.00,reptiloid,0,0,0
2026-09-05 06:59:39.51498,4300.00,reptiloid,0,0,0
2026-09-05 06:35:41.97898,4300.00,BALANCE,0,0,0
2026-09-05 06:18:16.617672,4300.00,reptiloid,0,0,0
2026-09-05 06:01:06.207658,4300.00,merchant001,0,0,0
2026-09-05 05:33:45.803063,4300.00,reptiloid,0,0,0
2026-09-05 05:24:51.469852,3010.000,USDT,0,0,42.888000
2026-09-05 04:59:08.241628,1900.00,reptiloid,0,0,0
2026-09-05 04:20:02.454322,4300.00,reptiloid,0,0,0
2026-09-05 03:55:26.292635,4300.00,reptiloid,0,0,0
2026-09-05 03:51:30.47987,1300.00,BALANCE,0,0,0
2026-09-05 03:51:17.332163,4300.00,reptiloid,0,0,0
2026-09-05 03:31:24.678193,3010.000,USDT,0,0,42.888000
2026-09-05 02:37:24.264995,4300.00,reptiloid,0,0,0
2026-09-05 02:07:36.950554,1900.00,BALANCE,0,0,0
2026-09-05 01:06:39.229971,3200.00,reptiloid,0,0,0
2026-09-05 00:55:51.406337,4300.00,reptiloid,0,0,0
2026-09-05 00:44:50.91487,7400.00,BALANCE,0,0,0
2026-09-05 00:28:20.412351,1300.00,BALANCE,0,0,0
2026-09-05 00:11:21.140392,1300.00,BALANCE,0,0,0
2026-09-05 00:10:20.14546,7200.00,reptiloid,0,0,0
2026-09-05 00:00:19.927666,4300.00,card,0,0,0
2026-09-04 23:42:51.623005,1000.00,BALANCE,0,0,0
2026-09-04 23:29:12.438172,4300.00,reptiloid,0,0,0
2026-09-04 23:21:39.571588,4300.00,reptiloid,0,0,0
2026-09-04 22:57:12.304481,0.00,BALANCE,0,0,0
2026-09-04 22:55:32.222963,4300.00,reptiloid,0,0,0
2026-09-04 22:55:19.024959,4300.00,merchant001,0,0,0
2026-09-04 22:55:16.355638,0.00,BALANCE,0,0,0
2026-09-04 22:24:27.208155,4300.00,card,0,0,0
2026-09-04 22:14:51.735517,4300.00,reptiloid,0,0,0
2026-09-04 22:14:05.099653,4300.00,card,0,0,0
2026-09-04 22:11:34.329136,1300.00,BALANCE,0,0,0
2026-09-04 22:06:34.458231,4300.00,card,0,0,0
2026-09-04 21:58:25.131432,7200.00,reptiloid,0,0,0
2026-09-04 21:55:34.993303,10500.00,reptiloid,0,0,0
2026-09-04 21:55:08.710626,4200.00,BALANCE,0,0,0
2026-09-04 21:50:25.2639,3200.00,merchant001,0,0,0
2026-09-04 21:30:13.019152,4300.00,reptiloid,0,0,0
2026-09-04 21:29:38.106715,4300.00,card,0,0,0
2026-09-04 21:21:51.437936,3200.00,reptiloid,0,0,0
2026-09-04 21:19:46.631744,0.00,BALANCE,0,0,0
2026-09-04 21:17:33.126208,10500.00,reptiloid,0,0,0
2026-09-04 21:16:33.610219,7700.00,card,0,0,0
2026-09-04 21:13:39.44006,4300.00,card,0,0,0
2026-09-04 21:02:22.431103,4300.00,BALANCE,0,0,0
2026-09-04 20:51:29.542986,2970.00,BALANCE,0,0,0
2026-09-04 19:08:13.32094,7200.00,reptiloid,0,0,0
2026-09-04 19:01:20.702095,1300.00,BALANCE,0,0,0
2026-09-04 18:50:34.09171,7200.00,reptiloid,0,0,0
2026-09-04 18:38:25.678761,3200.00,reptiloid,0,0,0
2026-09-04 17:47:06.545412,0.00,BALANCE,0,0,0
2026-09-04 17:38:41.67674,7200.00,reptiloid,0,0,0
2026-09-04 17:29:44.831301,10500.00,BALANCE,0,0,0
2026-09-04 17:19:41.737593,4300.00,nirvana,0,0,0
2026-09-04 17:06:16.231989,7500.00,BALANCE,0,0,0
2026-09-04 16:59:41.729248,7200.00,reptiloid,0,0,0
2026-09-04 16:54:45.848036,7200.00,reptiloid,0,0,0
2026-09-04 16:51:09.510634,7200.00,reptiloid,0,0,0
2026-09-04 16:48:22.718326,7700.00,BALANCE,0,0,0
2026-09-04 16:44:07.670869,7200.00,reptiloid,0,0,0
2026-09-04 16:40:11.826076,4300.00,merchant001,0,0,0
2026-09-04 16:34:57.216169,0.00,BALANCE,0,0,0
2026-09-04 16:30:51.887525,4300.00,BALANCE,0,0,0
2026-09-04 16:24:07.76412,0.00,BALANCE,0,0,0
2026-09-04 16:10:23.124625,4300.00,reptiloid,0,0,0
2026-09-04 16:10:08.091771,7200.00,reptiloid,0,0,0
2026-09-04 15:59:28.824326,7200.00,reptiloid,0,0,0
2026-09-04 15:48:49.145254,4300.00,reptiloid,0,0,0
2026-09-04 15:44:06.813528,4300.00,reptiloid,0,0,0
2026-09-04 15:35:33.48597,4300.00,reptiloid,0,0,0
2026-09-04 15:28:09.69199,7200.00,BALANCE,0,0,0
2026-09-04 15:22:01.699147,7200.00,card,0,0,0
2026-09-04 15:16:51.064164,7700.00,reptiloid,0,0,0
2026-09-04 14:24:13.692177,4300.00,BALANCE,0,0,0
2026-09-04 14:20:24.394097,3200.00,merchant001,0,0,0
2026-09-04 14:19:06.596348,4300.00,card,0,0,0
2026-09-04 14:16:37.686151,4300.00,card,0,0,0
2026-09-04 14:14:07.354852,4300.00,reptiloid,0,0,0
2026-09-04 14:08:50.026274,4200.00,BALANCE,0,0,0
2026-09-04 14:07:05.156947,4300.00,reptiloid,0,0,0
2026-09-04 13:45:00.858549,4300.00,reptiloid,0,0,0
2026-09-04 13:44:16.692765,2200.00,BALANCE,0,0,0
2026-09-04 13:43:39.556657,3300.00,BALANCE,0,0,0
2026-09-04 13:37:16.467283,7400.00,BALANCE,0,0,0
2026-09-04 13:36:06.471777,4300.00,BALANCE,0,0,0
2026-09-04 13:20:56.295706,1900.00,card,0,0,0
2026-09-04 13:08:10.132927,7200.00,reptiloid,0,0,0
2026-09-04 13:04:41.406546,7400.00,BALANCE,0,0,0
2026-09-04 13:03:52.461621,3200.00,onlypays,0,0,0
2026-09-04 12:58:08.709071,4300.00,card,0,0,0
2026-09-04 12:48:48.647535,4200.00,BALANCE,0,0,0
2026-09-04 12:42:26.04281,4200.00,BALANCE,0,0,0
2026-09-04 12:39:47.876863,1900.00,reptiloid,0,0,0
2026-09-04 12:29:20.38177,4300.00,reptiloid,0,0,0
2026-09-04 12:20:42.087934,4300.00,card,0,0,0
2026-09-04 12:17:51.089324,3200.00,merchant001,0,0,0
2026-09-04 12:16:30.472506,7200.00,reptiloid,0,0,0
2026-09-04 12:05:39.798112,6200.00,BALANCE,0,0,0
2026-09-04 12:02:19.439897,7200.00,card,0,0,0
2026-09-04 11:30:58.842016,3200.00,reptiloid,0,0,0
2026-09-04 11:27:29.189064,7200.00,reptiloid,0,0,0
2026-09-04 11:11:54.530283,7200.00,card,0,0,0
2026-09-04 10:56:28.110729,7200.00,reptiloid,0,0,0
2026-09-04 10:25:42.811566,7200.00,reptiloid,0,0,0
2026-09-04 09:58:46.081824,4200.00,BALANCE,0,0,0
2026-09-04 09:16:29.922116,7200.00,reptiloid,0,0,0
2026-09-04 08:32:30.411625,4300.00,reptiloid,0,0,0
2026-09-04 08:27:29.130322,1300.00,BALANCE,0,0,0
2026-09-04 07:38:28.589482,1300.00,BALANCE,0,0,0
2026-09-04 07:11:16.630699,7200.00,BALANCE,0,0,0
2026-09-04 06:16:43.761724,4300.00,reptiloid,0,0,0
2026-09-04 05:35:23.992024,7400.00,BALANCE,0,0,0
2026-09-04 05:33:16.030087,7400.00,BALANCE,0,0,0
2026-09-04 05:08:47.984962,4300.00,reptiloid,0,0,0
2026-09-04 02:49:17.428357,4300.00,reptiloid,0,0,0
2026-09-04 02:46:28.180861,4300.00,card,0,0,0
2026-09-04 02:30:55.232065,7400.00,reptiloid,0,0,0
2026-09-04 01:53:45.380902,4300.00,reptiloid,0,0,0
2026-09-04 01:48:49.711767,7200.00,reptiloid,0,0,0
2026-09-04 01:31:47.562489,3655.0000,LTC,0,1.00153554,0
2026-09-04 01:28:50.83286,4300.00,BALANCE,0,0,0
2026-09-04 01:04:40.408539,4300.00,reptiloid,0,0,0
2026-09-04 00:55:25.942515,7400.00,BALANCE,0,0,0
2026-09-04 00:50:22.025494,3800.00,BALANCE,0,0,0
2026-09-04 00:36:04.056425,4300.00,reptiloid,0,0,0
2026-09-04 00:27:37.703735,1300.00,BALANCE,0,0,0
2026-09-04 00:22:14.839891,4300.00,reptiloid,0,0,0
2026-09-04 00:13:20.290139,4300.00,reptiloid,0,0,0
2026-09-04 00:11:31.256519,1900.00,reptiloid,0,0,0
2026-09-03 23:19:17.465004,10500.00,BALANCE,0,0,0
2026-09-03 23:04:23.010251,7200.00,reptiloid,0,0,0
2026-09-03 22:54:31.860398,4500.00,reptiloid,0,0,0
2026-09-03 22:47:24.97344,4500.00,card,0,0,0
2026-09-03 22:37:03.068164,3200.00,reptiloid,0,0,0
2026-09-03 22:20:51.936488,7200.00,reptiloid,0,0,0
2026-09-03 22:18:56.788337,0.00,BALANCE,0,0,0
2026-09-03 22:14:30.612111,4300.00,card,0,0,0
2026-09-03 22:14:13.269949,3010.000,USDT,0,0,42.888000
2026-09-03 22:11:28.342123,4300.00,reptiloid,0,0,0
2026-09-03 22:06:16.785913,4300.00,BALANCE,0,0,0
2026-09-03 21:50:21.235176,4300.00,reptiloid,0,0,0
2026-09-03 21:48:39.72204,4300.00,card,0,0,0
2026-09-03 21:48:27.104245,1900.00,reptiloid,0,0,0
2026-09-03 21:37:40.383737,7200.00,reptiloid,0,0,0
2026-09-03 21:33:39.369571,4300.00,reptiloid,0,0,0
2026-09-03 21:30:58.339989,4300.00,card,0,0,0
2026-09-03 21:26:45.446141,3010.000,USDT,0,0,42.888000
2026-09-03 21:12:13.975683,4500.00,BALANCE,0,0,0
2026-09-03 21:10:06.147417,4300.00,BALANCE,0,0,0
2026-09-03 21:05:47.068352,0.00,BALANCE,0,0,0
2026-09-03 21:02:46.070089,4300.00,reptiloid,0,0,0
2026-09-03 20:56:08.869583,4300.00,reptiloid,0,0,0
2026-09-03 20:51:34.846797,4300.00,card,0,0,0
2026-09-03 20:42:58.09371,4500.00,card,0,0,0
2026-09-03 20:42:00.940196,4300.00,merchant001,0,0,0
2026-09-03 20:22:20.401092,4300.00,card,0,0,0
2026-09-03 20:21:34.733389,2150.00,BALANCE,0,0,0
2026-09-03 20:08:48.759324,4300.00,card,0,0,0
2026-09-03 19:54:47.204993,4300.00,card,0,0,0
2026-09-03 19:49:29.109759,10500.00,reptiloid,0,0,0
2026-09-03 19:36:03.641112,4300.00,reptiloid,0,0,0
2026-09-03 19:20:14.062019,10500.00,reptiloid,0,0,0
2026-09-03 19:18:52.356686,4300.00,reptiloid,0,0,0
2026-09-03 19:14:16.322928,1400.00,BALANCE,0,0,0
2026-09-03 19:13:21.357442,4300.00,reptiloid,0,0,0
2026-09-03 18:46:17.894835,7500.00,BALANCE,0,0,0
2026-09-03 18:45:45.509792,1300.00,BALANCE,0,0,0
2026-09-03 18:36:35.567803,4300.00,reptiloid,0,0,0
2026-09-03 18:28:46.754423,4300.00,BALANCE,0,0,0
2026-09-03 18:25:07.04601,4300.00,reptiloid,0,0,0
2026-09-03 18:23:46.243761,4300.00,reptiloid,0,0,0
2026-09-03 18:22:50.286761,4500.00,reptiloid,0,0,0
2026-09-03 18:13:14.336254,7400.00,card,0,0,0
2026-09-03 18:10:25.277227,3200.00,reptiloid,0,0,0
2026-09-03 18:00:40.79732,4300.00,reptiloid,0,0,0
2026-09-03 17:59:33.255886,0.00,BALANCE,0,0,0
2026-09-03 17:58:21.221032,1900.00,card,0,0,0
2026-09-03 17:56:14.156933,4300.00,reptiloid,0,0,0
2026-09-03 17:54:47.382353,1900.00,reptiloid,0,0,0
2026-09-03 17:47:14.675419,3010.000,USDT,0,0,42.888000
2026-09-03 17:41:01.256063,4500.00,reptiloid,0,0,0
2026-09-03 17:24:30.553486,4300.00,BALANCE,0,0,0
2026-09-03 17:16:36.169226,3200.00,reptiloid,0,0,0
2026-09-03 17:14:54.296317,4300.00,reptiloid,0,0,0
2026-09-03 17:13:23.150359,4300.00,reptiloid,0,0,0
2026-09-03 16:54:58.237348,7700.00,reptiloid,0,0,0
2026-09-03 16:42:35.272124,7200.00,reptiloid,0,0,0
2026-09-03 16:38:12.171235,4300.00,reptiloid,0,0,0
2026-09-03 16:33:41.658282,10500.00,reptiloid,0,0,0
2026-09-03 16:32:36.362977,4300.00,BALANCE,0,0,0
2026-09-03 15:56:48.959747,4300.00,reptiloid,0,0,0
2026-09-03 15:27:04.264828,1300.00,BALANCE,0,0,0
2026-09-03 15:17:13.046525,1300.00,BALANCE,0,0,0
2026-09-03 15:01:13.239961,4300.00,reptiloid,0,0,0
2026-09-03 15:00:57.92027,10500.00,reptiloid,0,0,0
2026-09-03 14:57:20.79735,7200.00,card,0,0,0
2026-09-03 14:56:34.239123,3200.00,merchant001,0,0,0
2026-09-03 14:50:21.863812,7200.00,reptiloid,0,0,0
2026-09-03 14:48:53.171229,6200.00,BALANCE,0,0,0
2026-09-03 14:21:03.235069,4300.00,reptiloid,0,0,0
2026-09-03 14:15:22.241058,3200.00,reptiloid,0,0,0
2026-09-03 14:13:47.900827,3825.0000,LTC,0,1.01757525,0
2026-09-03 13:48:48.715724,4300.00,card,0,0,0
2026-09-03 13:43:02.826648,4300.00,card,0,0,0
2026-09-03 13:14:55.724157,4300.00,card,0,0,0
2026-09-03 13:14:16.082131,4300.00,card,0,0,0
2026-09-03 13:04:57.54491,4300.00,merchant001,0,0,0
2026-09-03 12:48:32.511123,3010.000,USDT,0,0,42.888000
2026-09-03 12:34:22.292819,7200.00,reptiloid,0,0,0
2026-09-03 12:27:39.111799,4300.00,reptiloid,0,0,0
2026-09-03 12:22:37.909268,4500.00,card,0,0,0
2026-09-03 12:20:46.706584,3010.000,USDT,0,0,42.888000
2026-09-03 11:55:45.493422,10500.00,onlypays,0,0,0
2026-09-03 11:53:36.432399,1400.00,BALANCE,0,0,0
2026-09-03 11:52:28.59799,3200.00,reptiloid,0,0,0
2026-09-03 11:39:30.492778,4300.00,card,0,0,0
2026-09-03 11:38:37.827175,7200.00,card,0,0,0
2026-09-03 11:37:30.255588,4300.00,merchant001,0,0,0
2026-09-03 11:24:26.32344,4300.00,card,0,0,0
2026-09-03 11:21:21.575433,4300.00,reptiloid,0,0,0
2026-09-03 11:11:19.94373,7200.00,reptiloid,0,0,0
2026-09-03 11:04:16.59041,7200.00,reptiloid,0,0,0
2026-09-03 10:45:15.629958,3010.000,USDT,0,0,42.888000
2026-09-03 10:37:26.087414,4300.00,merchant001,0,0,0
2026-09-03 10:34:19.827436,4300.00,card,0,0,0
2026-09-03 10:29:52.936343,4300.00,merchant001,0,0,0
2026-09-03 10:25:31.750093,4300.00,reptiloid,0,0,0
2026-09-03 10:17:58.498229,4300.00,reptiloid,0,0,0
2026-09-03 09:53:54.990705,4300.00,card,0,0,0
2026-09-03 09:52:42.314271,7200.00,card,0,0,0
2026-09-03 09:42:01.837759,10500.00,reptiloid,0,0,0
2026-09-03 09:27:07.414258,4300.00,card,0,0,0
2026-09-03 08:55:55.587674,4300.00,reptiloid,0,0,0
2026-09-03 08:55:42.424673,4300.00,BALANCE,0,0,0
2026-09-03 08:49:16.575233,4300.00,reptiloid,0,0,0
2026-09-03 08:14:50.138772,7200.00,reptiloid,0,0,0
2026-09-03 06:41:17.513376,4300.00,merchant001,0,0,0
2026-09-03 03:51:53.022622,4500.00,BALANCE,0,0,0
2026-09-03 03:46:17.639256,3000.00,card,0,0,0
2026-09-03 03:34:46.315799,10500.00,BALANCE,0,0,0
2026-09-03 02:39:32.373497,3010.000,USDT,0,0,42.888000
2026-09-03 01:41:28.561396,4300.00,reptiloid,0,0,0
2026-09-03 01:13:02.37456,4300.00,reptiloid,0,0,0
2026-09-03 00:39:45.514794,4300.00,reptiloid,0,0,0
2026-09-03 00:08:25.933262,4300.00,BALANCE,0,0,0
2026-09-02 23:39:05.238646,4300.00,card,0,0,0
2026-09-02 23:03:57.114596,0.00,BALANCE,0,0,0
2026-09-02 22:59:05.60864,4300.00,reptiloid,0,0,0
2026-09-02 22:53:49.01919,7200.00,reptiloid,0,0,0
2026-09-02 22:12:23.301905,4300.00,reptiloid,0,0,0
2026-09-02 21:54:47.871951,4500.00,card,0,0,0
2026-09-02 21:53:21.182668,4500.00,card,0,0,0
2026-09-02 21:35:00.082641,7200.00,BALANCE,0,0,0
2026-09-02 21:30:48.905198,4300.00,card,0,0,0
2026-09-02 21:24:46.303953,4300.00,reptiloid,0,0,0
2026-09-02 21:22:40.202561,3200.00,reptiloid,0,0,0
2026-09-02 21:21:09.425658,7200.00,reptiloid,0,0,0
2026-09-02 21:16:28.704043,4300.00,card,0,0,0
2026-09-02 21:01:03.872714,4300.00,reptiloid,0,0,0
2026-09-02 20:58:21.603333,7200.00,reptiloid,0,0,0
2026-09-02 20:31:39.572342,7200.00,reptiloid,0,0,0
2026-09-02 20:28:23.508621,4300.00,reptiloid,0,0,0
2026-09-02 20:20:57.90482,4300.00,reptiloid,0,0,0
2026-09-02 20:10:18.30703,3200.00,BALANCE,0,0,0
2026-09-02 20:09:29.847934,4300.00,reptiloid,0,0,0
2026-09-02 20:05:22.9311,3200.00,reptiloid,0,0,0
2026-09-02 19:58:52.85489,4300.00,BALANCE,0,0,0
2026-09-02 19:49:20.466655,4300.00,merchant001,0,0,0
2026-09-02 19:19:10.806658,7200.00,card,0,0,0
2026-09-02 19:07:21.747796,4300.00,card,0,0,0
2026-09-02 18:41:05.364511,1300.00,BALANCE,0,0,0
2026-09-02 18:39:15.957448,1300.00,BALANCE,0,0,0
2026-09-02 18:31:00.48234,4500.00,card,0,0,0
2026-09-02 18:24:45.247479,4300.00,card,0,0,0
2026-09-02 18:22:20.141719,3000.00,reptiloid,0,0,0
2026-09-02 18:20:01.552978,4300.00,BALANCE,0,0,0
2026-09-02 18:18:05.753224,7200.00,reptiloid,0,0,0
2026-09-02 18:16:44.091689,4300.00,BALANCE,0,0,0
2026-09-02 18:11:51.161841,4300.00,reptiloid,0,0,0
2026-09-02 18:02:39.761731,4300.00,reptiloid,0,0,0
2026-09-02 17:51:04.764988,3200.00,reptiloid,0,0,0
2026-09-02 17:48:13.700916,4300.00,reptiloid,0,0,0
2026-09-02 17:48:07.99841,7200.00,card,0,0,0
2026-09-02 17:40:18.011482,3800.00,BALANCE,0,0,0
2026-09-02 17:38:45.198268,10500.00,reptiloid,0,0,0
2026-09-02 17:36:38.607644,7700.00,reptiloid,0,0,0
2026-09-02 17:34:54.040206,7400.00,BALANCE,0,0,0
2026-09-02 17:28:44.451806,4300.00,reptiloid,0,0,0
2026-09-02 17:27:15.430957,7400.00,reptiloid,0,0,0
2026-09-02 17:06:36.948581,7700.00,card,0,0,0
2026-09-02 17:06:18.270473,0.00,BALANCE,0,0,0
2026-09-02 16:58:47.43505,3600.00,BALANCE,0,0,0
2026-09-02 16:52:07.697016,4300.00,reptiloid,0,0,0
2026-09-02 16:50:20.668176,7200.00,reptiloid,0,0,0
2026-09-02 16:50:08.124897,4300.00,reptiloid,0,0,0
2026-09-02 16:46:43.899635,5390.000,USDT,0,0,76.800000
2026-09-02 16:35:19.163681,7200.00,reptiloid,0,0,0
2026-09-02 16:22:05.776498,4300.00,reptiloid,0,0,0
2026-09-02 16:18:56.226194,4300.00,reptiloid,0,0,0
2026-09-02 16:18:47.086984,7200.00,reptiloid,0,0,0
2026-09-02 16:17:14.761504,7200.00,reptiloid,0,0,0
2026-09-02 16:01:21.640196,10500.00,reptiloid,0,0,0
2026-09-02 15:59:05.164998,4300.00,reptiloid,0,0,0
2026-09-02 15:45:47.809245,1700.00,BALANCE,0,0,0
2026-09-02 15:03:28.836376,4300.00,BALANCE,0,0,0
2026-09-02 15:03:11.25236,4300.00,reptiloid,0,0,0
2026-09-02 14:53:48.11775,4300.00,reptiloid,0,0,0
2026-09-02 14:49:31.308531,1900.00,reptiloid,0,0,0
2026-09-02 14:48:31.72938,10500.00,reptiloid,0,0,0
2026-09-02 14:45:22.125793,3010.000,USDT,0,0,42.888000
2026-09-02 14:44:00.269166,7200.00,reptiloid,0,0,0
2026-09-02 14:22:55.539013,4300.00,card,0,0,0
2026-09-02 14:22:09.92275,2000.00,BALANCE,0,0,0
2026-09-02 14:20:37.743406,1300.00,BALANCE,0,0,0
2026-09-02 14:09:12.446563,7200.00,reptiloid,0,0,0
2026-09-02 14:07:24.727042,7200.00,reptiloid,0,0,0
2026-09-02 14:06:46.94008,3300.00,BALANCE,0,0,0
2026-09-02 13:59:27.506466,4300.00,reptiloid,0,0,0
2026-09-02 13:54:15.346193,1300.00,BALANCE,0,0,0
2026-09-02 13:51:09.95977,7500.00,BALANCE,0,0,0
2026-09-02 13:46:37.380808,4300.00,reptiloid,0,0,0
2026-09-02 13:23:33.08531,1300.00,BALANCE,0,0,0
2026-09-02 13:17:37.794995,3200.00,reptiloid,0,0,0
2026-09-02 13:16:19.157648,2800.00,BALANCE,0,0,0
2026-09-02 13:13:17.017698,1900.00,BALANCE,0,0,0
2026-09-02 13:10:23.91199,3000.00,card,0,0,0
2026-09-02 13:03:40.803268,4300.00,reptiloid,0,0,0
2026-09-02 12:58:39.332066,4300.00,reptiloid,0,0,0
2026-09-02 12:49:38.980494,1000.00,BALANCE,0,0,0
2026-09-02 12:29:07.473563,4300.00,BALANCE,0,0,0
2026-09-02 12:28:48.412742,4300.00,BALANCE,0,0,0
2026-09-02 12:27:05.476251,4300.00,reptiloid,0,0,0
2026-09-02 12:25:40.850446,4300.00,card,0,0,0
2026-09-02 12:21:43.203927,7700.00,BALANCE,0,0,0
2026-09-02 12:16:00.339656,4300.00,card,0,0,0
2026-09-02 12:12:07.215888,4300.00,BALANCE,0,0,0
2026-09-02 12:04:39.470675,7200.00,reptiloid,0,0,0
2026-09-02 11:57:12.897466,1300.00,BALANCE,0,0,0
2026-09-02 11:07:46.685912,4700.00,BALANCE,0,0,0
2026-09-02 08:56:51.67489,4300.00,reptiloid,0,0,0
2026-09-02 08:23:58.654916,4300.00,reptiloid,0,0,0
2026-09-02 08:19:12.699938,4300.00,reptiloid,0,0,0
2026-09-02 07:33:16.539072,3300.00,BALANCE,0,0,0
2026-09-02 07:32:15.642502,3000.00,card,0,0,0
2026-09-02 04:29:24.710474,7700.00,card,0,0,0
2026-09-02 03:54:00.639968,3000.00,reptiloid,0,0,0
2026-09-02 02:57:38.125962,3010.000,USDT,0,0,42.888000
2026-09-02 02:37:26.01063,1900.00,reptiloid,0,0,0
2026-09-02 02:30:30.186784,7200.00,reptiloid,0,0,0
2026-09-02 02:02:25.444268,1900.00,reptiloid,0,0,0
2026-09-02 01:58:52.568838,3000.00,BALANCE,0,0,0
2026-09-02 01:57:57.312727,3000.00,BALANCE,0,0,0
2026-09-02 01:43:07.446568,4300.00,card,0,0,0
2026-09-02 01:32:51.618596,1900.00,reptiloid,0,0,0
2026-09-02 01:14:51.47716,1300.00,BALANCE,0,0,0
2026-09-02 00:26:04.477642,2800.00,BALANCE,0,0,0
2026-09-02 00:11:05.179854,7200.00,merchant001,0,0,0
2026-09-02 00:10:21.470488,0.00,BALANCE,0,0,0
2026-09-02 00:07:02.913153,2300.00,BALANCE,0,0,0
2026-09-01 23:47:16.843401,4300.00,card,0,0,0
2026-09-01 23:43:32.113576,4300.00,card,0,0,0
2026-09-01 23:37:47.321496,7200.00,BALANCE,0,0,0
2026-09-01 23:35:33.974773,3200.00,card,0,0,0
2026-09-01 23:35:29.752139,4300.00,BALANCE,0,0,0
2026-09-01 23:03:07.145965,7200.00,reptiloid,0,0,0
2026-09-01 22:56:59.482667,4200.00,BALANCE,0,0,0
2026-09-01 22:54:07.726734,3200.00,nirvana,0,0,0
2026-09-01 22:45:00.484678,7200.00,reptiloid,0,0,0
2026-09-01 22:39:21.675781,4300.00,merchant001,0,0,0
2026-09-01 22:33:22.286839,7700.00,card,0,0,0
2026-09-01 22:18:01.227272,4300.00,reptiloid,0,0,0
2026-09-01 22:10:16.006705,3200.00,reptiloid,0,0,0
2026-09-01 22:09:21.519013,3300.00,BALANCE,0,0,0
2026-09-01 21:56:36.87975,3200.00,nirvana,0,0,0
2026-09-01 21:54:33.16993,3200.00,reptiloid,0,0,0
2026-09-01 21:28:11.272019,7200.00,reptiloid,0,0,0
2026-09-01 21:26:47.015011,7200.00,reptiloid,0,0,0
2026-09-01 21:13:24.624722,3300.00,BALANCE,0,0,0
2026-09-01 20:20:45.339153,3300.00,BALANCE,0,0,0
2026-09-01 20:17:53.685812,7500.00,BALANCE,0,0,0
2026-09-01 20:13:00.559812,3000.00,BALANCE,0,0,0
2026-09-01 19:59:55.125142,7200.00,reptiloid,0,0,0
2026-09-01 19:38:10.46441,3200.00,reptiloid,0,0,0
2026-09-01 19:14:57.110083,900.00,BALANCE,0,0,0
2026-09-01 19:14:28.08273,3200.00,BALANCE,0,0,0
2026-09-01 19:02:11.232701,4300.00,reptiloid,0,0,0
2026-09-01 19:01:48.989769,3200.00,card,0,0,0
2026-09-01 18:54:26.310646,7200.00,reptiloid,0,0,0
2026-09-01 18:46:54.604744,1400.00,BALANCE,0,0,0
2026-09-01 18:42:47.322508,4300.00,card,0,0,0
2026-09-01 18:23:55.195077,1900.00,reptiloid,0,0,0
2026-09-01 18:12:15.063895,1900.00,card,0,0,0
2026-09-01 18:09:18.040367,5040.000,USDT,0,0,71.813000
2026-09-01 17:55:30.890095,7200.00,reptiloid,0,0,0
2026-09-01 17:45:31.529553,4300.00,card,0,0,0
2026-09-01 17:43:30.172364,3400.00,BALANCE,0,0,0
2026-09-01 17:43:03.809338,7200.00,BALANCE,0,0,0
2026-09-01 17:40:34.392788,4300.00,reptiloid,0,0,0
2026-09-01 17:38:04.930564,4300.00,merchant001,0,0,0
2026-09-01 17:33:09.211922,7200.00,reptiloid,0,0,0
2026-09-01 17:32:31.199593,1900.00,reptiloid,0,0,0
2026-09-01 17:29:12.985875,3200.00,reptiloid,0,0,0
2026-09-01 17:19:28.332424,1900.00,reptiloid,0,0,0
2026-09-01 17:18:34.992241,3200.00,reptiloid,0,0,0
2026-09-01 17:02:38.373524,4300.00,reptiloid,0,0,0
2026-09-01 16:57:56.372166,7700.00,BALANCE,0,0,0
2026-09-01 16:50:50.671669,0.00,BALANCE,0,0,0
2026-09-01 16:32:19.33406,0.00,BALANCE,0,0,0
2026-09-01 16:17:30.908948,7200.00,card,0,0,0
2026-09-01 16:11:02.298337,4300.00,reptiloid,0,0,0
2026-09-01 15:35:40.364122,4300.00,reptiloid,0,0,0
2026-09-01 15:18:53.190563,4300.00,card,0,0,0
2026-09-01 15:02:08.246689,1900.00,card,0,0,0
2026-09-01 14:59:33.213884,4300.00,reptiloid,0,0,0
2026-09-01 14:09:23.940462,10500.00,merchant001,0,0,0
2026-09-01 14:08:25.547684,10500.00,BALANCE,0,0,0
2026-09-01 14:06:13.115064,1300.00,BALANCE,0,0,0
2026-09-01 14:04:10.829485,4300.00,reptiloid,0,0,0
2026-09-01 14:02:55.18583,10500.00,reptiloid,0,0,0
2026-09-01 14:02:41.611434,4300.00,card,0,0,0
2026-09-01 13:32:24.389913,1900.00,reptiloid,0,0,0
2026-09-01 13:25:44.795984,4300.00,card,0,0,0
2026-09-01 13:18:55.710459,0.00,BALANCE,0,0,0
2026-09-01 13:15:28.351595,4300.00,card,0,0,0
2026-09-01 13:02:55.586137,1300.00,BALANCE,0,0,0
2026-09-01 12:50:46.42801,7200.00,merchant001,0,0,0
2026-09-01 12:45:01.42018,7200.00,BALANCE,0,0,0
2026-09-01 12:44:11.263564,4300.00,reptiloid,0,0,0
2026-09-01 12:42:48.33881,7200.00,reptiloid,0,0,0
2026-09-01 12:42:36.281396,7200.00,reptiloid,0,0,0
2026-09-01 12:41:54.262892,7200.00,reptiloid,0,0,0
2026-09-01 12:38:37.340072,4300.00,reptiloid,0,0,0
2026-09-01 12:33:35.769908,1300.00,BALANCE,0,0,0
2026-09-01 12:33:17.748262,1900.00,card,0,0,0
2026-09-01 12:26:42.935332,1900.00,reptiloid,0,0,0
2026-09-01 12:25:19.330833,1900.00,card,0,0,0
2026-09-01 11:53:56.272656,1900.00,card,0,0,0
2026-09-01 10:36:38.482608,4300.00,reptiloid,0,0,0
2026-09-01 09:31:37.488138,4300.00,reptiloid,0,0,0
2026-09-01 09:09:19.425443,4300.00,card,0,0,0
2026-09-01 08:40:37.863461,4300.00,reptiloid,0,0,0
2026-09-01 08:17:10.056765,1300.00,BALANCE,0,0,0
2026-09-01 07:49:58.684301,3200.00,reptiloid,0,0,0
2026-09-01 06:32:35.323324,3800.00,BALANCE,0,0,0
2026-09-01 06:21:42.050248,4300.00,reptiloid,0,0,0
2026-09-01 06:04:12.056537,1400.00,BALANCE,0,0,0
2026-09-01 05:06:35.904432,4300.00,reptiloid,0,0,0
2026-09-01 04:47:06.13315,4300.00,reptiloid,0,0,0
2026-09-01 03:59:41.59139,4300.00,card,0,0,0
2026-09-01 03:58:45.724083,1900.00,merchant001,0,0,0
2026-09-01 03:57:15.208075,4300.00,reptiloid,0,0,0
2026-09-01 02:08:00.421407,1900.00,reptiloid,0,0,0
2026-09-01 02:02:11.620083,4300.00,BALANCE,0,0,0
2026-09-01 01:45:51.782265,4300.00,BALANCE,0,0,0
2026-09-01 00:50:22.920007,4300.00,reptiloid,0,0,0
2026-09-01 00:29:46.408588,4300.00,card,0,0,0
2026-08-31 23:12:54.727158,0.00,BALANCE,0,0,0
2026-08-31 23:07:25.549571,3000.00,card,0,0,0
2026-08-31 22:46:02.703943,1900.00,reptiloid,0,0,0
2026-08-31 22:42:05.132474,3000.00,reptiloid,0,0,0
2026-08-31 22:37:45.448014,1900.00,reptiloid,0,0,0
2026-08-31 22:20:40.250794,4300.00,reptiloid,0,0,0
2026-08-31 22:17:51.725353,3200.00,reptiloid,0,0,0
2026-08-31 22:10:00.133024,3200.00,BALANCE,0,0,0
2026-08-31 21:22:24.478391,1300.00,BALANCE,0,0,0
2026-08-31 20:25:17.380563,1900.00,reptiloid,0,0,0
2026-08-31 19:33:44.538916,4300.00,merchant001,0,0,0
2026-08-31 19:25:29.717175,4300.00,card,0,0,0
2026-08-31 19:23:08.722427,0.00,BALANCE,0,0,0
2026-08-31 19:19:29.652096,900.00,BALANCE,0,0,0
2026-08-31 19:09:30.071012,4300.00,reptiloid,0,0,0
2026-08-31 18:45:02.371886,4300.00,merchant001,0,0,0
2026-08-31 18:42:56.990383,1900.00,card,0,0,0
2026-08-31 18:33:29.658323,3300.00,BALANCE,0,0,0
2026-08-31 18:22:50.914315,0.00,BALANCE,0,0,0
2026-08-31 18:13:08.636626,1900.00,reptiloid,0,0,0
2026-08-31 18:03:44.915535,7200.00,merchant001,0,0,0
2026-08-31 17:53:41.818378,4300.00,reptiloid,0,0,0
2026-08-31 17:41:58.892438,4300.00,reptiloid,0,0,0
2026-08-31 17:40:59.204819,4300.00,card,0,0,0
2026-08-31 17:12:02.742522,2900.00,BALANCE,0,0,0
2026-08-31 17:00:09.20644,10500.00,merchant001,0,0,0
2026-08-31 16:54:30.702346,2900.00,card,0,0,0
2026-08-31 16:41:01.545479,3200.00,reptiloid,0,0,0
2026-08-31 16:28:25.749051,1900.00,BALANCE,0,0,0
2026-08-31 16:28:03.342486,0.00,BALANCE,0,0,0
2026-08-31 16:26:30.463988,2750.00,BALANCE,0,0,0
2026-08-31 16:21:14.763419,3200.00,reptiloid,0,0,0
2026-08-31 15:54:10.876852,3200.00,card,0,0,0
2026-08-31 15:53:41.943142,7500.00,BALANCE,0,0,0
2026-08-31 15:45:16.862714,10500.00,reptiloid,0,0,0
2026-08-31 15:31:28.424428,7200.00,nirvana,0,0,0
2026-08-31 15:27:47.369418,3200.00,reptiloid,0,0,0
2026-08-31 15:27:19.181768,6500.00,BALANCE,0,0,0
2026-08-31 15:16:51.919162,4200.00,BALANCE,0,0,0
2026-08-31 15:12:33.485476,1900.00,reptiloid,0,0,0
2026-08-31 14:54:36.905128,7200.00,BALANCE,0,0,0
2026-08-31 14:53:45.567132,7200.00,reptiloid,0,0,0
2026-08-31 14:53:32.517462,1900.00,BALANCE,0,0,0
2026-08-31 14:42:58.982941,7200.00,card,0,0,0
2026-08-31 14:35:37.667791,7200.00,BALANCE,0,0,0
2026-08-31 14:33:52.527159,10500.00,BALANCE,0,0,0
2026-08-31 14:29:26.079376,7200.00,merchant001,0,0,0
2026-08-31 14:23:17.975744,10500.00,reptiloid,0,0,0
2026-08-31 14:22:07.198917,7200.00,reptiloid,0,0,0
2026-08-31 14:09:22.472438,1900.00,reptiloid,0,0,0
2026-08-31 14:01:00.536428,3200.00,reptiloid,0,0,0
2026-08-31 14:00:50.86176,7200.00,reptiloid,0,0,0
2026-08-31 13:58:33.366357,1900.00,reptiloid,0,0,0
2026-08-31 13:57:31.406297,7200.00,card,0,0,0
2026-08-31 13:46:30.828357,10500.00,nirvana,0,0,0
2026-08-31 13:42:43.349351,7200.00,reptiloid,0,0,0
2026-08-31 13:28:41.954201,1900.00,reptiloid,0,0,0
2026-08-31 13:24:12.247013,10500.00,reptiloid,0,0,0
2026-08-31 13:14:25.771001,1900.00,reptiloid,0,0,0
2026-08-31 13:12:08.011685,7200.00,reptiloid,0,0,0
2026-08-31 13:05:07.860764,1900.00,card,0,0,0
2026-08-31 04:52:07.180162,4200.00,BALANCE,0,0,0
2026-08-31 04:44:47.927354,1900.00,reptiloid,0,0,0
2026-08-31 03:52:51.624107,3200.00,card,0,0,0
2026-08-31 03:36:05.049054,7200.00,reptiloid,0,0,0
2026-08-31 02:54:54.414093,4200.00,BALANCE,0,0,0
2026-08-31 02:31:20.564011,1900.00,reptiloid,0,0,0
2026-08-31 02:26:27.558522,1900.00,nirvana,0,0,0
2026-08-31 02:20:45.636096,7200.00,reptiloid,0,0,0
2026-08-31 02:11:28.127431,7200.00,reptiloid,0,0,0
2026-08-31 01:11:14.234677,7200.00,BALANCE,0,0,0
2026-08-31 00:54:04.242396,2900.00,BALANCE,0,0,0
2026-08-31 00:53:40.182466,7200.00,reptiloid,0,0,0
2026-08-31 00:45:02.35414,1900.00,reptiloid,0,0,0
2026-08-31 00:21:23.505244,2900.00,reptiloid,0,0,0
2026-08-31 00:03:17.584328,1400.00,BALANCE,0,0,0
2026-08-30 23:56:00.110062,1900.00,reptiloid,0,0,0
2026-08-30 23:55:17.986724,1900.00,reptiloid,0,0,0
2026-08-30 22:50:49.302567,3200.00,reptiloid,0,0,0
2026-08-30 21:46:36.400551,1500.00,BALANCE,0,0,0
2026-08-30 21:42:41.311025,3200.00,reptiloid,0,0,0
2026-08-30 21:35:37.541154,1900.00,reptiloid,0,0,0
2026-08-30 21:30:38.076434,4300.00,card,0,0,0
2026-08-30 21:21:06.531411,3200.00,BALANCE,0,0,0
2026-08-30 21:17:09.141343,10500.00,reptiloid,0,0,0
2026-08-30 21:01:27.450266,1300.00,BALANCE,0,0,0
2026-08-30 20:58:44.575598,1900.00,reptiloid,0,0,0
2026-08-30 20:52:46.529083,4300.00,reptiloid,0,0,0
2026-08-30 20:47:00.360621,10500.00,BALANCE,0,0,0
2026-08-30 20:31:50.910183,4300.00,card,0,0,0
2026-08-30 20:27:07.040445,3200.00,reptiloid,0,0,0
2026-08-30 20:20:52.129992,4300.00,card,0,0,0
2026-08-30 20:09:20.261971,4300.00,card,0,0,0
2026-08-30 19:57:03.049949,2800.00,BALANCE,0,0,0
2026-08-30 19:49:37.598742,3200.00,card,0,0,0
2026-08-30 19:26:15.379597,1900.00,card,0,0,0
2026-08-30 19:25:39.597531,1900.00,reptiloid,0,0,0
2026-08-30 19:25:19.713563,10500.00,reptiloid,0,0,0
2026-08-30 19:15:38.633752,4300.00,reptiloid,0,0,0
2026-08-30 18:55:03.456012,4300.00,reptiloid,0,0,0
2026-08-30 18:47:25.601483,4300.00,reptiloid,0,0,0
2026-08-30 18:40:44.7598,4300.00,reptiloid,0,0,0
2026-08-30 18:33:38.433392,3200.00,BALANCE,0,0,0
2026-08-30 18:25:27.720794,3200.00,BALANCE,0,0,0
2026-08-30 18:22:40.361585,10500.00,reptiloid,0,0,0
2026-08-30 18:07:26.365482,4300.00,reptiloid,0,0,0
2026-08-30 17:48:57.734492,1300.00,BALANCE,0,0,0
2026-08-30 17:48:47.27205,0.00,BALANCE,0,0,0
2026-08-30 17:32:47.57987,4300.00,reptiloid,0,0,0
2026-08-30 17:31:14.905879,4300.00,reptiloid,0,0,0
2026-08-30 17:24:35.450856,4300.00,card,0,0,0
2026-08-30 17:05:52.508487,4300.00,card,0,0,0
2026-08-30 16:49:12.952217,10500.00,reptiloid,0,0,0
2026-08-30 16:17:11.170493,10500.00,reptiloid,0,0,0
2026-08-30 16:12:03.218925,10500.00,BALANCE,0,0,0
2026-08-30 15:46:36.089027,0.00,BALANCE,0,0,0
2026-08-30 15:40:26.507736,4300.00,reptiloid,0,0,0
2026-08-30 15:31:00.471661,4300.00,card,0,0,0
2026-08-30 15:27:59.183401,3500.00,reptiloid,0,0,0
2026-08-30 15:19:54.792916,3500.00,reptiloid,0,0,0
2026-08-30 15:09:08.332319,10500.00,reptiloid,0,0,0
2026-08-30 15:06:31.156226,9650.00,BALANCE,0,0,0
2026-08-30 14:59:01.431517,2300.00,BALANCE,0,0,0
2026-08-30 14:53:34.341064,4300.00,reptiloid,0,0,0
2026-08-30 14:38:35.696012,4300.00,merchant001,0,0,0
2026-08-30 14:32:40.19183,4300.00,BALANCE,0,0,0
2026-08-30 14:30:43.861067,4300.00,card,0,0,0
2026-08-30 14:27:45.250979,10500.00,BALANCE,0,0,0
2026-08-30 14:25:42.9764,1900.00,BALANCE,0,0,0
2026-08-30 14:23:21.927817,4300.00,card,0,0,0
2026-08-30 14:18:45.531625,4300.00,BALANCE,0,0,0
2026-08-30 13:33:54.042815,4300.00,card,0,0,0
2026-08-30 13:25:22.987794,1900.00,card,0,0,0
2026-08-30 13:22:36.985945,4300.00,BALANCE,0,0,0
2026-08-30 13:22:24.606957,1300.00,BALANCE,0,0,0
2026-08-30 13:12:07.8412,4300.00,reptiloid,0,0,0
2026-08-30 13:09:39.710555,4300.00,card,0,0,0
2026-08-30 12:46:43.537899,3200.00,reptiloid,0,0,0
2026-08-30 12:16:16.313825,1900.00,BALANCE,0,0,0
2026-08-30 12:10:26.299428,0.00,BALANCE,0,0,0
2026-08-30 11:07:00.95623,3200.00,reptiloid,0,0,0
2026-08-30 11:02:06.184034,7200.00,reptiloid,0,0,0
2026-08-30 10:37:15.38862,4300.00,reptiloid,0,0,0
2026-08-30 09:52:47.969586,4300.00,BALANCE,0,0,0
2026-08-30 09:42:59.461246,4300.00,reptiloid,0,0,0
2026-08-30 09:38:45.290221,3000.00,BALANCE,0,0,0
2026-08-30 09:10:01.417015,7200.00,reptiloid,0,0,0
2026-08-30 08:15:56.588391,1900.00,reptiloid,0,0,0
2026-08-30 08:04:26.488431,4300.00,merchant001,0,0,0
2026-08-30 07:30:50.548328,6120.0000,LTC,0,1.72387208,0
2026-08-30 06:43:05.300388,7200.00,reptiloid,0,0,0
2026-08-30 06:24:35.077629,7200.00,BALANCE,0,0,0
2026-08-30 06:15:31.136321,7200.00,reptiloid,0,0,0
2026-08-30 05:53:00.523821,7200.00,reptiloid,0,0,0
2026-08-30 04:46:11.765186,3200.00,reptiloid,0,0,0
2026-08-30 04:45:31.737033,7200.00,BALANCE,0,0,0
2026-08-30 04:44:32.772525,7200.00,reptiloid,0,0,0
2026-08-30 04:17:39.94574,7200.00,reptiloid,0,0,0
2026-08-30 03:52:24.957921,7200.00,card,0,0,0
2026-08-30 03:49:10.993209,5200.00,BALANCE,0,0,0
2026-08-30 02:06:48.477249,3000.00,BALANCE,0,0,0
2026-08-30 02:00:04.098281,1900.00,reptiloid,0,0,0
2026-08-30 01:09:05.60988,4300.00,reptiloid,0,0,0
2026-08-30 00:59:11.744504,4300.00,merchant001,0,0,0
2026-08-30 00:10:24.735402,4300.00,reptiloid,0,0,0
2026-08-30 00:03:06.579362,4300.00,BALANCE,0,0,0
2026-08-29 23:54:26.217566,4300.00,card,0,0,0
2026-08-29 23:33:03.582768,4300.00,BALANCE,0,0,0
2026-08-29 23:29:24.353594,2150.00,BALANCE,0,0,0
2026-08-29 22:47:33.095147,1900.00,reptiloid,0,0,0
2026-08-29 22:34:37.986272,4300.00,BALANCE,0,0,0
2026-08-29 22:23:47.489878,4300.00,card,0,0,0
2026-08-29 22:20:40.034268,3200.00,reptiloid,0,0,0
2026-08-29 22:10:36.763628,3200.00,reptiloid,0,0,0
2026-08-29 22:08:02.798483,4300.00,BALANCE,0,0,0
2026-08-29 22:02:28.649575,3000.00,reptiloid,0,0,0
2026-08-29 22:01:31.429434,4300.00,card,0,0,0
2026-08-29 20:27:30.299847,900.00,BALANCE,0,0,0
2026-08-29 20:20:00.740778,4300.00,BALANCE,0,0,0
2026-08-29 20:08:41.955771,4300.00,reptiloid,0,0,0
2026-08-29 20:02:26.213629,3200.00,reptiloid,0,0,0
2026-08-29 20:01:50.740211,4300.00,BALANCE,0,0,0
2026-08-29 19:59:20.816129,4300.00,reptiloid,0,0,0
2026-08-29 19:58:55.312016,4300.00,reptiloid,0,0,0
2026-08-29 19:29:30.73758,4300.00,card,0,0,0
2026-08-29 19:29:01.718684,4300.00,reptiloid,0,0,0
2026-08-29 19:16:42.966847,4300.00,reptiloid,0,0,0
2026-08-29 19:10:48.890684,4300.00,BALANCE,0,0,0
2026-08-29 19:05:59.847404,4300.00,reptiloid,0,0,0
2026-08-29 19:05:29.1667,4300.00,card,0,0,0
2026-08-29 18:35:03.711875,4300.00,reptiloid,0,0,0
2026-08-29 18:31:21.280754,4300.00,card,0,0,0
2026-08-29 18:30:53.448154,4300.00,reptiloid,0,0,0
2026-08-29 18:28:08.104104,3200.00,card,0,0,0
2026-08-29 18:27:57.066369,4300.00,merchant001,0,0,0
2026-08-29 18:27:10.749948,4300.00,reptiloid,0,0,0
2026-08-29 18:26:59.303377,3200.00,card,0,0,0
2026-08-29 18:24:54.506143,4300.00,reptiloid,0,0,0
2026-08-29 18:03:49.31638,4300.00,card,0,0,0
2026-08-29 17:35:58.86448,7200.00,reptiloid,0,0,0
2026-08-29 16:55:25.102414,4300.00,reptiloid,0,0,0
2026-08-29 16:52:22.215867,4300.00,reptiloid,0,0,0
2026-08-29 16:50:29.756541,3000.00,reptiloid,0,0,0
2026-08-29 16:47:04.649908,4300.00,reptiloid,0,0,0
2026-08-29 16:35:54.062211,4300.00,merchant001,0,0,0
2026-08-29 16:34:18.541991,4300.00,BALANCE,0,0,0
2026-08-29 16:33:52.907383,4300.00,reptiloid,0,0,0
2026-08-29 16:16:14.245973,4300.00,reptiloid,0,0,0
2026-08-29 16:09:48.661117,3200.00,BALANCE,0,0,0
2026-08-29 16:02:30.980163,4300.00,reptiloid,0,0,0
2026-08-29 15:57:04.664341,4300.00,reptiloid,0,0,0
2026-08-29 15:50:37.488359,1300.00,BALANCE,0,0,0
2026-08-29 15:40:38.49678,4300.00,reptiloid,0,0,0
2026-08-29 15:38:13.937231,4300.00,reptiloid,0,0,0
2026-08-29 15:28:24.876736,3200.00,reptiloid,0,0,0
2026-08-29 15:24:38.059201,4300.00,card,0,0,0
2026-08-29 15:21:02.523279,4300.00,nirvana,0,0,0
2026-08-29 15:16:10.65779,3655.0000,LTC,0,1.02462438,0
2026-08-29 15:14:51.946995,4300.00,reptiloid,0,0,0
2026-08-29 15:05:03.812931,4300.00,reptiloid,0,0,0
2026-08-29 15:01:48.727696,4300.00,BALANCE,0,0,0
2026-08-29 14:58:43.788086,4300.00,reptiloid,0,0,0
2026-08-29 14:54:49.363953,0.00,BALANCE,0,0,0
2026-08-29 14:49:51.83635,3010.000,USDT,0,0,42.888000
2026-08-29 14:48:43.199374,3000.00,BALANCE,0,0,0
2026-08-29 14:45:17.859272,4300.00,BALANCE,0,0,0
2026-08-29 14:45:08.286977,4300.00,reptiloid,0,0,0
2026-08-29 14:41:33.164751,1900.00,BALANCE,0,0,0
2026-08-29 14:30:47.234081,3200.00,card,0,0,0
2026-08-29 14:30:24.740973,7200.00,reptiloid,0,0,0
2026-08-29 14:23:41.802872,4100.00,BALANCE,0,0,0
2026-08-29 14:05:35.995206,4300.00,reptiloid,0,0,0
2026-08-29 14:04:48.499168,7200.00,BALANCE,0,0,0
2026-08-29 14:02:00.550057,7200.00,reptiloid,0,0,0
2026-08-29 13:55:59.758003,4300.00,BALANCE,0,0,0
2026-08-29 13:53:09.791302,4300.00,reptiloid,0,0,0
2026-08-29 13:42:57.887159,3300.00,BALANCE,0,0,0
2026-08-29 13:38:36.660779,7200.00,reptiloid,0,0,0
2026-08-29 13:25:36.093184,1900.00,BALANCE,0,0,0
2026-08-29 13:22:21.057316,4300.00,reptiloid,0,0,0
2026-08-29 13:20:23.361453,4300.00,reptiloid,0,0,0
2026-08-29 13:19:48.22705,4300.00,card,0,0,0
2026-08-29 13:11:32.998999,4300.00,reptiloid,0,0,0
2026-08-29 13:09:05.28902,4300.00,card,0,0,0
2026-08-29 13:06:50.50841,7200.00,card,0,0,0
2026-08-29 13:03:54.586388,7200.00,reptiloid,0,0,0
2026-08-29 12:50:29.800472,4300.00,reptiloid,0,0,0
2026-08-29 12:49:01.179161,7200.00,reptiloid,0,0,0
2026-08-29 12:06:42.597387,4300.00,BALANCE,0,0,0
2026-08-29 11:40:37.998085,3200.00,reptiloid,0,0,0
2026-08-29 10:17:45.303396,4300.00,reptiloid,0,0,0
2026-08-29 09:59:37.05264,4300.00,card,0,0,0
2026-08-29 09:31:57.572871,4300.00,reptiloid,0,0,0
2026-08-29 09:12:23.743224,900.00,BALANCE,0,0,0
2026-08-29 08:48:54.669051,4300.00,reptiloid,0,0,0
2026-08-29 08:13:07.019187,3200.00,reptiloid,0,0,0
2026-08-29 08:11:07.513474,7200.00,reptiloid,0,0,0
2026-08-29 07:28:01.314822,4300.00,reptiloid,0,0,0
2026-08-29 06:00:43.376939,400.00,BALANCE,0,0,0
2026-08-29 04:51:56.421474,1900.00,reptiloid,0,0,0
2026-08-29 03:14:10.074154,2300.00,BALANCE,0,0,0
2026-08-29 02:39:32.674318,7200.00,reptiloid,0,0,0
2026-08-29 02:24:22.600793,4300.00,reptiloid,0,0,0
2026-08-29 01:44:39.036801,7200.00,reptiloid,0,0,0
2026-08-29 00:58:11.35826,3000.00,BALANCE,0,0,0
2026-08-29 00:16:16.21011,4300.00,card,0,0,0
2026-08-29 00:12:52.067104,7200.00,BALANCE,0,0,0
2026-08-28 22:55:03.604371,4300.00,merchant001,0,0,0
2026-08-28 22:47:48.967377,1900.00,BALANCE,0,0,0
2026-08-28 22:43:41.849887,7200.00,reptiloid,0,0,0
2026-08-28 22:29:48.312024,3200.00,reptiloid,0,0,0
2026-08-28 22:13:06.569263,4300.00,reptiloid,0,0,0
2026-08-28 22:09:56.356371,4200.00,BALANCE,0,0,0
2026-08-28 22:02:43.818156,4300.00,reptiloid,0,0,0
2026-08-28 21:59:44.082994,4300.00,reptiloid,0,0,0
2026-08-28 21:55:34.783057,4300.00,reptiloid,0,0,0
2026-08-28 21:45:53.702858,1900.00,reptiloid,0,0,0
2026-08-28 21:39:46.46425,3010.000,USDT,0,0,42.888000
2026-08-28 21:27:37.478335,4300.00,merchant001,0,0,0
2026-08-28 21:14:31.648484,4300.00,reptiloid,0,0,0
2026-08-28 20:36:14.488626,0.00,BALANCE,0,0,0
2026-08-28 20:18:56.314844,4300.00,merchant001,0,0,0
2026-08-28 20:18:04.710429,7200.00,reptiloid,0,0,0
2026-08-28 20:13:09.92416,4300.00,reptiloid,0,0,0
2026-08-28 20:11:55.71607,4300.00,merchant001,0,0,0
2026-08-28 20:05:24.252307,7200.00,merchant001,0,0,0
2026-08-28 19:50:12.791052,0.00,BALANCE,0,0,0
2026-08-28 19:36:58.367222,4300.00,reptiloid,0,0,0
2026-08-28 19:24:24.474537,4300.00,reptiloid,0,0,0
2026-08-28 19:22:18.691112,1300.00,BALANCE,0,0,0
2026-08-28 19:15:24.345235,1900.00,reptiloid,0,0,0
2026-08-28 19:13:15.0354,7200.00,reptiloid,0,0,0
2026-08-28 19:12:41.135997,4300.00,reptiloid,0,0,0
2026-08-28 19:11:04.430554,7200.00,reptiloid,0,0,0
2026-08-28 19:08:48.527307,7200.00,reptiloid,0,0,0
2026-08-28 19:05:26.376717,0.00,BALANCE,0,0,0
2026-08-28 19:02:58.401586,3000.00,reptiloid,0,0,0
2026-08-28 18:59:39.117865,1300.00,BALANCE,0,0,0
2026-08-28 18:55:41.666551,0.00,BALANCE,0,0,0
2026-08-28 18:50:58.179806,4400.00,reptiloid,0,0,0
2026-08-28 18:43:21.533022,4300.00,reptiloid,0,0,0
2026-08-28 18:41:28.201773,7200.00,reptiloid,0,0,0
2026-08-28 18:41:23.103104,1300.00,BALANCE,0,0,0
2026-08-28 18:38:40.032786,7200.00,reptiloid,0,0,0
2026-08-28 18:29:44.556254,4300.00,reptiloid,0,0,0
2026-08-28 18:16:20.279347,0.00,BALANCE,0,0,0
2026-08-28 17:50:34.621229,1300.00,BALANCE,0,0,0
2026-08-28 17:43:18.47939,4300.00,reptiloid,0,0,0
2026-08-28 17:40:30.730272,0.00,BALANCE,0,0,0
2026-08-28 17:37:18.631395,4300.00,reptiloid,0,0,0
2026-08-28 17:35:55.12077,3000.00,BALANCE,0,0,0
2026-08-28 17:31:05.536245,4300.00,BALANCE,0,0,0
2026-08-28 17:25:15.780212,3080.000,USDT,0,0,43.886000
2026-08-28 17:24:32.63522,4400.00,merchant001,0,0,0
2026-08-28 17:23:58.79038,1900.00,reptiloid,0,0,0
2026-08-28 17:23:29.407569,4300.00,reptiloid,0,0,0
2026-08-28 17:16:17.585345,1900.00,reptiloid,0,0,0
2026-08-28 17:14:05.490483,1900.00,reptiloid,0,0,0
2026-08-28 16:57:24.499053,3655.0000,LTC,0,1.02671728,0
2026-08-28 16:56:54.010123,3200.00,reptiloid,0,0,0
2026-08-28 16:47:56.176537,7200.00,reptiloid,0,0,0
2026-08-28 16:43:24.260634,7200.00,reptiloid,0,0,0
2026-08-28 16:38:59.243159,4300.00,nirvana,0,0,0
2026-08-28 16:37:49.892412,7200.00,reptiloid,0,0,0
2026-08-28 16:30:42.241803,7200.00,reptiloid,0,0,0
2026-08-28 16:29:10.415323,4300.00,BALANCE,0,0,0
2026-08-28 16:27:12.422177,4300.00,reptiloid,0,0,0
2026-08-28 16:25:56.104636,4300.00,reptiloid,0,0,0
2026-08-28 16:16:17.857639,4300.00,reptiloid,0,0,0
2026-08-28 16:12:06.476984,4300.00,reptiloid,0,0,0
2026-08-28 16:04:43.254245,4300.00,merchant001,0,0,0
2026-08-28 15:57:36.372694,1400.00,BALANCE,0,0,0
2026-08-28 15:54:49.731951,4300.00,merchant001,0,0,0
2026-08-28 15:54:10.355776,7200.00,reptiloid,0,0,0
2026-08-28 15:39:45.771977,7200.00,reptiloid,0,0,0
2026-08-28 15:29:42.29244,7200.00,reptiloid,0,0,0
2026-08-28 15:29:40.38141,4300.00,reptiloid,0,0,0
2026-08-28 15:24:22.898845,4300.00,reptiloid,0,0,0
2026-08-28 15:24:03.231217,7200.00,reptiloid,0,0,0
2026-08-28 15:21:22.034364,1400.00,BALANCE,0,0,0
2026-08-28 15:19:43.491377,7200.00,reptiloid,0,0,0
2026-08-28 15:09:42.524885,4400.00,BALANCE,0,0,0
2026-08-28 14:47:09.498999,7200.00,reptiloid,0,0,0
2026-08-28 14:38:33.291663,1300.00,BALANCE,0,0,0
2026-08-28 14:33:38.686083,1330.000,USDT,0,0,18.951000
2026-08-28 14:31:50.90303,4300.00,reptiloid,0,0,0
2026-08-28 14:30:57.367659,2150.00,BALANCE,0,0,0
2026-08-28 14:13:57.414907,7200.00,merchant001,0,0,0
2026-08-28 14:12:49.597063,4300.00,merchant001,0,0,0
2026-08-28 14:10:05.309894,4300.00,reptiloid,0,0,0
2026-08-28 13:54:06.842167,4300.00,reptiloid,0,0,0
2026-08-28 13:48:15.384267,2300.00,BALANCE,0,0,0
2026-08-28 12:48:49.152515,1900.00,BALANCE,0,0,0
2026-08-28 12:36:11.280123,3200.00,reptiloid,0,0,0
2026-08-28 12:33:02.523625,3200.00,reptiloid,0,0,0
2026-08-28 12:26:17.630852,3200.00,card,0,0,0
2026-08-28 11:57:53.786022,3200.00,card,0,0,0
2026-08-28 10:35:00.111493,1900.00,BALANCE,0,0,0
2026-08-28 10:34:56.119022,1900.00,card,0,0,0
2026-08-28 10:31:57.354716,4300.00,reptiloid,0,0,0
2026-08-28 09:59:30.985438,4300.00,reptiloid,0,0,0
2026-08-28 09:49:04.206393,4400.00,reptiloid,0,0,0
2026-08-28 08:58:51.918051,4300.00,reptiloid,0,0,0
2026-08-28 08:58:39.129025,4400.00,reptiloid,0,0,0
2026-08-28 08:57:45.465151,4300.00,reptiloid,0,0,0
2026-08-28 08:44:20.115526,4300.00,reptiloid,0,0,0
2026-08-28 08:38:26.65291,1900.00,card,0,0,0
2026-08-28 07:18:40.066189,4300.00,reptiloid,0,0,0
2026-08-28 05:21:33.639623,3010.000,USDT,0,0,42.888000
2026-08-28 05:10:25.952499,4400.00,nirvana,0,0,0
2026-08-28 05:06:09.113652,0.00,BALANCE,0,0,0
2026-08-28 05:04:10.590612,4300.00,BALANCE,0,0,0
2026-08-28 03:59:50.303141,4300.00,reptiloid,0,0,0
2026-08-28 03:54:41.520443,3010.000,USDT,0,0,42.888000
2026-08-28 03:50:00.340596,4300.00,reptiloid,0,0,0
2026-08-28 03:25:31.713953,4300.00,card,0,0,0
2026-08-28 03:20:24.216032,1900.00,reptiloid,0,0,0
2026-08-28 02:57:19.532995,3080.000,USDT,0,0,43.886000
2026-08-28 02:36:18.938219,4300.00,reptiloid,0,0,0
2026-08-28 02:24:34.875327,3010.000,USDT,0,0,42.888000
2026-08-28 02:18:27.611353,4300.00,reptiloid,0,0,0
2026-08-28 02:10:02.149589,1900.00,merchant001,0,0,0
2026-08-28 02:08:47.822082,4300.00,reptiloid,0,0,0
2026-08-28 02:03:44.927231,3000.00,card,0,0,0
2026-08-28 01:51:32.283468,4300.00,reptiloid,0,0,0
2026-08-28 01:28:15.327706,4300.00,reptiloid,0,0,0
2026-08-28 01:23:17.197802,4300.00,BALANCE,0,0,0
2026-08-28 01:09:37.622109,4300.00,card,0,0,0
2026-08-28 01:09:09.111198,4300.00,card,0,0,0
2026-08-28 01:04:19.037434,4300.00,BALANCE,0,0,0
2026-08-28 00:55:39.226342,4300.00,reptiloid,0,0,0
2026-08-28 00:46:56.744204,4300.00,reptiloid,0,0,0
2026-08-28 00:39:22.225717,4300.00,reptiloid,0,0,0
2026-08-28 00:28:51.100461,4300.00,merchant001,0,0,0
2026-08-28 00:26:15.817855,4300.00,card,0,0,0
2026-08-28 00:14:57.375879,3200.00,card,0,0,0
2026-08-28 00:03:50.755743,4300.00,reptiloid,0,0,0
2026-08-27 23:24:17.304868,3000.00,card,0,0,0
2026-08-27 23:00:58.043519,1900.00,reptiloid,0,0,0
2026-08-27 22:55:56.735598,0.00,BALANCE,0,0,0
2026-08-27 22:51:29.007895,1300.00,BALANCE,0,0,0
2026-08-27 22:38:11.328405,4300.00,reptiloid,0,0,0
2026-08-27 21:32:41.59364,1900.00,card,0,0,0
2026-08-27 21:14:45.600895,4300.00,card,0,0,0
2026-08-27 20:46:32.393113,4300.00,merchant001,0,0,0
2026-08-27 20:21:53.968003,4300.00,reptiloid,0,0,0
2026-08-27 20:20:34.375136,4300.00,reptiloid,0,0,0
2026-08-27 20:16:49.351704,4300.00,reptiloid,0,0,0
2026-08-27 20:15:40.04125,4300.00,card,0,0,0
2026-08-27 20:03:29.582231,1300.00,BALANCE,0,0,0
2026-08-27 19:22:43.145737,3200.00,reptiloid,0,0,0
2026-08-27 18:44:56.7329,3000.00,reptiloid,0,0,0
2026-08-27 17:46:27.146138,1900.00,reptiloid,0,0,0
2026-08-27 17:35:33.602872,3200.00,BALANCE,0,0,0
2026-08-27 17:30:21.672643,4300.00,BALANCE,0,0,0
2026-08-27 17:13:20.661422,4300.00,reptiloid,0,0,0
2026-08-27 16:51:09.201115,4300.00,reptiloid,0,0,0
2026-08-27 16:50:48.148113,4300.00,card,0,0,0
2026-08-27 16:26:14.428061,4300.00,BALANCE,0,0,0
2026-08-27 16:25:05.656936,4300.00,reptiloid,0,0,0
2026-08-27 16:22:58.95415,4300.00,reptiloid,0,0,0
2026-08-27 16:19:39.864688,4300.00,reptiloid,0,0,0
2026-08-27 16:13:22.576159,4300.00,reptiloid,0,0,0
2026-08-27 16:12:26.971303,3600.00,BALANCE,0,0,0
2026-08-27 16:02:16.179329,4300.00,merchant001,0,0,0
2026-08-27 15:57:03.521226,4300.00,reptiloid,0,0,0
2026-08-27 15:55:40.373638,2300.00,BALANCE,0,0,0
2026-08-27 15:54:26.257763,3010.000,USDT,0,0,42.888000
2026-08-27 15:52:27.779798,3200.00,reptiloid,0,0,0
2026-08-27 15:43:31.427996,3300.00,BALANCE,0,0,0
2026-08-27 15:39:22.630655,1300.00,BALANCE,0,0,0
2026-08-27 15:36:29.157782,4300.00,reptiloid,0,0,0
2026-08-27 15:33:43.751325,1300.00,BALANCE,0,0,0
2026-08-27 15:26:08.162806,4300.00,reptiloid,0,0,0
2026-08-27 15:00:44.405273,3000.00,card,0,0,0
2026-08-27 14:37:13.082222,4300.00,reptiloid,0,0,0
2026-08-27 14:33:45.782411,4300.00,reptiloid,0,0,0
2026-08-27 14:29:03.272344,4300.00,reptiloid,0,0,0
2026-08-27 14:13:25.947698,4300.00,card,0,0,0
2026-08-27 14:02:10.156533,1900.00,merchant001,0,0,0
2026-08-27 13:54:20.711011,1900.00,reptiloid,0,0,0
2026-08-27 13:47:25.219421,4300.00,BALANCE,0,0,0
2026-08-27 13:39:41.116048,3200.00,reptiloid,0,0,0
2026-08-27 13:34:53.886679,4300.00,reptiloid,0,0,0
2026-08-27 13:33:30.052848,4300.00,reptiloid,0,0,0
2026-08-27 13:26:57.797446,0.00,BALANCE,0,0,0
2026-08-27 13:25:58.324501,4300.00,merchant001,0,0,0
2026-08-27 13:16:24.609126,3080.000,USDT,0,0,43.886000
2026-08-27 13:16:12.94469,4300.00,reptiloid,0,0,0
2026-08-27 13:02:51.423887,4300.00,card,0,0,0
2026-08-27 13:01:43.401232,4300.00,reptiloid,0,0,0
2026-08-27 12:42:22.485048,4300.00,card,0,0,0
2026-08-27 12:40:38.209239,4300.00,reptiloid,0,0,0
2026-08-27 12:21:26.907325,4300.00,card,0,0,0
2026-08-27 12:13:31.708035,4300.00,reptiloid,0,0,0
2026-08-27 11:16:23.770662,3200.00,reptiloid,0,0,0
2026-08-27 09:22:00.475398,4300.00,reptiloid,0,0,0
2026-08-27 09:05:44.197657,4300.00,reptiloid,0,0,0
2026-08-27 08:32:01.854469,4300.00,merchant001,0,0,0
2026-08-27 07:40:41.916491,4300.00,reptiloid,0,0,0
2026-08-27 06:48:58.813808,4300.00,reptiloid,0,0,0
2026-08-27 06:01:05.391146,4300.00,merchant001,0,0,0
2026-08-27 05:34:40.163416,4300.00,reptiloid,0,0,0
2026-08-27 04:55:04.355589,4300.00,reptiloid,0,0,0
2026-08-27 04:47:39.920677,4300.00,reptiloid,0,0,0
2026-08-27 04:27:10.312404,4300.00,merchant001,0,0,0
2026-08-27 04:07:38.864228,4300.00,card,0,0,0
2026-08-27 03:30:45.991774,7200.00,reptiloid,0,0,0
2026-08-27 03:09:02.351259,4300.00,reptiloid,0,0,0
2026-08-27 02:54:27.040407,4300.00,reptiloid,0,0,0
2026-08-27 02:31:01.105273,7200.00,merchant001,0,0,0
2026-08-27 02:25:55.418632,1900.00,reptiloid,0,0,0
2026-08-27 02:21:38.03155,3200.00,card,0,0,0
2026-08-27 01:43:23.518254,4400.00,card,0,0,0
2026-08-27 01:37:06.176386,4300.00,card,0,0,0
2026-08-27 01:31:04.153757,1900.00,BALANCE,0,0,0
2026-08-27 01:11:08.28546,1900.00,reptiloid,0,0,0
2026-08-27 01:01:40.951716,4400.00,reptiloid,0,0,0
2026-08-27 00:42:27.808729,5200.00,BALANCE,0,0,0
2026-08-27 00:41:07.768165,7200.00,reptiloid,0,0,0
2026-08-27 00:29:09.585258,7200.00,reptiloid,0,0,0
2026-08-27 00:20:57.438976,4200.00,BALANCE,0,0,0
2026-08-26 23:24:55.064131,7200.00,reptiloid,0,0,0
2026-08-26 23:17:22.563509,7200.00,reptiloid,0,0,0
2026-08-26 23:09:04.457254,4400.00,reptiloid,0,0,0
2026-08-26 22:59:17.305103,7200.00,reptiloid,0,0,0
2026-08-26 22:49:25.763965,7200.00,card,0,0,0
2026-08-26 22:47:09.201882,4400.00,card,0,0,0
2026-08-26 22:41:09.664655,4400.00,card,0,0,0
2026-08-26 22:38:54.659773,1900.00,card,0,0,0
2026-08-26 22:37:27.833467,3000.00,card,0,0,0
2026-08-26 22:16:34.870948,4300.00,card,0,0,0
2026-08-26 21:55:54.639867,0.00,BALANCE,0,0,0
2026-08-26 21:43:31.926284,3000.00,card,0,0,0
2026-08-26 21:21:27.96242,1900.00,reptiloid,0,0,0
2026-08-26 21:01:36.385034,4300.00,reptiloid,0,0,0
2026-08-26 20:59:21.056494,1900.00,reptiloid,0,0,0
2026-08-26 20:59:20.31123,3000.00,reptiloid,0,0,0
2026-08-26 20:55:33.904214,1900.00,reptiloid,0,0,0
2026-08-26 20:37:09.938673,3000.00,card,0,0,0
2026-08-26 20:27:48.557252,4400.00,merchant001,0,0,0
2026-08-26 20:26:14.636361,3000.00,reptiloid,0,0,0
2026-08-26 20:14:48.844934,4400.00,card,0,0,0
2026-08-26 20:10:34.033439,4400.00,reptiloid,0,0,0
2026-08-26 20:04:09.310841,3000.00,card,0,0,0
2026-08-26 19:44:59.885168,1900.00,reptiloid,0,0,0
2026-08-26 19:40:49.301578,1900.00,merchant001,0,0,0
2026-08-26 19:37:13.48158,4300.00,reptiloid,0,0,0
2026-08-26 19:23:58.338188,4300.00,reptiloid,0,0,0
2026-08-26 18:50:40.886947,3500.00,reptiloid,0,0,0
2026-08-26 18:27:00.160782,3200.00,reptiloid,0,0,0
2026-08-26 18:25:37.811115,4400.00,card,0,0,0
2026-08-26 18:05:44.055995,4400.00,reptiloid,0,0,0
2026-08-26 18:01:53.41599,4300.00,card,0,0,0
2026-08-26 18:01:07.668707,7200.00,reptiloid,0,0,0
2026-08-26 17:52:53.50949,3000.00,BALANCE,0,0,0
2026-08-26 17:39:37.969633,4300.00,reptiloid,0,0,0
2026-08-26 17:34:46.281539,3000.00,reptiloid,0,0,0
2026-08-26 17:34:32.599912,4300.00,reptiloid,0,0,0
2026-08-26 17:32:45.510453,4300.00,merchant001,0,0,0
2026-08-26 17:22:49.404399,3500.00,reptiloid,0,0,0
2026-08-26 17:06:04.737761,1900.00,reptiloid,0,0,0
2026-08-26 17:02:38.106883,3800.00,BALANCE,0,0,0
2026-08-26 16:56:47.24867,4300.00,BALANCE,0,0,0
2026-08-26 16:56:13.073418,7200.00,reptiloid,0,0,0
2026-08-26 16:55:33.313559,4300.00,reptiloid,0,0,0
2026-08-26 16:33:25.571479,3200.00,reptiloid,0,0,0
2026-08-26 16:33:08.348991,0.00,BALANCE,0,0,0
2026-08-26 16:33:01.189084,4400.00,reptiloid,0,0,0
2026-08-26 16:18:46.09558,1300.00,BALANCE,0,0,0
2026-08-26 16:17:32.46336,4400.00,merchant001,0,0,0
2026-08-26 16:14:12.075488,4300.00,card,0,0,0
2026-08-26 16:12:21.996343,3200.00,nirvana,0,0,0
2026-08-26 16:02:26.471072,3200.00,reptiloid,0,0,0
2026-08-26 15:54:26.64127,4300.00,card,0,0,0
2026-08-26 15:52:26.819667,3000.00,reptiloid,0,0,0
2026-08-26 15:50:22.064106,7200.00,BALANCE,0,0,0
2026-08-26 15:39:00.171488,7200.00,BALANCE,0,0,0
2026-08-26 15:32:12.692275,4300.00,reptiloid,0,0,0
2026-08-26 15:29:31.0139,3080.000,USDT,0,0,43.886000
2026-08-26 15:18:20.431173,7200.00,reptiloid,0,0,0
2026-08-26 15:10:40.356675,7200.00,nirvana,0,0,0
2026-08-26 14:54:23.208219,3200.00,nirvana,0,0,0
2026-08-26 14:31:13.064956,4300.00,reptiloid,0,0,0
2026-08-26 14:26:40.439998,1900.00,reptiloid,0,0,0
2026-08-26 14:25:18.467748,4300.00,reptiloid,0,0,0
2026-08-26 14:17:19.4094,7200.00,reptiloid,0,0,0
2026-08-26 13:53:15.197147,1300.00,BALANCE,0,0,0
2026-08-26 13:34:33.187464,7200.00,card,0,0,0
2026-08-26 13:33:54.868596,4300.00,card,0,0,0
2026-08-26 13:30:34.46636,4300.00,reptiloid,0,0,0
2026-08-26 13:01:03.876297,4200.00,BALANCE,0,0,0
2026-08-26 12:53:15.086329,4300.00,reptiloid,0,0,0
2026-08-26 12:43:21.485155,1900.00,reptiloid,0,0,0
2026-08-26 12:03:51.124092,1700.00,BALANCE,0,0,0
2026-08-26 11:47:22.64327,7200.00,reptiloid,0,0,0
2026-08-26 11:29:56.045228,4300.00,reptiloid,0,0,0
2026-08-26 11:22:38.456844,4300.00,reptiloid,0,0,0
2026-08-26 10:39:26.703176,7200.00,reptiloid,0,0,0
2026-08-26 09:17:31.488035,4300.00,reptiloid,0,0,0
2026-08-26 09:04:12.990731,0.00,BALANCE,0,0,0
2026-08-26 07:57:32.733876,4300.00,reptiloid,0,0,0
2026-08-26 05:36:24.633181,7200.00,reptiloid,0,0,0
2026-08-26 04:47:22.5816,7200.00,reptiloid,0,0,0
2026-08-26 01:26:25.751987,4300.00,reptiloid,0,0,0
2026-08-26 00:46:12.916823,1100.00,BALANCE,0,0,0
2026-08-26 00:22:19.686365,4300.00,reptiloid,0,0,0
2026-08-25 23:19:54.72415,7200.00,reptiloid,0,0,0
2026-08-25 23:19:31.971508,7200.00,nirvana,0,0,0
2026-08-25 23:12:35.541949,4300.00,merchant001,0,0,0
2026-08-25 23:10:50.679286,3000.00,reptiloid,0,0,0
2026-08-25 22:55:56.838221,7200.00,reptiloid,0,0,0
2026-08-25 22:35:58.714031,7200.00,reptiloid,0,0,0
2026-08-25 22:32:56.561247,4300.00,reptiloid,0,0,0
2026-08-25 22:23:35.666491,1900.00,reptiloid,0,0,0
2026-08-25 21:45:04.105229,7200.00,reptiloid,0,0,0
2026-08-25 21:15:31.13925,1300.00,BALANCE,0,0,0
2026-08-25 20:34:11.159761,1900.00,reptiloid,0,0,0
2026-08-25 20:26:07.621944,0.00,BALANCE,0,0,0
2026-08-25 20:23:48.693635,0.00,BALANCE,0,0,0
2026-08-25 20:21:36.629794,7200.00,reptiloid,0,0,0
2026-08-25 20:10:10.095393,4300.00,reptiloid,0,0,0
2026-08-25 20:09:35.245998,7200.00,BALANCE,0,0,0
2026-08-25 20:06:01.169137,3000.00,BALANCE,0,0,0
2026-08-25 20:03:42.139671,1300.00,BALANCE,0,0,0
2026-08-25 20:03:40.74672,0.00,BALANCE,0,0,0
2026-08-25 19:39:18.543906,4300.00,reptiloid,0,0,0
2026-08-25 19:24:29.234596,7200.00,reptiloid,0,0,0
2026-08-25 19:16:57.494524,7200.00,reptiloid,0,0,0
2026-08-25 19:12:54.432722,4300.00,reptiloid,0,0,0
2026-08-25 19:03:18.356329,4300.00,BALANCE,0,0,0
2026-08-25 19:01:02.183292,0.00,BALANCE,0,0,0
2026-08-25 18:57:45.013849,7200.00,reptiloid,0,0,0
2026-08-25 18:56:34.766127,4300.00,reptiloid,0,0,0
2026-08-25 18:53:51.895334,4300.00,reptiloid,0,0,0
2026-08-25 18:52:21.663202,4300.00,reptiloid,0,0,0
2026-08-25 18:48:16.117767,7200.00,reptiloid,0,0,0
2026-08-25 18:43:54.863572,7200.00,merchant001,0,0,0
2026-08-25 18:43:20.961299,4300.00,card,0,0,0
2026-08-25 18:39:25.302851,4300.00,reptiloid,0,0,0
2026-08-25 18:27:33.472781,4300.00,card,0,0,0
2026-08-25 18:24:25.307862,4300.00,card,0,0,0
2026-08-25 18:16:06.804054,4300.00,reptiloid,0,0,0
2026-08-25 18:11:49.848448,3010.000,USDT,0,0,42.888000
2026-08-25 17:55:54.47441,4300.00,BALANCE,0,0,0
2026-08-25 17:55:14.396317,4300.00,merchant001,0,0,0
2026-08-25 17:29:54.461218,7200.00,reptiloid,0,0,0
2026-08-25 17:27:21.895175,1900.00,reptiloid,0,0,0
2026-08-25 17:21:16.345729,3010.000,USDT,0,0,42.888000
2026-08-25 17:18:33.282301,4300.00,reptiloid,0,0,0
2026-08-25 17:15:23.184624,4300.00,reptiloid,0,0,0
2026-08-25 16:42:14.106753,0.00,BALANCE,0,0,0
2026-08-25 16:26:00.921005,7200.00,reptiloid,0,0,0
2026-08-25 16:21:37.558333,4300.00,card,0,0,0
2026-08-25 16:15:55.903634,1100.00,BALANCE,0,0,0
2026-08-25 13:59:42.769238,7200.00,reptiloid,0,0,0
2026-08-25 13:58:03.135336,3200.00,reptiloid,0,0,0
2026-08-25 13:38:35.169924,7200.00,reptiloid,0,0,0
2026-08-25 13:23:55.316836,4300.00,reptiloid,0,0,0
2026-08-25 12:46:05.56569,7200.00,reptiloid,0,0,0
2026-08-25 12:25:15.924749,0.00,BALANCE,0,0,0
2026-08-25 12:24:12.442663,1900.00,reptiloid,0,0,0
2026-08-25 12:23:48.964089,4300.00,BALANCE,0,0,0
2026-08-25 12:20:33.555902,0.00,BALANCE,0,0,0
2026-08-25 11:40:45.983862,7200.00,reptiloid,0,0,0
2026-08-25 11:36:14.840982,1300.00,BALANCE,0,0,0
2026-08-25 11:26:14.924437,4300.00,reptiloid,0,0,0
2026-08-25 11:12:22.714239,7200.00,reptiloid,0,0,0
2026-08-25 10:42:08.384028,1900.00,reptiloid,0,0,0
2026-08-25 10:20:57.103022,1900.00,reptiloid,0,0,0
2026-08-25 10:09:29.576939,4300.00,BALANCE,0,0,0
2026-08-25 09:59:48.328578,4300.00,card,0,0,0
2026-08-25 09:48:03.083766,7200.00,card,0,0,0
2026-08-25 09:36:56.708217,7200.00,reptiloid,0,0,0
2026-08-25 09:23:36.867469,3000.00,BALANCE,0,0,0
2026-08-25 08:41:36.575318,5040.000,USDT,0,0,71.813000
2026-08-25 08:29:54.036211,1900.00,card,0,0,0
2026-08-25 08:24:27.1245,4300.00,reptiloid,0,0,0
2026-08-25 07:07:44.5833,7200.00,card,0,0,0
2026-08-25 05:31:06.255257,1900.00,BALANCE,0,0,0
2026-08-25 04:30:41.569305,4300.00,reptiloid,0,0,0
2026-08-25 04:03:28.47007,4300.00,reptiloid,0,0,0
2026-08-25 02:23:31.255886,4200.00,BALANCE,0,0,0
2026-08-25 02:07:22.518113,4300.00,card,0,0,0
2026-08-25 01:11:22.117565,1900.00,BALANCE,0,0,0
2026-08-25 00:17:50.089704,1300.00,BALANCE,0,0,0
2026-08-25 00:17:18.369125,4300.00,reptiloid,0,0,0
2026-08-24 23:07:39.578379,3200.00,card,0,0,0
2026-08-24 22:40:40.607607,4200.00,BALANCE,0,0,0
2026-08-24 22:19:31.031224,7200.00,merchant001,0,0,0
2026-08-24 22:19:14.75434,4300.00,BALANCE,0,0,0
2026-08-24 22:04:37.217558,2600.00,BALANCE,0,0,0
2026-08-24 21:28:13.726537,7200.00,BALANCE,0,0,0
2026-08-24 21:20:12.472945,7200.00,nirvana,0,0,0
2026-08-24 21:14:00.837865,4400.00,BALANCE,0,0,0
2026-08-24 21:02:42.524059,4300.00,card,0,0,0
2026-08-24 20:48:10.202542,7200.00,reptiloid,0,0,0
2026-08-24 20:47:51.458682,4400.00,nirvana,0,0,0
2026-08-24 20:33:39.374576,4400.00,BALANCE,0,0,0
2026-08-24 20:22:13.460986,4300.00,reptiloid,0,0,0
2026-08-24 20:18:06.089251,4300.00,card,0,0,0
2026-08-24 20:02:50.391744,4300.00,reptiloid,0,0,0
2026-08-24 20:01:38.754723,4400.00,reptiloid,0,0,0
2026-08-24 19:44:58.041358,1400.00,BALANCE,0,0,0
2026-08-24 19:42:36.529545,1300.00,BALANCE,0,0,0
2026-08-24 19:36:15.3345,4400.00,BALANCE,0,0,0
2026-08-24 19:27:38.204781,4300.00,reptiloid,0,0,0
2026-08-24 19:22:41.875616,3010.000,USDT,0,0,42.888000
2026-08-24 18:55:12.706043,4300.00,reptiloid,0,0,0
2026-08-24 18:54:43.224493,4300.00,reptiloid,0,0,0
2026-08-24 18:53:12.802433,7200.00,reptiloid,0,0,0
2026-08-24 18:51:26.202926,1900.00,BALANCE,0,0,0
2026-08-24 18:47:12.81866,4300.00,BALANCE,0,0,0
2026-08-24 18:39:29.617601,4300.00,card,0,0,0
2026-08-24 18:39:11.347681,4400.00,card,0,0,0
2026-08-24 18:32:39.318823,4300.00,reptiloid,0,0,0
2026-08-24 18:25:09.714136,7200.00,reptiloid,0,0,0
2026-08-24 18:22:29.462066,4300.00,reptiloid,0,0,0
2026-08-24 18:19:14.755585,4300.00,card,0,0,0
2026-08-24 18:06:52.344111,4300.00,card,0,0,0
2026-08-24 17:38:17.71139,4300.00,merchant001,0,0,0
2026-08-24 17:35:29.05086,4300.00,card,0,0,0
2026-08-24 17:25:01.98636,4400.00,merchant001,0,0,0
2026-08-24 17:21:24.981228,1300.00,BALANCE,0,0,0
2026-08-24 17:18:51.108429,4300.00,reptiloid,0,0,0
2026-08-24 17:06:52.497016,4300.00,card,0,0,0
2026-08-24 16:22:55.170095,4300.00,reptiloid,0,0,0
2026-08-24 16:18:30.048759,7200.00,reptiloid,0,0,0
2026-08-24 16:14:22.825476,1900.00,BALANCE,0,0,0
2026-08-24 16:06:03.050366,3200.00,BALANCE,0,0,0
2026-08-24 15:59:00.490183,4300.00,card,0,0,0
2026-08-24 15:57:11.457531,4300.00,reptiloid,0,0,0
2026-08-24 15:33:41.285985,2400.00,reptiloid,0,0,0
2026-08-24 15:32:50.831104,1900.00,reptiloid,0,0,0
2026-08-24 15:32:49.068142,1900.00,merchant001,0,0,0
2026-08-24 15:27:02.367478,4300.00,reptiloid,0,0,0
2026-08-24 15:26:36.83657,4300.00,reptiloid,0,0,0
2026-08-24 15:20:01.319395,4300.00,reptiloid,0,0,0
2026-08-24 15:16:16.437516,1900.00,BALANCE,0,0,0
2026-08-24 15:11:03.73419,3200.00,BALANCE,0,0,0
2026-08-24 15:05:30.78255,7200.00,reptiloid,0,0,0
2026-08-24 14:59:06.960799,4300.00,reptiloid,0,0,0
2026-08-24 14:48:51.091239,1300.00,BALANCE,0,0,0
2026-08-24 14:45:50.157761,4300.00,card,0,0,0
2026-08-24 14:43:16.791844,4300.00,card,0,0,0
2026-08-24 14:41:50.689806,2720.0000,LTC,0,0.73120659,0
2026-08-24 14:41:32.667104,4300.00,reptiloid,0,0,0
2026-08-24 14:27:42.746833,4300.00,card,0,0,0
2026-08-24 14:25:45.808188,3200.00,reptiloid,0,0,0
2026-08-24 14:21:04.9332,4300.00,reptiloid,0,0,0
2026-08-24 14:05:57.427758,4300.00,reptiloid,0,0,0
2026-08-24 14:00:43.191753,4300.00,merchant001,0,0,0
2026-08-24 13:54:22.626355,4200.00,BALANCE,0,0,0
2026-08-24 13:47:24.167063,4300.00,BALANCE,0,0,0
2026-08-24 13:38:00.51171,4300.00,reptiloid,0,0,0
2026-08-24 13:33:28.30785,4300.00,BALANCE,0,0,0
2026-08-24 13:31:31.698918,4300.00,reptiloid,0,0,0
2026-08-24 13:24:49.702056,3010.000,USDT,0,0,42.888000
2026-08-24 13:13:43.564834,3010.000,USDT,0,0,42.888000
2026-08-24 13:10:08.273101,4400.00,card,0,0,0
2026-08-24 12:56:17.78283,4300.00,reptiloid,0,0,0
2026-08-24 12:44:52.596213,1300.00,BALANCE,0,0,0
2026-08-24 12:41:54.541483,4300.00,merchant001,0,0,0
2026-08-24 12:39:51.931112,1900.00,BALANCE,0,0,0
2026-08-24 12:35:25.818743,4300.00,BALANCE,0,0,0
2026-08-24 12:29:46.913068,4300.00,card,0,0,0
2026-08-24 12:25:49.628511,4300.00,BALANCE,0,0,0
2026-08-24 12:25:18.685169,4300.00,BALANCE,0,0,0
2026-08-24 12:24:09.505296,4300.00,card,0,0,0
2026-08-24 12:00:01.305688,1615.0000,LTC,0,0.44189514,0
2026-08-24 11:22:33.414076,7200.00,merchant001,0,0,0
2026-08-24 10:38:53.63756,4300.00,BALANCE,0,0,0
2026-08-24 10:35:57.686709,1900.00,merchant001,0,0,0
2026-08-24 09:09:36.261324,3200.00,reptiloid,0,0,0
2026-08-24 08:28:56.412691,4300.00,reptiloid,0,0,0
2026-08-24 07:20:07.586432,4300.00,merchant001,0,0,0
2026-08-24 06:45:50.259529,7200.00,card,0,0,0
2026-08-24 06:27:09.693235,4300.00,card,0,0,0
2026-08-24 05:40:50.145381,4300.00,card,0,0,0
2026-08-24 03:27:22.473974,1900.00,reptiloid,0,0,0
2026-08-24 03:10:39.338558,4300.00,merchant001,0,0,0
2026-08-24 02:23:48.005,1900.00,reptiloid,0,0,0
2026-08-24 00:28:25.566627,3200.00,reptiloid,0,0,0
2026-08-24 00:14:28.863314,3200.00,reptiloid,0,0,0
2026-08-24 00:12:20.017876,4300.00,card,0,0,0
2026-08-23 23:25:11.19158,2400.00,BALANCE,0,0,0
2026-08-23 22:36:45.128758,1900.00,merchant001,0,0,0
2026-08-23 22:22:39.232561,1300.00,BALANCE,0,0,0
2026-08-23 22:20:27.4185,7200.00,merchant001,0,0,0
2026-08-23 21:58:01.182681,1900.00,reptiloid,0,0,0
2026-08-23 21:56:53.235008,1900.00,BALANCE,0,0,0
2026-08-23 21:39:20.375674,5040.000,USDT,0,0,71.813000
2026-08-23 21:36:13.937808,4400.00,nirvana,0,0,0
2026-08-23 21:28:58.537915,7200.00,merchant001,0,0,0
2026-08-23 21:27:20.693925,7200.00,nirvana,0,0,0
2026-08-23 21:26:49.80542,4300.00,reptiloid,0,0,0
2026-08-23 21:25:41.152906,1900.00,card,0,0,0
2026-08-23 21:11:19.561124,7200.00,reptiloid,0,0,0
2026-08-23 21:02:10.598884,7200.00,BALANCE,0,0,0
2026-08-23 21:01:50.965361,3000.00,BALANCE,0,0,0
2026-08-23 20:53:58.921936,4300.00,reptiloid,0,0,0
2026-08-23 20:47:57.428929,7200.00,nirvana,0,0,0
2026-08-23 20:40:20.115802,7200.00,reptiloid,0,0,0
2026-08-23 20:22:28.337729,4300.00,BALANCE,0,0,0
2026-08-23 20:07:56.566728,1300.00,BALANCE,0,0,0
2026-08-23 20:04:15.761495,2400.00,BALANCE,0,0,0
2026-08-23 20:00:49.241309,3200.00,reptiloid,0,0,0
2026-08-23 19:58:17.057853,4300.00,card,0,0,0
2026-08-23 19:54:23.567896,7200.00,card,0,0,0
2026-08-23 19:52:30.872241,2400.00,BALANCE,0,0,0
2026-08-23 19:46:36.387279,7200.00,reptiloid,0,0,0
2026-08-23 19:42:33.681721,3000.00,reptiloid,0,0,0
2026-08-23 19:42:27.370671,4300.00,merchant001,0,0,0
2026-08-23 19:37:57.995586,4300.00,reptiloid,0,0,0
2026-08-23 19:19:15.121009,4400.00,reptiloid,0,0,0
2026-08-23 19:18:27.16976,4300.00,reptiloid,0,0,0
2026-08-23 19:13:57.649895,4300.00,merchant001,0,0,0
2026-08-23 19:12:44.355925,900.00,BALANCE,0,0,0
2026-08-23 18:24:38.657634,4300.00,reptiloid,0,0,0
2026-08-23 18:24:01.921183,7200.00,reptiloid,0,0,0
2026-08-23 18:14:24.956013,4300.00,reptiloid,0,0,0
2026-08-23 18:13:46.25436,4300.00,reptiloid,0,0,0
2026-08-23 18:06:12.270502,4300.00,reptiloid,0,0,0
2026-08-23 17:54:23.81326,2400.00,BALANCE,0,0,0
2026-08-23 17:52:29.812228,1900.00,BALANCE,0,0,0
2026-08-23 17:32:38.413384,1900.00,reptiloid,0,0,0
2026-08-23 17:25:57.213153,1300.00,BALANCE,0,0,0
2026-08-23 17:11:57.788024,3740.0000,LTC,0,1.02010304,0
2026-08-23 17:04:52.719396,4400.00,card,0,0,0
2026-08-23 16:57:21.695301,4300.00,merchant001,0,0,0
2026-08-23 16:54:49.278455,4300.00,reptiloid,0,0,0
2026-08-23 16:53:09.346031,7200.00,reptiloid,0,0,0
2026-08-23 16:22:58.423596,7200.00,BALANCE,0,0,0
2026-08-23 16:20:17.662962,4300.00,card,0,0,0
2026-08-23 16:18:50.553678,4400.00,card,0,0,0
2026-08-23 16:16:49.787982,1900.00,reptiloid,0,0,0
2026-08-23 16:09:12.487508,7200.00,reptiloid,0,0,0
2026-08-23 15:48:08.1366,1900.00,reptiloid,0,0,0
2026-08-23 15:35:55.65307,4400.00,BALANCE,0,0,0
2026-08-23 15:35:36.121616,4300.00,reptiloid,0,0,0
2026-08-23 15:27:39.365111,4400.00,BALANCE,0,0,0
2026-08-23 15:25:46.442231,4300.00,card,0,0,0
2026-08-23 15:25:03.080733,1900.00,reptiloid,0,0,0
2026-08-23 15:17:10.256236,3080.000,USDT,0,0,43.886000
2026-08-23 15:12:24.938191,3500.00,card,0,0,0
2026-08-23 15:02:55.937865,4300.00,reptiloid,0,0,0
2026-08-23 14:48:42.490618,4400.00,merchant001,0,0,0
2026-08-23 14:42:27.845571,4300.00,merchant001,0,0,0
2026-08-23 14:39:05.33632,4300.00,reptiloid,0,0,0
2026-08-23 14:32:38.6792,3200.00,BALANCE,0,0,0
2026-08-23 14:31:48.228258,7200.00,merchant001,0,0,0
2026-08-23 14:24:00.646697,7200.00,card,0,0,0
2026-08-23 13:30:57.242232,4300.00,reptiloid,0,0,0
2026-08-23 13:08:42.545461,3200.00,BALANCE,0,0,0
2026-08-23 13:04:48.223296,4300.00,reptiloid,0,0,0
2026-08-23 12:54:31.980002,1330.000,USDT,0,0,18.951000
2026-08-23 12:54:04.648856,1300.00,BALANCE,0,0,0
2026-08-23 12:48:33.691027,4300.00,reptiloid,0,0,0
2026-08-23 12:44:03.896912,1900.00,reptiloid,0,0,0
2026-08-23 12:42:40.94566,4300.00,BALANCE,0,0,0
2026-08-23 12:16:38.839306,4300.00,card,0,0,0
2026-08-23 11:48:11.975777,7200.00,reptiloid,0,0,0
2026-08-23 11:38:06.044309,4300.00,card,0,0,0
2026-08-23 11:25:47.811419,3010.000,USDT,0,0,42.888000
2026-08-23 11:21:11.350106,7200.00,reptiloid,0,0,0
2026-08-23 11:12:02.026876,7200.00,reptiloid,0,0,0
2026-08-23 10:53:42.734873,7200.00,reptiloid,0,0,0
2026-08-23 10:31:52.401045,3500.00,reptiloid,0,0,0
2026-08-23 10:29:57.076802,4300.00,reptiloid,0,0,0
2026-08-23 09:22:42.825306,4300.00,reptiloid,0,0,0
2026-08-23 09:06:32.373462,1200.00,BALANCE,0,0,0
2026-08-23 08:56:55.356364,4300.00,reptiloid,0,0,0
2026-08-23 07:57:50.713787,1900.00,merchant001,0,0,0
2026-08-23 06:18:32.995167,7200.00,merchant001,0,0,0
2026-08-23 04:48:10.040321,7200.00,merchant001,0,0,0
2026-08-23 04:10:45.384538,1900.00,reptiloid,0,0,0
2026-08-23 03:45:17.009262,4300.00,reptiloid,0,0,0
2026-08-23 03:02:08.425862,1900.00,reptiloid,0,0,0
2026-08-23 01:52:43.794579,4300.00,reptiloid,0,0,0
2026-08-23 01:46:42.803348,4300.00,reptiloid,0,0,0
2026-08-23 01:10:53.73622,4300.00,merchant001,0,0,0
2026-08-23 01:03:50.957497,7200.00,merchant001,0,0,0
2026-08-22 23:56:26.822167,4300.00,card,0,0,0
2026-08-22 23:40:02.435527,4300.00,BALANCE,0,0,0
2026-08-22 23:35:07.380625,4300.00,reptiloid,0,0,0
2026-08-22 22:51:10.81032,1300.00,BALANCE,0,0,0
2026-08-22 21:21:43.249954,0.00,BALANCE,0,0,0
2026-08-22 21:01:37.449683,1900.00,reptiloid,0,0,0
2026-08-22 20:45:24.305637,1300.00,BALANCE,0,0,0
2026-08-22 20:38:45.969,7200.00,merchant001,0,0,0
2026-08-22 20:20:46.398864,3200.00,reptiloid,0,0,0
2026-08-22 20:18:42.132267,4300.00,merchant001,0,0,0
2026-08-22 19:57:17.919211,7200.00,reptiloid,0,0,0
2026-08-22 19:44:56.714724,4300.00,merchant001,0,0,0
2026-08-22 19:43:12.788435,7200.00,reptiloid,0,0,0
2026-08-22 19:23:40.220202,4300.00,reptiloid,0,0,0
2026-08-22 18:53:40.519745,0.00,BALANCE,0,0,0
2026-08-22 18:53:21.532324,7200.00,card,0,0,0
2026-08-22 18:47:32.309684,4300.00,card,0,0,0
2026-08-22 18:45:30.607097,4200.00,BALANCE,0,0,0
2026-08-22 18:43:26.978738,4300.00,card,0,0,0
2026-08-22 18:20:19.053132,3200.00,BALANCE,0,0,0
2026-08-22 18:20:12.520603,4300.00,merchant001,0,0,0
2026-08-22 18:17:08.512098,4300.00,merchant001,0,0,0
2026-08-22 18:13:03.437408,7200.00,merchant001,0,0,0
2026-08-22 18:03:19.880921,4300.00,card,0,0,0
2026-08-22 17:56:42.514945,4300.00,merchant001,0,0,0
2026-08-22 17:54:51.325115,3200.00,BALANCE,0,0,0
2026-08-22 17:52:11.911168,4300.00,nirvana,0,0,0
2026-08-22 17:50:33.034195,1900.00,merchant001,0,0,0
2026-08-22 17:47:59.724417,0.00,BALANCE,0,0,0
2026-08-22 17:38:40.170534,4000.00,BALANCE,0,0,0
2026-08-22 17:29:06.592383,0.00,BALANCE,0,0,0
2026-08-22 17:29:06.355796,1900.00,merchant001,0,0,0
2026-08-22 17:21:26.81228,4300.00,card,0,0,0
2026-08-22 17:12:02.060842,1900.00,merchant001,0,0,0
2026-08-22 17:06:55.064902,4300.00,merchant001,0,0,0
2026-08-22 17:03:32.074744,7200.00,merchant001,0,0,0
2026-08-22 16:59:00.703769,1900.00,card,0,0,0
2026-08-22 16:42:51.536227,4200.00,BALANCE,0,0,0
2026-08-22 16:33:58.533808,4300.00,merchant001,0,0,0
2026-08-22 16:25:36.195939,7200.00,merchant001,0,0,0
2026-08-22 16:06:52.695811,1100.00,BALANCE,0,0,0
2026-08-22 15:49:03.235068,1900.00,merchant001,0,0,0
2026-08-22 15:37:37.207483,7200.00,BALANCE,0,0,0
2026-08-22 15:36:51.503277,4300.00,onlypays,0,0,0
2026-08-22 15:31:12.821346,7200.00,merchant001,0,0,0
2026-08-22 15:23:02.954438,1900.00,BALANCE,0,0,0
2026-08-22 15:15:53.87426,1900.00,BALANCE,0,0,0
2026-08-22 15:10:58.240348,7200.00,BALANCE,0,0,0
2026-08-22 14:47:25.38236,4300.00,reptiloid,0,0,0
2026-08-22 14:43:30.743689,5040.000,USDT,0,0,71.813000
2026-08-22 14:24:19.378464,7200.00,reptiloid,0,0,0
2026-08-22 14:23:19.101301,3000.00,reptiloid,0,0,0
2026-08-22 14:03:17.209834,4300.00,reptiloid,0,0,0
2026-08-22 13:54:58.665594,7200.00,reptiloid,0,0,0
2026-08-22 13:51:48.531957,4300.00,reptiloid,0,0,0
2026-08-22 13:40:10.461851,4300.00,BALANCE,0,0,0
2026-08-22 13:16:50.343846,7200.00,reptiloid,0,0,0
2026-08-22 12:55:48.168932,1900.00,merchant001,0,0,0
2026-08-22 12:31:39.96207,7200.00,reptiloid,0,0,0
2026-08-22 12:23:16.906683,4300.00,reptiloid,0,0,0
2026-08-22 12:09:35.678862,4300.00,reptiloid,0,0,0
2026-08-22 12:05:14.577916,7200.00,reptiloid,0,0,0
2026-08-22 12:04:20.238275,4300.00,reptiloid,0,0,0
2026-08-22 12:00:43.183524,7200.00,nirvana,0,0,0
2026-08-22 11:56:04.092284,3300.00,BALANCE,0,0,0
2026-08-22 11:29:53.896822,4300.00,reptiloid,0,0,0
2026-08-22 11:18:16.955933,4200.00,BALANCE,0,0,0
2026-08-22 11:14:58.700442,4300.00,BALANCE,0,0,0
2026-08-22 10:49:22.308382,4300.00,reptiloid,0,0,0
2026-08-22 10:45:24.631591,4300.00,nirvana,0,0,0
2026-08-22 10:16:13.82723,1900.00,reptiloid,0,0,0
2026-08-22 10:10:37.811974,0.00,BALANCE,0,0,0
2026-08-22 09:48:14.076828,7200.00,reptiloid,0,0,0
2026-08-22 09:22:41.992334,1900.00,reptiloid,0,0,0
2026-08-22 09:10:49.3491,4300.00,reptiloid,0,0,0
2026-08-22 09:09:07.622851,4300.00,reptiloid,0,0,0
2026-08-22 08:59:38.879927,4300.00,reptiloid,0,0,0
2026-08-22 08:30:38.714465,4300.00,reptiloid,0,0,0
2026-08-22 07:53:46.425584,4300.00,merchant001,0,0,0
2026-08-22 06:44:45.809382,4300.00,merchant001,0,0,0
2026-08-22 05:54:03.287755,4300.00,reptiloid,0,0,0
2026-08-22 04:03:15.06478,4300.00,reptiloid,0,0,0
2026-08-22 03:46:01.2381,1900.00,reptiloid,0,0,0
2026-08-22 03:18:13.99646,4300.00,reptiloid,0,0,0
2026-08-22 03:05:41.963245,7200.00,reptiloid,0,0,0
2026-08-22 02:49:21.641514,1900.00,reptiloid,0,0,0
2026-08-22 01:59:14.554278,4300.00,reptiloid,0,0,0
2026-08-22 01:16:19.840249,3010.000,USDT,0,0,42.888000
2026-08-22 01:05:41.596375,1900.00,reptiloid,0,0,0
2026-08-22 00:36:43.290744,1300.00,BALANCE,0,0,0
2026-08-22 00:29:51.299579,1300.00,BALANCE,0,0,0
2026-08-21 23:41:20.3844,4300.00,card,0,0,0
2026-08-21 23:37:52.902029,4300.00,reptiloid,0,0,0
2026-08-21 23:29:58.327615,4300.00,merchant001,0,0,0
2026-08-21 23:17:13.893706,4300.00,reptiloid,0,0,0
2026-08-21 23:08:13.913889,4300.00,reptiloid,0,0,0
2026-08-21 22:54:59.596869,4300.00,reptiloid,0,0,0
2026-08-21 22:53:08.976738,4300.00,card,0,0,0
2026-08-21 22:47:04.238555,4300.00,card,0,0,0
2026-08-21 22:32:54.711354,4300.00,card,0,0,0
2026-08-21 22:23:18.960563,4300.00,reptiloid,0,0,0
2026-08-21 22:14:19.570954,7200.00,reptiloid,0,0,0
2026-08-21 22:12:35.576749,4300.00,reptiloid,0,0,0
2026-08-21 22:03:29.55229,4300.00,merchant001,0,0,0
2026-08-21 22:02:10.610362,4300.00,BALANCE,0,0,0
2026-08-21 21:57:53.610709,7200.00,reptiloid,0,0,0
2026-08-21 21:57:12.43657,1900.00,card,0,0,0
2026-08-21 21:34:32.485873,1300.00,BALANCE,0,0,0
2026-08-21 21:24:22.673152,4300.00,reptiloid,0,0,0
2026-08-21 21:20:30.10802,4300.00,reptiloid,0,0,0
2026-08-21 21:01:17.823225,3010.000,USDT,0,0,42.888000
2026-08-21 20:14:52.16809,4300.00,BALANCE,0,0,0
2026-08-21 20:02:54.036641,1300.00,BALANCE,0,0,0
2026-08-21 20:00:37.679695,4300.00,reptiloid,0,0,0
2026-08-21 19:35:41.104073,3655.0000,LTC,0,1.05040236,0
2026-08-21 19:24:54.634734,4300.00,BALANCE,0,0,0
2026-08-21 18:55:43.092664,3200.00,reptiloid,0,0,0
2026-08-21 18:51:15.124688,1900.00,reptiloid,0,0,0
2026-08-21 18:50:22.215797,7200.00,reptiloid,0,0,0
2026-08-21 18:47:12.331195,3010.000,USDT,0,0,42.888000
2026-08-21 18:39:02.517081,4300.00,reptiloid,0,0,0
2026-08-21 18:21:07.6945,7200.00,reptiloid,0,0,0
2026-08-21 18:17:17.504433,4300.00,reptiloid,0,0,0
2026-08-21 18:14:07.948193,0.00,BALANCE,0,0,0
2026-08-21 18:09:33.421211,4300.00,reptiloid,0,0,0
2026-08-21 18:09:06.281454,4300.00,reptiloid,0,0,0
2026-08-21 18:08:15.670223,3010.000,USDT,0,0,42.888000
2026-08-21 18:02:19.303037,3200.00,reptiloid,0,0,0
2026-08-21 17:55:12.377963,4300.00,reptiloid,0,0,0
2026-08-21 17:50:57.025368,3010.000,USDT,0,0,42.888000
2026-08-21 17:49:46.349842,7200.00,reptiloid,0,0,0
2026-08-21 17:48:22.700709,1300.00,BALANCE,0,0,0
2026-08-21 17:45:05.597384,7200.00,BALANCE,0,0,0
2026-08-21 17:37:07.765866,7200.00,reptiloid,0,0,0
2026-08-21 17:25:20.749406,4300.00,BALANCE,0,0,0
2026-08-21 17:24:47.991083,3000.00,reptiloid,0,0,0
2026-08-21 17:19:02.415386,1300.00,BALANCE,0,0,0
2026-08-21 17:16:17.075253,1300.00,BALANCE,0,0,0
2026-08-21 17:06:07.842725,4300.00,reptiloid,0,0,0
2026-08-21 16:54:07.520375,1900.00,reptiloid,0,0,0
2026-08-21 16:45:33.50589,7200.00,reptiloid,0,0,0
2026-08-21 16:36:00.677589,1400.00,BALANCE,0,0,0
2026-08-21 16:33:56.526308,4300.00,reptiloid,0,0,0
2026-08-21 16:31:33.781712,4300.00,reptiloid,0,0,0
2026-08-21 16:12:57.061936,1900.00,merchant001,0,0,0
2026-08-21 16:11:40.24583,4300.00,BALANCE,0,0,0
2026-08-21 16:08:57.800904,4300.00,nirvana,0,0,0
2026-08-21 16:08:31.327163,4300.00,reptiloid,0,0,0
2026-08-21 15:45:43.623846,7200.00,BALANCE,0,0,0
2026-08-21 15:36:57.304984,4300.00,BALANCE,0,0,0
2026-08-21 15:08:56.403868,3010.000,USDT,0,0,42.888000
2026-08-21 15:08:21.760469,4300.00,reptiloid,0,0,0
2026-08-21 14:55:08.642939,3200.00,reptiloid,0,0,0
2026-08-21 14:47:37.763999,4300.00,BALANCE,0,0,0
2026-08-21 14:46:00.545292,1900.00,reptiloid,0,0,0
2026-08-21 14:41:41.279067,4300.00,reptiloid,0,0,0
2026-08-21 14:38:12.118623,3200.00,BALANCE,0,0,0
2026-08-21 14:29:53.844082,1300.00,BALANCE,0,0,0
2026-08-21 14:21:24.914958,7200.00,reptiloid,0,0,0
2026-08-21 14:21:12.757548,1900.00,merchant001,0,0,0
2026-08-21 14:15:17.432115,4300.00,reptiloid,0,0,0
2026-08-21 14:10:07.00699,4300.00,reptiloid,0,0,0
2026-08-21 14:06:54.389881,1900.00,reptiloid,0,0,0
2026-08-21 13:57:46.229478,4300.00,reptiloid,0,0,0
2026-08-21 13:47:30.744558,7200.00,reptiloid,0,0,0
2026-08-21 13:43:57.505468,0.00,BALANCE,0,0,0
2026-08-21 13:37:16.425825,4300.00,reptiloid,0,0,0
2026-08-21 13:31:59.786157,4300.00,card,0,0,0
2026-08-21 13:27:21.381055,7200.00,reptiloid,0,0,0
2026-08-21 13:26:46.223436,4300.00,card,0,0,0
2026-08-21 13:26:11.016169,4300.00,reptiloid,0,0,0
2026-08-21 13:17:44.844495,3010.000,USDT,0,0,42.888000
2026-08-21 13:16:36.403495,0.00,BALANCE,0,0,0
2026-08-21 13:13:20.184099,7200.00,reptiloid,0,0,0
2026-08-21 13:11:31.775142,1300.00,BALANCE,0,0,0
2026-08-21 12:58:51.678276,7200.00,reptiloid,0,0,0
2026-08-21 12:58:09.094808,7200.00,reptiloid,0,0,0
2026-08-21 12:28:14.177671,1900.00,card,0,0,0
2026-08-21 12:24:12.361095,3000.00,BALANCE,0,0,0
2026-08-21 12:15:37.058515,4300.00,BALANCE,0,0,0
2026-08-21 12:07:18.852231,2200.00,BALANCE,0,0,0
2026-08-21 12:02:17.808698,4300.00,reptiloid,0,0,0
2026-08-21 12:00:12.920075,1330.000,USDT,0,0,18.951000
2026-08-21 10:56:06.537857,3200.00,reptiloid,0,0,0
2026-08-21 10:32:11.8962,4300.00,reptiloid,0,0,0
2026-08-21 10:32:05.132376,3200.00,reptiloid,0,0,0
2026-08-21 10:25:47.290895,4300.00,reptiloid,0,0,0
2026-08-21 10:25:28.996452,4300.00,reptiloid,0,0,0
2026-08-21 09:19:44.487077,4300.00,BALANCE,0,0,0
2026-08-21 08:24:35.395948,4300.00,reptiloid,0,0,0
2026-08-21 08:17:20.819611,4300.00,reptiloid,0,0,0
2026-08-21 07:48:14.404142,1900.00,reptiloid,0,0,0
2026-08-21 07:44:30.640765,3200.00,BALANCE,0,0,0
2026-08-21 07:36:41.091831,4300.00,reptiloid,0,0,0
2026-08-21 06:28:35.727701,4300.00,reptiloid,0,0,0
2026-08-21 05:35:28.572996,3500.00,reptiloid,0,0,0
2026-08-21 05:30:51.533932,4300.00,reptiloid,0,0,0
2026-08-21 05:09:04.820707,7200.00,card,0,0,0
2026-08-21 03:31:17.311966,4300.00,reptiloid,0,0,0
2026-08-21 02:37:36.228821,0.00,BALANCE,0,0,0
2026-08-21 02:30:26.183551,7200.00,reptiloid,0,0,0
2026-08-21 02:12:05.337841,4300.00,reptiloid,0,0,0
2026-08-21 01:45:59.053984,3000.00,card,0,0,0
2026-08-21 01:40:59.163863,4300.00,reptiloid,0,0,0
2026-08-21 01:35:14.098523,4300.00,card,0,0,0
2026-08-21 01:26:58.15582,3000.00,card,0,0,0
2026-08-21 01:12:51.613708,1900.00,card,0,0,0
2026-08-21 00:56:34.738053,4300.00,reptiloid,0,0,0
2026-08-21 00:48:23.767264,1330.000,USDT,0,0,18.951000
2026-08-21 00:43:39.469922,4300.00,reptiloid,0,0,0
2026-08-21 00:29:52.413567,4300.00,BALANCE,0,0,0
2026-08-21 00:22:25.713477,4300.00,reptiloid,0,0,0
2026-08-21 00:14:59.274069,4300.00,card,0,0,0
2026-08-21 00:06:47.814597,4200.00,BALANCE,0,0,0
2026-08-21 00:01:29.316758,7200.00,reptiloid,0,0,0
2026-08-21 00:00:01.929994,4300.00,card,0,0,0
2026-08-20 23:56:03.544731,4300.00,reptiloid,0,0,0
2026-08-20 23:47:32.214597,1300.00,BALANCE,0,0,0
2026-08-20 23:07:42.250394,0.00,BALANCE,0,0,0
2026-08-20 23:02:00.274621,4300.00,card,0,0,0
2026-08-20 22:40:59.941796,4300.00,reptiloid,0,0,0
2026-08-20 22:30:26.023251,7200.00,BALANCE,0,0,0
2026-08-20 22:29:38.154358,4300.00,reptiloid,0,0,0
2026-08-20 22:16:21.732107,7200.00,merchant001,0,0,0
2026-08-20 22:08:48.211124,4300.00,BALANCE,0,0,0
2026-08-20 21:56:14.381907,7200.00,reptiloid,0,0,0
2026-08-20 21:53:49.892905,1300.00,BALANCE,0,0,0
2026-08-20 21:41:33.721197,4300.00,BALANCE,0,0,0
2026-08-20 21:41:07.631193,7200.00,merchant001,0,0,0
2026-08-20 21:38:54.710173,0.00,BALANCE,0,0,0
2026-08-20 21:30:37.800476,4300.00,reptiloid,0,0,0
2026-08-20 21:07:48.665268,5040.000,USDT,0,0,71.813000
2026-08-20 21:01:58.213061,7200.00,card,0,0,0
2026-08-20 20:56:21.157781,1900.00,card,0,0,0
2026-08-20 20:55:06.63942,4300.00,reptiloid,0,0,0
2026-08-20 20:49:47.447239,5040.000,USDT,0,0,71.813000
2026-08-20 20:44:24.230234,4300.00,nirvana,0,0,0
2026-08-20 20:32:41.026766,4300.00,reptiloid,0,0,0
2026-08-20 20:32:17.606416,3010.000,USDT,0,0,42.888000
2026-08-20 20:30:30.156854,4300.00,reptiloid,0,0,0
2026-08-20 20:29:08.044871,7200.00,reptiloid,0,0,0
2026-08-20 20:15:13.541377,4300.00,reptiloid,0,0,0
2026-08-20 20:12:51.31556,1100.00,BALANCE,0,0,0
2026-08-20 20:11:10.991418,4300.00,reptiloid,0,0,0
2026-08-20 18:55:59.493294,3000.00,merchant001,0,0,0
2026-08-20 18:51:32.960037,1300.00,BALANCE,0,0,0
2026-08-20 18:50:11.81796,7200.00,BALANCE,0,0,0
2026-08-20 18:42:55.14993,3010.000,USDT,0,0,42.888000
2026-08-20 18:39:58.526898,4300.00,merchant001,0,0,0
2026-08-20 18:37:51.050073,4300.00,reptiloid,0,0,0
2026-08-20 18:34:48.754055,4300.00,reptiloid,0,0,0
2026-08-20 18:09:46.581445,4300.00,reptiloid,0,0,0
2026-08-20 18:03:57.204754,4300.00,BALANCE,0,0,0
2026-08-20 17:58:37.320416,2700.00,BALANCE,0,0,0
2026-08-20 17:49:51.610059,4300.00,reptiloid,0,0,0
2026-08-20 17:30:13.828222,4300.00,reptiloid,0,0,0
2026-08-20 17:29:52.770253,4300.00,reptiloid,0,0,0
2026-08-20 17:24:43.930665,4300.00,reptiloid,0,0,0
2026-08-20 17:14:21.54753,3500.00,reptiloid,0,0,0
2026-08-20 17:12:30.375901,1900.00,BALANCE,0,0,0
2026-08-20 17:00:17.107663,4300.00,reptiloid,0,0,0
2026-08-20 16:56:38.958391,0.00,BALANCE,0,0,0
2026-08-20 16:34:56.890115,4300.00,reptiloid,0,0,0
2026-08-20 16:18:54.574384,4300.00,card,0,0,0
2026-08-20 16:15:37.459531,7200.00,reptiloid,0,0,0
2026-08-20 16:13:53.595555,3010.000,USDT,0,0,42.888000
2026-08-20 16:06:20.946754,3655.0000,LTC,0,1.11901816,0
2026-08-20 16:04:44.519559,0.00,BALANCE,0,0,0
2026-08-20 15:56:04.126181,400.00,BALANCE,0,0,0
2026-08-20 15:55:37.013821,4300.00,reptiloid,0,0,0
2026-08-20 15:50:42.371997,1900.00,card,0,0,0
2026-08-20 15:45:46.469639,1300.00,BALANCE,0,0,0
2026-08-20 15:40:21.671345,4300.00,reptiloid,0,0,0
2026-08-20 15:24:11.322503,4300.00,card,0,0,0
2026-08-20 15:18:44.65931,7200.00,reptiloid,0,0,0
2026-08-20 15:14:38.868321,1650.00,BALANCE,0,0,0
2026-08-20 15:02:37.723829,4300.00,reptiloid,0,0,0
2026-08-20 14:51:41.627409,3010.000,USDT,0,0,42.888000
2026-08-20 14:47:08.533614,4300.00,reptiloid,0,0,0
2026-08-20 14:26:41.569125,3010.000,USDT,0,0,42.888000
2026-08-20 14:22:25.814869,1900.00,reptiloid,0,0,0
2026-08-20 14:18:36.620704,0.00,BALANCE,0,0,0
2026-08-20 14:05:42.976928,4300.00,reptiloid,0,0,0
2026-08-20 13:57:13.634376,3010.000,USDT,0,0,42.888000
2026-08-20 13:42:44.294503,4300.00,reptiloid,0,0,0
2026-08-20 13:39:05.97478,4300.00,BALANCE,0,0,0
2026-08-20 13:27:33.31507,4300.00,reptiloid,0,0,0
2026-08-20 13:12:31.316731,4300.00,BALANCE,0,0,0
2026-08-20 13:04:57.275135,4300.00,merchant001,0,0,0
2026-08-20 12:37:44.111076,4300.00,reptiloid,0,0,0
2026-08-20 12:35:55.520828,4300.00,BALANCE,0,0,0
2026-08-20 12:31:29.511217,4300.00,merchant001,0,0,0
2026-08-20 12:22:02.040347,1900.00,merchant001,0,0,0
2026-08-20 12:17:07.020489,4300.00,reptiloid,0,0,0
2026-08-20 12:10:05.376751,2200.00,BALANCE,0,0,0
2026-08-20 11:42:12.252896,4300.00,reptiloid,0,0,0
2026-08-20 11:41:36.185345,900.00,BALANCE,0,0,0
2026-08-20 11:08:13.938217,1900.00,card,0,0,0
2026-08-20 10:59:50.916546,4300.00,card,0,0,0
2026-08-20 10:52:37.966296,900.00,BALANCE,0,0,0
2026-08-20 10:31:50.577642,4300.00,reptiloid,0,0,0
2026-08-20 10:19:22.193193,0.00,BALANCE,0,0,0
2026-08-20 10:06:20.383416,3200.00,reptiloid,0,0,0
2026-08-20 09:52:29.762526,4300.00,card,0,0,0
2026-08-20 09:37:34.811907,3000.00,card,0,0,0
2026-08-20 09:37:22.385255,4300.00,BALANCE,0,0,0
2026-08-20 09:07:35.242128,7200.00,reptiloid,0,0,0
2026-08-20 08:49:19.604909,4300.00,card,0,0,0
2026-08-20 08:42:43.9644,3000.00,card,0,0,0
2026-08-20 07:57:01.219727,4300.00,BALANCE,0,0,0
2026-08-20 07:39:03.992924,4300.00,reptiloid,0,0,0
2026-08-20 06:53:48.660527,850.00,BALANCE,0,0,0
2026-08-20 05:19:25.738825,4300.00,BALANCE,0,0,0
2026-08-20 04:42:31.51154,4300.00,reptiloid,0,0,0
2026-08-20 04:16:46.189487,7200.00,merchant001,0,0,0
2026-08-20 04:07:20.568092,3000.00,card,0,0,0
2026-08-20 03:48:51.114306,7200.00,reptiloid,0,0,0
2026-08-20 02:18:58.979764,400.00,BALANCE,0,0,0
2026-08-20 02:07:04.807122,4300.00,card,0,0,0
2026-08-20 01:52:37.609352,4300.00,card,0,0,0
2026-08-20 01:48:22.230458,4300.00,reptiloid,0,0,0
2026-08-20 01:27:29.20131,3000.00,reptiloid,0,0,0
2026-08-20 01:21:26.226605,4300.00,card,0,0,0
2026-08-20 01:17:08.721247,4300.00,card,0,0,0
2026-08-20 01:00:04.605552,4300.00,card,0,0,0
2026-08-20 00:26:00.071629,0.00,BALANCE,0,0,0
2026-08-19 23:58:35.873926,4300.00,BALANCE,0,0,0
2026-08-19 23:52:41.529806,4300.00,BALANCE,0,0,0
2026-08-19 23:47:48.407977,3010.000,USDT,0,0,42.888000
2026-08-19 23:46:33.766918,1300.00,BALANCE,0,0,0
2026-08-19 23:34:09.5885,4300.00,card,0,0,0
2026-08-19 23:32:52.19475,0.00,BALANCE,0,0,0
2026-08-19 23:09:07.37316,1900.00,reptiloid,0,0,0
2026-08-19 22:44:36.911748,1900.00,nirvana,0,0,0
2026-08-19 22:44:20.898012,7200.00,reptiloid,0,0,0
2026-08-19 22:28:26.195222,3200.00,reptiloid,0,0,0
2026-08-19 22:25:11.718883,1200.00,BALANCE,0,0,0
2026-08-19 22:16:49.762441,4300.00,reptiloid,0,0,0
2026-08-19 22:09:31.949946,3000.00,reptiloid,0,0,0
2026-08-19 21:55:37.739088,4300.00,reptiloid,0,0,0
2026-08-19 21:51:00.935224,4300.00,reptiloid,0,0,0
2026-08-19 21:38:29.298479,7200.00,BALANCE,0,0,0
2026-08-19 21:10:21.983976,4300.00,nirvana,0,0,0
2026-08-19 21:04:34.081076,7200.00,reptiloid,0,0,0
2026-08-19 20:58:47.397068,7200.00,BALANCE,0,0,0
2026-08-19 20:58:11.090356,1900.00,BALANCE,0,0,0
2026-08-19 20:48:02.129027,4300.00,BALANCE,0,0,0
2026-08-19 20:42:50.313368,0.00,BALANCE,0,0,0
2026-08-19 20:40:50.912456,7200.00,card,0,0,0
2026-08-19 20:34:43.086905,7200.00,reptiloid,0,0,0
2026-08-19 20:21:01.881606,7200.00,card,0,0,0
2026-08-19 19:35:44.491533,4300.00,reptiloid,0,0,0
2026-08-19 19:35:19.296899,4300.00,card,0,0,0
2026-08-19 19:31:01.213155,4300.00,card,0,0,0
2026-08-19 19:29:14.444782,7200.00,reptiloid,0,0,0
2026-08-19 19:23:35.197785,5040.000,USDT,0,0,71.813000
2026-08-19 19:16:25.984764,4300.00,reptiloid,0,0,0
2026-08-19 19:14:41.205185,1300.00,BALANCE,0,0,0
2026-08-19 19:08:02.136752,4300.00,reptiloid,0,0,0
2026-08-19 19:05:42.058057,7200.00,card,0,0,0
2026-08-19 19:01:53.772054,4300.00,card,0,0,0
2026-08-19 18:59:40.482121,4300.00,card,0,0,0
2026-08-19 18:51:05.230367,4300.00,BALANCE,0,0,0
2026-08-19 18:44:49.360742,4300.00,reptiloid,0,0,0
2026-08-19 18:42:06.557817,4300.00,reptiloid,0,0,0
2026-08-19 18:40:37.234178,3500.00,reptiloid,0,0,0
2026-08-19 18:20:06.208516,7200.00,reptiloid,0,0,0
2026-08-19 18:07:42.049426,4300.00,reptiloid,0,0,0
2026-08-19 17:42:41.713035,4300.00,merchant001,0,0,0
2026-08-19 17:36:53.38692,3000.00,reptiloid,0,0,0
2026-08-19 17:13:27.932157,3500.00,reptiloid,0,0,0
2026-08-19 16:31:16.173133,1900.00,nirvana,0,0,0
2026-08-19 16:15:59.595389,4300.00,reptiloid,0,0,0
2026-08-19 15:21:31.871811,4300.00,reptiloid,0,0,0
2026-08-19 15:19:31.637561,4300.00,reptiloid,0,0,0
2026-08-19 15:19:09.515677,4300.00,reptiloid,0,0,0
2026-08-19 15:16:30.236285,7200.00,BALANCE,0,0,0
2026-08-19 15:06:52.018718,4300.00,reptiloid,0,0,0
2026-08-19 14:48:24.987807,3200.00,reptiloid,0,0,0
2026-08-19 14:40:57.54418,4300.00,BALANCE,0,0,0
2026-08-19 14:39:04.62441,4300.00,BALANCE,0,0,0
2026-08-19 14:34:24.012715,3200.00,BALANCE,0,0,0
2026-08-19 14:32:41.42073,4300.00,BALANCE,0,0,0
2026-08-19 14:22:02.296381,1300.00,BALANCE,0,0,0
2026-08-19 14:21:08.92485,1100.00,BALANCE,0,0,0
2026-08-19 14:09:03.219522,4300.00,card,0,0,0
2026-08-19 14:00:01.386424,0.00,BALANCE,0,0,0
2026-08-19 13:58:09.614234,4300.00,BALANCE,0,0,0
2026-08-19 13:36:08.33247,4300.00,reptiloid,0,0,0
2026-08-19 13:32:09.890203,4300.00,reptiloid,0,0,0
2026-08-19 13:25:49.71556,4300.00,card,0,0,0
2026-08-19 13:08:46.08637,4300.00,card,0,0,0
2026-08-19 13:00:04.905889,4300.00,reptiloid,0,0,0
2026-08-19 12:51:44.892094,4300.00,card,0,0,0
2026-08-19 12:40:16.913463,1300.00,BALANCE,0,0,0
2026-08-19 12:32:19.25921,3500.00,reptiloid,0,0,0
2026-08-19 12:31:39.178967,4300.00,reptiloid,0,0,0
2026-08-19 12:06:07.870719,1900.00,card,0,0,0
2026-08-19 11:34:19.755579,3000.00,card,0,0,0
2026-08-19 11:32:29.360081,2800.00,BALANCE,0,0,0
2026-08-19 10:01:59.813159,3300.00,BALANCE,0,0,0
2026-08-19 09:32:55.415592,4300.00,reptiloid,0,0,0
2026-08-19 09:16:46.49373,4300.00,reptiloid,0,0,0
2026-08-19 09:06:52.643561,4300.00,card,0,0,0
2026-08-19 08:40:53.994882,4300.00,card,0,0,0
2026-08-19 08:33:25.392908,3200.00,reptiloid,0,0,0
2026-08-19 07:39:17.350185,4300.00,BALANCE,0,0,0
2026-08-19 05:56:02.161566,3000.00,reptiloid,0,0,0
2026-08-19 05:54:36.266351,4300.00,reptiloid,0,0,0
2026-08-19 04:27:23.015623,1100.00,BALANCE,0,0,0
2026-08-19 03:52:16.088777,4300.00,reptiloid,0,0,0
2026-08-19 03:33:20.928675,4300.00,reptiloid,0,0,0
2026-08-19 03:14:18.631317,3300.00,BALANCE,0,0,0
2026-08-19 02:15:41.453773,2800.00,BALANCE,0,0,0
2026-08-19 01:35:36.362389,4300.00,card,0,0,0
2026-08-19 01:07:28.688253,1300.00,BALANCE,0,0,0
2026-08-19 00:45:43.223124,7200.00,reptiloid,0,0,0
2026-08-19 00:29:29.664261,4300.00,BALANCE,0,0,0
2026-08-19 00:28:45.334038,3010.000,USDT,0,0,42.888000
2026-08-18 23:57:55.099885,3010.000,USDT,0,0,42.888000
2026-08-18 23:56:51.25838,3010.000,USDT,0,0,42.888000
2026-08-18 23:29:06.980943,7200.00,card,0,0,0
2026-08-18 23:01:15.317211,6120.0000,LTC,0,1.92689305,0
2026-08-18 21:52:35.447438,4300.00,reptiloid,0,0,0
2026-08-18 21:41:41.532104,1900.00,card,0,0,0
2026-08-18 21:41:40.276526,4300.00,nirvana,0,0,0
2026-08-18 21:22:06.629926,7200.00,card,0,0,0
2026-08-18 21:10:43.99214,4300.00,BALANCE,0,0,0
2026-08-18 21:09:42.148092,7200.00,merchant001,0,0,0
2026-08-18 20:40:02.348467,4200.00,BALANCE,0,0,0
2026-08-18 20:27:57.796069,3000.00,reptiloid,0,0,0
2026-08-18 20:26:47.657485,1900.00,card,0,0,0
2026-08-18 20:14:17.198343,7200.00,reptiloid,0,0,0
2026-08-18 20:12:28.384753,4300.00,reptiloid,0,0,0
2026-08-18 20:11:36.858353,1300.00,BALANCE,0,0,0
2026-08-18 20:10:59.543239,4300.00,reptiloid,0,0,0
2026-08-18 20:02:36.753417,4300.00,card,0,0,0
2026-08-18 19:44:47.163091,4300.00,reptiloid,0,0,0
2026-08-18 19:44:18.499473,1100.00,BALANCE,0,0,0
2026-08-18 19:37:47.394244,3010.000,USDT,0,0,42.888000
2026-08-18 19:27:10.226805,1300.00,BALANCE,0,0,0
2026-08-18 19:21:51.825018,7200.00,BALANCE,0,0,0
2026-08-18 19:16:04.497843,3500.00,BALANCE,0,0,0
2026-08-18 19:00:31.087536,7200.00,card,0,0,0
2026-08-18 18:41:52.14229,7200.00,reptiloid,0,0,0
2026-08-18 18:39:45.952343,1900.00,nirvana,0,0,0
2026-08-18 18:27:48.964889,7200.00,card,0,0,0
2026-08-18 18:17:18.230959,4300.00,card,0,0,0
2026-08-18 18:12:25.539633,7200.00,merchant001,0,0,0
2026-08-18 17:37:38.154537,3200.00,card,0,0,0
2026-08-18 17:37:26.34114,7200.00,reptiloid,0,0,0
2026-08-18 16:50:59.332794,7200.00,nirvana,0,0,0
2026-08-18 16:50:25.237265,1300.00,BALANCE,0,0,0
2026-08-18 16:39:52.017941,7200.00,BALANCE,0,0,0
2026-08-18 16:12:18.857282,4200.00,reptiloid,0,0,0
2026-08-18 16:08:29.09531,5040.000,USDT,0,0,71.813000
2026-08-18 16:06:31.811777,7200.00,BALANCE,0,0,0
2026-08-18 15:56:33.620914,5040.000,USDT,0,0,71.813000
2026-08-18 15:52:54.59759,4200.00,reptiloid,0,0,0
2026-08-18 15:51:49.841071,4200.00,reptiloid,0,0,0
2026-08-18 15:51:22.971919,4200.00,BALANCE,0,0,0
2026-08-18 15:48:25.74874,4200.00,reptiloid,0,0,0
2026-08-18 15:44:47.788109,4200.00,reptiloid,0,0,0
2026-08-18 15:42:14.954306,4200.00,BALANCE,0,0,0
2026-08-18 15:40:11.599995,4200.00,reptiloid,0,0,0
2026-08-18 15:33:19.08467,1200.00,BALANCE,0,0,0
2026-08-18 15:32:58.212464,4200.00,reptiloid,0,0,0
2026-08-18 15:31:16.82543,4200.00,BALANCE,0,0,0
2026-08-18 15:19:18.913564,0.00,BALANCE,0,0,0
2026-08-18 15:07:15.685441,3000.00,reptiloid,0,0,0
2026-08-18 12:23:08.011204,2200.00,BALANCE,0,0,0
2026-08-18 12:13:12.480921,1900.00,reptiloid,0,0,0
2026-08-18 11:46:38.221484,700.00,BALANCE,0,0,0
2026-08-18 11:14:51.035521,1900.00,BALANCE,0,0,0
2026-08-18 10:54:24.951392,4200.00,reptiloid,0,0,0
2026-08-18 10:08:39.576621,4200.00,reptiloid,0,0,0
2026-08-18 10:02:56.63521,3500.00,reptiloid,0,0,0
2026-08-18 09:47:05.088096,4200.00,BALANCE,0,0,0
2026-08-18 07:53:15.742474,1900.00,reptiloid,0,0,0
2026-08-18 06:34:35.068232,4200.00,card,0,0,0
2026-08-18 05:48:42.888081,7200.00,reptiloid,0,0,0
2026-08-18 05:27:15.413501,7200.00,reptiloid,0,0,0
2026-08-18 05:09:22.406744,4200.00,reptiloid,0,0,0
2026-08-18 03:37:01.261955,4200.00,BALANCE,0,0,0
2026-08-18 03:32:30.453164,7200.00,card,0,0,0
2026-08-18 03:16:49.584255,1900.00,card,0,0,0
2026-08-18 02:49:06.543218,0.00,BALANCE,0,0,0
2026-08-18 02:19:19.952872,1200.00,BALANCE,0,0,0
2026-08-18 01:37:02.916226,1200.00,BALANCE,0,0,0
2026-08-18 01:03:29.843063,4200.00,reptiloid,0,0,0
2026-08-18 00:56:03.524847,1900.00,card,0,0,0
2026-08-18 00:37:16.275938,4200.00,BALANCE,0,0,0
2026-08-18 00:34:15.246059,4200.00,BALANCE,0,0,0
2026-08-18 00:25:39.983886,4200.00,card,0,0,0
2026-08-18 00:02:15.396091,5040.000,USDT,0,0,71.813000
2026-08-17 23:52:26.932451,4200.00,BALANCE,0,0,0
2026-08-17 23:36:47.986688,1900.00,reptiloid,0,0,0
2026-08-17 23:17:06.456022,4200.00,reptiloid,0,0,0
2026-08-17 23:06:48.555021,7200.00,BALANCE,0,0,0
2026-08-17 23:06:34.81627,1200.00,BALANCE,0,0,0
2026-08-17 23:05:48.022316,4200.00,reptiloid,0,0,0
2026-08-17 23:05:26.485967,7200.00,reptiloid,0,0,0
2026-08-17 22:01:40.753043,2240.000,USDT,0,0,31.917000
2026-08-17 20:57:39.690475,1900.00,reptiloid,0,0,0
2026-08-17 20:33:15.680367,4200.00,card,0,0,0
2026-08-17 20:20:55.43271,1600.00,BALANCE,0,0,0
2026-08-17 20:04:21.087492,3500.00,card,0,0,0
2026-08-17 20:01:47.070802,900.00,BALANCE,0,0,0
2026-08-17 18:48:58.946204,1200.00,BALANCE,0,0,0
2026-08-17 18:43:33.863593,0.00,BALANCE,0,0,0
2026-08-17 18:31:41.692468,3500.00,reptiloid,0,0,0
2026-08-17 18:27:44.631736,7200.00,card,0,0,0
2026-08-17 18:11:06.762282,7200.00,card,0,0,0
2026-08-17 17:55:02.816585,7200.00,BALANCE,0,0,0
2026-08-17 17:46:40.694977,7200.00,card,0,0,0
2026-08-17 17:20:42.84869,7200.00,reptiloid,0,0,0
2026-08-17 16:55:39.670463,4200.00,BALANCE,0,0,0
2026-08-17 16:52:47.542983,7200.00,card,0,0,0
2026-08-17 16:42:07.143255,1900.00,reptiloid,0,0,0
2026-08-17 16:37:40.855405,4200.00,reptiloid,0,0,0
2026-08-17 16:31:29.924764,1200.00,BALANCE,0,0,0
2026-08-17 16:25:55.937882,4200.00,reptiloid,0,0,0
2026-08-17 16:19:48.041447,4200.00,reptiloid,0,0,0
2026-08-17 16:18:33.950548,4200.00,card,0,0,0
2026-08-17 16:08:34.640193,4200.00,BALANCE,0,0,0
2026-08-17 15:51:31.353324,7200.00,reptiloid,0,0,0
2026-08-17 15:48:03.252288,3000.00,BALANCE,0,0,0
2026-08-17 15:28:36.872502,7200.00,reptiloid,0,0,0
2026-08-17 15:26:27.116599,7200.00,reptiloid,0,0,0
2026-08-17 14:50:35.801262,2940.000,USDT,0,0,41.891000
2026-08-17 14:45:22.576629,4200.00,card,0,0,0
2026-08-17 14:43:47.548576,4200.00,reptiloid,0,0,0
2026-08-17 14:36:35.484731,4200.00,reptiloid,0,0,0
2026-08-17 14:23:55.05989,7200.00,reptiloid,0,0,0
2026-08-17 14:07:49.21302,3000.00,reptiloid,0,0,0
2026-08-17 14:05:46.803759,2940.000,USDT,0,0,41.891000
2026-08-17 14:02:11.976301,4200.00,reptiloid,0,0,0
2026-08-17 14:01:34.108937,7200.00,reptiloid,0,0,0
2026-08-17 13:53:02.393527,7200.00,reptiloid,0,0,0
2026-08-17 13:47:35.654943,4200.00,reptiloid,0,0,0
2026-08-17 13:41:50.113714,1900.00,BALANCE,0,0,0
2026-08-17 13:33:13.282834,7200.00,reptiloid,0,0,0
2026-08-17 13:23:11.787709,4200.00,reptiloid,0,0,0
2026-08-17 13:22:11.323113,4200.00,reptiloid,0,0,0
2026-08-17 12:43:34.387057,4200.00,reptiloid,0,0,0
2026-08-17 12:42:16.523465,4200.00,reptiloid,0,0,0
2026-08-17 12:40:04.956563,4200.00,reptiloid,0,0,0
2026-08-17 12:34:49.490378,7200.00,card,0,0,0
2026-08-17 12:29:39.046027,7200.00,reptiloid,0,0,0
2026-08-17 12:22:08.642388,4200.00,reptiloid,0,0,0
2026-08-17 12:21:47.199948,4200.00,card,0,0,0
2026-08-17 12:16:51.810761,4200.00,card,0,0,0
2026-08-17 12:09:13.506997,4200.00,card,0,0,0
2026-08-17 11:22:13.320742,3000.00,reptiloid,0,0,0
2026-08-17 11:16:09.070743,4200.00,reptiloid,0,0,0
2026-08-17 10:33:15.906194,4200.00,BALANCE,0,0,0
2026-08-17 10:11:52.406321,4200.00,reptiloid,0,0,0
2026-08-17 09:31:03.987181,4200.00,reptiloid,0,0,0
2026-08-17 07:13:57.5787,2450.000,USDT,0,0,34.909000
2026-08-17 07:10:42.588075,4200.00,reptiloid,0,0,0
2026-08-17 04:25:03.411016,7200.00,reptiloid,0,0,0
2026-08-17 04:15:24.751374,4200.00,reptiloid,0,0,0
2026-08-17 03:58:06.214602,7200.00,reptiloid,0,0,0
2026-08-17 03:34:27.367701,1600.00,BALANCE,0,0,0
2026-08-17 03:13:15.725535,4200.00,card,0,0,0
2026-08-17 02:56:58.694642,4200.00,BALANCE,0,0,0
2026-08-17 02:42:14.881119,7200.00,card,0,0,0
2026-08-17 02:21:13.831284,2940.000,USDT,0,0,41.891000
2026-08-17 02:14:09.109395,4200.00,reptiloid,0,0,0
2026-08-17 01:40:39.569061,1900.00,card,0,0,0
2026-08-17 01:21:09.203514,4200.00,BALANCE,0,0,0
2026-08-17 01:07:01.64779,4200.00,card,0,0,0
2026-08-17 01:04:41.266334,4200.00,BALANCE,0,0,0
2026-08-17 00:58:27.962083,4200.00,card,0,0,0
2026-08-17 00:35:13.201181,4200.00,reptiloid,0,0,0
2026-08-17 00:02:51.645787,7200.00,reptiloid,0,0,0
2026-08-16 23:59:50.496597,4200.00,card,0,0,0
2026-08-16 23:48:19.015778,4200.00,BALANCE,0,0,0
2026-08-16 23:43:40.691239,3000.00,reptiloid,0,0,0
2026-08-16 23:42:11.175919,2000.00,BALANCE,0,0,0
2026-08-16 23:38:29.12663,7200.00,reptiloid,0,0,0
2026-08-16 23:20:47.14248,7200.00,card,0,0,0
2026-08-16 22:40:19.144968,4200.00,reptiloid,0,0,0
2026-08-16 22:38:59.671472,1900.00,card,0,0,0
2026-08-16 22:35:50.132351,4200.00,BALANCE,0,0,0
2026-08-16 22:25:52.761704,4200.00,BALANCE,0,0,0
2026-08-16 22:03:14.397377,4200.00,reptiloid,0,0,0
2026-08-16 21:51:32.933347,4200.00,reptiloid,0,0,0
2026-08-16 21:31:51.54078,1900.00,BALANCE,0,0,0
2026-08-16 21:16:55.576356,3500.00,BALANCE,0,0,0
2026-08-16 21:11:17.701354,7200.00,BALANCE,0,0,0
2026-08-16 20:47:30.632801,7200.00,reptiloid,0,0,0
2026-08-16 20:46:21.849805,7200.00,reptiloid,0,0,0
2026-08-16 20:39:03.192672,7200.00,reptiloid,0,0,0
2026-08-16 20:37:50.214684,4200.00,card,0,0,0
2026-08-16 19:53:13.481914,4300.00,card,0,0,0
2026-08-16 19:37:52.513402,7200.00,reptiloid,0,0,0
2026-08-16 19:33:51.772739,4200.00,reptiloid,0,0,0
2026-08-16 19:32:55.291716,4200.00,reptiloid,0,0,0
2026-08-16 19:16:35.152079,7200.00,reptiloid,0,0,0
2026-08-16 18:21:26.221913,7200.00,reptiloid,0,0,0
2026-08-16 18:20:52.781575,7200.00,card,0,0,0
2026-08-16 18:20:01.808757,4200.00,card,0,0,0
2026-08-16 18:18:23.392531,7200.00,reptiloid,0,0,0
2026-08-16 18:12:51.208313,7200.00,reptiloid,0,0,0
2026-08-16 18:04:53.594373,7200.00,reptiloid,0,0,0
2026-08-16 18:03:18.668068,4200.00,reptiloid,0,0,0
2026-08-16 17:33:34.930305,7200.00,reptiloid,0,0,0
2026-08-16 17:30:13.6807,1800.00,BALANCE,0,0,0
2026-08-16 17:21:45.766422,4200.00,card,0,0,0
2026-08-16 16:38:34.471007,4300.00,BALANCE,0,0,0
2026-08-16 16:36:26.370442,4200.00,reptiloid,0,0,0
2026-08-16 16:33:50.182885,4200.00,card,0,0,0
2026-08-16 16:31:54.27928,1900.00,reptiloid,0,0,0
2026-08-16 16:24:34.905547,3500.00,BALANCE,0,0,0
2026-08-16 16:22:21.881898,1200.00,BALANCE,0,0,0
2026-08-16 16:20:00.178427,4200.00,reptiloid,0,0,0
2026-08-16 16:15:52.683589,4200.00,reptiloid,0,0,0
2026-08-16 16:01:36.593326,1200.00,BALANCE,0,0,0
2026-08-16 15:55:21.698319,4200.00,reptiloid,0,0,0
2026-08-16 15:48:42.339211,1900.00,card,0,0,0
2026-08-16 15:33:32.370171,4200.00,reptiloid,0,0,0
2026-08-16 15:29:49.442929,4200.00,reptiloid,0,0,0
2026-08-16 15:05:16.093582,4200.00,card,0,0,0
2026-08-16 14:42:19.507392,4200.00,card,0,0,0
2026-08-16 14:30:17.48095,4200.00,card,0,0,0
2026-08-16 14:19:16.668799,4300.00,BALANCE,0,0,0
2026-08-16 13:57:18.056785,0.00,BALANCE,0,0,0
2026-08-16 13:47:33.845267,4200.00,card,0,0,0
2026-08-16 13:45:12.662843,3000.00,reptiloid,0,0,0
2026-08-16 13:42:20.689929,3900.00,BALANCE,0,0,0
2026-08-16 13:32:14.736783,4200.00,BALANCE,0,0,0
2026-08-16 13:30:26.950973,4200.00,reptiloid,0,0,0
2026-08-16 13:29:26.209498,4200.00,reptiloid,0,0,0
2026-08-16 13:28:27.745204,4200.00,reptiloid,0,0,0
2026-08-16 13:28:20.830992,4200.00,reptiloid,0,0,0
2026-08-16 13:27:09.514478,4200.00,reptiloid,0,0,0
2026-08-16 13:25:00.638902,4200.00,reptiloid,0,0,0
2026-08-16 13:18:48.492521,7200.00,reptiloid,0,0,0
2026-08-16 13:10:05.292707,4200.00,reptiloid,0,0,0
2026-08-16 13:08:57.489999,4200.00,reptiloid,0,0,0
2026-08-16 13:07:24.856563,1200.00,BALANCE,0,0,0
2026-08-16 12:58:23.726865,2940.000,USDT,0,0,41.891000
2026-08-16 12:55:01.373867,4200.00,reptiloid,0,0,0
2026-08-16 12:44:05.201119,4200.00,BALANCE,0,0,0
2026-08-16 12:37:46.67759,4200.00,reptiloid,0,0,0
2026-08-16 12:35:27.26934,4200.00,reptiloid,0,0,0
2026-08-16 12:31:38.733706,4200.00,reptiloid,0,0,0
2026-08-16 12:29:41.220912,4200.00,reptiloid,0,0,0
2026-08-16 11:55:33.809561,4200.00,reptiloid,0,0,0
2026-08-16 11:48:40.653182,4200.00,reptiloid,0,0,0
2026-08-16 04:44:36.988585,1900.00,reptiloid,0,0,0
2026-08-16 03:59:49.396632,4200.00,BALANCE,0,0,0
2026-08-16 01:37:06.416882,7200.00,reptiloid,0,0,0
2026-08-16 01:30:13.099759,0.00,BALANCE,0,0,0
2026-08-16 01:26:28.989621,4200.00,BALANCE,0,0,0
2026-08-16 01:06:01.463388,2940.000,USDT,0,0,41.891000
2026-08-16 00:31:54.864304,1200.00,BALANCE,0,0,0
2026-08-16 00:00:07.555327,0.00,BALANCE,0,0,0
2026-08-15 23:59:34.901353,4200.00,BALANCE,0,0,0
2026-08-15 23:58:42.857289,4200.00,BALANCE,0,0,0
2026-08-15 23:28:42.437462,3000.00,reptiloid,0,0,0
2026-08-15 23:00:00.185806,1900.00,BALANCE,0,0,0
2026-08-15 22:52:32.765343,1900.00,BALANCE,0,0,0
2026-08-15 22:46:12.187272,4200.00,reptiloid,0,0,0
2026-08-15 22:43:13.554108,4200.00,reptiloid,0,0,0
2026-08-15 22:38:02.882614,0.00,BALANCE,0,0,0
2026-08-15 22:33:34.93161,4200.00,reptiloid,0,0,0
2026-08-15 22:23:06.606959,4200.00,BALANCE,0,0,0
2026-08-15 21:57:43.901471,4200.00,reptiloid,0,0,0
2026-08-15 21:49:07.477388,4200.00,reptiloid,0,0,0
2026-08-15 21:47:32.923946,3000.00,BALANCE,0,0,0
2026-08-15 21:32:41.580596,4200.00,reptiloid,0,0,0
2026-08-15 21:31:36.345768,7200.00,BALANCE,0,0,0
2026-08-15 21:31:02.42489,2040.0000,LTC,0,0.64673908,0
2026-08-15 21:21:59.962198,4200.00,reptiloid,0,0,0
2026-08-15 21:18:00.652771,0.00,BALANCE,0,0,0
2026-08-15 20:51:56.173763,4200.00,reptiloid,0,0,0
2026-08-15 20:43:40.132893,7200.00,reptiloid,0,0,0
2026-08-15 20:29:46.118284,2940.000,USDT,0,0,41.891000
2026-08-15 19:58:17.718246,4200.00,reptiloid,0,0,0
2026-08-15 19:56:27.156556,7200.00,reptiloid,0,0,0
2026-08-15 19:51:23.88523,2940.000,USDT,0,0,41.891000
2026-08-15 19:49:37.230251,4200.00,reptiloid,0,0,0
2026-08-15 19:45:15.936038,4200.00,reptiloid,0,0,0
2026-08-15 19:05:35.009247,4200.00,nirvana,0,0,0
2026-08-15 19:04:01.976176,4200.00,reptiloid,0,0,0
2026-08-15 19:02:09.449492,4200.00,BALANCE,0,0,0
2026-08-15 18:56:15.63553,4200.00,reptiloid,0,0,0
2026-08-15 18:45:12.68491,4200.00,reptiloid,0,0,0
2026-08-15 18:31:45.284537,4200.00,BALANCE,0,0,0
2026-08-15 18:27:48.56938,4200.00,reptiloid,0,0,0
2026-08-15 18:27:03.062855,3000.00,BALANCE,0,0,0
2026-08-15 18:24:46.483225,0.00,BALANCE,0,0,0
2026-08-15 18:23:45.52732,1900.00,BALANCE,0,0,0
2026-08-15 18:01:21.318561,4200.00,card,0,0,0
2026-08-15 17:45:08.207148,1900.00,card,0,0,0
2026-08-15 17:41:46.624279,7200.00,reptiloid,0,0,0
2026-08-15 17:41:00.493364,4200.00,reptiloid,0,0,0
2026-08-15 17:32:25.369704,1900.00,nirvana,0,0,0
2026-08-15 17:18:20.064268,4200.00,reptiloid,0,0,0
2026-08-15 17:12:20.803929,1200.00,BALANCE,0,0,0
2026-08-15 16:58:40.662878,7200.00,card,0,0,0
2026-08-15 16:58:37.98122,4200.00,card,0,0,0
2026-08-15 16:56:00.881255,4200.00,reptiloid,0,0,0
2026-08-15 16:47:48.803619,3200.00,reptiloid,0,0,0
2026-08-15 16:46:53.91861,7200.00,reptiloid,0,0,0
2026-08-15 16:43:22.518304,1200.00,BALANCE,0,0,0
2026-08-15 16:21:28.866049,7200.00,card,0,0,0
2026-08-15 16:19:42.219793,4200.00,nirvana,0,0,0
2026-08-15 16:15:09.164906,7200.00,card,0,0,0
2026-08-15 16:12:39.90088,4200.00,nirvana,0,0,0
2026-08-15 16:06:26.208632,7200.00,reptiloid,0,0,0
2026-08-15 16:04:50.830145,7200.00,reptiloid,0,0,0
2026-08-15 16:02:06.33662,0.00,BALANCE,0,0,0
2026-08-15 16:01:26.089538,4200.00,reptiloid,0,0,0
2026-08-15 16:01:21.380263,4200.00,reptiloid,0,0,0
2026-08-15 15:57:37.447205,1900.00,card,0,0,0
2026-08-15 15:40:22.786974,0.00,BALANCE,0,0,0
2026-08-15 15:33:06.943889,4200.00,card,0,0,0
2026-08-15 15:07:47.274555,4200.00,nirvana,0,0,0
2026-08-15 14:38:56.24344,4200.00,BALANCE,0,0,0
2026-08-15 14:29:40.489978,4200.00,BALANCE,0,0,0
2026-08-15 14:28:50.05942,4200.00,card,0,0,0
2026-08-15 14:28:34.07709,4200.00,BALANCE,0,0,0
2026-08-15 14:10:26.334292,5040.000,USDT,0,0,71.813000
2026-08-15 14:04:36.081777,3000.00,reptiloid,0,0,0
2026-08-15 13:52:19.8637,1200.00,BALANCE,0,0,0
2026-08-15 13:41:14.296479,7200.00,reptiloid,0,0,0
2026-08-15 13:34:04.051383,4200.00,reptiloid,0,0,0
2026-08-15 13:31:22.848522,7200.00,BALANCE,0,0,0
2026-08-15 13:05:18.795617,4200.00,BALANCE,0,0,0
2026-08-15 12:52:33.35182,4200.00,reptiloid,0,0,0
2026-08-15 12:37:02.991375,2940.000,USDT,0,0,41.891000
2026-08-15 12:35:09.819603,1200.00,BALANCE,0,0,0
2026-08-15 12:27:09.405624,4200.00,reptiloid,0,0,0
2026-08-15 12:22:25.066405,1900.00,reptiloid,0,0,0
2026-08-15 12:21:21.878694,4200.00,reptiloid,0,0,0
2026-08-15 12:16:35.32843,4200.00,reptiloid,0,0,0
2026-08-15 11:01:40.802913,1900.00,nirvana,0,0,0
2026-08-15 10:31:21.470697,0.00,BALANCE,0,0,0
2026-08-15 09:42:41.777088,4200.00,reptiloid,0,0,0
2026-08-15 08:38:37.673589,600.00,BALANCE,0,0,0
2026-08-15 08:03:00.757361,1900.00,nirvana,0,0,0
2026-08-15 04:27:35.310688,4300.00,nirvana,0,0,0
2026-08-15 04:17:08.547122,7200.00,reptiloid,0,0,0
2026-08-15 04:05:51.120919,4200.00,reptiloid,0,0,0
2026-08-15 02:41:20.148455,2940.000,USDT,0,0,41.891000
2026-08-15 02:36:08.946575,2940.000,USDT,0,0,41.891000
2026-08-15 02:32:44.510841,4300.00,BALANCE,0,0,0
2026-08-15 01:39:42.020888,1900.00,reptiloid,0,0,0
2026-08-15 01:20:25.333014,4200.00,reptiloid,0,0,0
2026-08-15 01:14:00.935405,2940.000,USDT,0,0,41.891000
2026-08-15 01:03:05.144766,4200.00,reptiloid,0,0,0
2026-08-15 00:42:14.559477,4200.00,reptiloid,0,0,0
2026-08-15 00:23:01.351066,1200.00,BALANCE,0,0,0
2026-08-14 23:57:19.663553,4200.00,reptiloid,0,0,0
2026-08-14 23:55:00.380739,4200.00,reptiloid,0,0,0
2026-08-14 23:53:48.328736,7200.00,reptiloid,0,0,0
2026-08-14 23:53:30.343348,4200.00,reptiloid,0,0,0
2026-08-14 23:47:42.502455,4300.00,card,0,0,0
2026-08-14 23:42:42.498907,4300.00,reptiloid,0,0,0
2026-08-14 23:29:08.262808,4200.00,reptiloid,0,0,0
2026-08-14 23:05:51.729189,7200.00,reptiloid,0,0,0
2026-08-14 22:49:31.330652,3200.00,BALANCE,0,0,0
2026-08-14 22:41:50.367175,4020.00,BALANCE,0,0,0
2026-08-14 22:28:51.196308,1200.00,BALANCE,0,0,0
2026-08-14 22:25:30.746931,4200.00,BALANCE,0,0,0
2026-08-14 22:20:50.485558,4300.00,card,0,0,0
2026-08-14 22:15:20.279684,4200.00,card,0,0,0
2026-08-14 22:09:35.277154,3500.00,reptiloid,0,0,0
2026-08-14 21:23:42.006935,500.00,BALANCE,0,0,0
2026-08-14 21:15:20.393332,7200.00,BALANCE,0,0,0
2026-08-14 21:14:22.291601,4200.00,reptiloid,0,0,0
2026-08-14 21:12:21.261042,4200.00,reptiloid,0,0,0
2026-08-14 21:01:47.200729,1900.00,reptiloid,0,0,0
2026-08-14 20:58:22.17199,4200.00,reptiloid,0,0,0
2026-08-14 20:54:58.684821,0.00,BALANCE,0,0,0
2026-08-14 20:54:41.720547,4200.00,BALANCE,0,0,0
2026-08-14 20:54:14.344627,4200.00,reptiloid,0,0,0
2026-08-14 20:50:36.861354,1200.00,BALANCE,0,0,0
2026-08-14 20:44:58.395845,4200.00,reptiloid,0,0,0
2026-08-14 20:28:07.006175,4200.00,reptiloid,0,0,0
2026-08-14 20:25:01.953117,4200.00,reptiloid,0,0,0
2026-08-14 19:28:57.91495,2940.000,USDT,0,0,41.891000
2026-08-14 19:18:38.164554,2940.000,USDT,0,0,41.891000
2026-08-14 19:10:19.457501,1680.000,USDT,0,0,23.938000
2026-08-14 18:50:43.792488,1200.00,BALANCE,0,0,0
2026-08-14 18:21:03.6548,2400.00,reptiloid,0,0,0
2026-08-14 17:58:39.412012,4200.00,card,0,0,0
2026-08-14 17:48:30.182489,3500.00,card,0,0,0
2026-08-14 17:31:35.220635,4200.00,BALANCE,0,0,0
2026-08-14 17:06:12.150372,1900.00,nirvana,0,0,0
2026-08-14 16:45:02.894591,4200.00,reptiloid,0,0,0
2026-08-14 16:34:34.137691,1900.00,BALANCE,0,0,0
2026-08-14 16:25:36.877285,4200.00,reptiloid,0,0,0
2026-08-14 16:21:40.003819,4200.00,BALANCE,0,0,0
2026-08-14 16:18:24.386362,4200.00,BALANCE,0,0,0
2026-08-14 15:58:57.646203,4200.00,reptiloid,0,0,0
2026-08-14 15:43:24.301002,1900.00,reptiloid,0,0,0
2026-08-14 15:24:11.594603,2940.000,USDT,0,0,41.891000
2026-08-14 15:22:13.910019,4200.00,merchant001,0,0,0
2026-08-14 14:50:36.198945,4200.00,merchant001,0,0,0
2026-08-14 14:44:12.052202,2940.000,USDT,0,0,41.891000
2026-08-14 14:29:07.895924,4200.00,BALANCE,0,0,0
2026-08-14 14:23:10.487777,0.00,BALANCE,0,0,0
2026-08-14 14:20:44.333966,4200.00,BALANCE,0,0,0
2026-08-14 14:19:36.68673,4200.00,merchant001,0,0,0
2026-08-14 14:18:28.283552,0.00,BALANCE,0,0,0
2026-08-14 14:08:50.113348,4200.00,BALANCE,0,0,0
2026-08-14 14:07:08.611294,4200.00,merchant001,0,0,0
2026-08-14 14:04:53.807992,4200.00,merchant001,0,0,0
2026-08-14 13:57:16.961486,2400.00,merchant001,0,0,0
2026-08-14 13:55:47.781443,4200.00,merchant001,0,0,0
2026-08-14 13:55:04.242116,4200.00,merchant001,0,0,0
2026-08-14 13:49:29.016225,4200.00,merchant001,0,0,0
2026-08-14 13:44:41.065364,4200.00,merchant001,0,0,0
2026-08-14 13:36:08.480116,4200.00,card,0,0,0
2026-08-14 13:20:33.492959,1200.00,BALANCE,0,0,0
2026-08-14 13:19:15.842159,3000.00,card,0,0,0
2026-08-14 13:09:43.600754,4200.00,card,0,0,0
2026-08-14 13:07:33.417743,4200.00,card,0,0,0
2026-08-14 12:43:47.896676,4200.00,merchant001,0,0,0
2026-08-14 12:34:57.3829,4200.00,BALANCE,0,0,0
2026-08-14 12:24:09.118802,4200.00,merchant001,0,0,0
2026-08-14 11:09:32.061718,4200.00,card,0,0,0
2026-08-14 11:06:09.751202,4200.00,card,0,0,0
2026-08-14 10:33:57.956811,2400.00,BALANCE,0,0,0
2026-08-14 08:30:48.735855,4200.00,card,0,0,0
2026-08-14 07:11:13.107431,0.00,BALANCE,0,0,0
2026-08-14 06:57:31.343138,3500.00,merchant001,0,0,0
2026-08-14 05:30:31.138466,1200.00,BALANCE,0,0,0
2026-08-14 02:23:07.012485,7200.00,merchant001,0,0,0
2026-08-14 01:56:55.666969,4200.00,BALANCE,0,0,0
2026-08-14 01:18:38.637538,2400.00,card,0,0,0
2026-08-14 01:06:20.181629,3500.00,card,0,0,0
2026-08-14 00:56:58.924844,0.00,BALANCE,0,0,0
2026-08-14 00:43:40.628196,1500.00,BALANCE,0,0,0
2026-08-14 00:05:48.538852,1680.000,USDT,0,0,23.938000
2026-08-14 00:01:34.751137,200.00,BALANCE,0,0,0
2026-08-13 23:14:33.028807,0.00,BALANCE,0,0,0
2026-08-13 22:59:57.557326,2450.000,USDT,0,0,34.909000
2026-08-13 21:57:42.771993,4200.00,merchant001,0,0,0
2026-08-13 21:55:53.225718,2400.00,nirvana,0,0,0
2026-08-13 21:54:01.74536,4300.00,BALANCE,0,0,0
2026-08-13 21:23:32.676047,7200.00,merchant001,0,0,0
2026-08-13 21:03:32.894444,4200.00,merchant001,0,0,0
2026-08-13 20:52:27.81407,1200.00,BALANCE,0,0,0
2026-08-13 20:37:45.542769,2000.00,BALANCE,0,0,0
2026-08-13 19:23:21.330009,4200.00,card,0,0,0
2026-08-13 19:17:00.502578,4300.00,BALANCE,0,0,0
2026-08-13 19:14:51.905292,4200.00,card,0,0,0
2026-08-13 19:13:35.775223,4200.00,merchant001,0,0,0
2026-08-13 19:07:30.133107,7200.00,merchant001,0,0,0
2026-08-13 19:06:46.266305,2940.000,USDT,0,0,41.891000
2026-08-13 19:02:13.161586,4200.00,BALANCE,0,0,0
2026-08-13 18:21:54.194411,4200.00,merchant001,0,0,0
2026-08-13 18:19:33.129793,4200.00,merchant001,0,0,0
2026-08-13 18:02:37.410428,4200.00,merchant001,0,0,0
2026-08-13 17:41:18.297574,1700.00,BALANCE,0,0,0
2026-08-13 17:36:50.10633,3000.00,BALANCE,0,0,0
2026-08-13 17:29:18.972548,4200.00,card,0,0,0
2026-08-13 17:27:14.10233,4200.00,card,0,0,0
2026-08-13 17:04:11.444574,4200.00,BALANCE,0,0,0
2026-08-13 16:54:19.254198,2400.00,card,0,0,0
2026-08-13 16:49:23.719963,4200.00,merchant001,0,0,0
2026-08-13 16:28:36.003712,2450.000,USDT,0,0,34.909000
2026-08-13 16:24:44.688541,4200.00,merchant001,0,0,0
2026-08-13 16:22:59.514363,4200.00,merchant001,0,0,0
2026-08-13 16:13:22.674719,4200.00,merchant001,0,0,0
2026-08-13 16:04:41.276451,4300.00,BALANCE,0,0,0
2026-08-13 16:02:23.040339,4200.00,merchant001,0,0,0
2026-08-13 15:54:53.473885,4200.00,merchant001,0,0,0
2026-08-13 15:51:00.81301,4200.00,merchant001,0,0,0
2026-08-13 15:49:33.796,4200.00,merchant001,0,0,0
2026-08-13 15:12:59.98972,4200.00,merchant001,0,0,0
2026-08-13 14:55:00.361372,4200.00,merchant001,0,0,0
2026-08-13 14:50:31.370102,7200.00,card,0,0,0
2026-08-13 14:46:01.607767,1900.00,BALANCE,0,0,0
2026-08-13 14:41:09.551771,7200.00,card,0,0,0
2026-08-13 14:37:57.027714,4200.00,merchant001,0,0,0
2026-08-13 14:28:32.881528,4200.00,BALANCE,0,0,0
2026-08-13 14:27:26.493011,4300.00,BALANCE,0,0,0
2026-08-13 14:22:08.711115,1900.00,card,0,0,0
2026-08-13 14:19:14.000817,4200.00,merchant001,0,0,0
2026-08-13 14:17:14.806376,4200.00,card,0,0,0
2026-08-13 14:16:11.428577,4200.00,BALANCE,0,0,0
2026-08-13 13:58:23.526275,2940.000,USDT,0,0,41.891000
2026-08-13 13:57:24.228632,4200.00,merchant001,0,0,0
2026-08-13 13:56:21.137843,4200.00,merchant001,0,0,0
2026-08-13 13:33:43.348099,4200.00,BALANCE,0,0,0
2026-08-13 13:23:55.585334,4200.00,BALANCE,0,0,0
2026-08-13 13:22:23.606532,4200.00,merchant001,0,0,0
2026-08-13 13:20:02.030517,4200.00,card,0,0,0
2026-08-13 13:17:14.126362,2940.000,USDT,0,0,41.891000
2026-08-13 13:17:05.866683,4200.00,merchant001,0,0,0
2026-08-13 12:49:38.169418,4200.00,BALANCE,0,0,0
2026-08-13 12:38:40.982191,4200.00,merchant001,0,0,0
2026-08-13 12:01:25.226273,4200.00,merchant001,0,0,0
2026-08-13 11:29:01.411134,3300.00,BALANCE,0,0,0
2026-08-13 10:02:39.878204,4200.00,merchant001,0,0,0
2026-08-13 09:26:57.180829,4200.00,merchant001,0,0,0
2026-08-13 09:21:12.759481,4200.00,merchant001,0,0,0
2026-08-13 09:17:52.383962,4200.00,merchant001,0,0,0
2026-08-13 09:17:27.251021,4200.00,merchant001,0,0,0
2026-08-13 09:07:26.644048,3570.0000,LTC,0,1.13225334,0
2026-08-13 08:51:36.262588,4200.00,BALANCE,0,0,0
2026-08-13 05:44:31.784448,1200.00,BALANCE,0,0,0
2026-08-13 03:05:17.416718,4200.00,merchant001,0,0,0
2026-08-13 00:30:19.228248,4300.00,nirvana,0,0,0
2026-08-13 00:10:05.217408,4200.00,BALANCE,0,0,0
2026-08-12 23:55:39.729061,4200.00,merchant001,0,0,0
2026-08-12 23:34:31.630735,4200.00,merchant001,0,0,0
2026-08-12 22:47:39.13704,3000.00,BALANCE,0,0,0
2026-08-12 22:31:10.651699,1900.00,merchant001,0,0,0
2026-08-12 22:27:27.38095,5040.000,USDT,0,0,71.813000
2026-08-12 22:24:07.38114,4200.00,card,0,0,0
2026-08-12 22:22:38.786041,7200.00,BALANCE,0,0,0
2026-08-12 22:13:39.428491,4200.00,card,0,0,0
2026-08-12 21:59:52.668163,2450.000,USDT,0,0,34.909000
2026-08-12 21:48:17.497848,4200.00,merchant001,0,0,0
2026-08-12 21:40:54.808325,4200.00,merchant001,0,0,0
2026-08-12 21:14:13.092031,3900.00,BALANCE,0,0,0
2026-08-12 21:13:38.982636,4200.00,BALANCE,0,0,0
2026-08-12 20:59:55.224276,3000.00,BALANCE,0,0,0
2026-08-12 20:53:40.689197,7200.00,BALANCE,0,0,0
2026-08-12 20:45:34.497023,4200.00,merchant001,0,0,0
2026-08-12 20:38:39.852306,4200.00,merchant001,0,0,0
2026-08-12 20:26:16.191487,4200.00,BALANCE,0,0,0
2026-08-12 20:06:34.90831,1200.00,BALANCE,0,0,0
2026-08-12 19:50:04.162344,4200.00,merchant001,0,0,0
2026-08-12 19:47:47.843617,7200.00,merchant001,0,0,0
2026-08-12 19:35:39.615578,4200.00,merchant001,0,0,0
2026-08-12 19:20:34.417622,4200.00,BALANCE,0,0,0
2026-08-12 19:14:36.058432,1200.00,BALANCE,0,0,0
2026-08-12 19:13:36.885037,4200.00,merchant001,0,0,0
2026-08-12 19:10:49.136005,4200.00,BALANCE,0,0,0
2026-08-12 19:06:42.965785,4200.00,BALANCE,0,0,0
2026-08-12 19:04:59.742577,4200.00,BALANCE,0,0,0
2026-08-12 18:57:06.101681,4200.00,merchant001,0,0,0
2026-08-12 18:47:31.426276,4200.00,merchant001,0,0,0
2026-08-12 18:44:59.462709,0.00,BALANCE,0,0,0
2026-08-12 18:37:37.668625,0.00,BALANCE,0,0,0
2026-08-12 18:21:19.408181,4200.00,BALANCE,0,0,0
2026-08-12 18:18:38.442323,4200.00,BALANCE,0,0,0
2026-08-12 18:07:35.158357,4200.00,nirvana,0,0,0
2026-08-12 17:56:12.003067,2940.000,USDT,0,0,41.891000
2026-08-12 17:43:55.349601,0.00,BALANCE,0,0,0
2026-08-12 17:42:26.597195,1200.00,BALANCE,0,0,0
2026-08-12 17:23:08.873361,4200.00,nirvana,0,0,0
2026-08-12 17:20:28.309701,4200.00,nirvana,0,0,0
2026-08-12 17:12:23.732403,4200.00,BALANCE,0,0,0
2026-08-12 17:07:08.741465,3000.00,BALANCE,0,0,0
2026-08-12 16:44:47.515358,0.00,BALANCE,0,0,0
2026-08-12 16:29:52.982268,4200.00,BALANCE,0,0,0
2026-08-12 16:24:31.227618,4200.00,BALANCE,0,0,0
2026-08-12 16:24:20.372004,1330.000,USDT,0,0,18.951000
2026-08-12 16:15:31.654388,4200.00,BALANCE,0,0,0
2026-08-12 16:06:29.519771,3200.00,BALANCE,0,0,0
2026-08-12 15:11:57.798691,3000.00,BALANCE,0,0,0
2026-08-12 14:58:53.633416,4200.00,BALANCE,0,0,0
2026-08-12 14:56:27.374391,4200.00,BALANCE,0,0,0
2026-08-12 14:54:51.031105,4200.00,BALANCE,0,0,0
2026-08-12 14:49:20.690301,4200.00,BALANCE,0,0,0
2026-08-12 14:46:52.893366,0.00,BALANCE,0,0,0
2026-08-12 14:37:07.993602,4200.00,BALANCE,0,0,0
2026-08-12 14:32:06.431217,1200.00,BALANCE,0,0,0
2026-08-12 14:14:32.755125,4200.00,BALANCE,0,0,0
2026-08-12 14:00:16.291599,3000.00,BALANCE,0,0,0
2026-08-12 13:47:53.652548,2940.000,USDT,0,0,41.891000
2026-08-12 13:42:46.790236,4200.00,nirvana,0,0,0
2026-08-12 13:28:49.97904,2940.000,USDT,0,0,41.891000
2026-08-12 13:03:49.970224,2940.000,USDT,0,0,41.891000
2026-08-12 13:01:10.078877,4200.00,nirvana,0,0,0
2026-08-12 12:36:45.429098,2940.000,USDT,0,0,41.891000
2026-08-12 11:36:18.899898,4200.00,card,0,0,0
2026-08-12 11:35:00.720373,4200.00,card,0,0,0
2026-08-12 11:30:44.374556,1900.00,card,0,0,0
2026-08-12 08:25:15.157198,2000.00,BALANCE,0,0,0
2026-08-12 07:52:22.60335,4200.00,card,0,0,0
2026-08-12 07:24:45.03563,3570.0000,BTC,0.00079912,0,0
2026-08-12 07:19:20.810826,4200.00,BALANCE,0,0,0
2026-08-12 04:49:38.3686,3000.00,card,0,0,0
2026-08-12 04:48:59.173878,4200.00,card,0,0,0
2026-08-12 04:06:25.280177,1200.00,BALANCE,0,0,0
2026-08-12 04:05:56.980883,2700.00,BALANCE,0,0,0
2026-08-12 03:23:12.411059,3000.00,BALANCE,0,0,0
2026-08-12 02:34:26.03446,4200.00,BALANCE,0,0,0
2026-08-12 02:10:37.855788,4200.00,nirvana,0,0,0
2026-08-12 01:23:37.447072,4200.00,card,0,0,0
2026-08-12 00:42:02.722257,1900.00,nirvana,0,0,0
2026-08-12 00:32:31.969266,3500.00,nirvana,0,0,0
2026-08-12 00:23:37.504331,2940.000,USDT,0,0,41.891000
2026-08-12 00:10:05.244393,4200.00,BALANCE,0,0,0
2026-08-12 00:08:29.323687,4200.00,BALANCE,0,0,0
2026-08-11 23:57:04.650405,0.00,BALANCE,0,0,0
2026-08-11 23:23:09.372033,4200.00,nirvana,0,0,0
2026-08-11 22:47:26.606313,1900.00,nirvana,0,0,0
2026-08-11 22:35:50.927624,4200.00,nirvana,0,0,0
2026-08-11 22:10:57.673301,2940.000,USDT,0,0,41.891000
2026-08-11 21:34:20.973947,4200.00,BALANCE,0,0,0
2026-08-11 20:42:33.17846,4200.00,BALANCE,0,0,0
2026-08-11 20:32:53.167005,4200.00,card,0,0,0
2026-08-11 20:20:20.166265,2940.000,USDT,0,0,41.891000
2026-08-11 20:08:26.982127,4200.00,card,0,0,0
2026-08-11 19:54:30.183516,4200.00,card,0,0,0
2026-08-11 19:53:22.980838,2940.000,USDT,0,0,41.891000
2026-08-11 19:51:04.82941,4200.00,card,0,0,0
2026-08-11 19:47:49.502511,4200.00,card,0,0,0
2026-08-11 19:42:42.018725,3000.00,BALANCE,0,0,0
2026-08-11 19:39:09.492509,4200.00,card,0,0,0
2026-08-11 19:04:09.608827,4200.00,card,0,0,0
2026-08-11 18:48:33.132855,3200.00,BALANCE,0,0,0
2026-08-11 18:42:56.43817,1200.00,BALANCE,0,0,0
2026-08-11 18:37:05.676012,4200.00,card,0,0,0
2026-08-11 18:24:22.194105,4200.00,BALANCE,0,0,0
2026-08-11 18:23:35.071234,1200.00,BALANCE,0,0,0
2026-08-11 18:16:07.234456,4200.00,card,0,0,0
2026-08-11 18:14:15.70044,1900.00,card,0,0,0
2026-08-11 17:51:56.904423,4200.00,card,0,0,0
2026-08-11 17:41:37.229938,1200.00,BALANCE,0,0,0
2026-08-11 17:30:37.770463,4200.00,card,0,0,0
2026-08-11 17:24:59.535017,4200.00,BALANCE,0,0,0
2026-08-11 17:22:58.363993,4200.00,card,0,0,0
2026-08-11 17:16:54.022253,1900.00,card,0,0,0
2026-08-11 17:16:42.406813,4200.00,card,0,0,0
2026-08-11 17:15:09.171364,2940.000,USDT,0,0,41.891000
2026-08-11 17:06:40.36568,4200.00,BALANCE,0,0,0
2026-08-11 17:05:43.748178,1200.00,BALANCE,0,0,0
2026-08-11 17:00:20.049721,4200.00,card,0,0,0
2026-08-11 16:41:52.921112,4200.00,card,0,0,0
2026-08-11 16:37:03.062327,4200.00,BALANCE,0,0,0
2026-08-11 16:21:31.184635,4200.00,BALANCE,0,0,0
2026-08-11 16:11:02.860798,4200.00,BALANCE,0,0,0
2026-08-11 16:01:07.565698,0.00,BALANCE,0,0,0
2026-08-11 14:42:09.93851,4200.00,card,0,0,0
2026-08-11 14:23:18.661455,4200.00,BALANCE,0,0,0
2026-08-11 13:34:47.091333,4200.00,BALANCE,0,0,0
2026-08-11 13:31:32.218871,4200.00,BALANCE,0,0,0
2026-08-11 13:22:39.46969,0.00,BALANCE,0,0,0
2026-08-11 13:11:11.541497,4200.00,card,0,0,0
2026-08-11 13:08:50.328259,3570.0000,LTC,0,1.12799078,0
2026-08-11 12:56:02.301075,4200.00,BALANCE,0,0,0
2026-08-11 12:52:28.393383,4200.00,BALANCE,0,0,0
2026-08-11 12:42:35.594163,4200.00,nirvana,0,0,0
2026-08-11 12:22:17.864077,3000.00,BALANCE,0,0,0
2026-08-11 12:12:20.828845,4200.00,BALANCE,0,0,0
2026-08-11 12:09:03.845779,4200.00,nirvana,0,0,0
2026-08-11 12:07:04.416088,4200.00,card,0,0,0
2026-08-11 11:56:45.932961,4200.00,card,0,0,0
2026-08-11 11:50:09.998415,4200.00,card,0,0,0
2026-08-11 11:36:43.702021,4200.00,card,0,0,0
2026-08-11 11:01:42.503988,4200.00,card,0,0,0
2026-08-11 10:40:46.500658,4200.00,card,0,0,0
2026-08-11 10:40:33.824271,3000.00,card,0,0,0
2026-08-11 09:56:53.237123,2940.000,USDT,0,0,41.891000
2026-08-11 09:56:04.778905,4200.00,BALANCE,0,0,0
2026-08-11 09:29:35.869218,4200.00,card,0,0,0
2026-08-11 08:44:05.466847,4200.00,card,0,0,0
2026-08-11 07:49:06.058314,4200.00,card,0,0,0
2026-08-11 07:48:53.893874,4200.00,BALANCE,0,0,0
2026-08-11 06:45:28.687536,2940.000,USDT,0,0,41.891000
2026-08-11 05:45:11.930295,2940.000,USDT,0,0,41.891000
2026-08-11 05:35:49.761962,1900.00,onlypays,0,0,0
2026-08-11 05:24:40.441797,4200.00,card,0,0,0
2026-08-11 04:55:45.386902,1900.00,card,0,0,0
2026-08-11 04:20:36.389889,4200.00,BALANCE,0,0,0
2026-08-11 04:15:03.297421,2400.00,card,0,0,0
2026-08-11 04:14:45.097334,0.00,BALANCE,0,0,0
2026-08-11 03:32:04.050098,4200.00,nirvana,0,0,0
2026-08-11 03:18:24.343762,4200.00,BALANCE,0,0,0
2026-08-11 02:43:41.307617,4200.00,card,0,0,0
2026-08-11 02:39:06.013997,3000.00,BALANCE,0,0,0
2026-08-11 02:38:07.310154,2940.000,USDT,0,0,41.891000
2026-08-11 01:43:29.383405,4200.00,card,0,0,0
2026-08-11 00:44:27.095344,4200.00,nirvana,0,0,0
2026-08-11 00:32:55.799349,4200.00,card,0,0,0
2026-08-11 00:04:36.968316,4200.00,card,0,0,0
2026-08-10 23:19:04.028862,4200.00,merchant001,0,0,0
2026-08-10 23:18:03.522057,4200.00,merchant001,0,0,0
2026-08-10 23:11:10.820283,4200.00,card,0,0,0
2026-08-10 23:00:54.587399,2800.00,card,0,0,0
2026-08-10 22:59:01.651029,4200.00,BALANCE,0,0,0
2026-08-10 22:57:35.882233,3000.00,card,0,0,0
2026-08-10 22:47:00.380427,4200.00,card,0,0,0
2026-08-10 22:45:01.842742,4200.00,card,0,0,0
2026-08-10 22:32:24.916988,4200.00,card,0,0,0
2026-08-10 21:55:05.963393,4200.00,merchant001,0,0,0
2026-08-10 21:53:46.933699,4200.00,merchant001,0,0,0
2026-08-10 21:53:38.841818,0.00,BALANCE,0,0,0
2026-08-10 21:48:54.17318,3000.00,nirvana,0,0,0
2026-08-10 21:35:14.373835,2940.000,USDT,0,0,41.891000
2026-08-10 21:34:15.3731,4200.00,merchant001,0,0,0
2026-08-10 21:24:09.214193,4200.00,merchant001,0,0,0
2026-08-10 21:19:38.780701,4200.00,merchant001,0,0,0
2026-08-10 21:18:40.214719,4200.00,merchant001,0,0,0
2026-08-10 21:18:27.369061,2940.000,USDT,0,0,41.891000
2026-08-10 21:11:47.194031,4200.00,merchant001,0,0,0
2026-08-10 21:10:53.785794,4200.00,BALANCE,0,0,0
2026-08-10 21:10:31.981251,4200.00,BALANCE,0,0,0
2026-08-10 20:50:20.923948,0.00,BALANCE,0,0,0
2026-08-10 20:41:13.14186,4200.00,nirvana,0,0,0
2026-08-10 20:31:57.668191,4200.00,BALANCE,0,0,0
2026-08-10 20:27:17.694481,4200.00,BALANCE,0,0,0
2026-08-10 20:26:25.301461,1900.00,BALANCE,0,0,0
2026-08-10 20:16:35.902892,4200.00,BALANCE,0,0,0
2026-08-10 20:16:15.057184,4200.00,BALANCE,0,0,0
2026-08-10 20:15:41.559041,1200.00,BALANCE,0,0,0
2026-08-10 20:09:18.411576,4200.00,BALANCE,0,0,0
2026-08-10 20:00:07.959931,2940.000,USDT,0,0,41.891000
2026-08-10 19:54:28.197834,1200.00,BALANCE,0,0,0
2026-08-10 19:51:14.970357,4200.00,card,0,0,0
2026-08-10 19:46:48.49523,4200.00,BALANCE,0,0,0
2026-08-10 19:46:05.973503,0.00,BALANCE,0,0,0
2026-08-10 19:45:20.884834,4200.00,card,0,0,0
2026-08-10 19:42:02.365528,1200.00,BALANCE,0,0,0
2026-08-10 19:39:45.601694,4200.00,nirvana,0,0,0
2026-08-10 19:35:52.902964,4200.00,BALANCE,0,0,0
2026-08-10 19:34:24.99206,4200.00,BALANCE,0,0,0
2026-08-10 19:31:46.047388,2400.00,BALANCE,0,0,0
2026-08-10 19:30:44.06915,4200.00,card,0,0,0
2026-08-10 19:26:02.210441,2940.000,USDT,0,0,41.891000
2026-08-10 19:23:17.103507,0.00,BALANCE,0,0,0
2026-08-10 19:21:06.821483,4200.00,card,0,0,0
2026-08-10 18:36:30.833916,4200.00,card,0,0,0
2026-08-10 18:34:35.92139,4200.00,card,0,0,0
2026-08-10 18:26:42.873705,0.00,BALANCE,0,0,0
2026-08-10 18:03:02.066965,4200.00,card,0,0,0
2026-08-10 18:01:56.925117,2400.00,card,0,0,0
2026-08-10 17:58:35.463613,4200.00,BALANCE,0,0,0
2026-08-10 17:55:18.775713,4200.00,card,0,0,0
2026-08-10 17:54:16.671735,4200.00,nirvana,0,0,0
2026-08-10 17:45:06.876414,7200.00,card,0,0,0
2026-08-10 17:39:42.741576,4200.00,BALANCE,0,0,0
2026-08-10 17:37:10.603391,4200.00,card,0,0,0
2026-08-10 17:34:01.774624,4200.00,card,0,0,0
2026-08-10 17:22:10.694266,4200.00,card,0,0,0
2026-08-10 17:18:28.131114,2800.00,card,0,0,0
2026-08-10 17:17:59.264438,4200.00,card,0,0,0
2026-08-10 17:13:21.303798,1200.00,BALANCE,0,0,0
2026-08-10 17:09:15.887828,4200.00,card,0,0,0
2026-08-10 17:08:22.680476,7200.00,card,0,0,0
2026-08-10 16:44:13.607105,4200.00,card,0,0,0
2026-08-10 16:42:11.702936,4200.00,card,0,0,0
2026-08-10 16:37:58.850688,4200.00,card,0,0,0
2026-08-10 16:32:19.738845,4200.00,card,0,0,0
2026-08-10 16:27:18.401796,4200.00,card,0,0,0
2026-08-10 16:26:17.645618,4200.00,BALANCE,0,0,0
2026-08-10 16:12:54.977779,4200.00,BALANCE,0,0,0
2026-08-10 16:10:49.539098,4200.00,card,0,0,0
2026-08-10 16:06:37.210004,4200.00,card,0,0,0
2026-08-10 16:04:41.166943,4200.00,card,0,0,0
2026-08-10 16:01:25.846948,4200.00,nirvana,0,0,0
2026-08-10 15:52:30.123272,4200.00,nirvana,0,0,0
2026-08-10 15:29:42.676496,0.00,BALANCE,0,0,0
2026-08-10 15:20:29.076094,2940.000,USDT,0,0,41.891000
2026-08-10 15:17:03.393815,0.00,BALANCE,0,0,0
2026-08-10 15:08:16.679475,1200.00,BALANCE,0,0,0
2026-08-10 14:59:47.189228,0.00,BALANCE,0,0,0
2026-08-10 14:56:41.790866,3570.0000,LTC,0,1.13117561,0
2026-08-10 14:54:18.699737,2940.000,USDT,0,0,41.891000
2026-08-10 14:47:19.781169,3570.0000,LTC,0,1.13117561,0
2026-08-10 14:42:49.416178,2400.00,nirvana,0,0,0
2026-08-10 14:13:45.994061,2100.000,USDT,0,0,29.922000
2026-08-10 14:13:11.696824,2940.000,USDT,0,0,41.891000
2026-08-10 14:07:47.56036,1800.00,BALANCE,0,0,0
2026-08-10 13:27:17.272809,4200.00,BALANCE,0,0,0
2026-08-10 13:21:50.173299,4200.00,nirvana,0,0,0
2026-08-10 13:01:52.834927,4200.00,card,0,0,0
2026-08-10 12:10:55.051928,4200.00,card,0,0,0
2026-08-10 11:52:46.887385,4200.00,card,0,0,0
2026-08-10 11:22:09.228708,1900.00,card,0,0,0
2026-08-10 11:06:24.695156,4200.00,card,0,0,0
2026-08-10 11:05:46.695717,4200.00,card,0,0,0
2026-08-10 10:47:36.557989,4200.00,card,0,0,0
2026-08-10 10:32:53.747175,4200.00,card,0,0,0
2026-08-10 08:08:50.110822,1800.00,BALANCE,0,0,0
2026-08-10 07:44:47.755076,4200.00,BALANCE,0,0,0
2026-08-10 05:40:44.958076,4200.00,card,0,0,0
2026-08-10 03:10:33.93129,2940.000,USDT,0,0,41.891000
2026-08-10 03:08:23.458784,4200.00,card,0,0,0
2026-08-10 01:12:32.45857,3000.00,BALANCE,0,0,0
2026-08-10 00:52:20.46051,1100.00,BALANCE,0,0,0
2026-08-09 22:21:36.153209,1200.00,BALANCE,0,0,0
2026-08-09 21:50:08.211197,2940.000,USDT,0,0,41.891000
2026-08-09 21:48:00.958575,3000.00,BALANCE,0,0,0
2026-08-09 21:31:43.093124,2940.000,USDT,0,0,41.891000
2026-08-09 21:02:21.504105,2000.00,BALANCE,0,0,0
2026-08-09 20:44:55.048374,4200.00,card,0,0,0
2026-08-09 20:28:31.063727,2800.00,card,0,0,0
2026-08-09 20:10:14.449307,4200.00,BALANCE,0,0,0
2026-08-09 20:09:35.923458,4200.00,card,0,0,0
2026-08-09 20:02:35.438526,4200.00,BALANCE,0,0,0
2026-08-09 19:49:09.466464,4200.00,card,0,0,0
2026-08-09 19:47:49.489415,4200.00,BALANCE,0,0,0
2026-08-09 19:47:21.300068,4200.00,BALANCE,0,0,0
2026-08-09 19:43:47.986976,1900.00,BALANCE,0,0,0
2026-08-09 19:41:38.129384,2400.00,BALANCE,0,0,0
2026-08-09 19:04:39.846381,1200.00,BALANCE,0,0,0
2026-08-09 19:01:32.929248,1680.000,USDT,0,0,23.938000
2026-08-09 19:00:07.975563,4200.00,card,0,0,0
2026-08-09 18:11:22.872064,4200.00,card,0,0,0
2026-08-09 18:08:40.549701,4200.00,card,0,0,0
2026-08-09 18:08:06.078504,4200.00,card,0,0,0
2026-08-09 17:42:37.89426,2940.000,USDT,0,0,41.891000
2026-08-09 17:35:34.066205,2940.000,USDT,0,0,41.891000
2026-08-09 17:08:41.217849,4200.00,card,0,0,0
2026-08-09 16:28:27.883672,0.00,BALANCE,0,0,0
2026-08-09 16:27:40.184233,4200.00,card,0,0,0
2026-08-09 16:21:01.305599,0.00,BALANCE,0,0,0
2026-08-09 16:06:55.775281,4200.00,BALANCE,0,0,0
2026-08-09 16:03:42.410533,4200.00,card,0,0,0
2026-08-09 15:55:51.155768,4200.00,BALANCE,0,0,0
2026-08-09 15:21:42.591851,3000.00,card,0,0,0
2026-08-09 15:15:40.051133,4200.00,card,0,0,0
2026-08-09 14:56:29.636171,2940.000,USDT,0,0,41.891000
2026-08-09 14:50:32.760475,2940.000,USDT,0,0,41.891000
2026-08-09 14:36:00.127773,4200.00,nirvana,0,0,0
2026-08-09 14:32:07.079709,4200.00,card,0,0,0
2026-08-09 14:24:16.782309,4200.00,card,0,0,0
2026-08-09 13:58:08.871554,2940.000,USDT,0,0,41.891000
2026-08-09 13:50:45.555239,1900.00,card,0,0,0
2026-08-09 13:36:40.62272,2940.000,USDT,0,0,41.891000
2026-08-09 13:32:57.636139,2940.000,USDT,0,0,41.891000
2026-08-09 13:27:07.168562,4200.00,BALANCE,0,0,0
2026-08-09 13:21:12.657352,2940.000,USDT,0,0,41.891000
2026-08-09 13:19:32.704929,4200.00,BALANCE,0,0,0
2026-08-09 13:12:55.283842,4200.00,card,0,0,0
2026-08-09 12:38:03.929463,4200.00,BALANCE,0,0,0
2026-08-09 12:25:37.974814,4200.00,BALANCE,0,0,0
2026-08-09 12:24:54.772104,4200.00,card,0,0,0
2026-08-09 12:21:07.241983,2940.000,USDT,0,0,41.891000
2026-08-09 12:16:51.562332,1200.00,BALANCE,0,0,0
2026-08-09 12:12:08.094392,5040.000,USDT,0,0,71.813000
2026-08-09 11:46:28.223626,1330.000,USDT,0,0,18.951000
2026-08-09 11:34:53.049074,5040.000,USDT,0,0,71.813000
2026-08-09 11:17:03.791533,1200.00,BALANCE,0,0,0
2026-08-09 11:14:54.215155,1330.000,USDT,0,0,18.951000
2026-08-09 09:51:32.056504,2940.000,USDT,0,0,41.891000
2026-08-09 09:45:17.721608,4200.00,BALANCE,0,0,0
2026-08-09 08:09:32.239433,3000.00,BALANCE,0,0,0
2026-08-09 07:46:51.059866,3570.0000,LTC,0,1.12023333,0
2026-08-09 06:30:10.730195,5040.000,USDT,0,0,71.813000
2026-08-09 05:38:17.128977,5040.000,USDT,0,0,71.813000
2026-08-09 05:35:43.337588,4200.00,BALANCE,0,0,0
2026-08-09 04:46:46.702987,0.00,BALANCE,0,0,0
2026-08-09 04:25:06.718617,7200.00,nirvana,0,0,0
2026-08-09 03:48:04.373959,0.00,BALANCE,0,0,0
2026-08-09 03:13:08.646716,0.00,BALANCE,0,0,0
2026-08-09 02:46:22.938497,4200.00,BALANCE,0,0,0
2026-08-09 02:42:32.442985,0.00,BALANCE,0,0,0
2026-08-09 02:26:02.134849,1200.00,BALANCE,0,0,0
2026-08-09 01:30:26.669202,2940.000,USDT,0,0,41.891000
2026-08-09 01:15:19.506393,2800.00,BALANCE,0,0,0
2026-08-08 23:47:16.119061,7200.00,nirvana,0,0,0
2026-08-08 22:37:43.215956,300.00,BALANCE,0,0,0
2026-08-08 22:17:11.844023,0.00,BALANCE,0,0,0
2026-08-08 22:07:01.671039,4200.00,nirvana,0,0,0
2026-08-08 21:45:38.092295,3000.00,BALANCE,0,0,0
2026-08-08 21:33:06.05007,4200.00,nirvana,0,0,0
2026-08-08 21:29:26.742004,4200.00,nirvana,0,0,0
2026-08-08 21:20:46.191827,4200.00,nirvana,0,0,0
2026-08-08 20:57:16.165242,2100.000,USDT,0,0,29.922000
2026-08-08 20:54:57.309602,4200.00,BALANCE,0,0,0
2026-08-08 20:52:33.264598,2940.000,USDT,0,0,41.891000
2026-08-08 20:44:42.08609,7200.00,nirvana,0,0,0
2026-08-08 20:28:01.376282,2940.000,USDT,0,0,41.891000
2026-08-08 20:26:56.797554,2700.00,BALANCE,0,0,0
2026-08-08 20:16:42.147,4200.00,nirvana,0,0,0
2026-08-08 20:03:05.318167,4200.00,onlypays,0,0,0
2026-08-08 20:00:53.191183,4200.00,nirvana,0,0,0
2026-08-08 19:24:33.932379,3000.00,card,0,0,0
2026-08-08 19:13:18.919181,2940.000,USDT,0,0,41.891000
2026-08-08 18:59:55.756714,4200.00,card,0,0,0
2026-08-08 18:47:55.215867,4200.00,nirvana,0,0,0
2026-08-08 18:27:23.233608,4200.00,card,0,0,0
2026-08-08 18:27:11.37477,1200.00,BALANCE,0,0,0
2026-08-08 18:24:20.008759,3000.00,BALANCE,0,0,0
2026-08-08 18:23:01.318816,1900.00,nirvana,0,0,0
2026-08-08 18:18:07.227332,4200.00,card,0,0,0
2026-08-08 18:03:43.97171,2940.000,USDT,0,0,41.891000
2026-08-08 17:59:24.516077,4200.00,card,0,0,0
2026-08-08 17:54:16.874937,4200.00,nirvana,0,0,0
2026-08-08 17:52:55.397527,4200.00,nirvana,0,0,0
2026-08-08 17:45:40.720804,4200.00,nirvana,0,0,0
2026-08-08 17:43:47.89159,4200.00,nirvana,0,0,0
2026-08-08 17:27:26.322985,2940.000,USDT,0,0,41.891000
2026-08-08 17:14:39.981729,4200.00,nirvana,0,0,0
2026-08-08 17:07:54.668112,2940.000,USDT,0,0,41.891000
2026-08-08 17:06:34.192132,4200.00,nirvana,0,0,0
2026-08-08 16:54:05.632619,4200.00,nirvana,0,0,0
2026-08-08 16:49:53.276729,0.00,BALANCE,0,0,0
2026-08-08 16:33:15.279508,4200.00,nirvana,0,0,0
2026-08-08 16:01:01.391467,4200.00,BALANCE,0,0,0
2026-08-08 15:41:05.516731,4200.00,BALANCE,0,0,0
2026-08-08 15:34:47.544151,4200.00,nirvana,0,0,0
2026-08-08 15:11:19.837987,7200.00,BALANCE,0,0,0
2026-08-08 15:06:50.590641,0.00,BALANCE,0,0,0
2026-08-08 15:06:39.882366,7200.00,BALANCE,0,0,0
2026-08-08 14:54:51.272262,2940.000,USDT,0,0,41.891000
2026-08-08 14:50:18.357983,3000.00,card,0,0,0
2026-08-08 14:49:31.942056,4200.00,nirvana,0,0,0
2026-08-08 14:37:21.512727,1200.00,BALANCE,0,0,0
2026-08-08 14:28:14.196948,4200.00,card,0,0,0
2026-08-08 14:15:35.857201,2940.000,USDT,0,0,41.891000
2026-08-08 14:11:06.155809,1200.00,BALANCE,0,0,0
2026-08-08 14:05:02.814906,4200.00,nirvana,0,0,0
2026-08-08 14:02:33.331931,4200.00,nirvana,0,0,0
2026-08-08 13:51:10.714368,2940.000,USDT,0,0,41.891000
2026-08-08 13:50:25.842397,4200.00,nirvana,0,0,0
2026-08-08 13:48:10.308723,2940.000,USDT,0,0,41.891000
2026-08-08 13:16:37.132155,4200.00,card,0,0,0
2026-08-08 13:08:36.579276,4200.00,card,0,0,0
2026-08-08 13:08:08.778605,7200.00,card,0,0,0
2026-08-08 13:00:07.745203,3000.00,card,0,0,0
2026-08-08 12:41:51.136029,0.00,BALANCE,0,0,0
2026-08-08 12:22:26.900219,4200.00,card,0,0,0
2026-08-08 12:15:57.657906,4200.00,BALANCE,0,0,0
2026-08-08 12:15:16.512159,4200.00,BALANCE,0,0,0
2026-08-08 12:14:40.195823,3000.00,card,0,0,0
2026-08-08 12:06:40.827188,4200.00,card,0,0,0
2026-08-08 11:59:01.589537,4200.00,card,0,0,0
2026-08-08 11:55:28.895902,4200.00,card,0,0,0
2026-08-08 11:54:56.824594,2400.00,card,0,0,0
2026-08-08 11:08:30.685887,4200.00,nirvana,0,0,0
2026-08-08 11:04:00.490337,4200.00,card,0,0,0
2026-08-08 07:28:08.451451,2940.000,USDT,0,0,41.891000
2026-08-08 06:46:13.81511,2940.000,USDT,0,0,41.891000
2026-08-08 06:08:09.651212,2940.000,USDT,0,0,41.891000
2026-08-08 04:34:44.826026,1900.00,nirvana,0,0,0
2026-08-08 04:22:29.975829,3000.00,nirvana,0,0,0
2026-08-08 04:19:27.065589,1330.000,USDT,0,0,18.951000
2026-08-08 04:17:58.944187,2940.000,USDT,0,0,41.891000
2026-08-08 04:08:38.429752,7200.00,BALANCE,0,0,0
2026-08-08 03:52:22.847363,2940.000,USDT,0,0,41.891000
2026-08-08 02:57:32.33196,2940.000,USDT,0,0,41.891000
2026-08-08 02:41:25.339983,2940.000,USDT,0,0,41.891000
2026-08-08 02:34:54.052475,2940.000,USDT,0,0,41.891000
2026-08-08 02:07:16.462768,4200.00,nirvana,0,0,0
2026-08-08 02:03:41.640762,3000.00,nirvana,0,0,0
2026-08-08 02:03:30.806374,4200.00,nirvana,0,0,0
2026-08-08 02:00:14.046534,2940.000,USDT,0,0,41.891000
2026-08-08 01:34:47.884298,4200.00,nirvana,0,0,0
2026-08-08 00:50:54.12087,4200.00,BALANCE,0,0,0
2026-08-08 00:48:56.293842,2100.000,USDT,0,0,29.922000
2026-08-08 00:09:26.073162,4200.00,nirvana,0,0,0
2026-08-07 23:37:20.011243,4200.00,nirvana,0,0,0
2026-08-07 23:18:21.146462,4200.00,nirvana,0,0,0
2026-08-07 22:58:44.722215,3880.00,BALANCE,0,0,0
2026-08-07 22:38:13.1031,4200.00,card,0,0,0
2026-08-07 22:18:32.50048,4200.00,nirvana,0,0,0
2026-08-07 21:55:48.330589,4200.00,card,0,0,0
2026-08-07 21:52:35.807227,2400.00,nirvana,0,0,0
2026-08-07 21:51:50.775264,800.00,BALANCE,0,0,0
2026-08-07 21:45:40.616747,4200.00,BALANCE,0,0,0
2026-08-07 21:44:11.265555,2800.00,BALANCE,0,0,0
2026-08-07 21:41:37.817879,0.00,BALANCE,0,0,0
2026-08-07 21:31:40.079706,4200.00,card,0,0,0
2026-08-07 21:26:20.961751,4200.00,card,0,0,0
2026-08-07 21:18:35.510285,1200.00,BALANCE,0,0,0
2026-08-07 20:56:55.862856,7200.00,merchant001,0,0,0
2026-08-07 20:53:57.169197,2940.000,USDT,0,0,41.891000
2026-08-07 20:50:59.448229,0.00,BALANCE,0,0,0
2026-08-07 20:47:22.913895,1900.00,BALANCE,0,0,0
2026-08-07 20:41:00.092523,4200.00,nirvana,0,0,0
2026-08-07 20:02:27.726661,4200.00,BALANCE,0,0,0
2026-08-07 20:00:22.601827,4200.00,card,0,0,0
2026-08-07 19:59:20.555254,0.00,BALANCE,0,0,0
2026-08-07 19:46:30.982069,4200.00,BALANCE,0,0,0
2026-08-07 19:46:21.708751,3000.00,nirvana,0,0,0
2026-08-07 19:28:05.120159,1200.00,BALANCE,0,0,0
2026-08-07 19:25:25.255998,6200.00,BALANCE,0,0,0
2026-08-07 19:20:41.260297,2040.0000,LTC,0,0.63868176,0
2026-08-07 19:15:15.634592,7200.00,card,0,0,0
2026-08-07 19:09:13.34159,700.00,BALANCE,0,0,0
2026-08-07 18:25:20.863022,4200.00,card,0,0,0
2026-08-07 18:23:03.172614,1200.00,BALANCE,0,0,0
2026-08-07 18:18:18.555913,4200.00,card,0,0,0
2026-08-07 18:03:47.705859,4200.00,card,0,0,0
2026-08-07 17:48:55.553609,4200.00,card,0,0,0
2026-08-07 17:40:34.286027,4200.00,BALANCE,0,0,0
2026-08-07 17:26:43.627996,4200.00,card,0,0,0
2026-08-07 17:15:37.854103,3200.00,BALANCE,0,0,0
2026-08-07 17:11:57.89177,1200.00,BALANCE,0,0,0
2026-08-07 17:00:12.488959,0.00,BALANCE,0,0,0
