date_time,amount,method,btc,ltc,usdt
2026-09-07 21:54:16.973939,2145.00,BALANCE,0,0,0
2026-09-07 21:32:58.396997,7335.00,BALANCE,0,0,0
2026-09-07 21:23:52.49062,7510.00,BALANCE,0,0,0
2026-09-07 21:18:34.975419,7900.00,BALANCE,0,0,0
2026-09-07 20:50:31.593643,2290.00,BALANCE,0,0,0
2026-09-07 20:46:49.298746,3300.00,card,0,0,0
2026-09-07 20:31:07.975287,3300.00,card,0,0,0
2026-09-07 20:28:13.64048,3800.00,reptiloid,0,0,0
2026-09-07 20:10:50.691898,2700.00,card,0,0,0
2026-09-07 20:02:23.663756,3800.00,card,0,0,0
2026-09-07 19:58:03.984341,3300.00,transa,0,0,0
2026-09-07 19:44:48.124183,7900.00,transa,0,0,0
2026-09-07 19:22:08.273849,2700.00,nirvana,0,0,0
2026-09-07 19:15:38.288032,3300.00,reptiloid,0,0,0
2026-09-07 19:15:17.453668,5700.00,card,0,0,0
2026-09-07 19:00:50.556674,1100.00,BALANCE,0,0,0
2026-09-07 18:37:04.385149,3600.00,card,0,0,0
2026-09-07 18:33:29.132692,2700.00,transa,0,0,0
2026-09-07 18:19:08.408917,5700.00,BALANCE,0,0,0
2026-09-07 18:18:06.470103,7900.00,reptiloid,0,0,0
2026-09-07 18:16:54.064783,2875.00,BALANCE,0,0,0
2026-09-07 18:12:06.414308,5390.000,USDT,0,0,73.356000
2026-09-07 18:11:37.809241,2700.00,reptiloid,0,0,0
2026-09-07 17:58:30.244437,7900.00,transa,0,0,0
2026-09-07 17:56:26.157224,6725.00,BALANCE,0,0,0
2026-09-07 17:53:02.078559,3600.00,reptiloid,0,0,0
2026-09-07 17:45:55.27505,3800.00,reptiloid,0,0,0
2026-09-07 17:41:25.942936,3850.000,USDT,0,0,52.397000
2026-09-07 17:40:18.140444,0.00,BALANCE,0,0,0
2026-09-07 17:36:54.493394,3300.00,reptiloid,0,0,0
2026-09-07 17:33:19.411564,3600.00,veyfora,0,0,0
2026-09-07 17:17:56.317872,3300.00,veyfora,0,0,0
2026-09-07 17:15:08.090848,2520.000,USDT,0,0,34.296000
2026-09-07 17:07:06.074178,3300.00,reptiloid,0,0,0
2026-09-07 17:04:36.9081,5700.00,transa,0,0,0
2026-09-07 17:00:17.184134,2105.00,BALANCE,0,0,0
2026-09-07 16:26:00.135365,3600.00,card,0,0,0
2026-09-07 16:04:45.859824,800.00,BALANCE,0,0,0
2026-09-07 16:00:16.950324,5700.00,reptiloid,0,0,0
2026-09-07 15:49:13.852173,2700.00,reptiloid,0,0,0
2026-09-07 15:37:25.56648,2520.000,USDT,0,0,34.296000
2026-09-07 15:06:47.446556,5400.00,reptiloid,0,0,0
2026-09-07 15:02:10.262751,7900.00,BALANCE,0,0,0
2026-09-07 14:59:40.846663,3300.00,transa,0,0,0
2026-09-07 14:41:14.635743,3800.00,card,0,0,0
2026-09-07 14:37:14.117549,5500.00,transa,0,0,0
2026-09-07 13:18:02.66215,5700.00,BALANCE,0,0,0
2026-09-07 13:17:34.277517,3300.00,veyfora,0,0,0
2026-09-07 13:06:20.507377,5110.00,BALANCE,0,0,0
2026-09-07 12:49:43.769302,3135.00,BALANCE,0,0,0
2026-09-07 12:06:30.954632,5700.00,veyfora,0,0,0
2026-09-07 12:05:35.733408,5700.00,BALANCE,0,0,0
2026-09-07 12:05:21.221662,3300.00,BALANCE,0,0,0
2026-09-07 12:04:13.331808,3600.00,reptiloid,0,0,0
2026-09-07 11:58:34.414322,3300.00,reptiloid,0,0,0
2026-09-07 11:57:09.296338,2725.00,BALANCE,0,0,0
2026-09-07 11:51:59.133532,3060.00,BALANCE,0,0,0
2026-09-07 11:44:36.134764,4500.00,BALANCE,0,0,0
2026-09-07 11:42:01.077004,3600.00,reptiloid,0,0,0
2026-09-07 11:06:25.912778,5500.00,BALANCE,0,0,0
2026-09-07 10:53:04.248312,3800.00,BALANCE,0,0,0
2026-09-07 10:22:53.166321,5700.00,card,0,0,0
2026-09-07 10:07:49.016468,3800.00,reptiloid,0,0,0
2026-09-07 09:57:49.505133,3800.00,veyfora,0,0,0
2026-09-07 09:11:04.746953,8200.00,card,0,0,0
2026-09-07 08:14:55.533049,3300.00,reptiloid,0,0,0
2026-09-07 08:12:54.389943,8200.00,veyfora,0,0,0
2026-09-07 07:39:26.982534,7900.00,reptiloid,0,0,0
2026-09-07 06:32:30.147874,3300.00,card,0,0,0
2026-09-07 05:05:26.795309,5500.00,BALANCE,0,0,0
2026-09-07 03:37:53.471042,7900.00,reptiloid,0,0,0
2026-09-07 02:28:08.317747,7900.00,reptiloid,0,0,0
2026-09-07 02:10:04.803214,4465.00,BALANCE,0,0,0
2026-09-07 01:17:35.819706,3800.00,card,0,0,0
2026-09-07 01:09:28.114287,3665.00,BALANCE,0,0,0
2026-09-07 01:04:56.960548,3300.00,BALANCE,0,0,0
2026-09-07 00:57:46.080237,3800.00,reptiloid,0,0,0
2026-09-07 00:57:19.509383,3300.00,transa,0,0,0
2026-09-07 00:45:39.394717,3800.00,reptiloid,0,0,0
2026-09-07 00:43:18.99,3800.00,reptiloid,0,0,0
2026-09-06 23:38:59.525421,3300.00,veyfora,0,0,0
2026-09-06 23:22:41.150578,7900.00,veyfora,0,0,0
2026-09-06 23:22:20.513064,5700.00,transa,0,0,0
2026-09-06 23:15:04.134161,5700.00,reptiloid,0,0,0
2026-09-06 23:13:25.084519,3300.00,reptiloid,0,0,0
2026-09-06 23:07:58.95419,5400.00,BALANCE,0,0,0
2026-09-06 22:58:09.791791,3800.00,card,0,0,0
2026-09-06 22:32:31.277933,5700.00,transa,0,0,0
2026-09-06 22:25:18.251564,3300.00,veyfora,0,0,0
2026-09-06 21:59:25.963359,3800.00,card,0,0,0
2026-09-06 21:49:54.818338,3300.00,transa,0,0,0
2026-09-06 21:49:47.280538,3600.00,nirvana,0,0,0
2026-09-06 21:48:25.379954,5600.00,BALANCE,0,0,0
2026-09-06 21:45:14.026496,3800.00,reptiloid,0,0,0
2026-09-06 21:34:05.268976,2980.00,BALANCE,0,0,0
2026-09-06 21:32:07.996551,3300.00,nirvana,0,0,0
2026-09-06 21:31:34.993695,3600.00,transa,0,0,0
2026-09-06 21:31:25.961905,2500.00,card,0,0,0
2026-09-06 21:30:23.66346,3800.00,card,0,0,0
2026-09-06 21:27:04.645517,3800.00,reptiloid,0,0,0
2026-09-06 21:22:21.002816,5700.00,transa,0,0,0
2026-09-06 21:13:16.820212,5700.00,reptiloid,0,0,0
2026-09-06 21:06:11.409941,5700.00,card,0,0,0
2026-09-06 20:48:01.837173,3800.00,reptiloid,0,0,0
2026-09-06 20:47:24.912746,3300.00,reptiloid,0,0,0
2026-09-06 20:43:02.384971,5700.00,card,0,0,0
2026-09-06 20:39:46.359887,5700.00,veyfora,0,0,0
2026-09-06 20:35:55.312652,3030.00,BALANCE,0,0,0
2026-09-06 20:34:10.006405,3600.00,card,0,0,0
2026-09-06 20:33:09.844969,5700.00,reptiloid,0,0,0
2026-09-06 20:13:27.291836,3300.00,reptiloid,0,0,0
2026-09-06 19:39:23.412814,3300.00,card,0,0,0
2026-09-06 19:33:46.326809,3800.00,veyfora,0,0,0
2026-09-06 19:22:28.880536,3665.00,BALANCE,0,0,0
2026-09-06 18:54:28.726698,1100.00,BALANCE,0,0,0
2026-09-06 18:49:42.381636,3300.00,reptiloid,0,0,0
2026-09-06 18:39:02.244213,19000.00,veyfora,0,0,0
2026-09-06 18:34:23.662213,3300.00,card,0,0,0
2026-09-06 18:29:42.036728,3600.00,transa,0,0,0
2026-09-06 18:15:47.611251,3600.00,transa,0,0,0
2026-09-06 18:12:37.318551,1535.00,BALANCE,0,0,0
2026-09-06 17:45:03.023474,4000.00,BALANCE,0,0,0
2026-09-06 17:22:53.862035,3060.00,BALANCE,0,0,0
2026-09-06 17:18:14.573775,5460.000,USDT,0,0,74.308000
2026-09-06 17:15:48.497214,8200.00,card,0,0,0
2026-09-06 17:02:04.977155,35000.00,reptiloid,0,0,0
2026-09-06 16:55:04.730066,3300.00,reptiloid,0,0,0
2026-09-06 16:53:04.763792,2310.000,USDT,0,0,31.438000
2026-09-06 16:50:19.465154,3600.00,reptiloid,0,0,0
2026-09-06 16:41:23.369713,3600.00,veyfora,0,0,0
2026-09-06 16:41:16.74144,5500.00,reptiloid,0,0,0
2026-09-06 16:39:08.248048,8200.00,transa,0,0,0
2026-09-06 16:20:21.115984,3300.00,reptiloid,0,0,0
2026-09-06 16:17:43.589838,5025.00,BALANCE,0,0,0
2026-09-06 16:16:57.462998,3300.00,veyfora,0,0,0
2026-09-06 16:06:21.767514,3300.00,reptiloid,0,0,0
2026-09-06 15:47:48.994929,8200.00,reptiloid,0,0,0
2026-09-06 15:44:23.646923,5500.00,reptiloid,0,0,0
2026-09-06 14:59:57.532642,7500.00,transa,0,0,0
2026-09-06 14:54:44.674657,5500.00,reptiloid,0,0,0
2026-09-06 14:35:39.369281,3300.00,reptiloid,0,0,0
2026-09-06 14:34:25.112248,3600.00,reptiloid,0,0,0
2026-09-06 14:34:21.834113,3300.00,transa,0,0,0
2026-09-06 14:15:15.269726,19000.00,reptiloid,0,0,0
2026-09-06 14:11:11.170153,5700.00,reptiloid,0,0,0
2026-09-06 14:04:18.893916,3300.00,veyfora,0,0,0
2026-09-06 13:55:51.122543,19000.00,transa,0,0,0
2026-09-06 13:48:41.855869,375.00,BALANCE,0,0,0
2026-09-06 13:28:05.190655,8200.00,reptiloid,0,0,0
2026-09-06 13:27:43.853809,8200.00,veyfora,0,0,0
2026-09-06 13:14:57.098178,8200.00,reptiloid,0,0,0
2026-09-06 13:08:51.621414,7800.00,transa,0,0,0
2026-09-06 13:07:30.815392,3300.00,reptiloid,0,0,0
2026-09-06 12:41:53.416626,3600.00,reptiloid,0,0,0
2026-09-06 12:36:18.469333,8200.00,card,0,0,0
2026-09-06 12:30:07.346809,0.00,BALANCE,0,0,0
2026-09-06 12:20:30.469844,3600.00,card,0,0,0
2026-09-06 12:15:30.205463,3600.00,card,0,0,0
2026-09-06 12:09:19.566032,4820.00,BALANCE,0,0,0
2026-09-06 11:55:21.976305,3300.00,veyfora,0,0,0
2026-09-06 11:54:17.129769,0.00,BALANCE,0,0,0
2026-09-06 11:12:33.667824,2100.00,BALANCE,0,0,0
2026-09-06 10:53:35.601573,3300.00,card,0,0,0
2026-09-06 10:53:14.264207,5400.00,transa,0,0,0
2026-09-06 10:34:25.874643,7700.00,card,0,0,0
2026-09-06 10:17:11.550875,5500.00,card,0,0,0
2026-09-06 10:09:48.104503,3600.00,reptiloid,0,0,0
2026-09-06 09:59:39.058971,5500.00,veyfora,0,0,0
2026-09-06 08:40:14.94752,3300.00,reptiloid,0,0,0
2026-09-06 08:30:26.787001,7500.00,reptiloid,0,0,0
2026-09-06 06:16:38.887535,5400.00,veyfora,0,0,0
2026-09-06 06:08:12.571692,5400.00,transa,0,0,0
2026-09-06 06:02:13.872126,0.00,BALANCE,0,0,0
2026-09-06 03:33:20.552013,2900.00,BALANCE,0,0,0
2026-09-06 02:02:05.880654,7700.00,BALANCE,0,0,0
2026-09-06 01:52:55.178221,5400.00,reptiloid,0,0,0
2026-09-06 01:41:28.491172,5500.00,reptiloid,0,0,0
2026-09-06 00:43:00.149272,3300.00,reptiloid,0,0,0
2026-09-05 23:04:53.614603,5100.00,BALANCE,0,0,0
2026-09-05 21:49:52.524965,3300.00,reptiloid,0,0,0
2026-09-05 21:41:43.833733,4950.00,BALANCE,0,0,0
2026-09-05 21:26:48.107449,3600.00,BALANCE,0,0,0
2026-09-05 21:02:56.02136,3300.00,BALANCE,0,0,0
2026-09-05 20:48:36.114291,3300.00,reptiloid,0,0,0
2026-09-05 20:42:13.29851,5500.00,reptiloid,0,0,0
2026-09-05 20:22:17.160481,3300.00,reptiloid,0,0,0
2026-09-05 20:15:55.630644,3300.00,BALANCE,0,0,0
2026-09-05 19:53:27.722069,3600.00,veyfora,0,0,0
2026-09-05 19:49:31.978928,5500.00,veyfora,0,0,0
2026-09-05 19:12:17.617498,7500.00,transa,0,0,0
2026-09-05 18:26:59.709936,3300.00,transa,0,0,0
2026-09-05 18:20:23.461948,5390.000,USDT,0,0,73.356000
2026-09-05 18:14:42.047952,4450.00,BALANCE,0,0,0
2026-09-05 18:06:00.279199,0.00,BALANCE,0,0,0
2026-09-05 18:02:04.254955,5600.00,BALANCE,0,0,0
2026-09-05 17:57:02.848328,4550.00,BALANCE,0,0,0
2026-09-05 17:52:15.357402,5600.00,BALANCE,0,0,0
2026-09-05 17:49:50.001462,7900.00,reptiloid,0,0,0
2026-09-05 17:38:59.957914,3300.00,card,0,0,0
2026-09-05 17:38:45.35818,7900.00,reptiloid,0,0,0
2026-09-05 17:15:17.821881,2310.000,USDT,0,0,31.438000
2026-09-05 17:10:54.796923,5500.00,reptiloid,0,0,0
2026-09-05 17:09:06.280014,7900.00,reptiloid,0,0,0
2026-09-05 17:00:50.298854,7800.00,BALANCE,0,0,0
2026-09-05 16:48:23.504972,7500.00,BALANCE,0,0,0
2026-09-05 16:45:11.075864,3300.00,reptiloid,0,0,0
2026-09-05 16:26:14.499804,7900.00,BALANCE,0,0,0
2026-09-05 16:10:41.974715,3300.00,nirvana,0,0,0
2026-09-05 16:07:08.980629,540.00,BALANCE,0,0,0
2026-09-05 15:44:40.259704,4125.00,BALANCE,0,0,0
2026-09-05 15:41:15.337447,3300.00,veyfora,0,0,0
2026-09-05 15:39:04.647334,3600.00,nirvana,0,0,0
2026-09-05 15:36:54.180096,5500.00,transa,0,0,0
2026-09-05 14:46:19.781582,7900.00,BALANCE,0,0,0
2026-09-05 14:32:50.983249,7900.00,BALANCE,0,0,0
2026-09-05 14:14:10.920178,485.00,BALANCE,0,0,0
2026-09-05 12:32:27.108635,7900.00,transa,0,0,0
2026-09-05 12:22:21.283434,5200.00,card,0,0,0
2026-09-05 12:14:55.440749,7900.00,BALANCE,0,0,0
2026-09-05 11:58:29.929528,920.00,BALANCE,0,0,0
2026-09-05 11:21:56.351459,3600.00,reptiloid,0,0,0
2026-09-05 11:17:00.983499,3600.00,reptiloid,0,0,0
2026-09-05 09:51:43.915509,2970.00,BALANCE,0,0,0
2026-09-05 09:27:19.37624,7900.00,reptiloid,0,0,0
2026-09-05 09:20:46.663681,7900.00,veyfora,0,0,0
2026-09-05 08:48:07.889179,8200.00,transa,0,0,0
2026-09-05 07:11:36.766998,7900.00,transa,0,0,0
2026-09-05 07:03:34.927135,6000.00,BALANCE,0,0,0
2026-09-05 05:23:34.692437,7725.00,BALANCE,0,0,0
2026-09-05 05:00:04.542462,8200.00,reptiloid,0,0,0
2026-09-05 04:28:11.721444,8000.00,reptiloid,0,0,0
2026-09-05 04:13:53.727737,8200.00,reptiloid,0,0,0
2026-09-05 03:57:23.417386,7930.00,BALANCE,0,0,0
2026-09-05 03:30:06.691756,7900.00,reptiloid,0,0,0
2026-09-05 02:33:00.193187,7900.00,transa,0,0,0
2026-09-05 02:02:40.825437,7125.00,BALANCE,0,0,0
2026-09-05 02:01:25.073361,8200.00,reptiloid,0,0,0
2026-09-05 01:39:25.819702,7930.00,BALANCE,0,0,0
2026-09-05 01:30:27.380126,8200.00,reptiloid,0,0,0
2026-09-05 01:05:15.484828,8200.00,reptiloid,0,0,0
2026-09-05 01:01:32.3902,5600.000,USDT,0,0,76.214000
2026-09-04 23:53:22.679931,20000.00,BALANCE,0,0,0
2026-09-04 23:51:10.804471,5200.00,nirvana,0,0,0
2026-09-04 23:15:33.341537,8200.00,reptiloid,0,0,0
2026-09-04 23:10:26.123093,7900.00,BALANCE,0,0,0
2026-09-04 22:32:11.616836,7900.00,reptiloid,0,0,0
2026-09-04 22:24:36.854248,3300.00,transa,0,0,0
2026-09-04 21:59:02.031579,7500.00,reptiloid,0,0,0
2026-09-04 21:52:16.555485,7500.00,veyfora,0,0,0
2026-09-04 21:51:47.969781,7900.00,reptiloid,0,0,0
2026-09-04 21:16:59.710173,720.00,BALANCE,0,0,0
2026-09-04 20:33:02.441741,3600.00,reptiloid,0,0,0
2026-09-04 20:07:44.41145,5600.000,USDT,0,0,76.214000
2026-09-04 19:45:23.268688,7615.00,BALANCE,0,0,0
2026-09-04 19:26:32.143542,7900.00,veyfora,0,0,0
2026-09-04 19:22:48.261028,7900.00,transa,0,0,0
2026-09-04 19:14:02.277791,7900.00,transa,0,0,0
2026-09-04 19:12:19.700479,8000.00,transa,0,0,0
2026-09-04 19:02:55.928985,7900.00,reptiloid,0,0,0
2026-09-04 18:56:11.148493,3640.000,USDT,0,0,49.539000
2026-09-04 18:54:40.314482,7900.00,transa,0,0,0
2026-09-04 18:49:58.643103,8000.00,card,0,0,0
2026-09-04 18:31:59.728595,7500.00,reptiloid,0,0,0
2026-09-04 18:19:11.486767,11500.00,card,0,0,0
2026-09-04 18:14:46.723118,8000.00,BALANCE,0,0,0
2026-09-04 18:06:33.069639,4750.00,BALANCE,0,0,0
2026-09-04 18:03:26.693902,5200.00,card,0,0,0
2026-09-04 17:09:51.011186,7900.00,card,0,0,0
2026-09-04 16:59:58.498002,7900.00,reptiloid,0,0,0
2026-09-04 16:58:15.72366,3300.00,reptiloid,0,0,0
2026-09-04 16:52:00.870325,5200.00,reptiloid,0,0,0
2026-09-04 16:13:59.009557,3300.00,veyfora,0,0,0
2026-09-04 16:08:18.065418,8000.00,BALANCE,0,0,0
2026-09-04 16:03:14.135374,7500.00,reptiloid,0,0,0
2026-09-04 15:29:20.908079,5200.00,BALANCE,0,0,0
2026-09-04 15:19:53.676307,7900.00,veyfora,0,0,0
2026-09-04 14:51:18.642026,6950.00,BALANCE,0,0,0
2026-09-04 14:21:23.657526,6390.00,BALANCE,0,0,0
2026-09-04 13:57:34.338592,4960.00,BALANCE,0,0,0
2026-09-04 13:25:54.832023,7900.00,reptiloid,0,0,0
2026-09-04 12:42:22.604663,7900.00,reptiloid,0,0,0
2026-09-04 12:28:53.717126,4625.00,BALANCE,0,0,0
2026-09-04 12:28:08.748366,5400.00,BALANCE,0,0,0
2026-09-04 12:00:58.989522,3300.00,card,0,0,0
2026-09-04 11:40:06.161807,2500.00,BALANCE,0,0,0
2026-09-04 11:23:37.280247,7500.00,card,0,0,0
2026-09-04 11:18:12.02594,2700.00,card,0,0,0
2026-09-04 11:08:24.509537,2700.00,reptiloid,0,0,0
2026-09-04 11:02:40.361897,7900.00,veyfora,0,0,0
2026-09-04 11:01:42.489881,7700.00,card,0,0,0
2026-09-04 10:54:55.452329,5500.00,transa,0,0,0
2026-09-04 10:48:03.847421,5500.00,veyfora,0,0,0
2026-09-04 10:33:14.09472,7700.00,BALANCE,0,0,0
2026-09-04 10:22:22.63503,3300.00,veyfora,0,0,0
2026-09-04 10:16:13.863872,7500.00,reptiloid,0,0,0
2026-09-04 10:00:21.888203,3300.00,card,0,0,0
2026-09-04 09:53:02.069377,7900.00,reptiloid,0,0,0
2026-09-04 09:27:45.595697,2700.00,reptiloid,0,0,0
2026-09-04 09:07:30.339593,3300.00,card,0,0,0
2026-09-04 08:44:58.645345,5200.00,card,0,0,0
2026-09-04 07:34:31.263062,800.00,BALANCE,0,0,0
2026-09-04 07:23:37.952999,5200.00,transa,0,0,0
2026-09-04 06:35:41.503839,4020.00,BALANCE,0,0,0
2026-09-04 05:33:00.594779,5700.00,card,0,0,0
2026-09-04 05:08:04.045227,2700.00,reptiloid,0,0,0
2026-09-04 03:50:55.952867,2700.00,transa,0,0,0
2026-09-04 01:28:52.019337,5700.00,reptiloid,0,0,0
2026-09-04 00:38:32.751166,2700.00,card,0,0,0
2026-09-04 00:11:27.401981,2700.00,BALANCE,0,0,0
2026-09-04 00:11:17.849109,5140.00,BALANCE,0,0,0
2026-09-03 23:58:57.820501,5700.00,reptiloid,0,0,0
2026-09-03 23:55:12.907375,2700.00,reptiloid,0,0,0
2026-09-03 23:46:38.987539,2700.00,reptiloid,0,0,0
2026-09-03 23:44:37.248119,2700.00,reptiloid,0,0,0
2026-09-03 23:34:06.486595,2700.00,reptiloid,0,0,0
2026-09-03 22:55:40.636074,7500.00,veyfora,0,0,0
2026-09-03 22:41:16.017105,5700.00,reptiloid,0,0,0
2026-09-03 22:37:20.854236,5200.00,reptiloid,0,0,0
2026-09-03 22:34:15.522374,2700.00,veyfora,0,0,0
2026-09-03 22:30:35.616514,2700.00,veyfora,0,0,0
2026-09-03 22:26:52.911002,2700.00,reptiloid,0,0,0
2026-09-03 22:26:37.313216,2700.00,transa,0,0,0
2026-09-03 22:26:01.903191,5500.00,transa,0,0,0
2026-09-03 22:25:27.800934,11500.00,veyfora,0,0,0
2026-09-03 22:21:03.967427,2700.00,reptiloid,0,0,0
2026-09-03 22:10:12.529879,2700.00,BALANCE,0,0,0
2026-09-03 22:01:29.350378,2700.00,BALANCE,0,0,0
2026-09-03 21:52:49.80494,2700.00,card,0,0,0
2026-09-03 21:49:07.922576,2700.00,card,0,0,0
2026-09-03 21:18:40.683884,7500.00,reptiloid,0,0,0
2026-09-03 21:03:50.599771,3300.00,card,0,0,0
2026-09-03 20:32:46.455184,4950.00,BALANCE,0,0,0
2026-09-03 20:16:47.10998,5250.000,USDT,0,0,71.450000
2026-09-03 20:03:26.122022,7800.00,reptiloid,0,0,0
2026-09-03 19:58:48.291004,32000.00,BALANCE,0,0,0
2026-09-03 19:50:05.775561,5600.00,reptiloid,0,0,0
2026-09-03 19:45:05.316056,5500.00,BALANCE,0,0,0
2026-09-03 19:26:44.467203,7800.00,reptiloid,0,0,0
2026-09-03 19:25:46.372551,7520.00,BALANCE,0,0,0
2026-09-03 19:18:17.64653,2530.00,BALANCE,0,0,0
2026-09-03 19:05:47.731469,20000.00,reptiloid,0,0,0
2026-09-03 18:38:40.983151,8200.00,reptiloid,0,0,0
2026-09-03 18:27:52.982164,7800.00,reptiloid,0,0,0
2026-09-03 17:54:58.50901,7500.00,transa,0,0,0
2026-09-03 17:49:10.157928,3850.000,USDT,0,0,52.397000
2026-09-03 17:31:32.106477,7800.00,reptiloid,0,0,0
2026-09-03 16:51:40.210885,7800.00,card,0,0,0
2026-09-03 16:16:07.170011,0.00,BALANCE,0,0,0
2026-09-03 15:36:23.681772,7500.00,transa,0,0,0
2026-09-03 15:35:42.533733,2700.00,transa,0,0,0
2026-09-03 15:23:17.198149,5200.00,reptiloid,0,0,0
2026-09-03 15:21:30.198215,7800.00,BALANCE,0,0,0
2026-09-03 15:13:33.442361,5200.00,transa,0,0,0
2026-09-03 14:59:26.338483,5500.00,reptiloid,0,0,0
2026-09-03 14:46:58.44743,3850.000,USDT,0,0,52.397000
2026-09-03 14:45:20.228598,5500.00,BALANCE,0,0,0
2026-09-03 14:29:53.609952,5500.00,card,0,0,0
2026-09-03 14:23:20.151483,3980.00,BALANCE,0,0,0
2026-09-03 14:06:05.735128,5250.000,USDT,0,0,71.450000
2026-09-03 14:05:56.373677,5500.00,reptiloid,0,0,0
2026-09-03 14:02:37.029688,5500.00,card,0,0,0
2026-09-03 13:54:14.833928,2500.00,BALANCE,0,0,0
2026-09-03 13:50:26.975812,7500.00,BALANCE,0,0,0
2026-09-03 13:47:21.771184,2700.00,card,0,0,0
2026-09-03 13:46:07.362185,3300.00,card,0,0,0
2026-09-03 13:46:00.77142,7800.00,BALANCE,0,0,0
2026-09-03 13:28:03.871954,7700.00,reptiloid,0,0,0
2026-09-03 13:23:20.076875,3300.00,transa,0,0,0
2026-09-03 13:19:33.007885,7520.00,BALANCE,0,0,0
2026-09-03 13:17:38.76032,7800.00,BALANCE,0,0,0
2026-09-03 13:06:32.626931,5300.00,BALANCE,0,0,0
2026-09-03 12:58:15.571734,8050.000,USDT,0,0,109.557000
2026-09-03 12:52:01.835735,2700.00,reptiloid,0,0,0
2026-09-03 12:44:39.189382,4750.00,BALANCE,0,0,0
2026-09-03 12:34:59.633349,6460.00,BALANCE,0,0,0
2026-09-03 12:17:46.838006,7800.00,veyfora,0,0,0
2026-09-03 12:08:39.925434,2700.00,veyfora,0,0,0
2026-09-03 12:07:32.970411,2700.00,reptiloid,0,0,0
2026-09-03 12:04:02.95455,7800.00,reptiloid,0,0,0
2026-09-03 11:52:42.856504,7800.00,BALANCE,0,0,0
2026-09-03 11:45:21.715469,2700.00,reptiloid,0,0,0
2026-09-03 11:37:14.679571,1890.000,USDT,0,0,25.722000
2026-09-03 11:31:03.165397,1455.00,BALANCE,0,0,0
2026-09-03 11:00:13.364843,1890.000,USDT,0,0,25.722000
2026-09-03 10:52:53.653855,7800.00,BALANCE,0,0,0
2026-09-03 10:35:38.370885,5600.00,transa,0,0,0
2026-09-03 10:05:54.061332,2700.00,card,0,0,0
2026-09-03 10:02:04.017684,2700.00,card,0,0,0
2026-09-03 09:46:00.642884,6740.00,BALANCE,0,0,0
2026-09-03 09:35:28.893099,2700.00,reptiloid,0,0,0
2026-09-03 08:14:04.839851,2700.00,card,0,0,0
2026-09-03 06:46:45.845152,2700.00,transa,0,0,0
2026-09-03 05:54:52.489281,2700.00,reptiloid,0,0,0
2026-09-03 05:37:50.738989,2500.00,BALANCE,0,0,0
2026-09-03 04:38:55.212442,3300.00,veyfora,0,0,0
2026-09-03 04:35:04.739051,2700.00,reptiloid,0,0,0
2026-09-03 03:55:35.911046,5200.00,reptiloid,0,0,0
2026-09-03 03:28:28.646243,2700.00,reptiloid,0,0,0
2026-09-03 03:20:05.335503,2700.00,transa,0,0,0
2026-09-03 02:45:45.867995,2700.00,BALANCE,0,0,0
2026-09-03 02:36:40.690091,635.00,BALANCE,0,0,0
2026-09-03 00:21:37.519365,2700.00,reptiloid,0,0,0
2026-09-02 23:48:25.67567,2570.00,BALANCE,0,0,0
2026-09-02 23:44:04.910121,2565.00,BALANCE,0,0,0
2026-09-02 23:31:20.775515,65.00,BALANCE,0,0,0
2026-09-02 23:28:00.842407,4420.0000,BTC,0.00077268,0,0
2026-09-02 22:56:22.737196,2700.00,card,0,0,0
2026-09-02 22:35:42.05435,5600.00,veyfora,0,0,0
2026-09-02 22:34:01.246225,7800.00,veyfora,0,0,0
2026-09-02 22:12:30.92531,5300.00,BALANCE,0,0,0
2026-09-02 21:11:15.635817,1890.000,USDT,0,0,25.722000
2026-09-02 20:38:08.508773,19000.00,transa,0,0,0
2026-09-02 19:57:07.644746,5000.00,BALANCE,0,0,0
2026-09-02 19:55:38.247484,3300.00,card,0,0,0
2026-09-02 19:50:23.55716,800.00,BALANCE,0,0,0
2026-09-02 19:42:02.326625,7700.00,card,0,0,0
2026-09-02 19:37:10.383762,4300.00,BALANCE,0,0,0
2026-09-02 19:33:29.607559,2700.00,transa,0,0,0
2026-09-02 19:30:00.128137,2700.00,BALANCE,0,0,0
2026-09-02 19:28:53.015625,3600.00,nirvana,0,0,0
2026-09-02 19:27:31.752891,3030.00,BALANCE,0,0,0
2026-09-02 19:10:39.332214,2700.00,transa,0,0,0
2026-09-02 18:25:07.733996,2700.00,card,0,0,0
2026-09-02 18:23:51.463877,2250.00,BALANCE,0,0,0
2026-09-02 18:22:05.577446,5500.00,reptiloid,0,0,0
2026-09-02 18:19:24.315548,2700.00,reptiloid,0,0,0
2026-09-02 18:08:05.086595,2310.000,USDT,0,0,31.438000
2026-09-02 17:39:11.262954,2700.00,veyfora,0,0,0
2026-09-02 17:24:52.942307,3300.00,BALANCE,0,0,0
2026-09-02 17:24:07.268938,2700.00,card,0,0,0
2026-09-02 17:17:34.143457,2700.00,reptiloid,0,0,0
2026-09-02 17:16:32.402585,2700.00,veyfora,0,0,0
2026-09-02 17:00:35.322009,5200.00,reptiloid,0,0,0
2026-09-02 16:54:13.681541,2700.00,transa,0,0,0
2026-09-02 16:34:01.045942,4275.00,BALANCE,0,0,0
2026-09-02 16:05:31.820378,2700.00,card,0,0,0
2026-09-02 15:19:06.53571,2700.00,card,0,0,0
2026-09-02 15:15:44.986389,0.00,BALANCE,0,0,0
2026-09-02 15:13:02.020186,2020.00,BALANCE,0,0,0
2026-09-02 14:32:52.826721,5400.00,reptiloid,0,0,0
2026-09-02 14:28:59.331336,2450.00,BALANCE,0,0,0
2026-09-02 14:26:10.957537,2700.00,reptiloid,0,0,0
2026-09-02 14:26:07.417139,20000.00,transa,0,0,0
2026-09-02 14:20:47.047728,3300.00,transa,0,0,0
2026-09-02 14:15:45.679807,2700.00,veyfora,0,0,0
2026-09-02 14:15:27.719255,1680.00,BALANCE,0,0,0
2026-09-02 13:41:22.460789,3600.00,veyfora,0,0,0
2026-09-02 13:33:05.494642,5400.00,veyfora,0,0,0
2026-09-02 13:29:04.502455,920.00,BALANCE,0,0,0
2026-09-02 13:22:16.428126,2700.00,BALANCE,0,0,0
2026-09-02 13:05:39.678643,3300.00,veyfora,0,0,0
2026-09-02 12:41:07.400809,3300.00,card,0,0,0
2026-09-02 12:38:29.895891,2700.00,reptiloid,0,0,0
2026-09-02 12:16:35.890149,2700.00,reptiloid,0,0,0
2026-09-02 12:02:25.60557,2700.00,BALANCE,0,0,0
2026-09-02 12:00:55.190237,2700.00,reptiloid,0,0,0
2026-09-02 11:53:28.349636,3600.00,reptiloid,0,0,0
2026-09-02 11:39:33.139202,3600.00,reptiloid,0,0,0
2026-09-02 11:34:31.383652,2700.00,reptiloid,0,0,0
2026-09-02 11:25:21.131793,2700.00,reptiloid,0,0,0
2026-09-02 11:07:56.746933,0.00,BALANCE,0,0,0
2026-09-02 10:41:55.22363,1480.00,BALANCE,0,0,0
2026-09-02 10:30:05.775408,2700.00,reptiloid,0,0,0
2026-09-02 10:12:35.975816,3600.00,BALANCE,0,0,0
2026-09-02 09:52:53.786751,4500.00,transa,0,0,0
2026-09-02 09:43:10.356039,3300.00,card,0,0,0
2026-09-02 09:23:42.152757,3600.00,BALANCE,0,0,0
2026-09-02 09:06:23.434833,3135.00,BALANCE,0,0,0
2026-09-02 07:09:39.532406,3300.00,card,0,0,0
2026-09-02 07:08:10.829308,3600.00,reptiloid,0,0,0
2026-09-02 04:25:27.6912,2100.00,BALANCE,0,0,0
2026-09-02 04:09:07.557023,3320.00,BALANCE,0,0,0
2026-09-02 03:33:42.819417,3600.00,reptiloid,0,0,0
2026-09-02 02:59:51.976992,2500.00,card,0,0,0
2026-09-02 01:42:44.566151,5200.00,BALANCE,0,0,0
2026-09-02 01:28:44.740804,3300.00,BALANCE,0,0,0
2026-09-02 01:02:30.715141,3600.00,transa,0,0,0
2026-09-01 23:01:44.733038,3600.00,reptiloid,0,0,0
2026-09-01 22:59:06.760574,4590.00,BALANCE,0,0,0
2026-09-01 22:16:14.45843,2870.00,BALANCE,0,0,0
2026-09-01 22:09:27.409719,540.00,BALANCE,0,0,0
2026-09-01 21:46:09.805537,3600.00,nirvana,0,0,0
2026-09-01 21:31:58.387395,3240.00,BALANCE,0,0,0
2026-09-01 21:19:16.1725,3210.00,BALANCE,0,0,0
2026-09-01 20:54:16.966406,7500.00,BALANCE,0,0,0
2026-09-01 20:51:42.991755,3300.00,reptiloid,0,0,0
2026-09-01 20:42:19.661999,3300.00,transa,0,0,0
2026-09-01 20:33:55.662791,3600.00,reptiloid,0,0,0
2026-09-01 20:32:49.681207,0.00,BALANCE,0,0,0
2026-09-01 20:27:37.475229,3300.00,reptiloid,0,0,0
2026-09-01 20:16:28.906081,3300.00,reptiloid,0,0,0
2026-09-01 20:06:51.282254,3600.00,reptiloid,0,0,0
2026-09-01 20:01:21.477068,3300.00,nirvana,0,0,0
2026-09-01 19:49:12.419658,3300.00,reptiloid,0,0,0
2026-09-01 19:42:59.999877,3600.00,BALANCE,0,0,0
2026-09-01 19:42:15.733661,3300.00,reptiloid,0,0,0
2026-09-01 19:28:55.222935,3300.00,reptiloid,0,0,0
2026-09-01 18:56:44.479658,3600.00,transa,0,0,0
2026-09-01 18:51:40.884341,3300.00,BALANCE,0,0,0
2026-09-01 18:51:02.854754,5200.00,BALANCE,0,0,0
2026-09-01 18:45:09.531399,3320.00,BALANCE,0,0,0
2026-09-01 18:41:10.367081,3300.00,BALANCE,0,0,0
2026-09-01 18:34:38.612084,3300.00,card,0,0,0
2026-09-01 18:09:00.806934,3300.00,card,0,0,0
2026-09-01 17:49:52.64836,3300.00,BALANCE,0,0,0
2026-09-01 17:31:00.118642,3300.00,BALANCE,0,0,0
2026-09-01 17:15:41.831453,3300.00,BALANCE,0,0,0
2026-09-01 16:30:26.189068,5200.00,BALANCE,0,0,0
2026-09-01 16:26:25.902581,19000.00,BALANCE,0,0,0
2026-09-01 16:09:20.750089,5200.00,BALANCE,0,0,0
2026-09-01 15:59:20.613146,6300.00,BALANCE,0,0,0
2026-09-01 15:59:07.79477,3600.00,BALANCE,0,0,0
2026-09-01 15:51:32.062559,7500.00,BALANCE,0,0,0
2026-09-01 15:45:15.703497,2955.00,BALANCE,0,0,0
2026-09-01 15:44:49.762919,8200.00,BALANCE,0,0,0
2026-09-01 15:08:29.700919,6905.00,BALANCE,0,0,0
2026-09-01 15:06:52.323008,3030.00,BALANCE,0,0,0
2026-09-01 14:56:45.68744,530.00,BALANCE,0,0,0
2026-09-01 14:31:14.138233,0.00,BALANCE,0,0,0
2026-09-01 14:09:33.496354,3600.00,BALANCE,0,0,0
2026-09-01 13:27:33.773738,3300.00,BALANCE,0,0,0
2026-09-01 13:02:05.971873,3600.00,BALANCE,0,0,0
2026-09-01 10:55:57.233063,5400.00,reptiloid,0,0,0
2026-09-01 10:50:38.519214,18050.00,BALANCE,0,0,0
2026-09-01 09:57:48.728305,3600.00,BALANCE,0,0,0
2026-09-01 09:52:00.06484,5400.00,reptiloid,0,0,0
2026-09-01 09:39:47.184678,3600.00,reptiloid,0,0,0
2026-09-01 09:21:02.44075,3300.00,card,0,0,0
2026-09-01 08:55:39.488437,3300.00,card,0,0,0
2026-09-01 08:52:26.810258,3600.00,transa,0,0,0
2026-09-01 08:36:56.691393,3300.00,reptiloid,0,0,0
2026-09-01 08:16:33.844444,8200.00,reptiloid,0,0,0
2026-09-01 07:56:52.093204,11500.00,card,0,0,0
2026-09-01 07:20:35.852165,8200.00,BALANCE,0,0,0
2026-09-01 06:53:03.280884,3420.00,BALANCE,0,0,0
2026-09-01 02:09:30.279219,425.0000,LTC,0,0.12147411,0
2026-09-01 01:38:52.977441,5235.00,BALANCE,0,0,0
2026-09-01 00:53:28.091385,2760.00,BALANCE,0,0,0
2026-09-01 00:25:51.757348,4500.00,BALANCE,0,0,0
2026-09-01 00:06:25.890196,3600.00,reptiloid,0,0,0
2026-09-01 00:01:16.332625,5600.00,transa,0,0,0
2026-08-31 23:56:47.038114,3300.00,BALANCE,0,0,0
2026-08-31 23:38:17.242245,3600.00,BALANCE,0,0,0
2026-08-31 23:04:03.670638,5200.00,transa,0,0,0
2026-08-31 22:26:43.615155,8200.00,card,0,0,0
2026-08-31 22:17:07.808729,7800.00,transa,0,0,0
2026-08-31 21:59:54.0364,5600.00,reptiloid,0,0,0
2026-08-31 21:45:05.266334,7800.00,reptiloid,0,0,0
2026-08-31 21:27:00.37796,835.00,BALANCE,0,0,0
2026-08-31 21:08:16.896353,0.00,BALANCE,0,0,0
2026-08-31 21:01:59.447887,8200.00,transa,0,0,0
2026-08-31 20:51:24.330346,3300.00,nirvana,0,0,0
2026-08-31 20:13:28.195976,7500.00,card,0,0,0
2026-08-31 20:00:39.2055,500.00,BALANCE,0,0,0
2026-08-31 19:59:32.440371,1945.00,BALANCE,0,0,0
2026-08-31 19:59:18.827553,4680.00,BALANCE,0,0,0
2026-08-31 19:40:06.121318,500.00,BALANCE,0,0,0
2026-08-31 19:31:11.098989,3300.00,card,0,0,0
2026-08-31 19:30:21.125425,1100.00,BALANCE,0,0,0
2026-08-31 19:30:17.255172,500.00,BALANCE,0,0,0
2026-08-31 19:24:39.679945,3300.00,reptiloid,0,0,0
2026-08-31 19:23:07.471635,500.00,BALANCE,0,0,0
2026-08-31 19:20:52.322953,18050.00,BALANCE,0,0,0
2026-08-31 19:01:38.11256,7225.00,BALANCE,0,0,0
2026-08-31 18:49:41.996739,5600.00,transa,0,0,0
2026-08-31 18:46:07.116241,3600.00,BALANCE,0,0,0
2026-08-31 18:31:59.465304,525.00,BALANCE,0,0,0
2026-08-31 18:31:51.081815,8200.00,reptiloid,0,0,0
2026-08-31 18:17:54.786661,5025.00,BALANCE,0,0,0
2026-08-31 18:14:54.153894,7800.00,BALANCE,0,0,0
2026-08-31 18:05:43.951094,3300.00,reptiloid,0,0,0
2026-08-31 18:02:55.588995,3600.00,BALANCE,0,0,0
2026-08-31 17:46:43.066164,7800.00,card,0,0,0
2026-08-31 17:38:03.154666,5250.000,USDT,0,0,71.450000
2026-08-31 17:34:55.919504,7800.00,reptiloid,0,0,0
2026-08-31 17:34:36.896367,3300.00,reptiloid,0,0,0
2026-08-31 16:21:17.115268,7800.00,card,0,0,0
2026-08-31 15:43:44.656765,8200.00,transa,0,0,0
2026-08-31 15:40:57.238312,2820.00,BALANCE,0,0,0
2026-08-31 15:25:24.596258,7800.00,reptiloid,0,0,0
2026-08-31 15:02:08.483334,3600.00,transa,0,0,0
2026-08-31 14:57:33.356134,2520.000,USDT,0,0,34.296000
2026-08-31 14:51:32.222282,3600.00,reptiloid,0,0,0
2026-08-31 14:49:29.929584,3600.00,card,0,0,0
2026-08-31 14:45:53.045481,5600.00,reptiloid,0,0,0
2026-08-31 14:37:00.166195,5200.00,transa,0,0,0
2026-08-31 14:36:38.774211,5400.00,transa,0,0,0
2026-08-31 14:32:32.63458,5400.00,card,0,0,0
2026-08-31 13:46:38.559422,3600.00,transa,0,0,0
2026-08-31 13:38:45.629264,7500.00,transa,0,0,0
2026-08-31 13:28:29.252363,3300.00,card,0,0,0
2026-08-31 13:23:17.543326,3600.00,reptiloid,0,0,0
2026-08-31 13:15:27.2178,3300.00,transa,0,0,0
2026-08-31 12:50:38.226247,3135.00,BALANCE,0,0,0
2026-08-31 12:42:23.162481,3600.00,transa,0,0,0
2026-08-31 12:38:43.643533,3600.00,reptiloid,0,0,0
2026-08-31 12:37:20.214633,7500.00,transa,0,0,0
2026-08-31 11:45:21.417954,7800.00,BALANCE,0,0,0
2026-08-31 11:39:49.770818,7800.00,BALANCE,0,0,0
2026-08-31 11:15:57.361371,5200.00,reptiloid,0,0,0
2026-08-31 11:15:25.96545,1000.00,BALANCE,0,0,0
2026-08-31 11:14:12.305252,5210.00,BALANCE,0,0,0
2026-08-31 11:07:51.794326,7800.00,transa,0,0,0
2026-08-31 11:05:27.821487,7380.00,BALANCE,0,0,0
2026-08-31 11:03:54.484109,3300.00,card,0,0,0
2026-08-31 10:52:14.560315,8200.00,transa,0,0,0
2026-08-31 09:49:24.246178,3300.00,transa,0,0,0
2026-08-31 09:20:53.508001,3600.00,BALANCE,0,0,0
2026-08-31 08:13:52.639653,5400.00,reptiloid,0,0,0
2026-08-31 08:00:30.505406,7500.00,card,0,0,0
2026-08-31 06:18:47.73552,3600.00,reptiloid,0,0,0
2026-08-31 00:56:01.542876,5400.00,reptiloid,0,0,0
2026-08-31 00:42:19.997823,5600.00,reptiloid,0,0,0
2026-08-31 00:38:34.742839,3300.00,reptiloid,0,0,0
2026-08-31 00:31:24.532555,3680.00,BALANCE,0,0,0
2026-08-31 00:12:42.547177,2930.00,BALANCE,0,0,0
2026-08-31 00:07:50.709319,2130.00,BALANCE,0,0,0
2026-08-31 00:02:04.561829,5400.00,reptiloid,0,0,0
2026-08-30 23:43:58.640796,3600.00,transa,0,0,0
2026-08-30 23:41:50.931433,19000.00,transa,0,0,0
2026-08-30 23:41:28.670722,6740.00,BALANCE,0,0,0
2026-08-30 23:41:19.034714,8200.00,reptiloid,0,0,0
2026-08-30 23:34:18.366028,8200.00,card,0,0,0
2026-08-30 22:33:08.478937,3300.00,transa,0,0,0
2026-08-30 22:30:30.279793,5600.00,reptiloid,0,0,0
2026-08-30 21:55:24.434226,3300.00,nirvana,0,0,0
2026-08-30 21:39:24.470808,7410.00,BALANCE,0,0,0
2026-08-30 21:32:51.578721,5200.00,reptiloid,0,0,0
2026-08-30 21:28:20.982207,8200.00,card,0,0,0
2026-08-30 21:17:08.555095,5200.00,card,0,0,0
2026-08-30 21:14:29.378306,7800.00,transa,0,0,0
2026-08-30 20:53:10.645539,0.00,BALANCE,0,0,0
2026-08-30 20:35:48.49946,8200.00,reptiloid,0,0,0
2026-08-30 20:34:16.520903,3300.00,transa,0,0,0
2026-08-30 20:31:01.94003,5600.00,card,0,0,0
2026-08-30 20:30:53.087628,2860.00,BALANCE,0,0,0
2026-08-30 20:30:22.649538,5040.00,BALANCE,0,0,0
2026-08-30 19:48:49.690567,7500.00,reptiloid,0,0,0
2026-08-30 19:34:32.404986,2520.000,USDT,0,0,34.296000
2026-08-30 18:53:51.444209,3600.00,transa,0,0,0
2026-08-30 18:42:12.858679,3300.00,transa,0,0,0
2026-08-30 18:24:03.670867,5600.00,card,0,0,0
2026-08-30 18:15:10.956663,8200.00,transa,0,0,0
2026-08-30 18:13:15.813341,4820.00,BALANCE,0,0,0
2026-08-30 18:09:52.680357,7500.00,BALANCE,0,0,0
2026-08-30 17:56:24.960001,7800.00,reptiloid,0,0,0
2026-08-30 17:52:49.157234,1545.00,BALANCE,0,0,0
2026-08-30 17:50:55.828321,3600.00,reptiloid,0,0,0
2026-08-30 17:35:10.224231,2500.00,BALANCE,0,0,0
2026-08-30 17:24:28.111421,8200.00,card,0,0,0
2026-08-30 17:03:00.341651,3420.00,BALANCE,0,0,0
2026-08-30 16:58:15.895322,5320.00,BALANCE,0,0,0
2026-08-30 16:55:57.993815,3300.00,transa,0,0,0
2026-08-30 16:37:31.554396,2700.00,card,0,0,0
2026-08-30 16:35:42.768173,3300.00,card,0,0,0
2026-08-30 16:23:18.700005,2700.00,card,0,0,0
2026-08-30 15:57:36.531486,4070.00,BALANCE,0,0,0
2026-08-30 15:56:42.58173,1900.00,BALANCE,0,0,0
2026-08-30 15:38:35.241394,1100.00,BALANCE,0,0,0
2026-08-30 15:37:54.3517,8200.00,transa,0,0,0
2026-08-30 15:36:33.583033,7500.00,reptiloid,0,0,0
2026-08-30 15:28:05.115011,920.00,BALANCE,0,0,0
2026-08-30 15:24:18.674937,7800.00,card,0,0,0
2026-08-30 15:23:47.912179,5000.00,BALANCE,0,0,0
2026-08-30 15:17:57.110067,3115.00,BALANCE,0,0,0
2026-08-30 15:17:22.998918,5250.000,USDT,0,0,71.450000
2026-08-30 15:07:03.985455,8200.00,reptiloid,0,0,0
2026-08-30 15:02:45.037372,3600.00,reptiloid,0,0,0
2026-08-30 15:00:58.309012,3300.00,BALANCE,0,0,0
2026-08-30 14:58:17.944685,3300.00,BALANCE,0,0,0
2026-08-30 14:56:53.744107,2925.00,BALANCE,0,0,0
2026-08-30 14:44:28.37962,7500.00,transa,0,0,0
2026-08-30 14:44:27.165281,5390.000,USDT,0,0,73.356000
2026-08-30 14:42:58.503262,3600.00,transa,0,0,0
2026-08-30 14:41:42.650552,2700.00,reptiloid,0,0,0
2026-08-30 14:39:04.044948,5200.00,card,0,0,0
2026-08-30 14:37:15.216027,5200.00,reptiloid,0,0,0
2026-08-30 14:33:59.945021,5200.00,transa,0,0,0
2026-08-30 14:32:41.371554,7520.00,BALANCE,0,0,0
2026-08-30 14:30:39.643887,3600.00,BALANCE,0,0,0
2026-08-30 14:24:35.398063,5600.00,reptiloid,0,0,0
2026-08-30 14:18:55.9698,33000.00,BALANCE,0,0,0
2026-08-30 13:54:03.638366,16500.00,BALANCE,0,0,0
2026-08-30 13:41:58.736575,2700.00,card,0,0,0
2026-08-30 13:36:42.209758,2700.00,reptiloid,0,0,0
2026-08-30 12:58:49.954864,3600.00,reptiloid,0,0,0
2026-08-30 12:48:40.229706,5320.00,BALANCE,0,0,0
2026-08-30 12:48:00.874239,2700.00,BALANCE,0,0,0
2026-08-30 12:46:46.625831,740.00,BALANCE,0,0,0
2026-08-30 12:38:09.066549,2970.00,BALANCE,0,0,0
2026-08-30 12:13:30.951134,1600.00,BALANCE,0,0,0
2026-08-30 12:08:09.232922,3300.00,BALANCE,0,0,0
2026-08-30 11:57:25.243122,5600.00,reptiloid,0,0,0
2026-08-30 11:44:04.589237,7800.00,reptiloid,0,0,0
2026-08-30 11:36:49.586291,3600.00,reptiloid,0,0,0
2026-08-30 11:36:33.60854,2200.00,BALANCE,0,0,0
2026-08-30 11:30:18.858806,0.00,BALANCE,0,0,0
2026-08-30 11:29:59.02835,3600.00,reptiloid,0,0,0
2026-08-30 11:16:53.634771,3600.00,reptiloid,0,0,0
2026-08-30 11:01:33.521712,19000.00,reptiloid,0,0,0
2026-08-30 10:42:28.523136,8200.00,reptiloid,0,0,0
2026-08-30 10:11:30.547004,2700.00,BALANCE,0,0,0
2026-08-30 09:54:29.605404,8200.00,reptiloid,0,0,0
2026-08-30 09:16:58.393689,2200.00,BALANCE,0,0,0
2026-08-30 09:15:21.612551,3600.00,reptiloid,0,0,0
2026-08-30 09:09:08.787066,8200.00,transa,0,0,0
2026-08-30 08:46:03.163657,5400.00,reptiloid,0,0,0
2026-08-30 07:37:46.976838,3600.00,reptiloid,0,0,0
2026-08-30 07:08:58.4026,3300.00,card,0,0,0
2026-08-30 07:05:27.266939,5400.00,reptiloid,0,0,0
2026-08-30 06:43:26.759335,5600.00,card,0,0,0
2026-08-30 05:06:01.892153,2700.00,reptiloid,0,0,0
2026-08-30 04:36:05.847656,2700.00,nirvana,0,0,0
2026-08-30 02:35:31.493046,2820.00,BALANCE,0,0,0
2026-08-30 02:29:22.168767,2700.00,reptiloid,0,0,0
2026-08-30 01:24:40.904524,2700.00,reptiloid,0,0,0
2026-08-30 01:18:40.301735,3600.00,transa,0,0,0
2026-08-30 00:03:55.045538,5400.00,transa,0,0,0
2026-08-29 23:59:30.993254,0.00,BALANCE,0,0,0
2026-08-29 23:35:48.060402,5400.00,transa,0,0,0
2026-08-29 23:34:01.736363,3600.00,reptiloid,0,0,0
2026-08-29 23:31:36.93402,2700.00,card,0,0,0
2026-08-29 23:28:40.494756,2700.00,transa,0,0,0
2026-08-29 23:20:41.355796,2700.00,reptiloid,0,0,0
2026-08-29 22:53:02.267662,7800.00,reptiloid,0,0,0
2026-08-29 22:49:18.81105,8200.00,card,0,0,0
2026-08-29 22:27:48.98278,7800.00,BALANCE,0,0,0
2026-08-29 22:23:59.895025,2700.00,reptiloid,0,0,0
2026-08-29 22:16:05.712738,2700.00,nirvana,0,0,0
2026-08-29 22:06:51.488273,3600.00,reptiloid,0,0,0
2026-08-29 21:55:58.807847,5600.00,card,0,0,0
2026-08-29 21:10:38.456444,2435.00,BALANCE,0,0,0
2026-08-29 20:43:00.936894,5320.00,BALANCE,0,0,0
2026-08-29 20:25:20.936523,8200.00,reptiloid,0,0,0
2026-08-29 20:10:25.292217,3300.00,reptiloid,0,0,0
2026-08-29 20:00:05.708667,8200.00,reptiloid,0,0,0
2026-08-29 19:40:38.075561,7500.00,reptiloid,0,0,0
2026-08-29 19:29:48.487425,5600.00,transa,0,0,0
2026-08-29 19:17:43.708473,5600.00,BALANCE,0,0,0
2026-08-29 19:17:23.278384,5600.00,reptiloid,0,0,0
2026-08-29 19:11:20.456106,5600.00,reptiloid,0,0,0
2026-08-29 19:08:54.745996,3600.00,reptiloid,0,0,0
2026-08-29 18:42:34.740039,5600.00,nirvana,0,0,0
2026-08-29 18:32:46.55177,5600.00,transa,0,0,0
2026-08-29 18:14:18.823919,5600.00,BALANCE,0,0,0
2026-08-29 17:58:38.164542,5600.00,card,0,0,0
2026-08-29 17:37:14.435278,5600.00,BALANCE,0,0,0
2026-08-29 17:31:38.97912,5500.00,BALANCE,0,0,0
2026-08-29 17:10:25.856021,5500.00,reptiloid,0,0,0
2026-08-29 17:06:39.97601,2700.00,card,0,0,0
2026-08-29 16:46:03.585031,7700.00,BALANCE,0,0,0
2026-08-29 16:42:36.805497,2820.00,BALANCE,0,0,0
2026-08-29 16:38:11.425621,4500.00,BALANCE,0,0,0
2026-08-29 16:15:52.270546,3600.00,reptiloid,0,0,0
2026-08-29 16:14:52.376949,3420.00,BALANCE,0,0,0
2026-08-29 16:06:58.96275,5600.00,reptiloid,0,0,0
2026-08-29 16:05:19.40277,2700.00,reptiloid,0,0,0
2026-08-29 15:52:37.369566,0.00,BALANCE,0,0,0
2026-08-29 15:51:22.576674,2700.00,BALANCE,0,0,0
2026-08-29 15:48:28.654267,2700.00,card,0,0,0
2026-08-29 15:47:33.329903,2725.00,BALANCE,0,0,0
2026-08-29 15:45:04.846237,5500.00,reptiloid,0,0,0
2026-08-29 15:44:33.817787,2700.00,reptiloid,0,0,0
2026-08-29 15:43:32.866974,3600.00,card,0,0,0
2026-08-29 15:13:54.650668,3300.00,transa,0,0,0
2026-08-29 14:57:13.831741,2700.00,reptiloid,0,0,0
2026-08-29 14:52:41.958985,0.00,BALANCE,0,0,0
2026-08-29 14:37:07.616194,5500.00,onlypays,0,0,0
2026-08-29 14:29:47.46395,3600.00,reptiloid,0,0,0
2026-08-29 14:28:51.825578,4910.00,BALANCE,0,0,0
2026-08-29 14:21:40.22033,5600.00,reptiloid,0,0,0
2026-08-29 14:11:01.810245,5200.00,BALANCE,0,0,0
2026-08-29 13:49:13.400291,5200.00,transa,0,0,0
2026-08-29 13:45:26.673332,5225.00,BALANCE,0,0,0
2026-08-29 13:25:27.020293,5500.00,reptiloid,0,0,0
2026-08-29 13:22:35.356358,5600.00,transa,0,0,0
2026-08-29 12:59:43.46267,2700.00,nirvana,0,0,0
2026-08-29 12:50:14.974581,7205.00,BALANCE,0,0,0
2026-08-29 12:44:29.241811,5600.00,transa,0,0,0
2026-08-29 12:31:19.755863,5600.00,transa,0,0,0
2026-08-29 12:25:36.293676,2700.00,reptiloid,0,0,0
2026-08-29 12:17:26.873561,7800.00,transa,0,0,0
2026-08-29 12:12:12.46365,2700.00,reptiloid,0,0,0
2026-08-29 12:06:28.674639,1190.00,BALANCE,0,0,0
2026-08-29 12:05:08.514679,7700.00,reptiloid,0,0,0
2026-08-29 11:57:11.359892,0.00,BALANCE,0,0,0
2026-08-29 11:56:51.29858,2700.00,card,0,0,0
2026-08-29 11:48:47.77557,5600.00,transa,0,0,0
2026-08-29 11:46:09.571089,3300.00,BALANCE,0,0,0
2026-08-29 11:38:38.288443,2700.00,reptiloid,0,0,0
2026-08-29 11:33:05.69016,4370.00,BALANCE,0,0,0
2026-08-29 10:55:06.543823,5200.00,card,0,0,0
2026-08-29 10:53:35.719451,2700.00,BALANCE,0,0,0
2026-08-29 10:52:33.558933,990.00,BALANCE,0,0,0
2026-08-29 10:26:43.562055,2700.00,BALANCE,0,0,0
2026-08-29 10:23:37.395547,2200.00,BALANCE,0,0,0
2026-08-29 10:03:38.634658,5600.00,card,0,0,0
2026-08-29 09:50:27.021298,360.00,BALANCE,0,0,0
2026-08-29 09:38:55.47765,3600.00,reptiloid,0,0,0
2026-08-29 09:13:11.859473,5500.00,reptiloid,0,0,0
2026-08-29 09:00:43.998324,7800.00,transa,0,0,0
2026-08-29 08:11:08.574092,5600.00,reptiloid,0,0,0
2026-08-29 05:28:47.200547,4940.00,BALANCE,0,0,0
2026-08-29 04:46:18.643536,4625.00,BALANCE,0,0,0
2026-08-29 02:47:29.803075,5600.00,onlypays,0,0,0
2026-08-29 02:01:53.552401,20000.00,BALANCE,0,0,0
2026-08-29 00:59:08.096642,7700.00,card,0,0,0
2026-08-29 00:04:23.919252,5200.00,reptiloid,0,0,0
2026-08-28 23:34:53.725752,3600.00,card,0,0,0
2026-08-28 23:34:26.958462,3185.00,BALANCE,0,0,0
2026-08-28 23:33:17.455941,2865.00,BALANCE,0,0,0
2026-08-28 23:14:58.27843,5600.00,card,0,0,0
2026-08-28 23:04:02.817177,7410.00,BALANCE,0,0,0
2026-08-28 22:55:40.345082,5225.00,BALANCE,0,0,0
2026-08-28 22:47:45.826298,3600.00,reptiloid,0,0,0
2026-08-28 22:45:49.555195,5600.00,card,0,0,0
2026-08-28 22:29:48.952159,2500.00,transa,0,0,0
2026-08-28 22:27:30.033393,2500.00,reptiloid,0,0,0
2026-08-28 22:23:14.848784,2500.00,reptiloid,0,0,0
2026-08-28 22:13:55.115182,6740.00,BALANCE,0,0,0
2026-08-28 22:08:58.930798,2500.00,BALANCE,0,0,0
2026-08-28 21:12:39.07359,3600.00,transa,0,0,0
2026-08-28 20:48:10.74648,5600.00,reptiloid,0,0,0
2026-08-28 20:35:41.184351,5600.00,reptiloid,0,0,0
2026-08-28 20:26:05.524386,5500.00,reptiloid,0,0,0
2026-08-28 20:24:37.070285,5600.00,reptiloid,0,0,0
2026-08-28 20:23:50.46136,3850.000,USDT,0,0,52.397000
2026-08-28 20:07:38.422829,4950.00,BALANCE,0,0,0
2026-08-28 19:46:18.70464,3600.00,reptiloid,0,0,0
2026-08-28 19:44:47.159991,3600.00,transa,0,0,0
2026-08-28 19:43:54.872385,5500.00,reptiloid,0,0,0
2026-08-28 19:24:48.037238,3600.00,reptiloid,0,0,0
2026-08-28 19:18:59.166201,17100.00,BALANCE,0,0,0
2026-08-28 19:14:41.424256,5225.00,BALANCE,0,0,0
2026-08-28 19:08:33.558477,5600.00,reptiloid,0,0,0
2026-08-28 19:04:49.234372,2600.00,BALANCE,0,0,0
2026-08-28 19:00:02.897849,7500.00,reptiloid,0,0,0
2026-08-28 18:48:49.716747,5600.00,reptiloid,0,0,0
2026-08-28 18:47:46.161303,3600.00,transa,0,0,0
2026-08-28 18:39:03.362935,2335.00,BALANCE,0,0,0
2026-08-28 18:37:54.035135,0.00,BALANCE,0,0,0
2026-08-28 18:28:42.353125,5500.00,reptiloid,0,0,0
2026-08-28 18:22:09.538772,5600.00,reptiloid,0,0,0
2026-08-28 18:17:37.173694,5600.00,transa,0,0,0
2026-08-28 18:11:59.075297,5800.00,transa,0,0,0
2026-08-28 17:29:12.044056,2500.00,reptiloid,0,0,0
2026-08-28 17:13:19.407657,2500.00,reptiloid,0,0,0
2026-08-28 17:09:37.135554,3600.00,reptiloid,0,0,0
2026-08-28 17:05:54.419817,3040.00,BALANCE,0,0,0
2026-08-28 17:05:42.327653,5600.00,reptiloid,0,0,0
2026-08-28 17:01:50.919489,5600.00,BALANCE,0,0,0
2026-08-28 16:59:17.107028,7700.00,reptiloid,0,0,0
2026-08-28 16:56:27.403658,5600.00,reptiloid,0,0,0
2026-08-28 16:44:01.795665,5600.00,reptiloid,0,0,0
2026-08-28 16:41:27.02063,2540.00,BALANCE,0,0,0
2026-08-28 16:33:13.58999,5500.00,reptiloid,0,0,0
2026-08-28 16:20:56.235811,3600.00,reptiloid,0,0,0
2026-08-28 16:12:48.876981,4675.00,BALANCE,0,0,0
2026-08-28 15:51:30.685774,5600.00,BALANCE,0,0,0
2026-08-28 15:38:27.204629,5600.00,reptiloid,0,0,0
2026-08-28 15:23:41.191856,1870.00,BALANCE,0,0,0
2026-08-28 14:53:34.005589,7800.00,reptiloid,0,0,0
2026-08-28 14:19:33.569228,5600.00,BALANCE,0,0,0
2026-08-28 13:42:26.444934,3300.00,BALANCE,0,0,0
2026-08-28 13:41:50.449718,5500.00,reptiloid,0,0,0
2026-08-28 13:29:47.164364,4900.00,BALANCE,0,0,0
2026-08-28 13:28:15.858435,1980.00,BALANCE,0,0,0
2026-08-28 13:02:45.003494,5020.00,BALANCE,0,0,0
2026-08-28 12:57:07.814146,5200.00,reptiloid,0,0,0
2026-08-28 12:43:44.101366,1900.00,BALANCE,0,0,0
2026-08-28 12:25:02.074649,5500.00,reptiloid,0,0,0
2026-08-28 12:22:46.521513,5600.00,reptiloid,0,0,0
2026-08-28 12:09:26.132308,3640.000,USDT,0,0,49.539000
2026-08-28 12:08:21.059662,5600.00,transa,0,0,0
2026-08-28 11:48:37.420847,4370.00,BALANCE,0,0,0
2026-08-28 11:36:51.865415,4675.00,BALANCE,0,0,0
2026-08-28 11:35:32.037412,5600.00,BALANCE,0,0,0
2026-08-28 11:33:25.766954,11500.00,transa,0,0,0
2026-08-28 11:23:11.83854,7370.00,BALANCE,0,0,0
2026-08-28 10:36:37.584749,7800.00,transa,0,0,0
2026-08-28 10:35:26.062281,5600.00,reptiloid,0,0,0
2026-08-28 10:31:55.128031,5320.00,BALANCE,0,0,0
2026-08-28 09:55:16.501338,3600.00,transa,0,0,0
2026-08-28 09:30:39.446869,5500.00,card,0,0,0
2026-08-28 09:30:26.135694,4600.00,BALANCE,0,0,0
2026-08-28 08:36:21.852966,2500.00,card,0,0,0
2026-08-28 07:48:02.383311,24500.000,USDT,0,0,333.435000
2026-08-28 04:35:18.234089,5600.00,BALANCE,0,0,0
2026-08-28 04:00:52.974582,7800.00,reptiloid,0,0,0
2026-08-28 02:04:35.760586,5600.00,transa,0,0,0
2026-08-28 01:27:24.033848,3300.00,reptiloid,0,0,0
2026-08-28 00:39:19.430136,5600.00,card,0,0,0
2026-08-28 00:18:24.798254,2500.00,reptiloid,0,0,0
2026-08-27 22:03:18.08275,5200.00,card,0,0,0
2026-08-27 21:32:29.397383,5600.00,transa,0,0,0
2026-08-27 21:22:23.53549,19000.00,reptiloid,0,0,0
2026-08-27 21:14:50.303104,5500.00,BALANCE,0,0,0
2026-08-27 21:09:35.612919,3850.000,USDT,0,0,52.397000
2026-08-27 19:33:54.104997,0.00,BALANCE,0,0,0
2026-08-27 19:22:14.446418,11500.00,card,0,0,0
2026-08-27 18:51:04.072864,5500.00,reptiloid,0,0,0
2026-08-27 18:50:58.642649,3000.00,BALANCE,0,0,0
2026-08-27 18:48:16.263222,5500.00,reptiloid,0,0,0
2026-08-27 18:46:09.2293,5500.00,reptiloid,0,0,0
2026-08-27 18:11:53.709041,5600.00,BALANCE,0,0,0
2026-08-27 18:11:49.290187,3850.000,USDT,0,0,52.397000
2026-08-27 18:02:55.619206,5200.00,transa,0,0,0
2026-08-27 17:27:49.302353,5600.00,card,0,0,0
2026-08-27 17:11:05.508388,5200.00,card,0,0,0
2026-08-27 16:27:11.336955,5600.00,card,0,0,0
2026-08-27 16:21:35.979998,5600.00,BALANCE,0,0,0
2026-08-27 16:05:11.240359,7800.00,reptiloid,0,0,0
2026-08-27 15:56:26.599699,7800.00,BALANCE,0,0,0
2026-08-27 15:22:21.957701,4930.00,BALANCE,0,0,0
2026-08-27 14:58:41.494295,5320.00,BALANCE,0,0,0
2026-08-27 14:45:02.168354,6800.0000,BTC,0.00117553,0,0
2026-08-27 14:28:43.005545,5600.00,card,0,0,0
2026-08-27 14:18:41.169989,3600.00,BALANCE,0,0,0
2026-08-27 14:17:16.030737,5210.00,BALANCE,0,0,0
2026-08-27 13:18:10.055157,3300.00,card,0,0,0
2026-08-27 13:14:42.236475,3300.00,transa,0,0,0
2026-08-27 13:04:31.548191,3300.00,card,0,0,0
2026-08-27 12:51:09.162393,3600.00,card,0,0,0
2026-08-27 12:42:02.081182,5600.00,reptiloid,0,0,0
2026-08-27 12:37:16.841059,5500.00,BALANCE,0,0,0
2026-08-27 12:23:18.280216,5600.00,BALANCE,0,0,0
2026-08-27 12:14:47.848305,2725.00,BALANCE,0,0,0
2026-08-27 12:10:50.226263,500.00,BALANCE,0,0,0
2026-08-27 12:10:25.960364,500.00,BALANCE,0,0,0
2026-08-27 12:09:06.891851,500.00,BALANCE,0,0,0
2026-08-27 12:08:58.197279,500.00,BALANCE,0,0,0
2026-08-27 12:07:43.23821,500.00,BALANCE,0,0,0
2026-08-27 12:07:25.741095,500.00,BALANCE,0,0,0
2026-08-27 11:56:47.14102,500.00,BALANCE,0,0,0
2026-08-27 11:55:28.201965,500.00,BALANCE,0,0,0
2026-08-27 11:53:37.114796,500.00,BALANCE,0,0,0
2026-08-27 11:52:58.067831,500.00,BALANCE,0,0,0
2026-08-27 11:51:44.574074,0.00,BALANCE,0,0,0
2026-08-27 11:51:08.895953,0.00,BALANCE,0,0,0
2026-08-27 11:19:17.527224,5600.00,transa,0,0,0
2026-08-27 10:55:10.905344,2740.00,BALANCE,0,0,0
2026-08-27 09:39:49.777277,5400.00,card,0,0,0
2026-08-27 09:21:33.059209,4250.00,BALANCE,0,0,0
2026-08-27 09:14:48.41631,7500.00,reptiloid,0,0,0
2026-08-27 08:50:50.574094,5600.00,reptiloid,0,0,0
2026-08-27 08:22:03.975257,0.00,BALANCE,0,0,0
2026-08-27 08:11:41.144184,7020.00,BALANCE,0,0,0
2026-08-27 07:44:05.553909,3600.00,transa,0,0,0
2026-08-27 05:15:51.768964,3300.00,card,0,0,0
2026-08-27 03:37:29.143426,2300.00,card,0,0,0
2026-08-27 02:48:05.524895,4815.00,BALANCE,0,0,0
2026-08-27 01:49:16.574785,5600.00,transa,0,0,0
2026-08-27 01:22:42.042692,5600.00,reptiloid,0,0,0
2026-08-27 01:00:08.495468,500.00,BALANCE,0,0,0
2026-08-27 00:59:12.686362,500.00,BALANCE,0,0,0
2026-08-27 00:58:59.921092,500.00,BALANCE,0,0,0
2026-08-27 00:58:31.274125,500.00,BALANCE,0,0,0
2026-08-27 00:58:18.131529,500.00,BALANCE,0,0,0
2026-08-27 00:58:02.273318,500.00,BALANCE,0,0,0
2026-08-27 00:57:48.652912,500.00,BALANCE,0,0,0
2026-08-27 00:54:48.058623,1000.00,BALANCE,0,0,0
2026-08-27 00:54:19.930751,2000.00,BALANCE,0,0,0
2026-08-27 00:52:20.798301,0.00,BALANCE,0,0,0
2026-08-27 00:37:57.838951,5600.00,card,0,0,0
2026-08-27 00:18:36.360948,3600.00,card,0,0,0
2026-08-27 00:16:01.038105,500.00,BALANCE,0,0,0
2026-08-27 00:15:08.931939,500.00,BALANCE,0,0,0
2026-08-27 00:14:56.086656,500.00,BALANCE,0,0,0
2026-08-27 00:14:42.675155,500.00,BALANCE,0,0,0
2026-08-27 00:14:22.348646,1500.00,BALANCE,0,0,0
2026-08-27 00:11:23.995495,0.00,BALANCE,0,0,0
2026-08-27 00:10:14.314383,0.00,BALANCE,0,0,0
2026-08-27 00:09:56.576004,0.00,BALANCE,0,0,0
2026-08-27 00:09:28.826075,0.00,BALANCE,0,0,0
2026-08-26 23:34:12.390761,7500.00,reptiloid,0,0,0
2026-08-26 23:29:00.600668,500.00,BALANCE,0,0,0
2026-08-26 23:10:40.012513,3600.00,BALANCE,0,0,0
2026-08-26 23:01:54.076022,5500.00,card,0,0,0
2026-08-26 22:50:26.496253,14000.000,USDT,0,0,190.534000
2026-08-26 22:48:57.798192,3420.00,BALANCE,0,0,0
2026-08-26 22:46:19.2981,7800.00,transa,0,0,0
2026-08-26 22:46:08.57866,5600.00,BALANCE,0,0,0
2026-08-26 22:39:29.54757,3000.00,BALANCE,0,0,0
2026-08-26 22:38:32.833388,5600.00,reptiloid,0,0,0
2026-08-26 22:25:53.846996,500.00,BALANCE,0,0,0
2026-08-26 22:25:24.557402,3300.00,reptiloid,0,0,0
2026-08-26 22:04:49.000642,500.00,BALANCE,0,0,0
2026-08-26 21:29:22.042592,5600.000,USDT,0,0,76.214000
2026-08-26 21:22:59.334129,500.00,BALANCE,0,0,0
2026-08-26 21:19:55.752909,500.00,BALANCE,0,0,0
2026-08-26 21:09:21.384047,500.00,BALANCE,0,0,0
2026-08-26 21:06:08.146328,5225.00,BALANCE,0,0,0
2026-08-26 20:52:35.344877,6690.00,BALANCE,0,0,0
2026-08-26 20:49:52.698503,3600.00,card,0,0,0
2026-08-26 20:41:21.80162,2700.00,reptiloid,0,0,0
2026-08-26 20:36:37.248765,5600.00,card,0,0,0
2026-08-26 20:34:52.681172,500.00,BALANCE,0,0,0
2026-08-26 20:33:58.713118,500.00,BALANCE,0,0,0
2026-08-26 20:33:35.982537,500.00,BALANCE,0,0,0
2026-08-26 20:33:25.247768,500.00,BALANCE,0,0,0
2026-08-26 20:33:14.068182,500.00,BALANCE,0,0,0
2026-08-26 20:32:57.719319,500.00,BALANCE,0,0,0
2026-08-26 20:31:37.603438,19000.00,reptiloid,0,0,0
2026-08-26 20:30:45.829746,500.00,BALANCE,0,0,0
2026-08-26 20:30:21.387399,500.00,BALANCE,0,0,0
2026-08-26 20:29:25.678342,500.00,BALANCE,0,0,0
2026-08-26 20:28:40.62011,3600.00,card,0,0,0
2026-08-26 20:14:42.493939,4500.00,transa,0,0,0
2026-08-26 19:38:01.832746,1575.00,BALANCE,0,0,0
2026-08-26 19:17:36.001377,5600.00,reptiloid,0,0,0
2026-08-26 19:13:55.42438,3600.00,reptiloid,0,0,0
2026-08-26 19:11:07.7851,2625.00,BALANCE,0,0,0
2026-08-26 19:10:21.298444,0.00,BALANCE,0,0,0
2026-08-26 18:58:08.055243,3300.00,card,0,0,0
2026-08-26 18:50:34.127367,8000.00,card,0,0,0
2026-08-26 18:41:58.903847,3230.00,BALANCE,0,0,0
2026-08-26 18:34:23.770299,3850.000,USDT,0,0,52.397000
2026-08-26 18:30:08.381577,5600.00,reptiloid,0,0,0
2026-08-26 18:12:50.527304,5600.00,transa,0,0,0
2026-08-26 18:12:16.014472,8000.00,BALANCE,0,0,0
2026-08-26 18:07:52.237983,500.00,BALANCE,0,0,0
2026-08-26 18:06:36.377843,500.00,BALANCE,0,0,0
2026-08-26 18:06:21.693251,500.00,BALANCE,0,0,0
2026-08-26 18:06:05.813622,500.00,BALANCE,0,0,0
2026-08-26 18:05:42.262892,500.00,BALANCE,0,0,0
2026-08-26 18:05:28.899543,500.00,BALANCE,0,0,0
2026-08-26 18:05:19.6989,500.00,BALANCE,0,0,0
2026-08-26 18:05:10.400896,500.00,BALANCE,0,0,0
2026-08-26 18:04:57.181636,500.00,BALANCE,0,0,0
2026-08-26 18:04:42.250817,500.00,BALANCE,0,0,0
2026-08-26 17:48:17.08454,6950.00,BALANCE,0,0,0
2026-08-26 17:48:06.293561,500.00,BALANCE,0,0,0
2026-08-26 17:40:20.279653,5600.00,reptiloid,0,0,0
2026-08-26 17:34:31.021364,5600.00,nirvana,0,0,0
2026-08-26 17:00:28.968566,3600.00,reptiloid,0,0,0
2026-08-26 16:55:11.277062,2175.00,BALANCE,0,0,0
2026-08-26 16:37:10.807409,5500.00,card,0,0,0
2026-08-26 16:26:35.780296,3300.00,BALANCE,0,0,0
2026-08-26 16:22:05.201207,3300.00,BALANCE,0,0,0
2026-08-26 16:20:52.985892,5600.00,reptiloid,0,0,0
2026-08-26 16:06:53.804736,2820.00,BALANCE,0,0,0
2026-08-26 15:55:23.463328,490.00,BALANCE,0,0,0
2026-08-26 15:46:55.184401,7800.00,transa,0,0,0
2026-08-26 15:41:15.997441,0.00,BALANCE,0,0,0
2026-08-26 15:25:14.280793,3600.00,reptiloid,0,0,0
2026-08-26 15:14:18.475103,3600.00,card,0,0,0
2026-08-26 15:14:04.202244,500.00,BALANCE,0,0,0
2026-08-26 15:13:03.734414,2700.00,reptiloid,0,0,0
2026-08-26 15:11:59.460462,500.00,BALANCE,0,0,0
2026-08-26 15:11:49.101287,500.00,BALANCE,0,0,0
2026-08-26 15:11:34.442425,500.00,BALANCE,0,0,0
2026-08-26 15:11:24.564308,500.00,BALANCE,0,0,0
2026-08-26 15:11:13.622903,500.00,BALANCE,0,0,0
2026-08-26 15:11:03.763873,500.00,BALANCE,0,0,0
2026-08-26 15:10:09.10572,500.00,BALANCE,0,0,0
2026-08-26 15:09:44.988576,500.00,BALANCE,0,0,0
2026-08-26 15:09:20.077419,500.00,BALANCE,0,0,0
2026-08-26 15:04:15.984258,5600.00,nirvana,0,0,0
2026-08-26 15:02:04.941246,500.00,BALANCE,0,0,0
2026-08-26 15:01:24.418438,500.00,BALANCE,0,0,0
2026-08-26 15:01:15.867218,500.00,BALANCE,0,0,0
2026-08-26 15:01:05.67465,500.00,BALANCE,0,0,0
2026-08-26 15:00:39.974782,500.00,BALANCE,0,0,0
2026-08-26 15:00:27.763971,500.00,BALANCE,0,0,0
2026-08-26 15:00:15.016805,3300.00,card,0,0,0
2026-08-26 15:00:11.053189,500.00,BALANCE,0,0,0
2026-08-26 14:59:49.557923,500.00,BALANCE,0,0,0
2026-08-26 14:59:18.803391,500.00,BALANCE,0,0,0
2026-08-26 14:54:23.687819,3300.00,card,0,0,0
2026-08-26 14:50:27.907093,3300.00,reptiloid,0,0,0
2026-08-26 14:07:51.87291,3300.00,card,0,0,0
2026-08-26 14:00:22.759965,925.00,BALANCE,0,0,0
2026-08-26 13:53:22.797926,3600.00,reptiloid,0,0,0
2026-08-26 13:37:38.759145,2820.00,BALANCE,0,0,0
2026-08-26 13:25:42.216364,3300.00,card,0,0,0
2026-08-26 13:21:55.378534,2700.00,card,0,0,0
2026-08-26 13:14:47.456034,2300.00,card,0,0,0
2026-08-26 13:08:58.260713,20000.00,reptiloid,0,0,0
2026-08-26 12:44:47.169119,5600.00,transa,0,0,0
2026-08-26 12:39:18.963156,5600.00,reptiloid,0,0,0
2026-08-26 12:18:20.780351,800.00,BALANCE,0,0,0
2026-08-26 12:16:54.582352,2520.000,USDT,0,0,34.296000
2026-08-26 11:47:11.707536,6750.00,BALANCE,0,0,0
2026-08-26 11:43:37.681491,5600.00,transa,0,0,0
2026-08-26 11:27:14.598972,3600.00,BALANCE,0,0,0
2026-08-26 11:24:35.552285,3600.00,BALANCE,0,0,0
2026-08-26 11:23:53.614506,5600.00,transa,0,0,0
2026-08-26 11:21:53.542919,5600.00,transa,0,0,0
2026-08-26 11:18:23.786362,2700.00,reptiloid,0,0,0
2026-08-26 11:06:51.536705,0.00,BALANCE,0,0,0
2026-08-26 10:10:27.239647,5600.00,transa,0,0,0
2026-08-26 09:58:45.908268,5500.00,transa,0,0,0
2026-08-26 07:03:55.026578,5600.00,transa,0,0,0
2026-08-26 02:26:58.731818,7800.00,reptiloid,0,0,0
2026-08-26 02:00:59.498055,2300.00,reptiloid,0,0,0
2026-08-25 23:00:43.837471,4500.00,reptiloid,0,0,0
2026-08-25 22:57:58.025142,5600.00,reptiloid,0,0,0
2026-08-25 22:21:43.432269,5600.00,card,0,0,0
2026-08-25 21:53:17.682704,3600.00,BALANCE,0,0,0
2026-08-25 21:52:30.697469,3600.00,reptiloid,0,0,0
2026-08-25 21:29:03.106451,0.00,BALANCE,0,0,0
2026-08-25 21:26:46.077152,0.00,BALANCE,0,0,0
2026-08-25 21:07:29.818509,5500.00,reptiloid,0,0,0
2026-08-25 20:20:09.29023,5600.00,reptiloid,0,0,0
2026-08-25 20:16:18.219077,7800.00,reptiloid,0,0,0
2026-08-25 20:14:58.506099,18050.00,BALANCE,0,0,0
2026-08-25 20:08:17.530559,7800.00,card,0,0,0
2026-08-25 19:41:06.474768,2500.00,reptiloid,0,0,0
2026-08-25 19:35:53.417785,3170.00,BALANCE,0,0,0
2026-08-25 19:23:29.782272,5600.00,transa,0,0,0
2026-08-25 19:19:57.082133,5600.00,reptiloid,0,0,0
2026-08-25 18:36:06.803778,5500.00,reptiloid,0,0,0
2026-08-25 18:32:27.420193,2700.00,reptiloid,0,0,0
2026-08-25 18:32:11.164383,7500.00,reptiloid,0,0,0
2026-08-25 18:23:24.387138,3600.00,reptiloid,0,0,0
2026-08-25 18:19:21.422602,2700.00,transa,0,0,0
2026-08-25 18:08:34.224176,5600.00,BALANCE,0,0,0
2026-08-25 18:03:33.891672,5600.00,reptiloid,0,0,0
2026-08-25 18:00:35.604656,2700.00,card,0,0,0
2026-08-25 17:53:10.658897,4220.00,BALANCE,0,0,0
2026-08-25 17:49:53.585468,7500.00,reptiloid,0,0,0
2026-08-25 17:21:44.905966,5400.00,BALANCE,0,0,0
2026-08-25 17:19:41.884593,5600.00,transa,0,0,0
2026-08-25 17:12:09.684196,2300.00,card,0,0,0
2026-08-25 17:02:16.725781,20000.00,reptiloid,0,0,0
2026-08-25 16:51:23.81416,1300.00,BALANCE,0,0,0
2026-08-25 16:45:57.285,2700.00,reptiloid,0,0,0
2026-08-25 16:23:33.975064,5040.00,BALANCE,0,0,0
2026-08-25 16:02:56.699745,3300.00,reptiloid,0,0,0
2026-08-25 15:46:37.101443,5600.00,reptiloid,0,0,0
2026-08-25 15:44:42.349944,2500.00,card,0,0,0
2026-08-25 15:20:24.25925,3120.00,BALANCE,0,0,0
2026-08-25 15:08:27.768123,3575.00,BALANCE,0,0,0
2026-08-25 15:01:43.76187,12000.00,card,0,0,0
2026-08-25 14:53:39.087428,3300.00,BALANCE,0,0,0
2026-08-25 14:47:12.244494,4760.00,BALANCE,0,0,0
2026-08-25 14:35:41.613486,3300.00,transa,0,0,0
2026-08-25 14:35:21.526412,5250.000,USDT,0,0,71.450000
2026-08-25 14:33:02.767442,5600.00,BALANCE,0,0,0
2026-08-25 14:23:26.464405,8200.00,transa,0,0,0
2026-08-25 14:23:14.467026,3600.00,transa,0,0,0
2026-08-25 14:23:05.733085,3850.000,USDT,0,0,52.397000
2026-08-25 14:03:54.693244,5500.00,reptiloid,0,0,0
2026-08-25 13:44:18.776795,5400.00,BALANCE,0,0,0
2026-08-25 13:34:05.130493,5600.00,card,0,0,0
2026-08-25 13:31:00.377129,1000.00,BALANCE,0,0,0
2026-08-25 13:15:23.563675,5600.00,card,0,0,0
2026-08-25 13:02:45.577825,2310.000,USDT,0,0,31.438000
2026-08-25 12:52:50.190324,5600.00,card,0,0,0
2026-08-25 12:48:32.671259,5600.00,reptiloid,0,0,0
2026-08-25 12:28:49.01782,5400.00,transa,0,0,0
2026-08-25 12:27:54.996815,5600.00,BALANCE,0,0,0
2026-08-25 12:25:35.892987,5500.00,transa,0,0,0
2026-08-25 12:20:58.020265,5500.00,reptiloid,0,0,0
2026-08-25 12:20:08.758763,2520.00,BALANCE,0,0,0
2026-08-25 12:11:24.022243,5600.00,reptiloid,0,0,0
2026-08-25 11:54:40.555197,5500.00,reptiloid,0,0,0
2026-08-25 11:52:21.294039,3600.00,BALANCE,0,0,0
2026-08-25 11:22:38.730782,3300.00,reptiloid,0,0,0
2026-08-25 10:49:55.186752,2500.00,reptiloid,0,0,0
2026-08-25 10:33:29.079391,5500.00,BALANCE,0,0,0
2026-08-25 10:13:37.314698,5400.00,reptiloid,0,0,0
2026-08-25 10:11:14.779581,0.00,BALANCE,0,0,0
2026-08-25 09:26:05.327715,5600.00,reptiloid,0,0,0
2026-08-25 08:59:22.952486,635.00,BALANCE,0,0,0
2026-08-25 08:53:47.442077,5600.00,reptiloid,0,0,0
2026-08-25 08:45:22.667675,3600.00,reptiloid,0,0,0
2026-08-25 08:26:14.386064,3300.00,card,0,0,0
2026-08-25 08:15:44.429188,2500.00,card,0,0,0
2026-08-25 07:11:20.267633,5250.000,USDT,0,0,71.450000
2026-08-25 05:46:29.573336,7500.00,card,0,0,0
2026-08-25 04:13:28.657013,5740.000,USDT,0,0,78.119000
2026-08-25 03:11:38.75525,3600.00,card,0,0,0
2026-08-25 03:10:49.215477,5210.00,BALANCE,0,0,0
2026-08-25 02:50:57.546407,8200.00,reptiloid,0,0,0
2026-08-25 01:27:13.240438,5600.00,transa,0,0,0
2026-08-25 01:25:55.459624,5600.00,transa,0,0,0
2026-08-25 00:10:45.718419,3600.00,reptiloid,0,0,0
2026-08-24 23:35:51.332514,5600.000,USDT,0,0,76.214000
2026-08-24 23:18:34.372515,5600.00,reptiloid,0,0,0
2026-08-24 22:46:15.276693,5600.00,card,0,0,0
2026-08-24 22:39:46.255991,8000.00,reptiloid,0,0,0
2026-08-24 22:21:59.921439,8200.00,reptiloid,0,0,0
2026-08-24 22:13:12.869744,5600.00,reptiloid,0,0,0
2026-08-24 21:56:16.389065,2500.00,transa,0,0,0
2026-08-24 21:38:55.358798,3600.00,transa,0,0,0
2026-08-24 21:18:54.753482,5600.00,reptiloid,0,0,0
2026-08-24 21:18:34.173327,4050.00,BALANCE,0,0,0
2026-08-24 21:08:05.960963,2300.00,nirvana,0,0,0
2026-08-24 20:39:05.201524,2385.00,BALANCE,0,0,0
2026-08-24 20:37:37.308415,3300.00,transa,0,0,0
2026-08-24 20:00:00.598314,5600.00,card,0,0,0
2026-08-24 19:53:35.156971,3600.00,card,0,0,0
2026-08-24 19:43:53.573765,5600.00,BALANCE,0,0,0
2026-08-24 19:36:47.755867,3185.00,BALANCE,0,0,0
2026-08-24 19:27:59.799714,3600.00,reptiloid,0,0,0
2026-08-24 19:21:36.461196,7800.00,transa,0,0,0
2026-08-24 19:19:03.595898,3600.00,card,0,0,0
2026-08-24 19:07:18.465795,1070.00,BALANCE,0,0,0
2026-08-24 19:03:56.984545,8200.00,card,0,0,0
2026-08-24 18:52:20.691299,8000.00,reptiloid,0,0,0
2026-08-24 18:52:07.271434,5600.00,reptiloid,0,0,0
2026-08-24 18:37:07.903148,19000.00,reptiloid,0,0,0
2026-08-24 18:26:02.489425,5600.00,BALANCE,0,0,0
2026-08-24 18:07:46.868761,5600.00,card,0,0,0
2026-08-24 17:47:38.999763,7800.00,card,0,0,0
2026-08-24 17:40:16.492042,635.00,BALANCE,0,0,0
2026-08-24 17:39:19.771581,4850.00,BALANCE,0,0,0
2026-08-24 17:33:09.778815,0.00,BALANCE,0,0,0
2026-08-24 17:32:11.533557,5600.00,nirvana,0,0,0
2026-08-24 17:25:19.923964,2520.000,USDT,0,0,34.296000
2026-08-24 17:24:48.307931,8050.000,USDT,0,0,109.557000
2026-08-24 17:17:39.171556,5600.00,reptiloid,0,0,0
2026-08-24 17:17:16.106324,5500.00,reptiloid,0,0,0
2026-08-24 16:44:44.822809,5210.00,BALANCE,0,0,0
2026-08-24 16:44:02.974828,2310.000,USDT,0,0,31.438000
2026-08-24 16:20:42.006004,8200.00,reptiloid,0,0,0
2026-08-24 16:11:11.408765,3650.00,BALANCE,0,0,0
2026-08-24 16:11:00.632412,5125.00,BALANCE,0,0,0
2026-08-24 16:05:41.287549,2700.00,card,0,0,0
2026-08-24 15:46:18.650705,4880.00,BALANCE,0,0,0
2026-08-24 15:38:30.397096,1900.00,BALANCE,0,0,0
2026-08-24 15:36:07.990825,1000.00,BALANCE,0,0,0
2026-08-24 15:33:28.170953,5600.000,USDT,0,0,76.214000
2026-08-24 15:26:41.225441,1000.00,BALANCE,0,0,0
2026-08-24 15:25:44.250049,1000.00,BALANCE,0,0,0
2026-08-24 15:25:31.689227,1000.00,BALANCE,0,0,0
2026-08-24 15:25:20.932328,1000.00,BALANCE,0,0,0
2026-08-24 15:24:01.244703,1000.00,BALANCE,0,0,0
2026-08-24 15:23:49.643843,1000.00,BALANCE,0,0,0
2026-08-24 15:23:37.056807,1000.00,BALANCE,0,0,0
2026-08-24 15:23:23.42245,1000.00,BALANCE,0,0,0
2026-08-24 15:11:14.427653,5500.00,reptiloid,0,0,0
2026-08-24 14:50:50.290721,5250.000,USDT,0,0,71.450000
2026-08-24 14:49:23.251304,3300.00,card,0,0,0
2026-08-24 14:43:58.696719,2500.00,BALANCE,0,0,0
2026-08-24 14:41:35.169495,3600.00,BALANCE,0,0,0
2026-08-24 14:35:23.5302,3300.00,reptiloid,0,0,0
2026-08-24 14:29:11.06192,2300.00,nirvana,0,0,0
2026-08-24 14:29:02.416289,5185.00,BALANCE,0,0,0
2026-08-24 14:14:51.584034,800.00,BALANCE,0,0,0
2026-08-24 14:09:49.642228,3600.00,reptiloid,0,0,0
2026-08-24 14:07:22.789735,2300.00,card,0,0,0
2026-08-24 14:07:12.171874,3300.00,card,0,0,0
2026-08-24 13:49:51.45019,5600.000,USDT,0,0,76.214000
2026-08-24 13:45:02.577403,7130.00,BALANCE,0,0,0
2026-08-24 13:33:05.217278,3030.00,BALANCE,0,0,0
2026-08-24 13:26:11.116107,3600.00,reptiloid,0,0,0
2026-08-24 13:08:48.371946,2300.00,transa,0,0,0
2026-08-24 12:45:23.333465,7500.00,reptiloid,0,0,0
2026-08-24 12:40:35.608061,7800.00,card,0,0,0
2026-08-24 12:14:06.59997,4800.00,BALANCE,0,0,0
2026-08-24 11:49:48.109982,5225.00,BALANCE,0,0,0
2026-08-24 11:46:27.221975,7020.00,BALANCE,0,0,0
2026-08-24 11:38:39.368818,5600.00,reptiloid,0,0,0
2026-08-24 11:12:13.283407,8000.00,card,0,0,0
2026-08-24 11:07:35.366493,5600.00,transa,0,0,0
2026-08-24 10:59:24.847511,3300.00,reptiloid,0,0,0
2026-08-24 08:59:22.436484,20000.00,BALANCE,0,0,0
2026-08-24 08:16:09.102198,3300.00,card,0,0,0
2026-08-24 07:07:47.750427,3300.00,card,0,0,0
2026-08-24 07:05:56.139043,7800.00,reptiloid,0,0,0
2026-08-24 06:46:19.433909,1900.00,BALANCE,0,0,0
2026-08-24 06:00:59.41983,200.00,BALANCE,0,0,0
2026-08-24 05:17:25.990844,7800.00,reptiloid,0,0,0
2026-08-24 05:09:58.228071,7800.00,transa,0,0,0
2026-08-24 04:28:35.222513,7800.00,reptiloid,0,0,0
2026-08-24 03:01:25.627842,3300.00,reptiloid,0,0,0
2026-08-24 02:58:16.325494,7500.00,reptiloid,0,0,0
2026-08-24 01:05:48.52688,4760.00,BALANCE,0,0,0
2026-08-24 00:47:18.532341,2700.00,reptiloid,0,0,0
2026-08-24 00:08:18.721483,3300.00,BALANCE,0,0,0
2026-08-24 00:04:23.729771,5600.00,reptiloid,0,0,0
2026-08-23 23:25:35.06416,2700.00,transa,0,0,0
2026-08-23 23:14:38.118827,5400.00,card,0,0,0
2026-08-23 22:04:33.918892,3300.00,BALANCE,0,0,0
2026-08-23 21:58:38.647551,3030.00,BALANCE,0,0,0
2026-08-23 21:55:43.672062,5600.00,reptiloid,0,0,0
2026-08-23 21:51:08.261693,3600.00,card,0,0,0
2026-08-23 21:38:34.213064,3600.00,reptiloid,0,0,0
2026-08-23 21:30:21.465152,3600.00,BALANCE,0,0,0
2026-08-23 21:28:52.522818,6850.00,BALANCE,0,0,0
2026-08-23 21:10:28.779996,2700.00,transa,0,0,0
2026-08-23 20:41:46.263537,2500.00,card,0,0,0
2026-08-23 20:40:29.478753,5600.00,card,0,0,0
2026-08-23 20:17:15.076209,3300.00,card,0,0,0
2026-08-23 20:13:14.501117,7800.00,reptiloid,0,0,0
2026-08-23 19:49:17.669963,5500.00,transa,0,0,0
2026-08-23 19:15:22.916489,7800.00,card,0,0,0
2026-08-23 18:32:48.294839,2970.00,BALANCE,0,0,0
2026-08-23 17:48:35.505944,5400.00,card,0,0,0
2026-08-23 17:42:09.738278,8200.00,card,0,0,0
2026-08-23 17:39:53.574839,0.00,BALANCE,0,0,0
2026-08-23 17:36:12.311004,0.00,BALANCE,0,0,0
2026-08-23 17:32:37.783041,0.00,BALANCE,0,0,0
2026-08-23 17:26:38.719376,5400.00,reptiloid,0,0,0
2026-08-23 17:02:29.128745,3300.00,reptiloid,0,0,0
2026-08-23 16:57:41.645074,7800.00,card,0,0,0
2026-08-23 16:54:44.624891,5500.00,reptiloid,0,0,0
2026-08-23 16:54:09.89784,2500.00,reptiloid,0,0,0
2026-08-23 16:42:13.645917,2500.00,reptiloid,0,0,0
2026-08-23 16:33:16.201569,3850.000,USDT,0,0,52.397000
2026-08-23 16:17:40.882525,8200.00,transa,0,0,0
2026-08-23 16:08:44.828838,7520.00,BALANCE,0,0,0
2026-08-23 16:05:14.788946,7340.00,BALANCE,0,0,0
2026-08-23 16:00:17.674532,20000.00,BALANCE,0,0,0
2026-08-23 15:57:01.971665,3300.00,reptiloid,0,0,0
2026-08-23 15:47:49.343117,7800.00,reptiloid,0,0,0
2026-08-23 15:44:51.272979,5500.00,BALANCE,0,0,0
2026-08-23 15:31:22.509405,3600.00,reptiloid,0,0,0
2026-08-23 14:52:46.176626,5500.00,reptiloid,0,0,0
2026-08-23 14:50:21.877534,4825.00,BALANCE,0,0,0
2026-08-23 14:44:53.78535,7800.00,card,0,0,0
2026-08-23 14:14:07.308653,5220.00,BALANCE,0,0,0
2026-08-23 13:56:12.230106,0.00,BALANCE,0,0,0
2026-08-23 13:54:18.64298,0.00,BALANCE,0,0,0
2026-08-23 13:30:57.202178,12500.00,reptiloid,0,0,0
2026-08-23 13:28:54.750586,7520.00,BALANCE,0,0,0
2026-08-23 13:21:21.872788,7800.00,transa,0,0,0
2026-08-23 13:08:50.71728,7850.00,BALANCE,0,0,0
2026-08-23 13:06:00.641469,5500.00,reptiloid,0,0,0
2026-08-23 12:36:48.504275,5500.00,reptiloid,0,0,0
2026-08-23 11:30:59.731434,7800.00,reptiloid,0,0,0
2026-08-23 11:27:13.162664,2500.00,reptiloid,0,0,0
2026-08-23 11:19:25.341709,4500.00,BALANCE,0,0,0
2026-08-23 11:11:36.221829,5500.00,reptiloid,0,0,0
2026-08-23 11:03:34.144813,2500.00,reptiloid,0,0,0
2026-08-23 10:51:50.594193,8200.00,reptiloid,0,0,0
2026-08-23 10:15:58.492238,5500.00,reptiloid,0,0,0
2026-08-23 09:00:41.593327,5105.00,BALANCE,0,0,0
2026-08-23 08:02:03.692301,7800.00,reptiloid,0,0,0
2026-08-23 07:24:04.994346,3850.000,USDT,0,0,52.397000
2026-08-23 07:10:12.579544,7800.00,reptiloid,0,0,0
2026-08-23 06:48:03.210944,0.00,BALANCE,0,0,0
2026-08-23 06:45:12.651499,5500.00,transa,0,0,0
2026-08-23 02:39:53.15712,2550.00,BALANCE,0,0,0
2026-08-23 00:22:06.354233,20000.00,reptiloid,0,0,0
2026-08-22 23:42:53.875643,5500.00,reptiloid,0,0,0
2026-08-22 23:08:37.633995,7800.00,transa,0,0,0
2026-08-22 23:05:14.41658,8200.00,reptiloid,0,0,0
2026-08-22 23:02:41.144921,8200.00,BALANCE,0,0,0
2026-08-22 22:46:42.67376,0.00,BALANCE,0,0,0
2026-08-22 22:39:41.898852,7800.00,transa,0,0,0
2026-08-22 22:33:27.252849,5500.00,reptiloid,0,0,0
2026-08-22 22:30:40.400109,7800.00,transa,0,0,0
2026-08-22 22:10:50.91767,8200.00,reptiloid,0,0,0
2026-08-22 22:07:07.416056,4860.00,BALANCE,0,0,0
2026-08-22 22:04:25.434353,5500.00,BALANCE,0,0,0
2026-08-22 21:10:52.435852,2500.00,card,0,0,0
2026-08-22 21:10:11.299655,190.00,BALANCE,0,0,0
2026-08-22 20:58:47.95598,0.00,BALANCE,0,0,0
2026-08-22 20:50:43.9271,5500.00,reptiloid,0,0,0
2026-08-22 20:48:00.533928,19000.00,reptiloid,0,0,0
2026-08-22 20:45:13.188011,1875.00,BALANCE,0,0,0
2026-08-22 20:35:02.272075,2500.00,reptiloid,0,0,0
2026-08-22 20:24:36.40855,3000.00,BALANCE,0,0,0
2026-08-22 20:14:10.18157,1750.000,USDT,0,0,23.817000
2026-08-22 20:14:08.889397,305.00,BALANCE,0,0,0
2026-08-22 20:10:57.967178,7800.00,reptiloid,0,0,0
2026-08-22 20:07:39.280319,3300.00,nirvana,0,0,0
2026-08-22 19:54:10.066868,3030.00,BALANCE,0,0,0
2026-08-22 19:38:31.732753,7800.00,card,0,0,0
2026-08-22 19:24:45.513775,0.00,BALANCE,0,0,0
2026-08-22 19:21:10.194433,7800.00,reptiloid,0,0,0
2026-08-22 19:07:48.036129,4500.00,BALANCE,0,0,0
2026-08-22 18:54:13.900484,7500.00,reptiloid,0,0,0
2026-08-22 18:34:19.309102,2325.00,BALANCE,0,0,0
2026-08-22 18:28:50.951584,2500.00,reptiloid,0,0,0
2026-08-22 18:25:57.065399,2500.00,reptiloid,0,0,0
2026-08-22 18:22:34.700742,2500.00,reptiloid,0,0,0
2026-08-22 18:13:36.268434,5500.00,reptiloid,0,0,0
2026-08-22 18:01:34.640449,2500.00,reptiloid,0,0,0
2026-08-22 17:45:51.895218,3850.000,USDT,0,0,52.397000
2026-08-22 17:40:57.022584,5500.00,reptiloid,0,0,0
2026-08-22 17:39:09.545706,5500.00,reptiloid,0,0,0
2026-08-22 17:28:30.925421,1750.000,USDT,0,0,23.817000
2026-08-22 17:25:09.439343,5500.00,reptiloid,0,0,0
2026-08-22 17:19:39.744623,800.00,BALANCE,0,0,0
2026-08-22 17:17:22.794821,1900.00,BALANCE,0,0,0
2026-08-22 17:14:50.781632,7500.00,transa,0,0,0
2026-08-22 17:04:00.468937,5400.00,card,0,0,0
2026-08-22 15:44:52.272007,2500.00,BALANCE,0,0,0
2026-08-22 15:40:05.54337,7500.00,transa,0,0,0
2026-08-22 15:23:55.348371,5400.00,transa,0,0,0
2026-08-22 15:05:56.415307,4575.00,BALANCE,0,0,0
2026-08-22 15:02:34.774536,2500.00,transa,0,0,0
2026-08-22 14:26:01.490154,2500.00,nirvana,0,0,0
2026-08-22 13:31:00.54358,5400.00,nirvana,0,0,0
2026-08-22 13:28:12.712392,5400.00,nirvana,0,0,0
2026-08-22 13:25:46.870215,3600.00,transa,0,0,0
2026-08-22 13:21:26.793066,4955.00,BALANCE,0,0,0
2026-08-22 13:06:48.901425,5400.00,BALANCE,0,0,0
2026-08-22 12:56:01.875632,3300.00,nirvana,0,0,0
2026-08-22 12:09:46.849141,5250.000,USDT,0,0,71.450000
2026-08-22 12:09:12.837527,3300.00,reptiloid,0,0,0
2026-08-22 11:37:21.722205,3300.00,reptiloid,0,0,0
2026-08-22 11:13:16.353915,3300.00,reptiloid,0,0,0
2026-08-22 10:00:27.192526,7500.00,reptiloid,0,0,0
2026-08-22 08:45:59.513143,3300.00,reptiloid,0,0,0
2026-08-22 08:18:04.519532,7500.00,reptiloid,0,0,0
2026-08-22 08:10:21.155777,2300.00,reptiloid,0,0,0
2026-08-22 05:52:39.413527,5600.00,transa,0,0,0
2026-08-22 04:57:49.260106,11500.00,reptiloid,0,0,0
2026-08-22 04:52:28.635015,3300.00,reptiloid,0,0,0
2026-08-22 04:35:13.193261,3300.00,reptiloid,0,0,0
2026-08-22 03:42:52.219112,5600.00,reptiloid,0,0,0
2026-08-22 03:23:47.64522,5500.00,transa,0,0,0
2026-08-22 03:12:18.372694,3300.00,reptiloid,0,0,0
2026-08-22 02:57:25.375309,7790.00,BALANCE,0,0,0
2026-08-22 02:39:05.704349,5500.00,transa,0,0,0
2026-08-22 01:31:53.263195,5250.000,USDT,0,0,71.450000
2026-08-22 01:27:29.494715,0.00,BALANCE,0,0,0
2026-08-22 00:39:02.010157,1610.000,USDT,0,0,21.911000
2026-08-21 23:55:01.412645,3300.00,transa,0,0,0
2026-08-21 23:18:15.961759,5600.00,reptiloid,0,0,0
2026-08-21 23:03:11.198598,5600.00,reptiloid,0,0,0
2026-08-21 22:57:24.763363,3850.000,USDT,0,0,52.397000
2026-08-21 22:46:30.997167,20000.00,transa,0,0,0
2026-08-21 22:40:06.522812,5500.00,reptiloid,0,0,0
2026-08-21 22:39:48.72429,5225.00,BALANCE,0,0,0
2026-08-21 22:31:10.19044,5400.00,reptiloid,0,0,0
2026-08-21 22:25:22.308668,1610.000,USDT,0,0,21.911000
2026-08-21 22:11:33.652688,7500.00,reptiloid,0,0,0
2026-08-21 22:08:41.672041,5400.00,reptiloid,0,0,0
2026-08-21 22:07:28.515961,7500.00,reptiloid,0,0,0
2026-08-21 21:52:50.176028,7500.00,reptiloid,0,0,0
2026-08-21 21:51:07.259629,4500.00,reptiloid,0,0,0
2026-08-21 21:51:06.560834,2300.00,reptiloid,0,0,0
2026-08-21 21:39:02.13588,18050.00,BALANCE,0,0,0
2026-08-21 21:35:05.321544,2300.00,transa,0,0,0
2026-08-21 20:37:23.123698,7500.00,reptiloid,0,0,0
2026-08-21 20:23:48.01353,2475.00,BALANCE,0,0,0
2026-08-21 20:18:38.928535,5400.00,card,0,0,0
2026-08-21 20:14:04.151309,5600.000,USDT,0,0,76.214000
2026-08-21 20:09:42.159844,5600.00,reptiloid,0,0,0
2026-08-21 20:04:59.240067,5200.00,BALANCE,0,0,0
2026-08-21 19:59:52.259406,7500.00,reptiloid,0,0,0
2026-08-21 19:54:48.847084,3300.00,reptiloid,0,0,0
2026-08-21 19:49:20.890377,2300.00,card,0,0,0
2026-08-21 19:37:14.395242,2300.00,reptiloid,0,0,0
2026-08-21 19:33:44.152306,5500.00,card,0,0,0
2026-08-21 19:30:13.006798,2300.00,reptiloid,0,0,0
2026-08-21 19:23:07.936892,5400.00,reptiloid,0,0,0
2026-08-21 19:14:55.602162,5600.00,BALANCE,0,0,0
2026-08-21 19:13:52.082252,7500.00,reptiloid,0,0,0
2026-08-21 19:10:29.724691,5600.00,reptiloid,0,0,0
2026-08-21 18:53:39.034275,5600.00,reptiloid,0,0,0
2026-08-21 18:47:49.322546,5500.00,reptiloid,0,0,0
2026-08-21 18:46:09.0285,2300.00,reptiloid,0,0,0
2026-08-21 18:43:44.454556,5600.00,reptiloid,0,0,0
2026-08-21 18:43:24.181399,455.00,BALANCE,0,0,0
2026-08-21 18:42:09.462368,1910.00,BALANCE,0,0,0
2026-08-21 18:32:32.78788,420.00,BALANCE,0,0,0
2026-08-21 18:25:47.220065,2300.00,transa,0,0,0
2026-08-21 18:24:07.204933,5400.00,BALANCE,0,0,0
2026-08-21 18:23:34.786278,3135.00,BALANCE,0,0,0
2026-08-21 18:20:50.582658,5400.00,reptiloid,0,0,0
2026-08-21 17:44:34.124963,2300.00,reptiloid,0,0,0
2026-08-21 17:40:54.474157,5500.00,reptiloid,0,0,0
2026-08-21 17:39:54.962123,3300.00,transa,0,0,0
2026-08-21 17:36:41.579986,5500.00,reptiloid,0,0,0
2026-08-21 17:33:44.10094,2300.00,reptiloid,0,0,0
2026-08-21 17:32:06.930212,5500.00,reptiloid,0,0,0
2026-08-21 17:26:04.912423,5500.00,reptiloid,0,0,0
2026-08-21 17:08:22.84978,3300.00,reptiloid,0,0,0
2026-08-21 16:58:24.611323,5600.00,reptiloid,0,0,0
2026-08-21 16:57:18.784906,5500.00,reptiloid,0,0,0
2026-08-21 16:35:09.961509,525.00,BALANCE,0,0,0
2026-08-21 16:30:31.223446,5600.00,reptiloid,0,0,0
2026-08-21 16:05:30.910425,3300.00,reptiloid,0,0,0
2026-08-21 16:04:53.922526,0.00,BALANCE,0,0,0
2026-08-21 16:02:24.2683,4930.00,BALANCE,0,0,0
2026-08-21 15:54:04.454617,2300.00,reptiloid,0,0,0
2026-08-21 15:43:11.117801,8200.00,BALANCE,0,0,0
2026-08-21 15:38:09.640038,5600.00,reptiloid,0,0,0
2026-08-21 15:28:49.686044,7500.00,reptiloid,0,0,0
2026-08-21 15:23:07.021402,0.00,BALANCE,0,0,0
2026-08-21 15:14:27.250364,3850.000,USDT,0,0,52.397000
2026-08-21 15:14:20.793656,2300.00,reptiloid,0,0,0
2026-08-21 14:52:40.065177,5600.00,BALANCE,0,0,0
2026-08-21 14:45:23.747926,3850.000,USDT,0,0,52.397000
2026-08-21 14:41:45.86103,3300.00,BALANCE,0,0,0
2026-08-21 14:41:02.320149,7500.00,reptiloid,0,0,0
2026-08-21 14:29:33.746595,5400.00,reptiloid,0,0,0
2026-08-21 14:24:34.530134,2300.00,reptiloid,0,0,0
2026-08-21 14:14:42.236204,8200.00,reptiloid,0,0,0
2026-08-21 14:08:43.47489,5500.00,reptiloid,0,0,0
2026-08-21 13:54:19.853659,5320.00,BALANCE,0,0,0
2026-08-21 13:34:43.80175,2970.00,BALANCE,0,0,0
2026-08-21 13:27:36.669427,1100.00,BALANCE,0,0,0
2026-08-21 13:05:10.425953,8200.00,BALANCE,0,0,0
2026-08-21 12:58:06.260736,2300.00,reptiloid,0,0,0
2026-08-21 12:42:32.011793,5600.00,BALANCE,0,0,0
2026-08-21 12:21:43.986515,5600.00,reptiloid,0,0,0
2026-08-21 11:47:01.224941,2300.00,reptiloid,0,0,0
2026-08-21 11:20:29.141641,5600.00,BALANCE,0,0,0
2026-08-21 11:19:49.523584,7170.00,BALANCE,0,0,0
2026-08-21 11:19:48.332434,5600.00,card,0,0,0
2026-08-21 11:18:10.859306,8200.00,reptiloid,0,0,0
2026-08-21 11:14:56.515344,5210.00,BALANCE,0,0,0
2026-08-21 10:07:06.19375,5600.00,reptiloid,0,0,0
2026-08-21 10:06:42.167652,3300.00,BALANCE,0,0,0
2026-08-21 10:03:25.049149,5500.00,card,0,0,0
2026-08-21 09:53:04.108339,3300.00,card,0,0,0
2026-08-21 09:16:11.654816,8200.00,reptiloid,0,0,0
2026-08-21 08:01:19.001065,8200.00,reptiloid,0,0,0
2026-08-21 07:40:48.334665,1100.00,BALANCE,0,0,0
2026-08-21 07:06:32.205881,4965.00,BALANCE,0,0,0
2026-08-21 06:58:48.804928,3600.00,reptiloid,0,0,0
2026-08-21 05:57:15.890842,5740.000,USDT,0,0,78.119000
2026-08-21 05:02:01.557461,5400.00,reptiloid,0,0,0
2026-08-21 04:56:18.785091,5500.00,reptiloid,0,0,0
2026-08-21 04:36:13.45953,5500.00,reptiloid,0,0,0
2026-08-21 04:02:16.589948,5600.00,reptiloid,0,0,0
2026-08-21 03:39:47.606696,5600.00,reptiloid,0,0,0
2026-08-21 03:07:48.575717,3300.00,BALANCE,0,0,0
2026-08-21 02:45:51.815806,5600.00,reptiloid,0,0,0
2026-08-21 02:02:48.07938,5600.00,reptiloid,0,0,0
2026-08-21 01:57:23.680437,8200.00,nirvana,0,0,0
2026-08-21 01:26:55.481918,3500.000,USDT,0,0,47.634000
2026-08-20 23:03:39.888599,8200.00,reptiloid,0,0,0
2026-08-20 22:55:38.758632,5600.00,reptiloid,0,0,0
2026-08-20 22:52:41.270443,8200.00,card,0,0,0
2026-08-20 22:47:55.428171,5600.00,BALANCE,0,0,0
2026-08-20 22:35:08.162539,4500.00,reptiloid,0,0,0
2026-08-20 21:51:05.577249,5400.00,reptiloid,0,0,0
2026-08-20 21:30:31.492702,415.00,BALANCE,0,0,0
2026-08-20 21:08:49.397334,5400.00,reptiloid,0,0,0
2026-08-20 21:02:53.032351,5600.00,BALANCE,0,0,0
2026-08-20 20:51:32.397402,5600.00,reptiloid,0,0,0
2026-08-20 20:51:06.596511,5600.00,card,0,0,0
2026-08-20 20:42:52.302586,2100.00,BALANCE,0,0,0
2026-08-20 20:36:00.074574,1700.00,BALANCE,0,0,0
2026-08-20 20:34:35.000677,3600.00,card,0,0,0
2026-08-20 19:24:12.045557,3300.00,reptiloid,0,0,0
2026-08-20 19:17:57.977177,4930.00,BALANCE,0,0,0
2026-08-20 19:14:38.482232,0.00,BALANCE,0,0,0
2026-08-20 19:08:16.231078,3850.000,USDT,0,0,52.397000
2026-08-20 19:03:05.886852,3600.00,BALANCE,0,0,0
2026-08-20 19:02:15.442872,3300.00,BALANCE,0,0,0
2026-08-20 19:01:54.809401,3600.00,card,0,0,0
2026-08-20 19:01:53.840637,3300.00,BALANCE,0,0,0
2026-08-20 18:59:01.002207,5600.00,reptiloid,0,0,0
2026-08-20 18:57:41.004271,7790.00,BALANCE,0,0,0
2026-08-20 18:41:32.458676,2520.000,USDT,0,0,34.296000
2026-08-20 18:40:05.50343,3020.00,BALANCE,0,0,0
2026-08-20 18:38:59.757497,2300.00,reptiloid,0,0,0
2026-08-20 18:35:21.993218,3300.00,BALANCE,0,0,0
2026-08-20 18:32:48.90553,2795.00,BALANCE,0,0,0
2026-08-20 18:21:46.493851,7500.00,reptiloid,0,0,0
2026-08-20 18:04:48.761522,5600.00,reptiloid,0,0,0
2026-08-20 17:55:47.311221,11500.00,reptiloid,0,0,0
2026-08-20 17:45:50.985878,5000.00,reptiloid,0,0,0
2026-08-20 17:34:51.034077,3000.00,BALANCE,0,0,0
2026-08-20 17:33:21.454329,5600.00,reptiloid,0,0,0
2026-08-20 17:29:30.099424,8200.00,reptiloid,0,0,0
2026-08-20 17:10:43.237376,3300.00,reptiloid,0,0,0
2026-08-20 17:09:03.548548,5000.00,reptiloid,0,0,0
2026-08-20 16:52:23.243345,12500.00,reptiloid,0,0,0
2026-08-20 16:46:17.018783,5320.00,BALANCE,0,0,0
2026-08-20 16:36:49.137946,3300.00,reptiloid,0,0,0
2026-08-20 16:18:09.840034,4860.00,BALANCE,0,0,0
2026-08-20 16:16:32.080563,5500.00,reptiloid,0,0,0
2026-08-20 16:13:18.33336,5600.00,reptiloid,0,0,0
2026-08-20 16:07:21.15933,5600.00,reptiloid,0,0,0
2026-08-20 16:06:21.612635,2300.00,reptiloid,0,0,0
2026-08-20 16:02:31.661693,5600.00,reptiloid,0,0,0
2026-08-20 15:44:10.066329,3300.00,reptiloid,0,0,0
2026-08-20 15:16:43.932831,3300.00,reptiloid,0,0,0
2026-08-20 15:04:08.214533,3300.00,reptiloid,0,0,0
2026-08-20 14:29:54.906808,3600.00,reptiloid,0,0,0
2026-08-20 14:16:13.685663,5070.00,BALANCE,0,0,0
2026-08-20 13:51:37.900138,2300.00,card,0,0,0
2026-08-20 13:09:14.189235,19000.00,reptiloid,0,0,0
2026-08-20 12:31:19.696766,5500.00,reptiloid,0,0,0
2026-08-20 12:18:08.146027,18000.00,BALANCE,0,0,0
2026-08-20 11:57:23.786065,5400.00,reptiloid,0,0,0
2026-08-20 11:52:05.189208,3030.00,BALANCE,0,0,0
2026-08-20 11:45:24.841816,2500.00,reptiloid,0,0,0
2026-08-20 11:42:22.029761,3100.00,BALANCE,0,0,0
2026-08-20 11:32:26.618102,12500.00,reptiloid,0,0,0
2026-08-20 11:29:02.387622,3600.00,transa,0,0,0
2026-08-20 11:19:33.952882,3600.00,reptiloid,0,0,0
2026-08-20 10:56:32.464002,4625.00,BALANCE,0,0,0
2026-08-20 10:43:13.787505,3600.00,reptiloid,0,0,0
2026-08-20 10:16:18.322656,5400.00,reptiloid,0,0,0
2026-08-20 10:03:41.185326,2300.00,reptiloid,0,0,0
2026-08-20 09:56:22.210711,11500.00,reptiloid,0,0,0
2026-08-20 09:38:35.923583,2300.00,reptiloid,0,0,0
2026-08-20 08:19:17.832385,7500.00,card,0,0,0
2026-08-20 07:46:02.815227,3600.00,BALANCE,0,0,0
2026-08-20 07:16:29.443833,2300.00,reptiloid,0,0,0
2026-08-20 05:04:57.846415,3300.00,reptiloid,0,0,0
2026-08-20 04:58:48.51387,3300.00,reptiloid,0,0,0
2026-08-20 04:31:09.807568,2300.00,reptiloid,0,0,0
2026-08-20 02:50:23.337714,3300.00,reptiloid,0,0,0
2026-08-20 02:31:53.193715,19000.00,reptiloid,0,0,0
2026-08-20 02:17:07.961098,2500.00,card,0,0,0
2026-08-20 01:56:16.433142,3300.00,card,0,0,0
2026-08-20 01:36:47.291378,6500.00,BALANCE,0,0,0
2026-08-20 01:21:50.574595,5400.00,reptiloid,0,0,0
2026-08-20 00:43:35.995658,3300.00,reptiloid,0,0,0
2026-08-20 00:35:41.814527,1910.00,BALANCE,0,0,0
2026-08-20 00:21:00.334814,5500.00,reptiloid,0,0,0
2026-08-20 00:06:26.536247,2500.00,reptiloid,0,0,0
2026-08-19 23:21:23.091743,5400.00,BALANCE,0,0,0
2026-08-19 22:44:50.255456,2300.00,reptiloid,0,0,0
2026-08-19 22:27:00.150528,3300.00,reptiloid,0,0,0
2026-08-19 22:26:06.139846,2300.00,card,0,0,0
2026-08-19 22:19:34.138657,2970.00,BALANCE,0,0,0
2026-08-19 22:16:27.828989,2500.00,reptiloid,0,0,0
2026-08-19 22:07:55.484421,5500.00,reptiloid,0,0,0
2026-08-19 22:02:45.758324,5500.00,BALANCE,0,0,0
2026-08-19 21:48:52.745737,4700.00,BALANCE,0,0,0
2026-08-19 21:26:36.066663,3600.00,reptiloid,0,0,0
2026-08-19 21:07:16.428656,635.00,BALANCE,0,0,0
2026-08-19 21:07:09.188705,5500.00,BALANCE,0,0,0
2026-08-19 21:01:10.410236,11500.00,reptiloid,0,0,0
2026-08-19 20:55:04.692424,0.00,BALANCE,0,0,0
2026-08-19 20:54:53.298143,5500.00,reptiloid,0,0,0
2026-08-19 20:38:13.191824,0.00,BALANCE,0,0,0
2026-08-19 20:01:59.398463,5500.00,reptiloid,0,0,0
2026-08-19 19:43:33.760685,0.00,BALANCE,0,0,0
2026-08-19 19:32:08.394275,3300.00,reptiloid,0,0,0
2026-08-19 19:06:28.394382,2300.00,card,0,0,0
2026-08-19 18:58:00.22465,200.00,BALANCE,0,0,0
2026-08-19 18:38:34.744433,3300.00,reptiloid,0,0,0
2026-08-19 18:33:40.25611,2300.00,BALANCE,0,0,0
2026-08-19 18:29:57.820701,3300.00,reptiloid,0,0,0
2026-08-19 18:02:12.798236,2300.00,reptiloid,0,0,0
2026-08-19 17:52:26.992257,4675.00,BALANCE,0,0,0
2026-08-19 17:41:41.871667,0.00,BALANCE,0,0,0
2026-08-19 17:35:59.159264,2300.00,reptiloid,0,0,0
2026-08-19 17:19:09.608816,0.00,BALANCE,0,0,0
2026-08-19 17:16:26.66462,7800.00,reptiloid,0,0,0
2026-08-19 17:16:23.447389,3600.00,card,0,0,0
2026-08-19 17:13:54.951327,2300.00,reptiloid,0,0,0
2026-08-19 16:48:36.001155,3300.00,reptiloid,0,0,0
2026-08-19 16:45:54.328795,0.00,BALANCE,0,0,0
2026-08-19 16:19:31.863047,4625.00,BALANCE,0,0,0
2026-08-19 16:08:50.640699,7800.00,reptiloid,0,0,0
2026-08-19 15:56:47.15318,1895.00,BALANCE,0,0,0
2026-08-19 15:55:49.887032,2300.00,reptiloid,0,0,0
2026-08-19 15:49:27.904447,5000.00,reptiloid,0,0,0
2026-08-19 15:39:01.899693,7240.00,BALANCE,0,0,0
2026-08-19 15:19:23.448267,3600.00,BALANCE,0,0,0
2026-08-19 15:19:08.83627,2195.00,BALANCE,0,0,0
2026-08-19 15:12:37.667559,7800.00,reptiloid,0,0,0
2026-08-19 15:03:24.200315,3300.00,reptiloid,0,0,0
2026-08-19 14:58:20.614733,3300.00,reptiloid,0,0,0
2026-08-19 14:03:40.628408,5250.000,USDT,0,0,71.450000
2026-08-19 13:53:41.164736,3600.00,reptiloid,0,0,0
2026-08-19 13:51:22.0667,4400.00,BALANCE,0,0,0
2026-08-19 13:48:01.776133,7800.00,reptiloid,0,0,0
2026-08-19 13:43:06.251857,7800.00,reptiloid,0,0,0
2026-08-19 13:35:55.954163,1100.00,BALANCE,0,0,0
2026-08-19 13:23:43.17984,7800.00,reptiloid,0,0,0
2026-08-19 13:23:16.62101,13300.000,USDT,0,0,181.008000
2026-08-19 13:08:45.002959,7800.00,reptiloid,0,0,0
2026-08-19 12:48:14.55226,3300.00,reptiloid,0,0,0
2026-08-19 12:30:19.735669,3300.00,BALANCE,0,0,0
2026-08-19 12:14:47.166442,3300.00,reptiloid,0,0,0
2026-08-19 11:47:33.235416,0.00,BALANCE,0,0,0
2026-08-19 11:40:19.869281,2300.00,card,0,0,0
2026-08-19 11:06:41.542245,7800.00,transa,0,0,0
2026-08-19 10:36:50.987158,3300.00,BALANCE,0,0,0
2026-08-19 09:56:28.03199,7800.00,transa,0,0,0
2026-08-19 09:34:26.693344,3300.00,reptiloid,0,0,0
2026-08-19 06:02:25.757373,8000.00,reptiloid,0,0,0
2026-08-19 05:25:46.43518,0.00,BALANCE,0,0,0
2026-08-19 05:21:15.034953,11500.00,reptiloid,0,0,0
2026-08-19 04:51:09.386391,2500.00,card,0,0,0
2026-08-19 02:06:09.249825,6850.00,BALANCE,0,0,0
2026-08-19 01:39:44.743414,3300.00,reptiloid,0,0,0
2026-08-19 01:23:15.741782,3300.00,card,0,0,0
2026-08-19 00:06:41.992026,7800.00,card,0,0,0
2026-08-18 23:45:36.572397,3300.00,reptiloid,0,0,0
2026-08-18 23:44:59.739106,7900.00,transa,0,0,0
2026-08-18 23:44:40.232654,3600.00,reptiloid,0,0,0
2026-08-18 23:13:40.928456,3300.00,reptiloid,0,0,0
2026-08-18 23:12:00.702306,2300.00,reptiloid,0,0,0
2026-08-18 22:35:53.966955,2300.00,BALANCE,0,0,0
2026-08-18 22:24:06.254805,4000.00,card,0,0,0
2026-08-18 21:46:49.554006,3300.00,reptiloid,0,0,0
2026-08-18 21:41:13.060739,7800.00,BALANCE,0,0,0
2026-08-18 21:32:39.784023,7520.00,BALANCE,0,0,0
2026-08-18 21:09:26.973736,2300.00,reptiloid,0,0,0
2026-08-18 21:03:09.963756,3300.00,card,0,0,0
2026-08-18 20:44:22.18604,2300.00,reptiloid,0,0,0
2026-08-18 20:43:39.411721,3300.00,transa,0,0,0
2026-08-18 20:21:38.22058,3300.00,reptiloid,0,0,0
2026-08-18 19:38:48.034805,1800.00,BALANCE,0,0,0
2026-08-18 19:27:16.642858,5600.00,transa,0,0,0
2026-08-18 19:12:10.444756,2300.00,transa,0,0,0
2026-08-18 19:08:31.618235,5600.00,reptiloid,0,0,0
2026-08-18 18:55:02.07768,5600.00,reptiloid,0,0,0
2026-08-18 18:36:59.087597,5600.00,transa,0,0,0
2026-08-18 18:28:04.665778,8000.00,card,0,0,0
2026-08-18 18:27:45.747919,5600.00,BALANCE,0,0,0
2026-08-18 18:24:20.336007,3300.00,card,0,0,0
2026-08-18 18:19:34.809892,5400.00,transa,0,0,0
2026-08-18 18:12:19.208484,2300.00,card,0,0,0
2026-08-18 17:40:21.615396,3300.00,card,0,0,0
2026-08-18 17:39:11.891375,2000.00,BALANCE,0,0,0
2026-08-18 17:19:51.455148,5600.00,BALANCE,0,0,0
2026-08-18 17:09:37.790244,0.00,BALANCE,0,0,0
2026-08-18 17:03:53.955216,8000.00,reptiloid,0,0,0
2026-08-18 16:53:15.115497,2300.00,card,0,0,0
2026-08-18 16:31:42.183985,5600.00,reptiloid,0,0,0
2026-08-18 16:30:22.976779,3300.00,BALANCE,0,0,0
2026-08-18 16:14:49.183639,7800.00,BALANCE,0,0,0
2026-08-18 16:13:50.776289,12500.00,card,0,0,0
2026-08-18 16:12:27.444767,5500.00,BALANCE,0,0,0
2026-08-18 16:09:31.203206,12500.00,card,0,0,0
2026-08-18 16:07:23.299623,7800.00,reptiloid,0,0,0
2026-08-18 15:54:18.963892,5600.00,card,0,0,0
2026-08-18 15:39:28.401415,4000.00,BALANCE,0,0,0
2026-08-18 15:39:21.983211,5300.00,BALANCE,0,0,0
2026-08-18 15:00:58.281936,3300.00,card,0,0,0
2026-08-18 14:24:45.291486,2300.00,reptiloid,0,0,0
2026-08-18 14:02:48.349133,2300.00,card,0,0,0
2026-08-18 13:56:34.902534,7800.00,reptiloid,0,0,0
2026-08-18 13:50:20.569631,7500.00,reptiloid,0,0,0
2026-08-18 12:55:03.893264,10000.00,nirvana,0,0,0
2026-08-18 12:53:13.761404,8000.00,reptiloid,0,0,0
2026-08-18 12:53:03.233653,2310.000,USDT,0,0,31.438000
2026-08-18 12:43:39.144925,685.00,BALANCE,0,0,0
2026-08-18 12:35:53.1338,7800.00,transa,0,0,0
2026-08-18 12:34:21.77366,7800.00,reptiloid,0,0,0
2026-08-18 12:13:59.528858,2630.00,BALANCE,0,0,0
2026-08-18 11:05:24.895795,3300.00,reptiloid,0,0,0
2026-08-18 09:52:45.247717,2300.00,card,0,0,0
2026-08-18 09:26:04.89293,3300.00,card,0,0,0
2026-08-18 08:04:18.358244,12500.00,card,0,0,0
2026-08-18 07:59:27.773103,2300.00,transa,0,0,0
2026-08-18 07:12:17.78397,5500.00,BALANCE,0,0,0
2026-08-18 06:28:21.912741,2300.00,transa,0,0,0
2026-08-18 04:09:51.991591,3300.00,reptiloid,0,0,0
2026-08-18 03:16:34.101207,3300.00,card,0,0,0
2026-08-18 00:47:22.92269,3300.00,transa,0,0,0
2026-08-17 23:17:57.102696,19000.00,reptiloid,0,0,0
2026-08-17 23:09:14.263891,8000.00,reptiloid,0,0,0
2026-08-17 22:22:01.445436,3300.00,transa,0,0,0
2026-08-17 22:19:52.86005,5400.00,reptiloid,0,0,0
2026-08-17 21:59:23.386049,3300.00,card,0,0,0
2026-08-17 20:45:37.204059,7800.00,BALANCE,0,0,0
2026-08-17 20:40:38.692185,3300.00,BALANCE,0,0,0
2026-08-17 20:40:03.657903,5400.00,transa,0,0,0
2026-08-17 20:37:58.249248,7500.00,reptiloid,0,0,0
2026-08-17 20:15:24.353072,7800.00,reptiloid,0,0,0
2026-08-17 20:01:00.373265,5600.000,USDT,0,0,76.214000
2026-08-17 19:51:42.184429,5300.00,reptiloid,0,0,0
2026-08-17 19:51:08.566247,7800.00,reptiloid,0,0,0
2026-08-17 19:38:01.100742,7500.00,reptiloid,0,0,0
2026-08-17 19:11:16.436105,2300.00,reptiloid,0,0,0
2026-08-17 18:37:22.357767,4400.00,BALANCE,0,0,0
2026-08-17 18:23:51.508298,7800.00,transa,0,0,0
2026-08-17 17:37:52.249246,7800.00,card,0,0,0
2026-08-17 17:21:37.081993,0.00,BALANCE,0,0,0
2026-08-17 17:15:31.888636,2300.00,reptiloid,0,0,0
2026-08-17 17:06:20.665821,7800.00,card,0,0,0
2026-08-17 16:20:14.409342,4000.00,BALANCE,0,0,0
2026-08-17 16:19:05.54377,1610.000,USDT,0,0,21.911000
2026-08-17 16:15:13.667166,5500.00,reptiloid,0,0,0
2026-08-17 16:09:07.497991,3300.00,reptiloid,0,0,0
2026-08-17 15:22:28.886092,7800.00,BALANCE,0,0,0
2026-08-17 15:15:35.014569,7800.00,reptiloid,0,0,0
2026-08-17 14:06:01.622397,5400.00,reptiloid,0,0,0
2026-08-17 13:58:03.704627,20000.00,reptiloid,0,0,0
2026-08-17 13:33:32.131152,4000.00,BALANCE,0,0,0
2026-08-17 13:24:53.355353,2500.00,BALANCE,0,0,0
2026-08-17 12:46:04.383254,3300.00,reptiloid,0,0,0
2026-08-17 12:42:38.604552,2000.00,BALANCE,0,0,0
2026-08-17 11:47:22.831848,2300.00,reptiloid,0,0,0
2026-08-17 11:28:50.245426,0.00,BALANCE,0,0,0
2026-08-17 11:26:25.788145,5500.00,nirvana,0,0,0
2026-08-17 11:06:24.577377,3300.00,BALANCE,0,0,0
2026-08-17 11:03:07.736726,2300.00,reptiloid,0,0,0
2026-08-17 10:57:23.808222,3300.00,transa,0,0,0
2026-08-17 10:50:45.005854,3300.00,reptiloid,0,0,0
2026-08-17 09:01:19.010782,5800.00,reptiloid,0,0,0
2026-08-17 08:14:39.728699,3300.00,transa,0,0,0
2026-08-17 08:04:59.586232,5500.00,reptiloid,0,0,0
2026-08-17 07:59:54.746404,2300.00,card,0,0,0
2026-08-17 06:18:49.744101,2300.00,reptiloid,0,0,0
2026-08-17 06:16:26.740304,5400.00,reptiloid,0,0,0
2026-08-17 04:18:17.862426,5700.00,BALANCE,0,0,0
2026-08-17 02:57:53.977863,2300.00,transa,0,0,0
2026-08-17 02:06:55.30344,8200.00,transa,0,0,0
2026-08-17 01:29:33.337464,3300.00,transa,0,0,0
2026-08-17 00:40:23.30873,3300.00,card,0,0,0
2026-08-17 00:36:34.685851,2300.00,card,0,0,0
2026-08-17 00:25:11.922817,2300.00,reptiloid,0,0,0
2026-08-17 00:09:01.896188,8200.00,card,0,0,0
2026-08-16 23:57:22.83989,3600.00,card,0,0,0
2026-08-16 23:33:44.374819,5400.00,reptiloid,0,0,0
2026-08-16 23:10:56.758114,8200.00,reptiloid,0,0,0
2026-08-16 23:05:44.941034,3600.00,transa,0,0,0
2026-08-16 23:03:13.350046,8200.00,transa,0,0,0
2026-08-16 22:57:49.95501,2300.00,transa,0,0,0
2026-08-16 22:55:18.587903,2300.00,reptiloid,0,0,0
2026-08-16 22:53:05.179404,3600.00,reptiloid,0,0,0
2026-08-16 22:45:40.279541,3600.00,reptiloid,0,0,0
2026-08-16 22:39:22.489933,3300.00,transa,0,0,0
2026-08-16 22:28:59.609978,5500.00,reptiloid,0,0,0
2026-08-16 22:26:18.242239,3600.00,reptiloid,0,0,0
2026-08-16 22:22:37.599881,3600.00,reptiloid,0,0,0
2026-08-16 22:13:50.959569,1300.00,BALANCE,0,0,0
2026-08-16 22:08:45.339887,2310.000,USDT,0,0,31.438000
2026-08-16 22:08:12.375151,0.00,BALANCE,0,0,0
2026-08-16 22:06:23.757739,3040.00,BALANCE,0,0,0
2026-08-16 21:48:38.430622,1300.00,BALANCE,0,0,0
2026-08-16 21:47:26.894677,3600.00,reptiloid,0,0,0
2026-08-16 21:45:28.740934,10000.00,BALANCE,0,0,0
2026-08-16 21:37:18.444375,3000.00,BALANCE,0,0,0
2026-08-16 21:09:54.645309,3600.00,BALANCE,0,0,0
2026-08-16 20:55:57.142502,1300.00,BALANCE,0,0,0
2026-08-16 20:47:04.642138,5400.00,card,0,0,0
2026-08-16 20:35:54.368475,3600.00,transa,0,0,0
2026-08-16 20:31:51.547919,3600.00,reptiloid,0,0,0
2026-08-16 20:04:05.12587,5400.00,reptiloid,0,0,0
2026-08-16 20:02:15.344765,5700.00,reptiloid,0,0,0
2026-08-16 19:59:56.488448,5700.00,reptiloid,0,0,0
2026-08-16 19:23:13.008435,4900.00,BALANCE,0,0,0
2026-08-16 19:19:58.830191,2900.00,BALANCE,0,0,0
2026-08-16 18:53:54.988347,3600.00,reptiloid,0,0,0
2026-08-16 18:26:48.836358,5400.00,transa,0,0,0
2026-08-16 18:22:35.59427,3200.00,BALANCE,0,0,0
2026-08-16 18:15:58.001741,3600.00,card,0,0,0
2026-08-16 18:15:16.729075,5700.00,reptiloid,0,0,0
2026-08-16 18:14:38.566579,3300.00,reptiloid,0,0,0
2026-08-16 18:10:34.606119,1300.00,BALANCE,0,0,0
2026-08-16 17:41:46.059565,5400.00,transa,0,0,0
2026-08-16 17:07:35.509043,3600.00,reptiloid,0,0,0
2026-08-16 17:00:14.745631,5700.00,reptiloid,0,0,0
2026-08-16 16:43:26.209162,180.00,BALANCE,0,0,0
2026-08-16 16:26:27.317094,3600.00,reptiloid,0,0,0
2026-08-16 16:18:02.675741,3850.000,USDT,0,0,52.397000
2026-08-16 15:15:27.205288,5400.00,reptiloid,0,0,0
2026-08-16 15:13:28.244278,2300.00,transa,0,0,0
2026-08-16 15:12:50.784056,3600.00,transa,0,0,0
2026-08-16 15:10:45.046553,5400.00,transa,0,0,0
2026-08-16 15:03:48.965259,3600.00,card,0,0,0
2026-08-16 14:54:07.788288,3600.00,reptiloid,0,0,0
2026-08-16 14:36:51.134767,3600.00,card,0,0,0
2026-08-16 14:33:19.041058,8500.00,transa,0,0,0
2026-08-16 14:23:29.058524,5500.00,transa,0,0,0
2026-08-16 14:20:16.488453,3600.00,transa,0,0,0
2026-08-16 14:03:54.304893,8500.00,card,0,0,0
2026-08-16 13:53:56.872852,3600.00,BALANCE,0,0,0
2026-08-16 13:32:09.95083,5600.000,USDT,0,0,76.214000
2026-08-16 13:28:10.951033,3600.00,BALANCE,0,0,0
2026-08-16 13:10:24.012658,5250.000,USDT,0,0,71.450000
2026-08-16 13:08:58.876533,4825.00,BALANCE,0,0,0
2026-08-16 13:03:22.286241,2300.00,BALANCE,0,0,0
2026-08-16 12:59:43.046407,5400.00,transa,0,0,0
2026-08-16 12:34:41.583286,3600.00,transa,0,0,0
2026-08-16 12:33:07.639451,3600.00,reptiloid,0,0,0
2026-08-16 12:21:10.623043,3600.00,reptiloid,0,0,0
2026-08-16 12:16:33.138967,8500.00,reptiloid,0,0,0
2026-08-16 12:05:06.751247,2300.00,BALANCE,0,0,0
2026-08-16 11:58:32.977202,5500.00,reptiloid,0,0,0
2026-08-16 11:47:42.992567,5700.00,transa,0,0,0
2026-08-16 11:46:17.802365,3600.00,card,0,0,0
2026-08-16 11:25:46.605371,3300.00,card,0,0,0
2026-08-16 10:21:29.517483,3400.00,BALANCE,0,0,0
2026-08-16 10:12:10.167262,2500.00,reptiloid,0,0,0
2026-08-16 09:59:10.279287,8500.00,reptiloid,0,0,0
2026-08-16 09:46:15.239427,5400.00,BALANCE,0,0,0
2026-08-16 09:39:18.777489,2300.00,transa,0,0,0
2026-08-16 09:35:11.938444,3300.00,reptiloid,0,0,0
2026-08-16 09:24:56.759933,3600.00,transa,0,0,0
2026-08-16 08:23:28.60047,3600.00,reptiloid,0,0,0
2026-08-16 08:22:16.088919,3600.00,BALANCE,0,0,0
2026-08-16 07:15:07.290693,7500.00,transa,0,0,0
2026-08-16 06:59:55.444616,3300.00,BALANCE,0,0,0
2026-08-16 06:59:19.707229,2875.00,BALANCE,0,0,0
2026-08-16 06:23:21.746777,3600.00,transa,0,0,0
2026-08-16 06:17:41.703806,14000.000,USDT,0,0,190.534000
2026-08-16 06:02:45.417823,3600.00,reptiloid,0,0,0
2026-08-16 05:53:04.688277,2500.00,reptiloid,0,0,0
2026-08-16 05:43:10.892965,7500.00,reptiloid,0,0,0
2026-08-16 05:28:29.665271,3300.00,reptiloid,0,0,0
2026-08-16 05:17:15.780574,3300.00,transa,0,0,0
2026-08-16 04:25:57.055216,5400.00,transa,0,0,0
2026-08-16 04:23:03.578804,3600.00,reptiloid,0,0,0
2026-08-16 04:15:13.140929,3600.00,transa,0,0,0
2026-08-16 03:45:24.558919,3600.00,reptiloid,0,0,0
2026-08-16 03:36:12.810125,3600.00,reptiloid,0,0,0
2026-08-16 03:33:33.665751,2300.00,transa,0,0,0
2026-08-16 03:30:14.355801,3780.000,USDT,0,0,51.444000
2026-08-16 03:13:55.018131,3600.00,reptiloid,0,0,0
2026-08-16 01:44:01.651401,2300.00,reptiloid,0,0,0
2026-08-16 01:40:55.618583,1610.000,USDT,0,0,21.911000
2026-08-16 01:33:47.469156,2300.00,reptiloid,0,0,0
2026-08-16 01:05:19.457227,3320.00,BALANCE,0,0,0
2026-08-16 00:46:11.063718,3600.00,reptiloid,0,0,0
2026-08-16 00:29:27.231547,3600.00,transa,0,0,0
2026-08-16 00:17:22.520119,1300.00,BALANCE,0,0,0
2026-08-15 23:54:17.175077,3600.00,reptiloid,0,0,0
2026-08-15 23:46:24.52829,3600.00,reptiloid,0,0,0
2026-08-15 23:32:14.434438,3600.00,BALANCE,0,0,0
2026-08-15 23:26:36.492864,5400.00,reptiloid,0,0,0
2026-08-15 23:20:06.708648,7000.000,USDT,0,0,95.267000
2026-08-15 23:16:52.056046,5500.00,reptiloid,0,0,0
2026-08-15 23:08:23.931516,5500.00,reptiloid,0,0,0
2026-08-15 22:52:12.463658,3600.00,transa,0,0,0
2026-08-15 22:49:54.650188,3600.00,transa,0,0,0
2026-08-15 22:41:50.893231,1300.00,BALANCE,0,0,0
2026-08-15 22:38:25.795477,2300.00,reptiloid,0,0,0
2026-08-15 22:33:38.494288,3300.00,reptiloid,0,0,0
2026-08-15 22:14:21.914873,3100.00,BALANCE,0,0,0
2026-08-15 22:05:22.241744,8500.00,BALANCE,0,0,0
2026-08-15 21:48:13.611328,5500.00,transa,0,0,0
2026-08-15 21:39:52.373631,2300.00,reptiloid,0,0,0
2026-08-15 21:38:19.08432,2300.00,transa,0,0,0
2026-08-15 21:26:28.028513,13000.00,reptiloid,0,0,0
2026-08-15 21:03:36.237577,0.00,BALANCE,0,0,0
2026-08-15 19:57:16.292337,5400.00,transa,0,0,0
2026-08-15 19:49:28.672953,2500.00,transa,0,0,0
2026-08-15 19:27:28.024162,5500.00,reptiloid,0,0,0
2026-08-15 19:14:07.515599,5400.00,transa,0,0,0
2026-08-15 19:13:06.229287,5250.000,USDT,0,0,71.450000
2026-08-15 19:05:58.450062,2900.00,BALANCE,0,0,0
2026-08-15 19:04:56.234342,3300.00,transa,0,0,0
2026-08-15 18:29:25.283208,2500.00,transa,0,0,0
2026-08-15 18:01:49.73688,3300.00,reptiloid,0,0,0
2026-08-15 17:58:00.49184,2300.00,reptiloid,0,0,0
2026-08-15 17:32:34.849735,11500.00,reptiloid,0,0,0
2026-08-15 17:29:00.568417,3300.00,reptiloid,0,0,0
2026-08-15 17:24:51.041966,10000.00,reptiloid,0,0,0
2026-08-15 16:53:26.241674,5500.00,transa,0,0,0
2026-08-15 16:43:08.42225,2300.00,reptiloid,0,0,0
2026-08-15 16:37:08.74145,800.00,BALANCE,0,0,0
2026-08-15 16:37:07.261675,2500.00,card,0,0,0
2026-08-15 16:33:10.500314,2500.00,transa,0,0,0
2026-08-15 15:43:46.733778,3300.00,reptiloid,0,0,0
2026-08-15 15:39:26.705494,3300.00,transa,0,0,0
2026-08-15 15:35:01.652584,3300.00,reptiloid,0,0,0
2026-08-15 15:18:25.92367,3300.00,reptiloid,0,0,0
2026-08-15 15:16:19.689543,9100.000,USDT,0,0,123.847000
2026-08-15 14:15:21.508168,2500.00,reptiloid,0,0,0
2026-08-15 14:14:51.556579,10000.00,reptiloid,0,0,0
2026-08-15 13:40:20.472532,8500.00,card,0,0,0
2026-08-15 13:34:21.403591,2500.00,card,0,0,0
2026-08-15 13:29:32.208872,4950.00,BALANCE,0,0,0
2026-08-15 12:53:43.614585,0.00,BALANCE,0,0,0
2026-08-15 12:48:53.930127,635.00,BALANCE,0,0,0
2026-08-15 12:47:26.16865,10000.00,card,0,0,0
2026-08-15 12:23:57.633734,2500.00,reptiloid,0,0,0
2026-08-15 11:47:28.970297,10000.00,transa,0,0,0
2026-08-15 11:30:29.863798,2500.00,BALANCE,0,0,0
2026-08-15 11:03:49.677784,3300.00,reptiloid,0,0,0
2026-08-15 09:19:41.758906,7500.00,reptiloid,0,0,0
2026-08-15 08:50:17.773247,2300.00,reptiloid,0,0,0
2026-08-15 08:03:05.777105,7500.00,reptiloid,0,0,0
2026-08-15 07:05:14.466382,0.00,BALANCE,0,0,0
2026-08-15 06:40:38.962774,4000.00,BALANCE,0,0,0
2026-08-15 04:49:08.955113,2500.00,reptiloid,0,0,0
2026-08-15 02:38:00.878316,3300.00,BALANCE,0,0,0
2026-08-15 02:14:11.384052,7800.00,reptiloid,0,0,0
2026-08-15 01:33:55.443582,800.00,BALANCE,0,0,0
2026-08-15 01:29:27.137133,3300.00,reptiloid,0,0,0
2026-08-15 01:27:57.200777,5400.00,reptiloid,0,0,0
2026-08-15 01:06:45.641982,2500.00,reptiloid,0,0,0
2026-08-15 01:02:42.895401,7800.00,transa,0,0,0
2026-08-14 23:40:31.557754,7800.00,reptiloid,0,0,0
2026-08-14 22:43:15.177755,5500.00,reptiloid,0,0,0
2026-08-14 22:25:15.820168,5500.00,BALANCE,0,0,0
2026-08-14 22:19:42.986092,7800.00,transa,0,0,0
2026-08-14 22:13:32.392265,2300.00,reptiloid,0,0,0
2026-08-14 21:44:40.618477,5400.00,transa,0,0,0
2026-08-14 21:21:27.618846,5400.00,transa,0,0,0
2026-08-14 21:19:21.925718,3300.00,BALANCE,0,0,0
2026-08-14 20:45:30.087796,5500.00,reptiloid,0,0,0
2026-08-14 20:06:07.711739,2300.00,transa,0,0,0
2026-08-14 19:22:51.186758,2500.00,reptiloid,0,0,0
2026-08-14 19:22:11.601859,2500.00,reptiloid,0,0,0
2026-08-14 19:16:53.105334,5500.00,nirvana,0,0,0
2026-08-14 18:41:17.646176,1900.00,BALANCE,0,0,0
2026-08-14 18:40:03.233751,3300.00,transa,0,0,0
2026-08-14 18:28:29.227676,3600.00,transa,0,0,0
2026-08-14 18:25:24.157813,5400.00,BALANCE,0,0,0
2026-08-14 18:24:10.038141,5250.000,USDT,0,0,71.450000
2026-08-14 18:04:31.492337,7630.00,BALANCE,0,0,0
2026-08-14 17:58:25.917151,2500.00,BALANCE,0,0,0
2026-08-14 17:56:16.829241,2300.00,BALANCE,0,0,0
2026-08-14 17:48:19.310991,7500.00,reptiloid,0,0,0
2026-08-14 17:42:33.810226,5500.00,reptiloid,0,0,0
2026-08-14 17:40:21.561052,3600.00,reptiloid,0,0,0
2026-08-14 17:37:22.936983,3600.00,reptiloid,0,0,0
2026-08-14 17:28:46.470694,5950.000,USDT,0,0,80.977000
2026-08-14 17:19:40.462207,3600.00,reptiloid,0,0,0
2026-08-14 17:11:25.946597,3600.00,BALANCE,0,0,0
2026-08-14 17:10:16.42634,3600.00,BALANCE,0,0,0
2026-08-14 17:04:06.276208,3600.00,transa,0,0,0
2026-08-14 16:52:09.896382,3900.00,BALANCE,0,0,0
2026-08-14 16:50:26.412655,2000.00,BALANCE,0,0,0
2026-08-14 16:42:23.68915,3300.00,reptiloid,0,0,0
2026-08-14 16:33:32.565517,3600.00,transa,0,0,0
2026-08-14 16:26:25.284527,1870.00,BALANCE,0,0,0
2026-08-14 16:05:55.599667,10000.00,reptiloid,0,0,0
2026-08-14 15:47:00.388512,6950.00,BALANCE,0,0,0
2026-08-14 15:40:47.512174,3600.00,card,0,0,0
2026-08-14 15:39:39.608641,3600.00,BALANCE,0,0,0
2026-08-14 15:21:02.623978,2520.000,USDT,0,0,34.296000
2026-08-14 15:03:00.622722,3600.00,reptiloid,0,0,0
2026-08-14 14:28:24.267573,0.00,BALANCE,0,0,0
2026-08-14 14:12:45.344594,5400.00,reptiloid,0,0,0
2026-08-14 14:09:53.102507,12000.00,reptiloid,0,0,0
2026-08-14 14:05:33.12987,2500.00,reptiloid,0,0,0
2026-08-14 13:36:36.62964,0.00,BALANCE,0,0,0
2026-08-14 13:04:11.718254,5700.00,transa,0,0,0
2026-08-14 12:58:21.555267,7500.00,BALANCE,0,0,0
2026-08-14 12:55:22.660252,8200.00,reptiloid,0,0,0
2026-08-14 12:50:33.104487,0.00,BALANCE,0,0,0
2026-08-14 11:59:10.983374,2310.000,USDT,0,0,31.438000
2026-08-14 11:40:56.854105,3300.00,reptiloid,0,0,0
2026-08-14 11:33:03.529919,1100.00,BALANCE,0,0,0
2026-08-14 11:29:28.551082,3300.00,reptiloid,0,0,0
2026-08-14 11:19:04.204834,3300.00,reptiloid,0,0,0
2026-08-14 11:02:45.505032,3600.00,card,0,0,0
2026-08-14 10:55:04.234687,3600.00,transa,0,0,0
2026-08-14 10:52:29.475377,5700.00,transa,0,0,0
2026-08-14 10:45:32.20665,5700.00,reptiloid,0,0,0
2026-08-14 10:32:00.717748,3300.00,transa,0,0,0
2026-08-14 10:22:43.715301,3300.00,reptiloid,0,0,0
2026-08-14 09:38:59.466501,3600.00,reptiloid,0,0,0
2026-08-14 09:36:13.41203,3600.00,reptiloid,0,0,0
2026-08-14 09:12:57.377309,3600.00,transa,0,0,0
2026-08-14 09:11:03.009733,3600.00,reptiloid,0,0,0
2026-08-14 08:22:42.35103,3600.00,reptiloid,0,0,0
2026-08-14 07:51:16.54895,10000.00,reptiloid,0,0,0
2026-08-14 06:11:05.463546,0.00,BALANCE,0,0,0
2026-08-14 06:06:41.801589,3600.00,reptiloid,0,0,0
2026-08-14 05:59:32.945568,2300.00,card,0,0,0
2026-08-14 05:43:28.328068,3600.00,card,0,0,0
2026-08-14 05:36:27.629527,3300.00,reptiloid,0,0,0
2026-08-14 05:36:06.929485,3600.00,card,0,0,0
2026-08-14 05:28:25.490103,3600.00,card,0,0,0
2026-08-14 04:40:33.727226,3600.00,reptiloid,0,0,0
2026-08-14 03:48:56.423091,5400.00,reptiloid,0,0,0
2026-08-14 03:14:26.840423,2970.00,BALANCE,0,0,0
2026-08-14 03:09:13.040214,7500.00,transa,0,0,0
2026-08-14 02:14:01.943499,3600.00,reptiloid,0,0,0
2026-08-14 01:53:47.680583,3300.00,reptiloid,0,0,0
2026-08-14 01:40:36.770992,3600.00,reptiloid,0,0,0
2026-08-14 01:35:42.348849,1300.00,BALANCE,0,0,0
2026-08-14 00:45:29.833678,3600.00,BALANCE,0,0,0
2026-08-14 00:27:33.301514,3600.00,transa,0,0,0
2026-08-13 23:19:30.595949,12575.00,BALANCE,0,0,0
2026-08-13 22:49:27.109672,3600.00,reptiloid,0,0,0
2026-08-13 22:31:15.70109,3600.00,BALANCE,0,0,0
2026-08-13 22:15:47.352253,3600.00,reptiloid,0,0,0
2026-08-13 22:01:29.51933,7500.00,BALANCE,0,0,0
2026-08-13 19:59:33.30982,3300.00,reptiloid,0,0,0
2026-08-13 19:35:37.270858,8500.00,reptiloid,0,0,0
2026-08-13 18:57:39.731494,7500.00,reptiloid,0,0,0
2026-08-13 18:43:55.044719,22000.00,reptiloid,0,0,0
2026-08-13 18:19:33.851786,2660.000,USDT,0,0,36.202000
2026-08-13 18:12:07.833014,3800.00,reptiloid,0,0,0
2026-08-13 17:47:29.694318,5800.00,reptiloid,0,0,0
2026-08-13 17:44:24.319734,800.00,BALANCE,0,0,0
2026-08-13 16:14:03.697504,2300.00,BALANCE,0,0,0
2026-08-13 15:48:54.036795,3300.00,transa,0,0,0
2026-08-13 15:43:23.496987,2300.00,transa,0,0,0
2026-08-13 15:38:47.465144,3800.00,BALANCE,0,0,0
2026-08-13 15:29:00.944771,5800.00,BALANCE,0,0,0
2026-08-13 15:13:49.125201,3800.00,reptiloid,0,0,0
2026-08-13 15:06:42.484741,3300.00,reptiloid,0,0,0
2026-08-13 15:03:59.64289,9100.000,USDT,0,0,123.847000
2026-08-13 14:47:13.122602,2300.00,card,0,0,0
2026-08-13 14:31:36.780229,3800.00,card,0,0,0
2026-08-13 14:18:18.1556,8200.00,reptiloid,0,0,0
2026-08-13 14:07:10.981719,5400.00,reptiloid,0,0,0
2026-08-13 13:52:04.67755,3300.00,reptiloid,0,0,0
2026-08-13 13:42:54.531848,3300.00,BALANCE,0,0,0
2026-08-13 13:27:37.606433,5800.00,reptiloid,0,0,0
2026-08-13 13:26:13.835832,2900.00,BALANCE,0,0,0
2026-08-13 11:14:19.256943,3300.00,reptiloid,0,0,0
2026-08-13 10:59:14.84254,3300.00,reptiloid,0,0,0
2026-08-13 10:42:39.697846,2300.00,reptiloid,0,0,0
2026-08-13 09:43:21.052134,3800.00,BALANCE,0,0,0
2026-08-13 08:47:08.133143,2300.00,reptiloid,0,0,0
2026-08-13 06:52:17.492069,15400.000,USDT,0,0,209.588000
2026-08-13 06:03:04.498317,3300.00,reptiloid,0,0,0
2026-08-12 23:12:14.100822,2300.00,reptiloid,0,0,0
2026-08-12 23:04:52.648345,3300.00,reptiloid,0,0,0
2026-08-12 22:33:24.510565,5800.00,reptiloid,0,0,0
2026-08-12 22:28:39.913454,2300.00,card,0,0,0
2026-08-12 22:06:01.779544,5400.00,transa,0,0,0
2026-08-12 21:36:34.940456,3800.00,BALANCE,0,0,0
2026-08-12 21:12:43.544851,3300.00,transa,0,0,0
2026-08-12 21:04:35.053749,1300.00,BALANCE,0,0,0
2026-08-12 20:47:57.000411,3600.00,nirvana,0,0,0
2026-08-12 20:46:05.124581,3600.00,reptiloid,0,0,0
2026-08-12 20:27:52.90869,3600.00,transa,0,0,0
2026-08-12 20:10:50.004188,3600.00,nirvana,0,0,0
2026-08-12 20:08:49.21565,3600.00,reptiloid,0,0,0
2026-08-12 20:01:02.323806,2300.00,card,0,0,0
2026-08-12 19:26:08.263522,3600.00,BALANCE,0,0,0
2026-08-12 18:24:52.803826,22000.00,nirvana,0,0,0
2026-08-12 17:58:55.236742,5800.00,transa,0,0,0
2026-08-12 17:58:31.280383,3600.00,reptiloid,0,0,0
2026-08-12 17:47:46.626216,3600.00,BALANCE,0,0,0
2026-08-12 17:41:29.161724,3300.00,reptiloid,0,0,0
2026-08-12 17:34:47.498945,2300.00,reptiloid,0,0,0
2026-08-12 17:02:05.152749,3600.00,reptiloid,0,0,0
2026-08-12 16:48:15.805185,3600.00,BALANCE,0,0,0
2026-08-12 16:40:22.358113,3600.00,transa,0,0,0
2026-08-12 16:38:00.693289,3600.00,transa,0,0,0
2026-08-12 16:33:56.04283,3800.00,transa,0,0,0
2026-08-12 16:28:58.569491,8200.00,reptiloid,0,0,0
2026-08-12 16:22:50.183471,3600.00,transa,0,0,0
2026-08-12 16:17:44.89905,1610.000,USDT,0,0,21.911000
2026-08-12 15:59:35.777686,2520.000,USDT,0,0,34.296000
2026-08-12 15:46:57.224915,3600.00,BALANCE,0,0,0
2026-08-12 15:44:13.187845,5250.000,USDT,0,0,71.450000
2026-08-12 15:43:28.545674,1300.00,BALANCE,0,0,0
2026-08-12 15:30:01.081535,0.00,BALANCE,0,0,0
2026-08-12 15:28:14.595431,3600.00,reptiloid,0,0,0
2026-08-12 15:24:04.851503,2520.000,USDT,0,0,34.296000
2026-08-12 15:11:27.102189,3600.00,BALANCE,0,0,0
2026-08-12 15:02:40.820717,3300.00,reptiloid,0,0,0
2026-08-12 12:44:40.448462,5400.00,transa,0,0,0
2026-08-12 12:44:22.442088,5950.000,USDT,0,0,80.977000
2026-08-12 12:33:00.946763,7915.00,BALANCE,0,0,0
2026-08-12 12:15:07.374931,2300.00,reptiloid,0,0,0
2026-08-12 12:10:28.828974,6920.00,BALANCE,0,0,0
2026-08-12 11:55:09.166083,3300.00,BALANCE,0,0,0
2026-08-12 11:54:29.820992,3300.00,reptiloid,0,0,0
2026-08-12 11:53:09.090581,5400.00,reptiloid,0,0,0
2026-08-12 11:44:46.020675,1930.00,BALANCE,0,0,0
2026-08-12 11:43:06.340846,3300.00,reptiloid,0,0,0
2026-08-12 11:36:30.595208,5740.000,USDT,0,0,78.119000
2026-08-12 11:31:00.679981,2300.00,reptiloid,0,0,0
2026-08-12 11:20:58.435776,3800.00,reptiloid,0,0,0
2026-08-12 10:47:27.053629,0.00,BALANCE,0,0,0
2026-08-12 10:17:12.986127,3300.00,reptiloid,0,0,0
2026-08-12 09:30:06.623416,3300.00,reptiloid,0,0,0
2026-08-12 08:28:38.498683,3800.00,card,0,0,0
2026-08-12 06:17:43.764941,22000.00,BALANCE,0,0,0
2026-08-12 02:01:56.495097,3300.00,reptiloid,0,0,0
2026-08-11 23:46:15.807507,8200.00,transa,0,0,0
2026-08-11 23:31:54.708066,4300.00,BALANCE,0,0,0
2026-08-11 23:12:46.543186,8200.00,nirvana,0,0,0
2026-08-11 23:11:50.432017,2900.00,BALANCE,0,0,0
2026-08-11 23:08:53.309169,4300.00,BALANCE,0,0,0
2026-08-11 21:48:32.652931,10000.00,BALANCE,0,0,0
2026-08-11 21:28:14.862738,5400.00,reptiloid,0,0,0
2026-08-11 21:08:19.003549,5400.00,reptiloid,0,0,0
2026-08-11 21:01:33.053218,5740.000,USDT,0,0,78.119000
2026-08-11 19:28:19.690145,3300.00,reptiloid,0,0,0
2026-08-11 19:24:42.26084,2300.00,card,0,0,0
2026-08-11 19:19:41.880772,8200.00,transa,0,0,0
2026-08-11 19:17:08.485258,2300.00,reptiloid,0,0,0
2026-08-11 19:14:06.0441,3300.00,card,0,0,0
2026-08-11 19:01:49.02186,3300.00,BALANCE,0,0,0
2026-08-11 18:58:09.18314,5800.00,BALANCE,0,0,0
2026-08-11 18:52:57.343076,3300.00,BALANCE,0,0,0
2026-08-11 18:42:17.26558,3300.00,card,0,0,0
2026-08-11 18:22:39.758413,2300.00,reptiloid,0,0,0
2026-08-11 18:07:53.713365,8200.00,card,0,0,0
2026-08-11 18:04:28.71275,4300.00,BALANCE,0,0,0
2026-08-11 17:58:42.173883,8200.00,card,0,0,0
2026-08-11 17:35:33.231109,685.00,BALANCE,0,0,0
2026-08-11 17:34:33.576131,3300.00,reptiloid,0,0,0
2026-08-11 17:21:30.081824,4060.000,USDT,0,0,55.255000
2026-08-11 17:12:35.407077,5800.00,card,0,0,0
2026-08-11 16:45:36.171811,2605.00,BALANCE,0,0,0
2026-08-11 15:07:15.199339,3300.00,transa,0,0,0
2026-08-11 14:45:17.985201,2970.00,BALANCE,0,0,0
2026-08-11 14:33:42.060122,5400.00,reptiloid,0,0,0
2026-08-11 14:01:42.122032,7800.00,reptiloid,0,0,0
2026-08-11 13:51:02.861957,5800.00,reptiloid,0,0,0
2026-08-11 13:38:26.127096,7500.00,reptiloid,0,0,0
2026-08-11 12:47:07.031645,3300.00,reptiloid,0,0,0
2026-08-11 12:34:45.73658,3300.00,reptiloid,0,0,0
2026-08-11 12:28:34.238168,5600.00,reptiloid,0,0,0
2026-08-11 12:01:11.101844,5600.00,reptiloid,0,0,0
2026-08-11 11:42:35.165209,5600.00,reptiloid,0,0,0
2026-08-11 11:28:02.199819,3300.00,card,0,0,0
2026-08-11 11:21:52.153442,12500.00,card,0,0,0
2026-08-11 11:08:03.847918,3300.00,reptiloid,0,0,0
2026-08-11 10:57:10.350263,5600.00,reptiloid,0,0,0
2026-08-11 10:53:10.130813,5500.00,BALANCE,0,0,0
2026-08-11 10:26:19.859158,7800.00,reptiloid,0,0,0
2026-08-11 10:17:03.058459,5800.00,card,0,0,0
2026-08-11 10:02:43.43422,3800.00,card,0,0,0
2026-08-11 09:54:51.88081,3300.00,transa,0,0,0
2026-08-11 09:26:20.430678,3300.00,reptiloid,0,0,0
2026-08-11 08:11:57.800563,3800.00,reptiloid,0,0,0
2026-08-11 05:30:45.12526,12000.00,reptiloid,0,0,0
2026-08-11 05:17:41.029688,7800.00,transa,0,0,0
2026-08-11 05:09:28.755269,7800.00,transa,0,0,0
2026-08-11 04:25:21.192389,1200.00,BALANCE,0,0,0
2026-08-11 03:16:10.369383,7800.00,transa,0,0,0
2026-08-11 00:09:26.810776,7500.00,BALANCE,0,0,0
2026-08-11 00:02:24.618871,4300.00,BALANCE,0,0,0
2026-08-11 00:02:10.582691,4300.00,BALANCE,0,0,0
2026-08-10 23:41:16.087651,7800.00,reptiloid,0,0,0
2026-08-10 23:03:50.233624,5400.00,transa,0,0,0
2026-08-10 22:53:44.239794,5800.00,reptiloid,0,0,0
2026-08-10 22:06:56.033324,5800.00,reptiloid,0,0,0
2026-08-10 21:50:23.744482,0.00,BALANCE,0,0,0
2026-08-10 21:48:59.185408,3300.00,transa,0,0,0
2026-08-10 21:29:06.919793,3300.00,reptiloid,0,0,0
2026-08-10 21:22:49.8071,7800.00,transa,0,0,0
2026-08-10 21:16:36.928444,3300.00,transa,0,0,0
2026-08-10 20:54:46.27112,7800.00,transa,0,0,0
2026-08-10 20:22:39.580347,2300.00,nirvana,0,0,0
2026-08-10 20:16:02.260927,7800.00,reptiloid,0,0,0
2026-08-10 20:04:08.203805,7800.00,transa,0,0,0
2026-08-10 20:02:56.40272,3300.00,reptiloid,0,0,0
2026-08-10 19:46:00.33196,5500.00,BALANCE,0,0,0
2026-08-10 19:31:45.15658,15400.000,USDT,0,0,209.588000
2026-08-10 19:23:59.802799,5600.00,transa,0,0,0
2026-08-10 19:14:04.97238,7145.00,BALANCE,0,0,0
2026-08-10 18:28:32.068367,5600.00,reptiloid,0,0,0
2026-08-10 18:25:27.209002,5600.00,transa,0,0,0
2026-08-10 18:19:46.488409,7800.00,BALANCE,0,0,0
2026-08-10 18:13:50.963979,3300.00,transa,0,0,0
2026-08-10 18:03:22.200031,7800.00,transa,0,0,0
2026-08-10 17:58:59.132452,3600.00,transa,0,0,0
2026-08-10 17:55:41.169295,5400.00,transa,0,0,0
2026-08-10 17:54:49.222058,3300.00,reptiloid,0,0,0
2026-08-10 17:40:11.60886,5600.00,transa,0,0,0
2026-08-10 17:31:09.457523,3600.00,BALANCE,0,0,0
2026-08-10 17:26:15.354506,22000.00,reptiloid,0,0,0
2026-08-10 17:24:35.662535,12500.00,reptiloid,0,0,0
2026-08-10 17:19:10.512562,2300.00,BALANCE,0,0,0
2026-08-10 16:33:20.665384,5400.00,reptiloid,0,0,0
2026-08-10 16:29:42.393127,3600.00,transa,0,0,0
2026-08-10 16:25:51.322082,3600.00,reptiloid,0,0,0
2026-08-10 16:17:56.144495,3300.00,card,0,0,0
2026-08-10 16:16:26.729264,2300.00,transa,0,0,0
2026-08-10 15:55:26.867786,5400.00,reptiloid,0,0,0
2026-08-10 15:50:05.481624,1300.00,BALANCE,0,0,0
2026-08-10 15:41:47.850587,3600.00,card,0,0,0
2026-08-10 15:40:57.006589,7500.00,reptiloid,0,0,0
2026-08-10 15:38:35.657959,9700.00,BALANCE,0,0,0
2026-08-10 15:38:01.215029,3800.00,reptiloid,0,0,0
2026-08-10 15:16:43.928365,22000.00,BALANCE,0,0,0
2026-08-10 15:02:50.181792,0.00,BALANCE,0,0,0
2026-08-10 14:59:34.658868,12500.00,reptiloid,0,0,0
2026-08-10 14:37:56.750486,3600.00,reptiloid,0,0,0
2026-08-10 14:37:54.179432,0.00,BALANCE,0,0,0
2026-08-10 14:33:35.934007,0.00,BALANCE,0,0,0
2026-08-10 14:31:25.634438,5600.00,BALANCE,0,0,0
2026-08-10 14:28:02.062659,3600.00,BALANCE,0,0,0
2026-08-10 14:12:02.00284,5600.00,reptiloid,0,0,0
2026-08-10 14:00:10.003672,3600.00,reptiloid,0,0,0
2026-08-10 13:43:46.46906,5600.00,BALANCE,0,0,0
2026-08-10 13:42:26.368877,3600.00,reptiloid,0,0,0
2026-08-10 13:37:20.021224,5600.00,reptiloid,0,0,0
2026-08-10 13:36:46.028656,3600.00,transa,0,0,0
2026-08-10 13:26:18.662988,12000.00,reptiloid,0,0,0
2026-08-10 13:13:34.039523,3300.00,transa,0,0,0
2026-08-10 12:51:51.195875,3600.00,reptiloid,0,0,0
2026-08-10 12:37:52.913663,5600.00,transa,0,0,0
2026-08-10 12:12:00.880388,5600.00,transa,0,0,0
2026-08-10 11:57:45.242102,3600.00,BALANCE,0,0,0
2026-08-10 11:49:50.478628,3300.00,reptiloid,0,0,0
2026-08-10 11:36:40.901295,3300.00,reptiloid,0,0,0
2026-08-10 11:11:36.70956,3300.00,reptiloid,0,0,0
2026-08-10 11:11:30.914466,5400.00,reptiloid,0,0,0
2026-08-10 11:05:33.866951,1020.00,BALANCE,0,0,0
2026-08-10 09:35:38.471213,3600.00,card,0,0,0
2026-08-10 09:21:38.037881,3600.00,card,0,0,0
2026-08-10 08:14:07.625659,7800.00,reptiloid,0,0,0
2026-08-10 06:23:25.152323,2300.00,reptiloid,0,0,0
2026-08-10 04:59:00.805117,3300.00,reptiloid,0,0,0
2026-08-10 04:49:10.912999,3300.00,card,0,0,0
2026-08-10 04:25:50.213681,5400.00,reptiloid,0,0,0
2026-08-10 04:14:51.180535,3600.00,transa,0,0,0
2026-08-10 02:35:56.729537,3300.00,reptiloid,0,0,0
2026-08-10 02:15:26.818376,5600.00,BALANCE,0,0,0
2026-08-10 01:46:54.399795,3600.00,BALANCE,0,0,0
2026-08-10 00:01:24.192317,2310.000,USDT,0,0,31.438000
2026-08-09 23:40:29.833238,1300.00,BALANCE,0,0,0
2026-08-09 23:36:00.169107,3300.00,reptiloid,0,0,0
2026-08-09 23:28:18.188717,2300.00,BALANCE,0,0,0
2026-08-09 23:17:08.463008,2310.000,USDT,0,0,31.438000
2026-08-09 22:49:38.739358,5600.00,reptiloid,0,0,0
2026-08-09 22:11:47.85025,0.00,BALANCE,0,0,0
2026-08-09 21:37:26.686556,5400.00,reptiloid,0,0,0
2026-08-09 21:37:04.761984,5400.00,transa,0,0,0
2026-08-09 21:29:24.191242,3320.00,BALANCE,0,0,0
2026-08-09 21:18:32.81177,5600.00,BALANCE,0,0,0
2026-08-09 21:10:13.428229,3600.00,reptiloid,0,0,0
2026-08-09 21:06:54.962921,3600.00,reptiloid,0,0,0
2026-08-09 20:31:50.388076,7800.00,reptiloid,0,0,0
2026-08-09 19:52:03.604865,7800.00,reptiloid,0,0,0
2026-08-09 19:42:06.616838,3300.00,transa,0,0,0
2026-08-09 19:02:44.079521,2300.00,transa,0,0,0
2026-08-09 18:59:20.726641,7800.00,BALANCE,0,0,0
2026-08-09 18:58:43.998988,3600.00,transa,0,0,0
2026-08-09 18:15:22.58446,5400.00,reptiloid,0,0,0
2026-08-09 17:28:25.072987,3300.00,reptiloid,0,0,0
2026-08-09 17:19:51.018753,2000.00,BALANCE,0,0,0
2026-08-09 16:54:50.526831,5600.00,reptiloid,0,0,0
2026-08-09 16:50:33.387932,5600.00,transa,0,0,0
2026-08-09 16:48:26.345334,2900.00,BALANCE,0,0,0
2026-08-09 16:29:56.587183,7800.00,card,0,0,0
2026-08-09 15:44:12.211507,0.00,BALANCE,0,0,0
2026-08-09 15:36:42.514953,12000.00,BALANCE,0,0,0
2026-08-09 15:29:47.655903,5400.00,BALANCE,0,0,0
2026-08-09 15:29:41.615678,3300.00,BALANCE,0,0,0
2026-08-09 15:27:35.086052,4000.00,BALANCE,0,0,0
2026-08-09 15:18:04.312152,3300.00,transa,0,0,0
2026-08-09 14:28:25.629215,7800.00,reptiloid,0,0,0
2026-08-09 14:15:57.255483,2900.00,BALANCE,0,0,0
2026-08-09 14:08:51.181796,7800.00,transa,0,0,0
2026-08-09 14:02:47.996658,7800.00,transa,0,0,0
2026-08-09 13:51:02.098775,2300.00,card,0,0,0
2026-08-09 13:43:33.735941,7500.00,transa,0,0,0
2026-08-09 13:34:14.341096,3300.00,reptiloid,0,0,0
2026-08-09 13:19:36.439317,5400.00,reptiloid,0,0,0
2026-08-09 12:57:52.990864,7800.00,reptiloid,0,0,0
2026-08-09 12:50:56.775257,3300.00,reptiloid,0,0,0
2026-08-09 12:26:56.44942,5400.00,reptiloid,0,0,0
2026-08-09 12:10:00.937129,7500.00,reptiloid,0,0,0
2026-08-09 12:00:43.821873,2300.00,BALANCE,0,0,0
2026-08-09 11:08:22.241247,0.00,BALANCE,0,0,0
2026-08-09 10:41:42.05768,3135.00,BALANCE,0,0,0
2026-08-09 10:05:47.409293,5400.00,BALANCE,0,0,0
2026-08-09 09:02:40.263662,3300.00,reptiloid,0,0,0
2026-08-09 08:50:47.948399,8200.00,transa,0,0,0
2026-08-09 07:52:37.041499,5140.00,BALANCE,0,0,0
2026-08-09 06:22:29.675923,5400.00,reptiloid,0,0,0
2026-08-09 05:56:22.798213,15400.000,USDT,0,0,219.429000
2026-08-09 04:03:55.465312,5400.00,reptiloid,0,0,0
2026-08-09 01:59:39.516069,7240.00,BALANCE,0,0,0
2026-08-09 01:21:42.57028,4000.00,BALANCE,0,0,0
2026-08-09 01:16:30.622025,8200.00,reptiloid,0,0,0
2026-08-09 01:15:54.396461,3300.00,reptiloid,0,0,0
2026-08-09 01:12:46.249626,22000.00,nirvana,0,0,0
2026-08-08 23:22:24.67792,5600.00,transa,0,0,0
2026-08-08 23:05:20.337343,5400.00,reptiloid,0,0,0
2026-08-08 22:59:30.419152,1400.00,BALANCE,0,0,0
2026-08-08 21:32:54.702645,5400.00,nirvana,0,0,0
2026-08-08 20:47:43.819498,0.00,BALANCE,0,0,0
2026-08-08 20:40:30.329828,5600.00,BALANCE,0,0,0
2026-08-08 20:39:01.92815,5400.00,reptiloid,0,0,0
2026-08-08 20:26:36.033227,5600.00,reptiloid,0,0,0
2026-08-08 20:14:36.494254,5600.00,BALANCE,0,0,0
2026-08-08 20:07:53.353249,3600.00,reptiloid,0,0,0
2026-08-08 20:06:10.334455,2310.000,USDT,0,0,32.914000
2026-08-08 19:47:07.094177,7800.00,reptiloid,0,0,0
2026-08-08 19:45:40.713616,5400.00,reptiloid,0,0,0
2026-08-08 19:34:48.099579,3600.00,nirvana,0,0,0
2026-08-08 19:23:11.728353,12000.00,transa,0,0,0
2026-08-08 19:22:07.073962,5600.00,transa,0,0,0
2026-08-08 19:16:33.730769,7520.00,BALANCE,0,0,0
2026-08-08 19:15:53.279545,3600.00,reptiloid,0,0,0
2026-08-08 18:29:18.226153,3300.00,reptiloid,0,0,0
2026-08-08 17:59:21.980645,0.00,BALANCE,0,0,0
2026-08-08 17:53:49.632919,5400.00,transa,0,0,0
2026-08-08 17:48:26.898387,7800.00,reptiloid,0,0,0
2026-08-08 17:26:18.297694,5600.00,BALANCE,0,0,0
2026-08-08 17:24:37.859735,4975.00,BALANCE,0,0,0
2026-08-08 17:17:14.650704,3300.00,reptiloid,0,0,0
2026-08-08 17:12:25.020881,3300.00,reptiloid,0,0,0
2026-08-08 17:07:19.056438,3300.00,transa,0,0,0
2026-08-08 16:55:33.995875,2970.00,BALANCE,0,0,0
2026-08-08 16:54:42.47323,2300.00,reptiloid,0,0,0
2026-08-08 16:50:24.359706,5600.00,BALANCE,0,0,0
2026-08-08 16:44:48.211034,3300.00,reptiloid,0,0,0
2026-08-08 16:28:28.707432,3300.00,BALANCE,0,0,0
2026-08-08 16:07:19.558736,7500.00,BALANCE,0,0,0
2026-08-08 16:06:08.015661,7500.00,reptiloid,0,0,0
2026-08-08 16:03:40.846081,3300.00,reptiloid,0,0,0
2026-08-08 16:01:11.511695,5200.00,card,0,0,0
2026-08-08 15:58:53.290571,3300.00,reptiloid,0,0,0
2026-08-08 15:21:39.260164,7500.00,transa,0,0,0
2026-08-08 15:07:07.899305,3600.00,reptiloid,0,0,0
2026-08-08 15:04:12.242198,3300.00,reptiloid,0,0,0
2026-08-08 14:41:41.575946,2310.000,USDT,0,0,32.914000
2026-08-08 14:41:04.593062,2835.00,BALANCE,0,0,0
2026-08-08 14:38:28.294866,3600.00,nirvana,0,0,0
2026-08-08 14:07:14.181497,3300.00,reptiloid,0,0,0
2026-08-08 14:03:41.608439,1300.00,BALANCE,0,0,0
2026-08-08 13:50:50.867589,7500.00,reptiloid,0,0,0
2026-08-08 13:39:33.492686,3300.00,reptiloid,0,0,0
2026-08-08 13:35:14.590138,5600.00,reptiloid,0,0,0
2026-08-08 13:18:22.880781,7500.00,transa,0,0,0
2026-08-08 12:56:36.327827,3600.00,reptiloid,0,0,0
2026-08-08 12:36:47.030998,3300.00,BALANCE,0,0,0
2026-08-08 12:36:38.778999,5600.00,BALANCE,0,0,0
2026-08-08 11:29:05.993157,2300.00,BALANCE,0,0,0
2026-08-08 11:02:40.204147,3600.00,reptiloid,0,0,0
2026-08-08 10:24:30.555097,5600.00,reptiloid,0,0,0
2026-08-08 10:18:19.637518,2310.000,USDT,0,0,32.914000
2026-08-08 10:13:57.432437,7100.00,reptiloid,0,0,0
2026-08-08 10:10:36.291317,3600.00,reptiloid,0,0,0
2026-08-08 10:04:59.48318,3300.00,reptiloid,0,0,0
2026-08-08 09:51:21.799353,7500.00,reptiloid,0,0,0
2026-08-08 09:39:16.754535,3600.00,reptiloid,0,0,0
2026-08-08 09:36:10.12214,7500.00,reptiloid,0,0,0
2026-08-08 09:00:56.338054,2310.000,USDT,0,0,32.914000
2026-08-08 08:16:12.916802,3600.00,transa,0,0,0
2026-08-08 08:03:32.395468,3600.00,reptiloid,0,0,0
2026-08-08 07:43:15.891256,3300.00,transa,0,0,0
2026-08-08 07:07:08.243541,3600.00,reptiloid,0,0,0
2026-08-08 03:17:01.898155,3600.00,transa,0,0,0
2026-08-08 03:00:53.880761,3600.00,transa,0,0,0
2026-08-08 02:55:47.931079,3600.00,reptiloid,0,0,0
2026-08-08 01:12:16.172867,3300.00,reptiloid,0,0,0
2026-08-08 01:11:45.318235,3600.00,BALANCE,0,0,0
2026-08-08 00:24:33.765951,3600.00,transa,0,0,0
2026-08-08 00:11:52.303749,3600.00,BALANCE,0,0,0
2026-08-07 23:43:42.561531,2040.00,BALANCE,0,0,0
2026-08-07 23:42:25.486173,5200.00,reptiloid,0,0,0
2026-08-07 23:27:24.871091,3600.00,reptiloid,0,0,0
2026-08-07 23:16:46.875188,3450.00,BALANCE,0,0,0
2026-08-07 23:14:42.388467,2520.000,USDT,0,0,35.907000
2026-08-07 22:26:33.657495,7100.00,reptiloid,0,0,0
2026-08-07 22:16:25.671419,2520.000,USDT,0,0,35.907000
2026-08-07 22:07:19.46026,1300.00,BALANCE,0,0,0
2026-08-07 22:02:55.14222,4000.00,BALANCE,0,0,0
2026-08-07 21:32:15.034971,7100.00,transa,0,0,0
2026-08-07 21:23:35.113427,7500.00,BALANCE,0,0,0
2026-08-07 21:06:58.20745,3800.00,reptiloid,0,0,0
2026-08-07 21:06:20.64712,3300.00,reptiloid,0,0,0
2026-08-07 21:03:40.330186,3800.00,reptiloid,0,0,0
2026-08-07 20:34:07.829507,3800.00,nirvana,0,0,0
2026-08-07 20:29:25.718235,4515.00,BALANCE,0,0,0
2026-08-07 20:23:45.867124,3600.00,reptiloid,0,0,0
2026-08-07 20:17:52.772953,3300.00,card,0,0,0
2026-08-07 19:30:48.682691,3600.00,card,0,0,0
2026-08-07 19:13:02.601426,5600.00,reptiloid,0,0,0
2026-08-07 19:09:48.764568,7500.00,reptiloid,0,0,0
2026-08-07 19:00:32.180736,7220.00,BALANCE,0,0,0
2026-08-07 18:46:57.316305,2660.000,USDT,0,0,37.901000
2026-08-07 18:46:52.041965,3600.00,BALANCE,0,0,0
2026-08-07 18:46:24.684748,5200.00,reptiloid,0,0,0
2026-08-07 18:33:11.673932,5200.00,reptiloid,0,0,0
2026-08-07 18:01:40.873887,900.00,BALANCE,0,0,0
2026-08-07 18:00:29.808151,800.00,BALANCE,0,0,0
2026-08-07 17:57:53.7502,2660.000,USDT,0,0,37.901000
2026-08-07 17:55:14.87275,4000.00,transa,0,0,0
2026-08-07 17:42:35.39295,3300.00,card,0,0,0
2026-08-07 17:41:07.825968,3300.00,reptiloid,0,0,0
2026-08-07 17:21:14.700912,11565.00,BALANCE,0,0,0
2026-08-07 17:04:00.759656,3600.00,card,0,0,0
2026-08-07 16:50:45.173547,5200.00,BALANCE,0,0,0
2026-08-07 16:50:04.375301,3300.00,transa,0,0,0
2026-08-07 16:37:22.376864,3800.00,reptiloid,0,0,0
2026-08-07 16:22:32.51468,3800.00,card,0,0,0
2026-08-07 16:20:54.666125,2310.000,USDT,0,0,32.914000
2026-08-07 16:19:17.19288,800.00,BALANCE,0,0,0
2026-08-07 16:09:24.025348,7500.00,transa,0,0,0
2026-08-07 16:07:16.610841,6750.00,BALANCE,0,0,0
2026-08-07 16:03:50.885084,3300.00,nirvana,0,0,0
2026-08-07 15:54:06.896108,2500.00,BALANCE,0,0,0
2026-08-07 15:42:27.175279,3600.00,BALANCE,0,0,0
2026-08-07 15:17:47.282578,3300.00,reptiloid,0,0,0
2026-08-07 14:57:32.635585,3800.00,BALANCE,0,0,0
2026-08-07 14:51:16.810596,3800.00,reptiloid,0,0,0
2026-08-07 14:29:19.166665,3300.00,card,0,0,0
2026-08-07 14:26:21.247185,3600.00,card,0,0,0
2026-08-07 14:13:05.957559,3800.00,card,0,0,0
2026-08-07 14:11:12.390518,3600.00,card,0,0,0
2026-08-07 13:59:56.650972,3800.00,BALANCE,0,0,0
2026-08-07 13:53:58.245682,1300.00,BALANCE,0,0,0
2026-08-07 13:48:01.618594,3800.00,reptiloid,0,0,0
2026-08-07 13:45:47.780696,1345.00,BALANCE,0,0,0
2026-08-07 13:45:46.679489,7500.00,transa,0,0,0
2026-08-07 13:43:36.900654,3300.00,transa,0,0,0
2026-08-07 13:43:00.263721,3300.00,BALANCE,0,0,0
2026-08-07 13:39:42.698348,5600.00,transa,0,0,0
2026-08-07 13:36:12.900532,3600.00,BALANCE,0,0,0
2026-08-07 13:34:55.031444,5600.00,reptiloid,0,0,0
2026-08-07 13:28:06.537763,2660.000,USDT,0,0,37.901000
2026-08-07 13:15:29.980843,940.00,BALANCE,0,0,0
2026-08-07 13:15:07.351713,3300.00,reptiloid,0,0,0
2026-08-07 13:05:30.003627,3600.00,BALANCE,0,0,0
2026-08-07 13:03:07.468508,3515.00,BALANCE,0,0,0
2026-08-07 12:48:41.31942,7500.00,reptiloid,0,0,0
2026-08-07 12:48:14.208534,2660.000,USDT,0,0,37.901000
2026-08-07 12:46:32.627291,3300.00,reptiloid,0,0,0
2026-08-07 12:40:01.614147,2310.000,USDT,0,0,32.914000
2026-08-07 12:26:15.119033,4945.00,BALANCE,0,0,0
2026-08-07 12:03:00.794918,5600.00,transa,0,0,0
2026-08-07 11:46:06.249225,2500.00,BALANCE,0,0,0
2026-08-07 11:35:40.845694,3800.00,reptiloid,0,0,0
2026-08-07 11:31:26.658016,3600.00,BALANCE,0,0,0
2026-08-07 11:07:51.871861,3800.00,card,0,0,0
2026-08-07 11:02:37.980656,3800.00,reptiloid,0,0,0
2026-08-07 10:57:06.949706,1020.00,BALANCE,0,0,0
2026-08-07 10:50:46.483418,3800.00,card,0,0,0
2026-08-07 10:30:12.53027,3600.00,reptiloid,0,0,0
2026-08-07 09:55:01.956435,2660.000,USDT,0,0,37.901000
2026-08-07 09:02:02.803254,3600.00,reptiloid,0,0,0
2026-08-07 05:17:25.023223,3800.00,card,0,0,0
2026-08-07 04:30:17.367268,0.00,BALANCE,0,0,0
2026-08-07 03:31:29.313556,3600.00,reptiloid,0,0,0
2026-08-07 03:31:13.710598,3800.00,card,0,0,0
2026-08-07 02:58:08.575758,3040.00,BALANCE,0,0,0
2026-08-07 02:39:59.99463,3600.00,reptiloid,0,0,0
2026-08-07 02:21:40.10378,3800.00,card,0,0,0
2026-08-07 02:16:37.100033,3300.00,BALANCE,0,0,0
2026-08-07 01:42:10.926579,3600.00,transa,0,0,0
2026-08-07 00:46:31.377143,3600.00,reptiloid,0,0,0
2026-08-07 00:44:33.329975,3600.00,BALANCE,0,0,0
2026-08-07 00:40:23.0101,3300.00,transa,0,0,0
2026-08-07 00:37:18.019162,3300.00,transa,0,0,0
2026-08-07 00:24:27.708355,3600.00,BALANCE,0,0,0
2026-08-06 23:50:27.885143,3300.00,transa,0,0,0
2026-08-06 23:26:14.347364,3040.00,BALANCE,0,0,0
2026-08-06 23:12:38.441157,800.00,BALANCE,0,0,0
2026-08-06 22:34:14.888085,5000.00,card,0,0,0
2026-08-06 21:59:41.894127,3800.00,nirvana,0,0,0
2026-08-06 21:52:09.707368,3300.00,transa,0,0,0
2026-08-06 21:50:53.105404,4000.00,transa,0,0,0
2026-08-06 21:24:52.494995,3600.00,paritypay,0,0,0
2026-08-06 21:08:34.750008,3800.00,BALANCE,0,0,0
2026-08-06 20:51:45.075037,2800.00,BALANCE,0,0,0
2026-08-06 20:39:47.366551,3300.00,paritypay,0,0,0
2026-08-06 20:38:29.108255,16800.000,USDT,0,0,239.378000
2026-08-06 20:34:52.12642,3300.00,paritypay,0,0,0
2026-08-06 19:26:40.540627,5600.00,paritypay,0,0,0
2026-08-06 19:00:00.653715,2310.000,USDT,0,0,32.914000
2026-08-06 18:58:20.135551,2300.00,paritypay,0,0,0
2026-08-06 18:49:33.301678,7500.00,BALANCE,0,0,0
2026-08-06 18:37:25.416298,800.00,BALANCE,0,0,0
2026-08-06 17:46:00.010873,3135.00,BALANCE,0,0,0
2026-08-06 17:41:36.083395,5200.00,card,0,0,0
2026-08-06 17:37:18.98863,3300.00,card,0,0,0
2026-08-06 17:17:05.949142,3300.00,BALANCE,0,0,0
2026-08-06 17:01:51.573958,3300.00,paritypay,0,0,0
2026-08-06 16:08:21.477222,3300.00,card,0,0,0
2026-08-06 16:06:01.358951,100.00,BALANCE,0,0,0
2026-08-06 15:06:01.683247,4740.00,BALANCE,0,0,0
2026-08-06 15:01:15.979058,3300.00,paritypay,0,0,0
2026-08-06 14:57:53.627159,5200.00,reptiloid,0,0,0
2026-08-06 14:41:56.46781,5200.00,BALANCE,0,0,0
2026-08-06 14:15:54.018543,5000.00,reptiloid,0,0,0
2026-08-06 14:04:47.237895,7500.00,paritypay,0,0,0
2026-08-06 12:50:04.185922,3300.00,paritypay,0,0,0
2026-08-06 12:23:51.759434,5000.00,paritypay,0,0,0
2026-08-06 12:22:48.191738,3300.00,BALANCE,0,0,0
2026-08-06 12:17:21.728374,4850.00,BALANCE,0,0,0
2026-08-06 11:50:24.96378,5600.00,paritypay,0,0,0
2026-08-06 11:48:06.15334,3300.00,paritypay,0,0,0
2026-08-06 11:46:45.748499,16800.000,USDT,0,0,239.378000
2026-08-06 11:44:30.557211,3040.00,BALANCE,0,0,0
2026-08-06 10:49:02.69377,4825.00,BALANCE,0,0,0
2026-08-06 08:49:39.504405,5600.00,paritypay,0,0,0
2026-08-06 08:30:30.865427,5600.00,card,0,0,0
2026-08-06 08:22:16.145869,5040.00,BALANCE,0,0,0
2026-08-06 06:44:15.689792,7500.00,paritypay,0,0,0
2026-08-06 06:12:48.73663,4000.00,BALANCE,0,0,0
2026-08-06 05:25:02.352003,5600.00,card,0,0,0
2026-08-06 04:23:20.864106,5000.00,transa,0,0,0
2026-08-06 03:51:33.929039,3300.00,transa,0,0,0
2026-08-06 02:52:01.344071,3300.00,reptiloid,0,0,0
2026-08-06 02:50:47.961735,2300.00,paritypay,0,0,0
2026-08-06 01:26:11.202586,16800.000,USDT,0,0,239.378000
2026-08-06 01:09:42.402148,4000.00,paritypay,0,0,0
2026-08-06 00:39:11.323092,5200.00,paritypay,0,0,0
2026-08-06 00:06:28.968447,5600.00,paritypay,0,0,0
2026-08-05 23:14:09.653763,7500.00,card,0,0,0
2026-08-05 23:04:54.848299,3300.00,transa,0,0,0
2026-08-05 22:52:01.100651,2800.000,USDT,0,0,39.896000
2026-08-05 22:30:28.860406,800.00,BALANCE,0,0,0
2026-08-05 21:50:23.084103,5600.00,BALANCE,0,0,0
2026-08-05 21:44:59.834719,3300.00,BALANCE,0,0,0
2026-08-05 21:03:13.218633,7500.00,transa,0,0,0
2026-08-05 20:38:58.241196,7500.00,BALANCE,0,0,0
2026-08-05 20:37:40.808873,0.00,BALANCE,0,0,0
2026-08-05 19:53:34.564748,3300.00,transa,0,0,0
2026-08-05 19:49:44.907641,7500.00,paritypay,0,0,0
2026-08-05 19:41:35.985262,7500.00,paritypay,0,0,0
2026-08-05 19:34:58.992109,5200.00,paritypay,0,0,0
2026-08-05 19:33:47.484047,7500.00,reptiloid,0,0,0
2026-08-05 19:29:14.923213,3300.00,transa,0,0,0
2026-08-05 19:11:53.203905,7500.00,paritypay,0,0,0
2026-08-05 19:00:17.299508,6480.00,BALANCE,0,0,0
2026-08-05 17:52:46.264643,7500.00,BALANCE,0,0,0
2026-08-05 17:06:31.893357,3300.00,paritypay,0,0,0
2026-08-05 16:30:20.479824,3300.00,paritypay,0,0,0
2026-08-05 16:19:02.187286,3300.00,reptiloid,0,0,0
2026-08-05 15:42:12.520265,3300.00,card,0,0,0
2026-08-05 15:24:15.653418,2300.00,card,0,0,0
2026-08-05 15:08:48.415299,8200.00,paritypay,0,0,0
2026-08-05 14:57:23.783535,4175.00,BALANCE,0,0,0
2026-08-05 13:11:07.964465,5700.00,BALANCE,0,0,0
2026-08-05 13:04:11.682817,5700.00,paritypay,0,0,0
2026-08-05 12:57:45.846519,2070.00,BALANCE,0,0,0
2026-08-05 12:54:42.244802,5200.00,paritypay,0,0,0
2026-08-05 12:52:25.755161,3990.000,USDT,0,0,56.852000
2026-08-05 12:49:51.917527,7500.00,paritypay,0,0,0
2026-08-05 12:41:02.822946,8200.00,BALANCE,0,0,0
2026-08-05 12:38:04.316133,3300.00,reptiloid,0,0,0
2026-08-05 12:30:37.783069,8200.00,paritypay,0,0,0
2026-08-05 12:06:04.825335,7500.00,paritypay,0,0,0
2026-08-05 12:00:51.761815,5600.00,paritypay,0,0,0
2026-08-05 11:47:38.929508,5040.00,BALANCE,0,0,0
2026-08-05 11:39:21.403917,5320.00,BALANCE,0,0,0
2026-08-05 10:55:50.48131,5600.00,paritypay,0,0,0
2026-08-05 10:48:53.789652,2780.00,BALANCE,0,0,0
2026-08-05 08:51:28.335857,1300.00,BALANCE,0,0,0
2026-08-05 02:37:52.558919,3800.00,paritypay,0,0,0
2026-08-05 01:32:33.157137,5200.00,BALANCE,0,0,0
2026-08-05 00:59:14.189206,500.00,BALANCE,0,0,0
2026-08-05 00:42:50.180768,0.00,BALANCE,0,0,0
2026-08-05 00:04:30.392911,4000.00,paritypay,0,0,0
2026-08-04 23:39:13.483498,5000.00,transa,0,0,0
2026-08-04 23:27:46.164528,2500.00,BALANCE,0,0,0
2026-08-04 23:24:06.941363,1340.00,BALANCE,0,0,0
2026-08-04 23:17:16.781521,0.00,BALANCE,0,0,0
2026-08-04 22:51:02.170376,3300.00,paritypay,0,0,0
2026-08-04 22:15:19.711622,3300.00,reptiloid,0,0,0
2026-08-04 22:11:23.684978,1955.0000,LTC,0,0.64676017,0
2026-08-04 21:52:51.746281,2300.00,paritypay,0,0,0
2026-08-04 21:45:47.951984,3300.00,transa,0,0,0
2026-08-04 21:08:10.08824,0.00,BALANCE,0,0,0
2026-08-04 20:18:53.627883,3800.00,BALANCE,0,0,0
2026-08-04 20:18:36.452202,3800.00,BALANCE,0,0,0
2026-08-04 20:18:13.134511,3800.00,BALANCE,0,0,0
2026-08-04 20:16:29.147223,5600.00,paritypay,0,0,0
2026-08-04 20:03:38.228402,3300.00,paritypay,0,0,0
2026-08-04 19:19:25.456636,2300.00,card,0,0,0
2026-08-04 19:17:12.494001,3300.00,BALANCE,0,0,0
2026-08-04 18:25:31.459657,5600.00,paritypay,0,0,0
2026-08-04 18:12:58.841655,5600.00,card,0,0,0
2026-08-04 17:52:28.652172,1955.0000,BTC,0.0004495,0,0
2026-08-04 17:21:09.31348,2685.00,BALANCE,0,0,0
2026-08-04 17:04:06.678331,2945.00,BALANCE,0,0,0
2026-08-04 16:57:18.588547,5600.00,card,0,0,0
2026-08-04 16:26:14.285491,5600.00,paritypay,0,0,0
2026-08-04 16:15:58.391196,5600.00,nirvana,0,0,0
2026-08-04 15:51:59.772301,2300.00,paritypay,0,0,0
2026-08-04 15:49:36.288975,3800.00,paritypay,0,0,0
2026-08-04 15:34:36.829033,5600.00,paritypay,0,0,0
2026-08-04 15:18:13.522944,4000.00,paritypay,0,0,0
2026-08-04 15:00:25.402538,2645.00,BALANCE,0,0,0
2026-08-04 14:36:09.982005,2300.00,card,0,0,0
2026-08-04 14:13:41.73537,2300.00,card,0,0,0
2026-08-04 12:56:59.278639,2300.00,card,0,0,0
2026-08-04 12:44:52.292774,5000.00,onlypays,0,0,0
2026-08-04 12:38:22.045039,2300.00,paritypay,0,0,0
2026-08-04 12:01:25.069257,2500.00,paritypay,0,0,0
2026-08-04 11:20:07.076914,3800.00,card,0,0,0
2026-08-04 10:46:19.098968,2300.00,card,0,0,0
2026-08-04 10:40:56.969539,5000.00,card,0,0,0
2026-08-04 10:07:22.964684,5000.00,card,0,0,0
2026-08-04 09:56:02.662775,3300.00,transa,0,0,0
2026-08-04 09:12:37.178255,3300.00,reptiloid,0,0,0
2026-08-04 09:03:58.360194,3300.00,paritypay,0,0,0
2026-08-04 08:53:35.308176,0.00,BALANCE,0,0,0
2026-08-04 05:18:32.7514,2100.00,BALANCE,0,0,0
2026-08-04 03:57:20.859237,4675.00,BALANCE,0,0,0
2026-08-03 23:05:37.368874,12500.00,BALANCE,0,0,0
2026-08-03 22:55:55.56916,11525.00,BALANCE,0,0,0
2026-08-03 22:19:15.829665,4000.00,paritypay,0,0,0
2026-08-03 22:02:55.925528,5000.00,card,0,0,0
2026-08-03 21:36:41.371032,2300.00,card,0,0,0
2026-08-03 21:17:04.103585,0.00,BALANCE,0,0,0
2026-08-03 21:00:59.570016,5200.00,transa,0,0,0
2026-08-03 20:40:41.955975,2250.00,BALANCE,0,0,0
2026-08-03 20:37:40.525543,5000.00,BALANCE,0,0,0
2026-08-03 20:19:32.35038,280.00,BALANCE,0,0,0
2026-08-03 20:18:32.493689,3800.00,paritypay,0,0,0
2026-08-03 19:29:03.596261,5700.00,reptiloid,0,0,0
2026-08-03 19:01:40.53349,3300.00,reptiloid,0,0,0
2026-08-03 18:28:20.440086,2300.00,reptiloid,0,0,0
2026-08-03 18:25:34.02904,5700.00,paritypay,0,0,0
2026-08-03 17:31:02.735391,3800.00,paritypay,0,0,0
2026-08-03 17:27:29.89181,7100.00,paritypay,0,0,0
2026-08-03 17:27:25.365239,5500.00,paritypay,0,0,0
2026-08-03 17:20:22.444585,3300.00,BALANCE,0,0,0
2026-08-03 17:11:41.426546,3800.00,paritypay,0,0,0
2026-08-03 17:07:28.622083,2100.00,BALANCE,0,0,0
2026-08-03 16:46:44.705322,2800.00,BALANCE,0,0,0
2026-08-03 16:40:21.368178,1415.00,BALANCE,0,0,0
2026-08-03 16:38:30.608801,5600.00,paritypay,0,0,0
2026-08-03 16:26:11.468255,3300.00,reptiloid,0,0,0
2026-08-03 16:23:15.233872,5700.00,card,0,0,0
2026-08-03 16:01:10.022597,2725.00,BALANCE,0,0,0
2026-08-03 15:52:44.383544,5200.00,paritypay,0,0,0
2026-08-03 15:46:06.581238,5700.00,paritypay,0,0,0
2026-08-03 15:42:55.276234,2300.00,paritypay,0,0,0
2026-08-03 15:29:44.248821,5500.00,paritypay,0,0,0
2026-08-03 15:00:51.079727,5700.00,paritypay,0,0,0
2026-08-03 14:49:25.674694,5500.00,paritypay,0,0,0
2026-08-03 14:39:47.488246,2310.000,USDT,0,0,32.914000
2026-08-03 14:36:03.080328,5600.00,card,0,0,0
2026-08-03 14:34:42.128651,3800.00,card,0,0,0
2026-08-03 14:29:06.864719,5600.00,card,0,0,0
2026-08-03 14:22:07.663784,5600.00,BALANCE,0,0,0
2026-08-03 14:20:33.252507,5600.00,card,0,0,0
2026-08-03 14:12:04.352216,3020.00,BALANCE,0,0,0
2026-08-03 13:41:02.821217,3990.000,USDT,0,0,56.852000
2026-08-03 13:29:20.183403,2700.00,BALANCE,0,0,0
2026-08-03 13:23:50.673189,5200.00,transa,0,0,0
2026-08-03 13:22:25.215008,5700.00,card,0,0,0
2026-08-03 13:14:49.459978,5200.00,paritypay,0,0,0
2026-08-03 13:00:28.846591,5600.00,card,0,0,0
2026-08-03 12:48:57.554965,5700.00,paritypay,0,0,0
2026-08-03 12:44:51.648812,0.00,BALANCE,0,0,0
2026-08-03 12:28:28.071829,5100.00,BALANCE,0,0,0
2026-08-03 12:24:34.277817,5500.00,BALANCE,0,0,0
2026-08-03 12:16:56.25657,0.00,BALANCE,0,0,0
2026-08-03 11:53:11.119208,2300.00,card,0,0,0
2026-08-03 11:07:10.610153,2300.00,paritypay,0,0,0
2026-08-03 10:57:26.444733,5000.00,paritypay,0,0,0
2026-08-03 10:38:36.741821,3300.00,paritypay,0,0,0
2026-08-03 10:17:40.129652,0.00,BALANCE,0,0,0
2026-08-03 08:54:25.912993,5000.00,paritypay,0,0,0
2026-08-03 08:33:56.387845,2300.00,card,0,0,0
2026-08-03 08:27:29.139303,5500.00,paritypay,0,0,0
2026-08-03 07:44:44.717185,3300.00,reptiloid,0,0,0
2026-08-03 05:45:19.754377,3300.00,card,0,0,0
2026-08-03 05:42:32.912814,12500.00,card,0,0,0
2026-08-03 04:49:48.249247,3000.00,BALANCE,0,0,0
2026-08-03 04:25:05.926906,2500.00,card,0,0,0
2026-08-03 04:25:02.988053,2300.00,card,0,0,0
2026-08-03 03:43:56.810969,2500.00,paritypay,0,0,0
2026-08-03 03:40:49.030991,7500.00,paritypay,0,0,0
2026-08-03 02:20:34.602584,2500.00,card,0,0,0
2026-08-03 02:12:50.705549,3300.00,card,0,0,0
2026-08-03 02:04:18.943519,5200.00,BALANCE,0,0,0
2026-08-03 01:39:22.671729,7100.00,BALANCE,0,0,0
2026-08-03 00:49:29.20915,6300.00,card,0,0,0
2026-08-03 00:27:34.438427,6300.00,paritypay,0,0,0
2026-08-03 00:18:15.048324,2300.00,paritypay,0,0,0
2026-08-02 23:39:10.630259,6300.00,paritypay,0,0,0
2026-08-02 23:31:50.770153,2700.00,BALANCE,0,0,0
2026-08-02 23:29:39.785302,5065.00,BALANCE,0,0,0
2026-08-02 23:15:30.363343,6300.00,transa,0,0,0
2026-08-02 23:13:53.698068,5200.00,BALANCE,0,0,0
2026-08-02 23:01:39.312135,7500.00,BALANCE,0,0,0
2026-08-02 22:36:45.340735,2300.00,card,0,0,0
2026-08-02 22:22:13.950355,1350.00,BALANCE,0,0,0
2026-08-02 22:09:45.115772,6300.00,paritypay,0,0,0
2026-08-02 21:46:42.168848,7500.00,BALANCE,0,0,0
2026-08-02 21:44:16.091591,5500.00,card,0,0,0
2026-08-02 21:40:39.46416,4950.00,BALANCE,0,0,0
2026-08-02 21:24:39.779019,7500.00,BALANCE,0,0,0
2026-08-02 21:10:23.190514,7500.00,paritypay,0,0,0
2026-08-02 20:42:12.969228,12500.00,transa,0,0,0
2026-08-02 20:24:23.285344,6300.00,paritypay,0,0,0
2026-08-02 20:02:07.240589,7500.00,paritypay,0,0,0
2026-08-02 19:46:00.396448,5200.00,paritypay,0,0,0
2026-08-02 19:45:40.206631,7500.00,card,0,0,0
2026-08-02 19:34:47.899625,7220.00,BALANCE,0,0,0
2026-08-02 19:01:48.364661,5200.00,paritypay,0,0,0
2026-08-02 18:47:04.27096,7500.00,card,0,0,0
2026-08-02 18:41:13.331278,12500.00,paritypay,0,0,0
2026-08-02 18:40:25.111494,7500.00,paritypay,0,0,0
2026-08-02 18:37:55.433218,7500.00,card,0,0,0
2026-08-02 18:34:10.590895,500.00,BALANCE,0,0,0
2026-08-02 18:33:29.555501,2500.00,BALANCE,0,0,0
2026-08-02 18:19:52.033567,4000.00,BALANCE,0,0,0
2026-08-02 18:04:45.436173,7500.00,reptiloid,0,0,0
2026-08-02 17:00:12.199165,3300.00,paritypay,0,0,0
2026-08-02 16:52:05.223182,5200.00,paritypay,0,0,0
2026-08-02 16:34:10.20064,2300.00,card,0,0,0
2026-08-02 16:33:07.315781,3850.000,USDT,0,0,54.857000
2026-08-02 16:21:38.847652,4000.00,BALANCE,0,0,0
2026-08-02 16:00:55.06917,7500.00,BALANCE,0,0,0
2026-08-02 15:43:56.536118,5500.00,paritypay,0,0,0
2026-08-02 15:30:48.424007,5200.00,transa,0,0,0
2026-08-02 15:25:01.019963,3300.00,BALANCE,0,0,0
2026-08-02 15:13:48.535286,5200.00,reptiloid,0,0,0
2026-08-02 15:05:37.938313,7500.00,paritypay,0,0,0
2026-08-02 14:55:39.627802,0.00,BALANCE,0,0,0
2026-08-02 14:55:08.262434,5200.00,transa,0,0,0
2026-08-02 14:51:30.126143,5200.00,BALANCE,0,0,0
2026-08-02 14:49:41.344567,7500.00,transa,0,0,0
2026-08-02 14:48:33.312812,6300.00,paritypay,0,0,0
2026-08-02 14:46:37.623449,2500.00,nirvana,0,0,0
2026-08-02 14:34:28.102594,7500.00,card,0,0,0
2026-08-02 14:15:34.355764,0.00,BALANCE,0,0,0
2026-08-02 13:56:40.643976,7500.00,reptiloid,0,0,0
2026-08-02 13:23:26.105651,4000.00,card,0,0,0
2026-08-02 13:23:19.808145,5600.00,BALANCE,0,0,0
2026-08-02 13:22:11.608929,3300.00,paritypay,0,0,0
2026-08-02 13:01:07.346002,4775.00,BALANCE,0,0,0
2026-08-02 13:00:09.873633,2300.00,paritypay,0,0,0
2026-08-02 12:55:22.900651,6300.00,paritypay,0,0,0
2026-08-02 12:19:06.830537,5600.00,reptiloid,0,0,0
2026-08-02 11:44:47.226723,5600.00,paritypay,0,0,0
2026-08-02 11:29:50.444232,5200.00,transa,0,0,0
2026-08-02 10:01:20.595432,8100.00,card,0,0,0
2026-08-02 09:02:57.104247,3300.00,BALANCE,0,0,0
2026-08-02 08:39:41.702451,5500.00,paritypay,0,0,0
2026-08-02 08:30:31.597405,5500.00,BALANCE,0,0,0
2026-08-02 08:30:03.612421,5500.00,paritypay,0,0,0
2026-08-02 08:03:44.557421,5500.00,paritypay,0,0,0
2026-08-02 08:00:28.599184,5320.00,BALANCE,0,0,0
2026-08-02 07:18:02.287899,5600.00,card,0,0,0
2026-08-02 05:40:10.11978,5600.00,card,0,0,0
2026-08-02 03:43:49.074166,5600.00,BALANCE,0,0,0
2026-08-02 02:53:37.6329,5200.00,card,0,0,0
2026-08-02 02:35:14.210567,4510.00,BALANCE,0,0,0
2026-08-02 02:12:34.58309,5200.00,paritypay,0,0,0
2026-08-02 01:37:33.618448,6870.00,BALANCE,0,0,0
2026-08-02 01:16:01.846914,7100.00,paritypay,0,0,0
2026-08-02 01:11:50.087036,5600.00,BALANCE,0,0,0
2026-08-02 00:46:55.822825,5200.00,BALANCE,0,0,0
2026-08-01 23:48:12.978385,3300.00,BALANCE,0,0,0
2026-08-01 23:40:52.944072,5200.00,paritypay,0,0,0
2026-08-01 23:22:37.028649,5320.00,BALANCE,0,0,0
2026-08-01 23:04:32.652064,0.00,BALANCE,0,0,0
2026-08-01 22:53:27.62764,5600.00,transa,0,0,0
2026-08-01 22:50:38.56772,0.00,BALANCE,0,0,0
2026-08-01 22:43:20.864922,4420.00,BALANCE,0,0,0
2026-08-01 22:21:19.572832,5600.00,paritypay,0,0,0
2026-08-01 22:20:01.032163,5200.00,transa,0,0,0
2026-08-01 22:13:58.838963,5200.00,transa,0,0,0
2026-08-01 21:40:50.987817,7100.00,paritypay,0,0,0
2026-08-01 21:14:17.834107,5200.00,paritypay,0,0,0
2026-08-01 20:47:38.02185,3850.000,USDT,0,0,54.857000
2026-08-01 20:35:33.785124,5600.00,reptiloid,0,0,0
2026-08-01 19:14:28.65265,5500.00,paritypay,0,0,0
2026-08-01 18:57:19.393734,5600.00,BALANCE,0,0,0
2026-08-01 18:35:02.537906,5600.00,paritypay,0,0,0
2026-08-01 18:17:37.55566,8100.00,paritypay,0,0,0
2026-08-01 17:59:42.14541,3020.00,BALANCE,0,0,0
2026-08-01 17:30:29.871635,5200.00,paritypay,0,0,0
2026-08-01 17:21:55.834986,3300.00,paritypay,0,0,0
2026-08-01 17:19:03.795006,8100.00,reptiloid,0,0,0
2026-08-01 17:17:24.364221,5600.00,BALANCE,0,0,0
2026-08-01 17:16:18.406464,5600.00,BALANCE,0,0,0
2026-08-01 16:49:08.645264,3850.000,USDT,0,0,54.857000
2026-08-01 16:48:27.604165,5600.00,paritypay,0,0,0
2026-08-01 16:45:22.495625,8100.00,reptiloid,0,0,0
2026-08-01 16:34:48.067071,5600.00,paritypay,0,0,0
2026-08-01 16:22:11.338586,5200.00,transa,0,0,0
2026-08-01 15:59:10.34476,5600.00,card,0,0,0
2026-08-01 15:57:47.18045,8100.00,paritypay,0,0,0
2026-08-01 15:48:42.192092,5500.00,card,0,0,0
2026-08-01 15:40:36.436949,7220.00,BALANCE,0,0,0
2026-08-01 15:38:49.223698,5500.00,paritypay,0,0,0
2026-08-01 15:36:21.29713,3300.00,paritypay,0,0,0
2026-08-01 15:11:34.03193,5500.00,paritypay,0,0,0
2026-08-01 15:03:02.36637,5500.00,BALANCE,0,0,0
2026-08-01 14:43:59.674722,7100.00,card,0,0,0
2026-08-01 14:17:13.819277,5200.00,BALANCE,0,0,0
2026-08-01 14:13:57.175196,3850.000,USDT,0,0,54.857000
2026-08-01 14:08:07.16117,7410.00,BALANCE,0,0,0
2026-08-01 14:02:03.979714,5320.00,BALANCE,0,0,0
2026-08-01 13:49:21.238358,5600.00,paritypay,0,0,0
2026-08-01 13:39:13.853804,5200.00,paritypay,0,0,0
2026-08-01 13:20:46.707131,7100.00,paritypay,0,0,0
2026-08-01 13:15:43.580191,5600.00,card,0,0,0
2026-08-01 13:11:01.874225,5600.00,paritypay,0,0,0
2026-08-01 13:10:23.837541,8100.00,BALANCE,0,0,0
2026-08-01 13:10:20.810395,0.00,BALANCE,0,0,0
2026-08-01 13:06:08.893087,5700.00,paritypay,0,0,0
2026-08-01 13:02:45.829758,5700.00,BALANCE,0,0,0
2026-08-01 13:00:47.269747,5500.00,BALANCE,0,0,0
2026-08-01 12:56:16.271711,5600.00,reptiloid,0,0,0
2026-08-01 12:35:06.844575,4000.00,BALANCE,0,0,0
2026-08-01 12:34:44.382843,5600.00,paritypay,0,0,0
2026-08-01 12:26:59.820232,1500.00,BALANCE,0,0,0
2026-08-01 12:24:10.406793,5600.00,paritypay,0,0,0
2026-08-01 12:18:47.297228,5700.00,paritypay,0,0,0
2026-08-01 12:01:25.06449,5600.00,paritypay,0,0,0
2026-08-01 12:00:48.842764,2300.00,paritypay,0,0,0
2026-08-01 11:55:43.34287,2500.00,paritypay,0,0,0
2026-08-01 11:41:18.523938,3850.000,USDT,0,0,54.857000
2026-08-01 10:50:29.098407,8100.00,BALANCE,0,0,0
2026-08-01 09:14:34.822339,3300.00,reptiloid,0,0,0
2026-08-01 09:07:45.190168,5200.00,transa,0,0,0
2026-08-01 08:26:02.131977,1900.00,BALANCE,0,0,0
2026-08-01 07:59:10.362854,1900.00,BALANCE,0,0,0
2026-08-01 07:58:20.116232,5600.00,BALANCE,0,0,0
2026-08-01 07:40:13.297005,0.00,BALANCE,0,0,0
2026-08-01 07:30:29.503534,5700.00,paritypay,0,0,0
2026-08-01 07:12:24.36069,3300.00,paritypay,0,0,0
2026-08-01 03:55:29.169178,3300.00,paritypay,0,0,0
2026-08-01 03:37:02.86167,2300.00,BALANCE,0,0,0
2026-08-01 02:18:40.196296,5500.00,paritypay,0,0,0
2026-08-01 01:55:48.811749,5500.00,reptiloid,0,0,0
2026-08-01 01:36:26.029966,5600.00,transa,0,0,0
2026-08-01 00:14:53.291512,3300.00,reptiloid,0,0,0
2026-08-01 00:12:06.588506,5700.00,paritypay,0,0,0
2026-08-01 00:04:07.723534,5670.000,USDT,0,0,80.790000
2026-08-01 00:00:27.654991,8100.00,transa,0,0,0
2026-07-31 23:50:19.810203,5600.00,BALANCE,0,0,0
2026-07-31 23:48:49.049191,8750.000,USDT,0,0,124.676000
2026-07-31 23:46:52.23163,5200.00,BALANCE,0,0,0
2026-07-31 23:30:51.160889,2500.00,paritypay,0,0,0
2026-07-31 23:15:49.682473,5600.00,paritypay,0,0,0
2026-07-31 23:15:30.270104,4760.00,BALANCE,0,0,0
2026-07-31 23:10:16.902155,5500.00,paritypay,0,0,0
2026-07-31 23:06:35.692442,2500.00,paritypay,0,0,0
2026-07-31 22:47:02.367302,6300.00,paritypay,0,0,0
2026-07-31 22:44:27.460086,8200.00,paritypay,0,0,0
2026-07-31 22:37:12.978213,5200.00,paritypay,0,0,0
2026-07-31 22:31:32.131962,2500.00,paritypay,0,0,0
2026-07-31 22:28:11.889967,5600.00,paritypay,0,0,0
2026-07-31 22:02:11.092004,2500.00,BALANCE,0,0,0
2026-07-31 21:57:37.277755,1285.00,BALANCE,0,0,0
2026-07-31 21:38:39.024962,5700.00,paritypay,0,0,0
2026-07-31 21:28:39.602299,2110.00,BALANCE,0,0,0
2026-07-31 21:27:10.232914,8100.00,paritypay,0,0,0
2026-07-31 21:20:37.554093,8100.00,card,0,0,0
2026-07-31 21:18:41.760742,5600.00,BALANCE,0,0,0
2026-07-31 21:12:01.966448,5200.00,reptiloid,0,0,0
2026-07-31 20:54:42.395388,2500.00,paritypay,0,0,0
2026-07-31 20:41:39.268444,7920.00,BALANCE,0,0,0
2026-07-31 20:16:20.327223,5120.00,BALANCE,0,0,0
2026-07-31 20:04:49.127724,5600.00,card,0,0,0
2026-07-31 20:00:28.47981,5600.00,paritypay,0,0,0
2026-07-31 19:41:03.695764,4300.00,BALANCE,0,0,0
2026-07-31 19:35:14.678702,7920.00,BALANCE,0,0,0
2026-07-31 19:34:25.287687,0.00,BALANCE,0,0,0
2026-07-31 19:20:39.823769,5700.00,paritypay,0,0,0
2026-07-31 19:08:24.949944,5035.00,BALANCE,0,0,0
2026-07-31 19:06:25.076359,5600.00,card,0,0,0
2026-07-31 19:04:33.695039,5600.00,paritypay,0,0,0
2026-07-31 18:48:54.004244,5600.00,BALANCE,0,0,0
2026-07-31 18:42:53.055921,7560.00,BALANCE,0,0,0
2026-07-31 18:34:45.263531,5700.00,paritypay,0,0,0
2026-07-31 18:32:45.508992,8100.00,BALANCE,0,0,0
2026-07-31 18:30:18.000361,5700.00,paritypay,0,0,0
2026-07-31 18:24:39.12062,5600.00,BALANCE,0,0,0
2026-07-31 18:23:00.384257,8100.00,reptiloid,0,0,0
2026-07-31 18:15:23.629419,7100.00,card,0,0,0
2026-07-31 18:07:08.819041,8100.00,reptiloid,0,0,0
2026-07-31 17:35:39.779762,5500.00,BALANCE,0,0,0
2026-07-31 17:28:56.750668,5500.00,card,0,0,0
2026-07-31 17:20:54.048263,5500.00,BALANCE,0,0,0
2026-07-31 16:56:33.863937,5700.00,card,0,0,0
2026-07-31 16:48:41.978898,5600.00,card,0,0,0
2026-07-31 16:43:49.857183,3850.000,USDT,0,0,54.857000
2026-07-31 16:40:57.035345,2500.00,paritypay,0,0,0
2026-07-31 16:39:47.582544,5600.00,card,0,0,0
2026-07-31 16:26:14.594305,5600.00,paritypay,0,0,0
2026-07-31 16:24:08.76682,3300.00,paritypay,0,0,0
2026-07-31 16:12:03.462927,8100.00,transa,0,0,0
2026-07-31 16:07:13.221323,8200.00,paritypay,0,0,0
2026-07-31 16:02:30.420061,5200.00,paritypay,0,0,0
2026-07-31 16:00:28.946666,5200.00,paritypay,0,0,0
2026-07-31 15:51:17.725488,5200.00,paritypay,0,0,0
2026-07-31 15:46:08.547392,5600.00,paritypay,0,0,0
2026-07-31 15:42:22.058122,5700.00,paritypay,0,0,0
2026-07-31 15:42:19.123336,5600.00,paritypay,0,0,0
2026-07-31 15:41:02.900413,5700.00,paritypay,0,0,0
2026-07-31 15:12:14.73111,5700.00,paritypay,0,0,0
2026-07-31 15:09:22.672233,5200.00,transa,0,0,0
2026-07-31 14:56:05.818514,5200.00,paritypay,0,0,0
2026-07-31 14:17:43.497506,5600.00,paritypay,0,0,0
2026-07-31 14:05:42.789544,3300.00,paritypay,0,0,0
2026-07-31 13:39:26.965764,3300.00,paritypay,0,0,0
2026-07-31 13:32:41.354909,5700.00,paritypay,0,0,0
2026-07-31 13:10:47.354781,5700.00,paritypay,0,0,0
2026-07-31 12:58:10.095483,5275.00,BALANCE,0,0,0
2026-07-31 12:13:52.90831,5600.00,paritypay,0,0,0
2026-07-31 12:08:18.836906,5040.00,BALANCE,0,0,0
2026-07-31 11:58:32.383017,3300.00,BALANCE,0,0,0
2026-07-31 11:57:46.246976,5600.00,reptiloid,0,0,0
2026-07-31 11:53:29.472199,3300.00,BALANCE,0,0,0
2026-07-31 11:46:22.009528,5320.00,BALANCE,0,0,0
2026-07-31 11:35:27.57656,5600.00,paritypay,0,0,0
2026-07-31 10:30:08.266138,0.00,BALANCE,0,0,0
2026-07-31 09:34:18.042748,5500.00,paritypay,0,0,0
2026-07-31 09:25:13.137776,5700.00,paritypay,0,0,0
2026-07-31 08:39:40.865545,8200.00,paritypay,0,0,0
2026-07-31 08:15:10.242256,8750.000,USDT,0,0,124.676000
2026-07-31 05:16:28.015186,5200.00,paritypay,0,0,0
2026-07-31 02:57:06.579527,5200.00,card,0,0,0
2026-07-30 23:33:40.248317,5600.00,BALANCE,0,0,0
2026-07-30 23:02:26.124789,5700.00,paritypay,0,0,0
2026-07-30 22:24:21.109398,5225.00,BALANCE,0,0,0
2026-07-30 21:50:18.28966,5420.00,BALANCE,0,0,0
2026-07-30 21:50:01.326514,4000.00,BALANCE,0,0,0
2026-07-30 21:48:29.995381,4000.00,reptiloid,0,0,0
2026-07-30 21:45:19.814728,5600.00,paritypay,0,0,0
2026-07-30 21:40:38.761801,4000.00,BALANCE,0,0,0
2026-07-30 21:22:12.404647,5500.00,paritypay,0,0,0
2026-07-30 21:20:25.070203,5700.00,BALANCE,0,0,0
2026-07-30 21:17:55.222505,5600.00,paritypay,0,0,0
2026-07-30 21:02:42.950741,2760.00,BALANCE,0,0,0
2026-07-30 21:01:05.740058,2300.00,paritypay,0,0,0
2026-07-30 20:54:34.913435,3300.00,BALANCE,0,0,0
2026-07-30 20:52:12.171508,5140.00,BALANCE,0,0,0
2026-07-30 20:49:43.954263,5600.00,nirvana,0,0,0
2026-07-30 20:34:22.8527,5200.00,paritypay,0,0,0
2026-07-30 20:33:16.145257,5700.00,paritypay,0,0,0
2026-07-30 20:25:37.82259,5200.00,paritypay,0,0,0
2026-07-30 20:18:29.975092,5035.00,BALANCE,0,0,0
2026-07-30 20:17:00.935588,5700.00,reptiloid,0,0,0
2026-07-30 20:04:37.220205,5600.00,BALANCE,0,0,0
2026-07-30 19:12:25.503842,5700.00,paritypay,0,0,0
2026-07-30 19:07:00.083792,3600.00,card,0,0,0
2026-07-30 18:51:15.360178,3175.00,BALANCE,0,0,0
2026-07-30 18:50:25.680144,5500.00,paritypay,0,0,0
2026-07-30 18:44:02.896921,3600.00,paritypay,0,0,0
2026-07-30 18:43:09.658016,3600.00,paritypay,0,0,0
2026-07-30 18:29:19.114075,5700.00,card,0,0,0
2026-07-30 18:25:09.04666,7100.00,card,0,0,0
2026-07-30 18:16:43.863155,5600.00,BALANCE,0,0,0
2026-07-30 18:11:49.176183,5500.00,BALANCE,0,0,0
2026-07-30 17:52:23.574087,3600.00,paritypay,0,0,0
