date_time,amount,method,btc,ltc,usdt
2026-09-21 10:56:36.602002,4600.00,reptiloid,0,0,0
2026-09-21 10:38:34.726789,2049.00,BALANCE,0,0,0
2026-09-21 10:19:02.608577,4600.00,reptiloid,0,0,0
2026-09-21 09:33:45.989655,4380.00,BALANCE,0,0,0
2026-09-21 09:00:46.945265,2500.00,BALANCE,0,0,0
2026-09-21 08:51:51.249356,4600.00,BALANCE,0,0,0
2026-09-21 08:37:39.358664,4600.00,reptiloid,0,0,0
2026-09-21 08:19:24.061769,4600.00,reptiloid,0,0,0
2026-09-21 06:36:49.406552,674.00,BALANCE,0,0,0
2026-09-21 05:25:59.295703,4600.00,reptiloid,0,0,0
2026-09-21 03:59:45.971733,2215.00,BALANCE,0,0,0
2026-09-21 03:48:42.984819,2245.00,BALANCE,0,0,0
2026-09-21 02:36:57.409561,4157.50,BALANCE,0,0,0
2026-09-21 01:59:37.156107,2800.00,merchant001,0,0,0
2026-09-21 01:27:24.415969,4600.00,reptiloid,0,0,0
2026-09-21 01:26:45.277982,4600.00,transa,0,0,0
2026-09-21 01:01:39.861444,4600.00,reptiloid,0,0,0
2026-09-21 00:36:44.483687,4600.00,reptiloid,0,0,0
2026-09-21 00:21:35.032026,2655.00,BALANCE,0,0,0
2026-09-20 23:27:41.442615,2800.00,BALANCE,0,0,0
2026-09-20 23:20:59.126674,4600.00,card,0,0,0
2026-09-20 22:44:38.452511,4380.00,BALANCE,0,0,0
2026-09-20 22:20:13.558847,4160.00,BALANCE,0,0,0
2026-09-20 22:14:51.947839,2600.00,BALANCE,0,0,0
2026-09-20 21:37:32.325085,4600.00,BALANCE,0,0,0
2026-09-20 21:33:20.376759,4600.00,transa,0,0,0
2026-09-20 21:10:11.8015,4600.00,reptiloid,0,0,0
2026-09-20 21:07:24.838742,4390.00,BALANCE,0,0,0
2026-09-20 21:01:18.600844,4600.00,reptiloid,0,0,0
2026-09-20 20:58:16.810915,0.00,BALANCE,0,0,0
2026-09-20 20:55:38.078664,2800.00,veyfora,0,0,0
2026-09-20 20:50:06.540767,2370.00,BALANCE,0,0,0
2026-09-20 20:41:35.980211,2800.00,BALANCE,0,0,0
2026-09-20 20:40:20.248947,2545.00,BALANCE,0,0,0
2026-09-20 20:35:33.021883,2477.50,BALANCE,0,0,0
2026-09-20 20:28:42.604543,800.00,BALANCE,0,0,0
2026-09-20 19:52:17.51281,4380.00,BALANCE,0,0,0
2026-09-20 19:49:44.193962,2470.00,BALANCE,0,0,0
2026-09-20 19:46:29.038982,4600.00,reptiloid,0,0,0
2026-09-20 19:44:49.629161,4375.00,BALANCE,0,0,0
2026-09-20 19:43:18.865772,4375.00,BALANCE,0,0,0
2026-09-20 19:39:55.507195,4390.00,BALANCE,0,0,0
2026-09-20 19:31:07.094247,2480.00,BALANCE,0,0,0
2026-09-20 19:19:58.736311,2600.00,BALANCE,0,0,0
2026-09-20 19:13:53.617367,4600.00,BALANCE,0,0,0
2026-09-20 19:01:35.311745,4600.00,transa,0,0,0
2026-09-20 18:52:03.909686,2270.00,BALANCE,0,0,0
2026-09-20 18:51:41.938,2660.00,BALANCE,0,0,0
2026-09-20 18:51:23.154962,4600.00,merchant001,0,0,0
2026-09-20 18:38:57.52515,4600.00,transa,0,0,0
2026-09-20 18:36:23.107869,2245.00,BALANCE,0,0,0
2026-09-20 18:29:25.225839,2262.50,BALANCE,0,0,0
2026-09-20 18:23:39.875496,1505.00,BALANCE,0,0,0
2026-09-20 18:13:05.437155,2600.00,BALANCE,0,0,0
2026-09-20 18:11:16.392294,4600.00,reptiloid,0,0,0
2026-09-20 18:00:43.476532,1820.00,BALANCE,0,0,0
2026-09-20 17:54:38.48168,4600.00,reptiloid,0,0,0
2026-09-20 17:49:05.863918,4600.00,BALANCE,0,0,0
2026-09-20 17:38:31.441823,4380.00,BALANCE,0,0,0
2026-09-20 17:32:59.179533,2190.00,BALANCE,0,0,0
2026-09-20 17:27:59.336115,4385.00,BALANCE,0,0,0
2026-09-20 17:24:09.89185,3090.00,BALANCE,0,0,0
2026-09-20 17:15:09.917681,4600.00,reptiloid,0,0,0
2026-09-20 17:12:16.614653,4600.00,merchant001,0,0,0
2026-09-20 17:08:37.788743,4600.00,card,0,0,0
2026-09-20 17:05:28.127333,4600.00,merchant001,0,0,0
2026-09-20 17:03:52.609882,4600.00,BALANCE,0,0,0
2026-09-20 16:59:32.75999,4600.00,veyfora,0,0,0
2026-09-20 16:56:18.199903,2665.00,BALANCE,0,0,0
2026-09-20 16:56:06.219336,0.00,BALANCE,0,0,0
2026-09-20 16:53:21.999769,4380.00,BALANCE,0,0,0
2026-09-20 16:51:47.9572,2475.00,BALANCE,0,0,0
2026-09-20 16:50:56.277891,4380.00,BALANCE,0,0,0
2026-09-20 16:44:04.146304,4360.00,BALANCE,0,0,0
2026-09-20 16:31:28.467601,2480.00,BALANCE,0,0,0
2026-09-20 16:29:01.014398,2485.00,BALANCE,0,0,0
2026-09-20 16:27:43.367283,4384.00,BALANCE,0,0,0
2026-09-20 16:26:52.365568,0.00,BALANCE,0,0,0
2026-09-20 16:26:17.099423,2475.00,BALANCE,0,0,0
2026-09-20 16:26:07.763612,2385.00,BALANCE,0,0,0
2026-09-20 14:51:19.110702,20000.00,reptiloid,0,0,0
2026-09-20 11:54:43.861715,2800.00,card,0,0,0
2026-09-20 09:46:09.261768,765.00,BALANCE,0,0,0
2026-09-20 08:50:23.921447,2800.00,card,0,0,0
2026-09-20 06:42:41.435319,390.00,BALANCE,0,0,0
2026-09-20 01:52:52.895864,4370.00,BALANCE,0,0,0
2026-09-19 23:57:01.334424,4600.00,reptiloid,0,0,0
2026-09-19 23:09:35.106398,4410.00,BALANCE,0,0,0
2026-09-19 22:45:22.166575,4600.00,card,0,0,0
2026-09-19 22:36:02.78949,4600.00,reptiloid,0,0,0
2026-09-19 22:10:26.560022,4600.00,reptiloid,0,0,0
2026-09-19 21:50:57.43834,4380.00,BALANCE,0,0,0
2026-09-19 21:31:37.077641,4600.00,reptiloid,0,0,0
2026-09-19 21:18:29.111879,2800.00,BALANCE,0,0,0
2026-09-19 21:18:09.408452,2520.00,BALANCE,0,0,0
2026-09-19 20:15:31.867693,3680.00,BALANCE,0,0,0
2026-09-19 20:08:17.628406,4600.00,reptiloid,0,0,0
2026-09-19 19:47:07.619592,2660.00,BALANCE,0,0,0
2026-09-19 19:39:50.248612,4390.00,BALANCE,0,0,0
2026-09-19 19:23:35.735885,4350.00,BALANCE,0,0,0
2026-09-19 19:22:40.498603,4382.50,BALANCE,0,0,0
2026-09-19 19:05:45.016854,4380.00,BALANCE,0,0,0
2026-09-19 19:01:58.827233,4380.00,BALANCE,0,0,0
2026-09-19 19:00:56.91687,4600.00,reptiloid,0,0,0
2026-09-19 18:58:29.807472,4370.00,BALANCE,0,0,0
2026-09-19 18:55:58.413088,2480.00,BALANCE,0,0,0
2026-09-19 18:38:37.44965,4375.00,BALANCE,0,0,0
2026-09-19 18:37:29.087719,2255.00,BALANCE,0,0,0
2026-09-19 18:36:00.856217,2800.00,BALANCE,0,0,0
2026-09-19 18:35:15.340449,4380.00,BALANCE,0,0,0
2026-09-19 18:31:27.834011,4600.00,reptiloid,0,0,0
2026-09-19 18:27:38.184155,4380.00,BALANCE,0,0,0
2026-09-19 18:20:32.893412,4380.00,BALANCE,0,0,0
2026-09-19 18:02:40.328584,4600.00,reptiloid,0,0,0
2026-09-19 17:58:48.402144,1614.00,BALANCE,0,0,0
2026-09-19 17:44:02.145183,4381.00,BALANCE,0,0,0
2026-09-19 17:43:55.573644,4375.95,BALANCE,0,0,0
2026-09-19 17:36:54.917829,2250.00,BALANCE,0,0,0
2026-09-19 17:27:57.271155,4600.00,reptiloid,0,0,0
2026-09-19 17:16:28.663505,4600.00,merchant001,0,0,0
2026-09-19 17:09:29.084655,4600.00,merchant001,0,0,0
2026-09-19 17:03:30.246959,4375.00,BALANCE,0,0,0
2026-09-19 16:54:20.602509,4385.00,BALANCE,0,0,0
2026-09-19 16:48:57.214645,2495.00,BALANCE,0,0,0
2026-09-19 16:46:40.050224,4600.00,merchant001,0,0,0
2026-09-19 16:40:33.963023,1200.00,BALANCE,0,0,0
2026-09-19 16:39:15.380188,4380.00,BALANCE,0,0,0
2026-09-19 16:38:49.255821,4380.00,BALANCE,0,0,0
2026-09-19 16:24:19.343714,75.00,BALANCE,0,0,0
2026-09-19 16:22:27.876409,4600.00,reptiloid,0,0,0
2026-09-19 16:05:55.091025,0.00,BALANCE,0,0,0
2026-09-19 16:01:22.409161,2040.00,BALANCE,0,0,0
2026-09-19 15:32:52.169469,2660.00,BALANCE,0,0,0
2026-09-19 15:13:16.182699,4155.00,BALANCE,0,0,0
2026-09-19 15:10:57.787457,4600.00,reptiloid,0,0,0
2026-09-19 15:10:02.571146,2600.00,BALANCE,0,0,0
2026-09-19 14:57:53.410031,4600.00,card,0,0,0
2026-09-19 14:52:03.475331,4381.00,BALANCE,0,0,0
2026-09-19 14:22:44.793724,4380.00,BALANCE,0,0,0
2026-09-19 14:05:58.54096,4380.00,BALANCE,0,0,0
2026-09-19 13:53:06.093997,4380.00,BALANCE,0,0,0
2026-09-19 13:46:03.320157,4380.00,BALANCE,0,0,0
2026-09-19 13:36:53.700005,2470.00,BALANCE,0,0,0
2026-09-19 13:33:23.926157,1300.00,BALANCE,0,0,0
2026-09-19 13:28:31.019619,4380.00,BALANCE,0,0,0
2026-09-19 13:28:14.854564,0.00,BALANCE,0,0,0
2026-09-19 13:27:04.764701,4381.50,BALANCE,0,0,0
2026-09-19 13:24:36.455404,4600.00,transa,0,0,0
2026-09-19 13:19:45.490389,4370.00,BALANCE,0,0,0
2026-09-19 13:14:05.630964,2600.00,BALANCE,0,0,0
2026-09-19 13:10:35.231865,2484.00,BALANCE,0,0,0
2026-09-19 13:05:36.020829,4385.00,BALANCE,0,0,0
2026-09-19 12:29:47.574124,4600.00,transa,0,0,0
2026-09-19 12:07:25.913925,4600.00,BALANCE,0,0,0
2026-09-19 12:06:52.845463,4600.00,card,0,0,0
2026-09-19 12:06:01.16477,3920.00,BALANCE,0,0,0
2026-09-19 11:25:31.043889,4600.00,BALANCE,0,0,0
2026-09-19 11:09:46.968166,4600.00,transa,0,0,0
2026-09-19 11:07:10.799909,4150.00,BALANCE,0,0,0
2026-09-19 10:31:41.404677,800.00,BALANCE,0,0,0
2026-09-19 10:26:41.828022,4397.50,BALANCE,0,0,0
2026-09-19 10:22:07.679542,4600.00,reptiloid,0,0,0
2026-09-19 10:11:27.869952,2214.00,BALANCE,0,0,0
2026-09-19 10:04:33.201351,2800.00,card,0,0,0
2026-09-19 09:49:29.709415,4600.00,card,0,0,0
2026-09-19 09:40:12.245384,2800.00,reptiloid,0,0,0
2026-09-19 09:29:58.650689,2670.00,BALANCE,0,0,0
2026-09-19 09:01:53.817261,0.00,BALANCE,0,0,0
2026-09-19 08:04:40.675311,2475.00,BALANCE,0,0,0
2026-09-19 07:49:46.754397,4385.00,BALANCE,0,0,0
2026-09-19 07:43:40.434585,4380.00,BALANCE,0,0,0
2026-09-19 04:31:41.683234,2800.00,BALANCE,0,0,0
2026-09-19 04:29:12.880757,4600.00,veyfora,0,0,0
2026-09-19 04:19:15.460663,4390.00,BALANCE,0,0,0
2026-09-19 02:23:29.23071,4600.00,transa,0,0,0
2026-09-19 02:02:30.540491,4385.00,BALANCE,0,0,0
2026-09-19 02:00:41.529455,4600.00,BALANCE,0,0,0
2026-09-19 02:00:09.599201,4165.00,BALANCE,0,0,0
2026-09-19 01:50:27.085266,760.00,BALANCE,0,0,0
2026-09-19 00:32:12.156238,4600.00,BALANCE,0,0,0
2026-09-19 00:20:50.648707,4600.00,BALANCE,0,0,0
2026-09-18 23:43:50.588174,4380.00,BALANCE,0,0,0
2026-09-18 23:37:17.60222,1115.00,BALANCE,0,0,0
2026-09-18 23:36:29.088013,4380.00,BALANCE,0,0,0
2026-09-18 23:27:48.75691,4600.00,reptiloid,0,0,0
2026-09-18 23:27:27.75733,4375.00,BALANCE,0,0,0
2026-09-18 23:21:25.15335,4385.00,BALANCE,0,0,0
2026-09-18 23:17:06.317029,2482.50,BALANCE,0,0,0
2026-09-18 23:03:03.316585,4380.00,BALANCE,0,0,0
2026-09-18 22:43:57.737552,4600.00,reptiloid,0,0,0
2026-09-18 22:42:27.567824,755.00,BALANCE,0,0,0
2026-09-18 22:42:02.805559,4600.00,reptiloid,0,0,0
2026-09-18 22:25:38.188989,2480.95,BALANCE,0,0,0
2026-09-18 22:24:29.004335,4380.00,BALANCE,0,0,0
2026-09-18 22:19:30.16444,110.00,BALANCE,0,0,0
2026-09-18 22:16:28.623943,4380.00,BALANCE,0,0,0
2026-09-18 22:08:51.106926,2487.50,BALANCE,0,0,0
2026-09-18 22:03:06.212649,1600.00,BALANCE,0,0,0
2026-09-18 22:01:59.409322,4375.00,BALANCE,0,0,0
2026-09-18 21:35:47.980634,4600.00,reptiloid,0,0,0
2026-09-18 21:31:15.246873,4600.00,merchant001,0,0,0
2026-09-18 21:15:46.598476,2006.00,BALANCE,0,0,0
2026-09-18 21:09:14.963773,4600.00,reptiloid,0,0,0
2026-09-18 20:55:36.705788,4600.00,merchant001,0,0,0
2026-09-18 20:44:45.382565,4380.00,BALANCE,0,0,0
2026-09-18 20:30:14.295674,4382.00,BALANCE,0,0,0
2026-09-18 20:16:38.744371,2495.00,BALANCE,0,0,0
2026-09-18 20:10:00.92929,4385.00,BALANCE,0,0,0
2026-09-18 20:06:56.267009,2480.00,BALANCE,0,0,0
2026-09-18 19:46:32.519183,4380.00,BALANCE,0,0,0
2026-09-18 19:32:55.591032,4380.00,BALANCE,0,0,0
2026-09-18 19:32:38.57079,4375.00,BALANCE,0,0,0
2026-09-18 19:24:33.847837,4382.50,BALANCE,0,0,0
2026-09-18 19:14:26.789341,4380.00,BALANCE,0,0,0
2026-09-18 19:13:35.867345,4375.00,BALANCE,0,0,0
2026-09-18 19:11:36.298984,4385.00,BALANCE,0,0,0
2026-09-18 18:55:29.619323,4600.00,reptiloid,0,0,0
2026-09-18 18:45:04.543598,4380.00,BALANCE,0,0,0
2026-09-18 18:40:46.802451,4600.00,BALANCE,0,0,0
2026-09-18 18:38:36.55398,2480.00,BALANCE,0,0,0
2026-09-18 18:36:56.589936,1282.50,BALANCE,0,0,0
2026-09-18 18:23:11.609337,4395.00,BALANCE,0,0,0
2026-09-18 18:20:54.266878,4160.00,BALANCE,0,0,0
2026-09-18 18:14:48.445533,4600.00,transa,0,0,0
2026-09-18 18:11:56.229865,2480.00,BALANCE,0,0,0
2026-09-18 18:11:00.085657,4600.00,reptiloid,0,0,0
2026-09-18 18:09:58.927445,4600.00,reptiloid,0,0,0
2026-09-18 17:51:52.626538,2480.00,BALANCE,0,0,0
2026-09-18 17:40:10.374808,4600.00,merchant001,0,0,0
2026-09-18 17:07:20.406391,4370.00,BALANCE,0,0,0
2026-09-18 17:04:19.086245,3215.00,BALANCE,0,0,0
2026-09-18 16:40:07.828999,2045.00,BALANCE,0,0,0
2026-09-18 16:38:33.53615,3450.0000,USDT,0,0,43.823000
2026-09-18 16:35:31.760667,4600.00,reptiloid,0,0,0
2026-09-18 16:28:25.687812,4600.00,veyfora,0,0,0
2026-09-18 16:21:31.820707,4600.00,reptiloid,0,0,0
2026-09-18 16:15:41.668876,3680.00,BALANCE,0,0,0
2026-09-18 16:06:52.591886,4600.00,BALANCE,0,0,0
2026-09-18 15:53:49.838259,4600.00,merchant001,0,0,0
2026-09-18 15:53:16.286994,4394.50,BALANCE,0,0,0
2026-09-18 15:49:10.179151,4160.00,BALANCE,0,0,0
2026-09-18 15:48:53.433397,2482.50,BALANCE,0,0,0
2026-09-18 15:48:04.807391,4600.00,reptiloid,0,0,0
2026-09-18 15:41:50.869213,4600.00,reptiloid,0,0,0
2026-09-18 15:40:40.399604,4600.00,veyfora,0,0,0
2026-09-18 15:39:36.789861,3455.00,BALANCE,0,0,0
2026-09-18 15:37:12.311075,4600.00,BALANCE,0,0,0
2026-09-18 15:35:46.022846,4150.00,BALANCE,0,0,0
2026-09-18 15:31:25.272307,4375.00,BALANCE,0,0,0
2026-09-18 15:30:14.476761,2476.50,BALANCE,0,0,0
2026-09-18 15:27:20.817461,4372.50,BALANCE,0,0,0
2026-09-18 15:26:50.500756,4380.00,BALANCE,0,0,0
2026-09-18 15:25:09.102059,2040.00,BALANCE,0,0,0
2026-09-18 15:23:37.741441,4370.00,BALANCE,0,0,0
2026-09-18 15:21:05.78133,4600.00,veyfora,0,0,0
2026-09-18 15:16:16.671998,4380.00,BALANCE,0,0,0
2026-09-18 15:14:45.538173,4380.00,BALANCE,0,0,0
2026-09-18 15:11:58.133672,4600.00,reptiloid,0,0,0
2026-09-18 15:04:33.821497,2460.00,BALANCE,0,0,0
2026-09-18 15:00:48.011175,4380.00,BALANCE,0,0,0
2026-09-18 14:46:38.131333,4390.00,BALANCE,0,0,0
2026-09-18 14:38:42.642921,4600.00,merchant001,0,0,0
2026-09-18 14:28:46.538409,4380.95,BALANCE,0,0,0
2026-09-18 14:10:42.486933,2257.50,BALANCE,0,0,0
2026-09-18 14:04:48.813905,4162.50,BALANCE,0,0,0
2026-09-18 13:48:44.435249,2480.00,BALANCE,0,0,0
2026-09-18 13:45:48.344781,4600.00,transa,0,0,0
2026-09-18 13:43:29.637672,4600.00,reptiloid,0,0,0
2026-09-18 13:04:42.567871,4370.00,BALANCE,0,0,0
2026-09-18 12:53:24.645952,4600.00,veyfora,0,0,0
2026-09-18 12:49:11.950833,4395.00,BALANCE,0,0,0
2026-09-18 12:46:02.128656,4375.00,BALANCE,0,0,0
2026-09-18 12:22:28.630491,4375.00,BALANCE,0,0,0
2026-09-18 12:08:22.422711,4600.00,reptiloid,0,0,0
2026-09-18 11:56:45.665158,4157.50,BALANCE,0,0,0
2026-09-18 11:40:02.51187,2510.00,BALANCE,0,0,0
2026-09-18 11:37:15.760201,2600.00,BALANCE,0,0,0
2026-09-18 11:25:35.722107,4390.00,BALANCE,0,0,0
2026-09-18 10:15:56.924598,4382.00,BALANCE,0,0,0
2026-09-18 10:01:47.431946,3450.0000,USDT,0,0,43.823000
2026-09-18 09:45:57.748347,4140.00,BALANCE,0,0,0
2026-09-18 08:47:02.990807,4600.00,BALANCE,0,0,0
2026-09-18 08:46:47.166041,4140.00,BALANCE,0,0,0
2026-09-18 08:30:53.490917,4377.50,BALANCE,0,0,0
2026-09-18 08:14:49.84598,4600.00,reptiloid,0,0,0
2026-09-18 08:07:17.725603,4600.00,transa,0,0,0
2026-09-18 08:00:00.819626,4600.00,veyfora,0,0,0
2026-09-18 07:55:43.431338,4380.00,BALANCE,0,0,0
2026-09-18 04:55:53.150058,4600.00,veyfora,0,0,0
2026-09-18 03:24:22.680301,4155.00,BALANCE,0,0,0
2026-09-18 03:19:51.181541,4600.00,card,0,0,0
2026-09-18 03:08:47.983579,4400.00,BALANCE,0,0,0
2026-09-18 03:00:36.439094,2455.00,BALANCE,0,0,0
2026-09-18 02:59:59.635172,4379.50,BALANCE,0,0,0
2026-09-18 01:23:33.473183,4600.00,reptiloid,0,0,0
2026-09-18 00:25:38.239,4600.00,reptiloid,0,0,0
2026-09-17 23:50:32.202831,4600.00,transa,0,0,0
2026-09-17 23:43:15.964092,3490.00,BALANCE,0,0,0
2026-09-17 23:26:50.586442,4600.00,reptiloid,0,0,0
2026-09-17 23:07:23.68103,4380.00,BALANCE,0,0,0
2026-09-17 23:05:36.94039,4600.00,veyfora,0,0,0
2026-09-17 22:57:34.478961,2489.20,BALANCE,0,0,0
2026-09-17 22:41:31.152346,4380.00,BALANCE,0,0,0
2026-09-17 21:43:56.381831,4600.00,veyfora,0,0,0
2026-09-17 21:35:30.821811,4160.00,BALANCE,0,0,0
2026-09-17 21:34:55.098058,4380.00,BALANCE,0,0,0
2026-09-17 20:54:37.2465,4600.00,reptiloid,0,0,0
2026-09-17 20:47:24.780858,4600.00,reptiloid,0,0,0
2026-09-17 20:43:35.970115,3200.00,BALANCE,0,0,0
2026-09-17 20:42:53.102007,1187.50,BALANCE,0,0,0
2026-09-17 20:31:16.304503,2470.00,BALANCE,0,0,0
2026-09-17 20:22:44.410571,4380.00,BALANCE,0,0,0
2026-09-17 19:57:10.861013,4150.00,BALANCE,0,0,0
2026-09-17 19:38:08.965361,4600.00,reptiloid,0,0,0
2026-09-17 19:32:32.291967,4600.00,transa,0,0,0
2026-09-17 19:26:58.080677,4375.00,BALANCE,0,0,0
2026-09-17 19:18:50.335815,4600.00,reptiloid,0,0,0
2026-09-17 19:17:30.682933,4375.00,BALANCE,0,0,0
2026-09-17 19:05:24.010532,4505.00,BALANCE,0,0,0
2026-09-17 18:58:47.804223,2495.00,BALANCE,0,0,0
2026-09-17 18:47:53.6115,4380.00,BALANCE,0,0,0
2026-09-17 18:40:00.427131,4600.00,reptiloid,0,0,0
2026-09-17 18:35:01.610903,2485.00,BALANCE,0,0,0
2026-09-17 18:34:41.894873,4600.00,BALANCE,0,0,0
2026-09-17 18:34:10.202187,2481.50,BALANCE,0,0,0
2026-09-17 18:33:18.278464,4600.00,merchant001,0,0,0
2026-09-17 18:31:17.431615,4157.50,BALANCE,0,0,0
2026-09-17 18:27:06.271692,2475.00,BALANCE,0,0,0
2026-09-17 18:25:12.313686,4380.00,BALANCE,0,0,0
2026-09-17 18:24:21.950656,2465.00,BALANCE,0,0,0
2026-09-17 18:08:53.937329,4376.55,BALANCE,0,0,0
2026-09-17 18:05:50.1036,4375.00,BALANCE,0,0,0
2026-09-17 18:00:53.501843,4600.00,reptiloid,0,0,0
2026-09-17 17:50:49.173458,4600.00,veyfora,0,0,0
2026-09-17 17:50:37.923955,4600.00,card,0,0,0
2026-09-17 17:28:56.688049,2370.00,BALANCE,0,0,0
2026-09-17 17:28:48.550912,4600.00,card,0,0,0
2026-09-17 17:25:58.450708,4380.00,BALANCE,0,0,0
2026-09-17 16:54:40.404255,4380.00,BALANCE,0,0,0
2026-09-17 16:43:15.688568,4600.00,veyfora,0,0,0
2026-09-17 16:41:05.032085,1800.00,BALANCE,0,0,0
2026-09-17 16:22:21.283604,4600.00,reptiloid,0,0,0
2026-09-17 16:16:54.988418,4370.00,BALANCE,0,0,0
2026-09-17 16:16:44.75438,4387.50,BALANCE,0,0,0
2026-09-17 16:15:36.288763,4600.00,reptiloid,0,0,0
2026-09-17 16:10:37.002838,4600.00,reptiloid,0,0,0
2026-09-17 16:03:54.34762,3945.00,BALANCE,0,0,0
2026-09-17 15:56:33.04138,4600.00,veyfora,0,0,0
2026-09-17 15:54:00.577796,4600.00,veyfora,0,0,0
2026-09-17 15:48:29.210553,4155.00,BALANCE,0,0,0
2026-09-17 15:37:13.587096,4600.00,reptiloid,0,0,0
2026-09-17 14:55:13.034081,2457.50,BALANCE,0,0,0
2026-09-17 14:53:04.902931,4380.00,BALANCE,0,0,0
2026-09-17 14:44:43.588802,4370.00,BALANCE,0,0,0
2026-09-17 14:38:34.821746,4380.00,BALANCE,0,0,0
2026-09-17 14:31:49.099911,4107.50,BALANCE,0,0,0
2026-09-17 14:26:27.745649,4600.00,reptiloid,0,0,0
2026-09-17 14:25:59.276858,4380.00,BALANCE,0,0,0
2026-09-17 14:21:44.346118,4385.00,BALANCE,0,0,0
2026-09-17 14:06:29.592688,4600.00,reptiloid,0,0,0
2026-09-17 13:58:13.456343,4160.00,BALANCE,0,0,0
2026-09-17 13:51:28.642541,4600.00,reptiloid,0,0,0
2026-09-17 13:50:56.125573,2235.00,BALANCE,0,0,0
2026-09-17 13:35:31.854666,4600.00,reptiloid,0,0,0
2026-09-17 13:23:02.660542,4600.00,reptiloid,0,0,0
2026-09-17 13:17:29.814613,4600.00,reptiloid,0,0,0
2026-09-17 13:01:43.187547,2495.00,BALANCE,0,0,0
2026-09-17 12:23:30.158669,2600.00,BALANCE,0,0,0
2026-09-17 12:15:37.704742,4600.00,reptiloid,0,0,0
2026-09-17 11:44:54.748889,4600.00,card,0,0,0
2026-09-17 11:42:48.357598,4600.00,merchant001,0,0,0
2026-09-17 11:33:24.762527,2496.00,BALANCE,0,0,0
2026-09-17 11:31:20.096609,4600.00,merchant001,0,0,0
2026-09-17 11:25:03.721671,4380.00,BALANCE,0,0,0
2026-09-17 11:12:07.175712,4380.00,BALANCE,0,0,0
2026-09-17 11:00:12.548351,4600.00,merchant001,0,0,0
2026-09-17 10:44:35.560041,4380.90,BALANCE,0,0,0
2026-09-17 10:41:11.487317,4375.00,BALANCE,0,0,0
2026-09-17 10:19:07.023846,4370.00,BALANCE,0,0,0
2026-09-17 10:04:52.573076,4375.00,BALANCE,0,0,0
2026-09-17 10:04:28.61547,4455.00,BALANCE,0,0,0
2026-09-17 09:29:51.813809,4600.00,reptiloid,0,0,0
2026-09-17 09:27:06.846798,4600.00,BALANCE,0,0,0
2026-09-17 08:57:24.547832,3715.00,BALANCE,0,0,0
2026-09-17 08:30:36.976298,4600.00,transa,0,0,0
2026-09-17 08:29:18.266917,4385.00,BALANCE,0,0,0
2026-09-17 07:58:54.884317,4600.00,reptiloid,0,0,0
2026-09-17 07:52:11.194527,4600.00,BALANCE,0,0,0
2026-09-17 07:46:39.132075,4385.00,BALANCE,0,0,0
2026-09-17 07:33:40.667441,4600.00,BALANCE,0,0,0
2026-09-17 06:33:39.104707,4137.50,BALANCE,0,0,0
2026-09-17 02:35:09.78438,4500.00,BALANCE,0,0,0
2026-09-17 01:52:32.12831,4357.50,BALANCE,0,0,0
2026-09-17 01:12:59.324161,4600.00,transa,0,0,0
2026-09-17 01:10:47.493465,4600.00,BALANCE,0,0,0
2026-09-17 00:48:21.58249,4380.00,BALANCE,0,0,0
2026-09-17 00:42:57.685695,4600.00,merchant001,0,0,0
2026-09-17 00:27:27.067264,1950.00,BALANCE,0,0,0
2026-09-16 23:35:45.760884,4382.20,BALANCE,0,0,0
2026-09-16 23:10:28.912541,4160.00,BALANCE,0,0,0
2026-09-16 22:48:35.825347,4600.00,BALANCE,0,0,0
2026-09-16 22:28:37.02255,2475.00,BALANCE,0,0,0
2026-09-16 21:50:10.442793,4380.00,BALANCE,0,0,0
2026-09-16 21:44:04.66716,4600.00,reptiloid,0,0,0
2026-09-16 21:22:58.929731,4600.00,reptiloid,0,0,0
2026-09-16 21:17:31.473186,4382.50,BALANCE,0,0,0
2026-09-16 21:09:25.894004,4600.00,reptiloid,0,0,0
2026-09-16 21:05:43.505986,4600.00,reptiloid,0,0,0
2026-09-16 21:04:56.786168,4600.00,reptiloid,0,0,0
2026-09-16 21:02:04.307078,4600.00,reptiloid,0,0,0
2026-09-16 20:57:15.72409,4390.00,BALANCE,0,0,0
2026-09-16 20:53:27.717192,4395.00,BALANCE,0,0,0
2026-09-16 20:52:09.003671,4600.00,card,0,0,0
2026-09-16 20:37:36.183668,4152.00,BALANCE,0,0,0
2026-09-16 20:29:31.074774,4380.00,BALANCE,0,0,0
2026-09-16 20:11:25.989721,4402.50,BALANCE,0,0,0
2026-09-16 20:04:46.592828,4375.00,BALANCE,0,0,0
2026-09-16 20:04:03.780496,4370.00,BALANCE,0,0,0
2026-09-16 19:52:02.880691,2480.00,BALANCE,0,0,0
2026-09-16 19:49:00.362695,4370.00,BALANCE,0,0,0
2026-09-16 19:05:11.682493,4385.00,BALANCE,0,0,0
2026-09-16 18:58:42.735626,0.00,BALANCE,0,0,0
2026-09-16 18:53:38.585732,4600.00,reptiloid,0,0,0
2026-09-16 18:46:30.125576,3900.00,BALANCE,0,0,0
2026-09-16 18:42:53.785464,4375.00,BALANCE,0,0,0
2026-09-16 18:40:27.952846,4370.00,BALANCE,0,0,0
2026-09-16 18:40:14.413385,4158.00,BALANCE,0,0,0
2026-09-16 18:17:19.520566,2485.00,BALANCE,0,0,0
2026-09-16 17:56:20.051886,4600.00,transa,0,0,0
2026-09-16 17:47:45.79832,4380.00,BALANCE,0,0,0
2026-09-16 17:31:31.890052,4375.00,BALANCE,0,0,0
2026-09-16 17:12:27.440948,4380.00,BALANCE,0,0,0
2026-09-16 17:11:01.180041,4380.00,BALANCE,0,0,0
2026-09-16 17:07:21.664389,4600.00,BALANCE,0,0,0
2026-09-16 17:07:03.190481,4380.00,BALANCE,0,0,0
2026-09-16 17:06:33.063723,4150.00,BALANCE,0,0,0
2026-09-16 16:59:56.591557,4370.00,BALANCE,0,0,0
2026-09-16 16:58:44.751011,4600.00,transa,0,0,0
2026-09-16 16:53:55.390157,4382.50,BALANCE,0,0,0
2026-09-16 16:46:55.516928,4600.00,reptiloid,0,0,0
2026-09-16 16:44:46.131623,2470.00,BALANCE,0,0,0
2026-09-16 16:09:03.910463,325.00,BALANCE,0,0,0
2026-09-16 16:08:39.794553,4600.00,BALANCE,0,0,0
2026-09-16 16:08:16.454407,4170.00,BALANCE,0,0,0
2026-09-16 16:03:28.964485,4380.00,BALANCE,0,0,0
2026-09-16 16:01:56.273551,2500.00,BALANCE,0,0,0
2026-09-16 15:59:13.523674,4370.00,BALANCE,0,0,0
2026-09-16 15:51:52.838679,2492.50,BALANCE,0,0,0
2026-09-16 15:49:22.572196,4600.00,reptiloid,0,0,0
2026-09-16 15:18:45.500825,3925.00,BALANCE,0,0,0
2026-09-16 15:17:46.63735,2375.00,BALANCE,0,0,0
2026-09-16 15:14:00.09394,2500.00,BALANCE,0,0,0
2026-09-16 15:08:18.227522,4600.00,reptiloid,0,0,0
2026-09-16 15:07:18.638096,3090.00,BALANCE,0,0,0
2026-09-16 14:48:51.84821,4600.00,merchant001,0,0,0
2026-09-16 14:10:54.22214,4600.00,reptiloid,0,0,0
2026-09-16 14:09:09.984759,4380.00,BALANCE,0,0,0
2026-09-16 14:06:56.536807,4600.00,reptiloid,0,0,0
2026-09-16 13:54:16.392672,4600.00,reptiloid,0,0,0
2026-09-16 13:51:52.973897,2482.50,BALANCE,0,0,0
2026-09-16 13:40:07.039729,4600.00,onlypays,0,0,0
2026-09-16 13:29:42.008571,4600.00,BALANCE,0,0,0
2026-09-16 13:18:28.036815,2477.50,BALANCE,0,0,0
2026-09-16 13:14:22.442149,2485.00,BALANCE,0,0,0
2026-09-16 13:04:15.686153,4390.00,BALANCE,0,0,0
2026-09-16 13:03:04.84976,4385.00,BALANCE,0,0,0
2026-09-16 12:57:40.685124,4375.00,BALANCE,0,0,0
2026-09-16 12:55:31.307359,4375.00,BALANCE,0,0,0
2026-09-16 12:49:41.510078,3450.0000,USDT,0,0,43.823000
2026-09-16 12:40:56.748328,4375.00,BALANCE,0,0,0
2026-09-16 12:27:57.768835,4380.00,BALANCE,0,0,0
2026-09-16 12:27:46.88868,4150.00,BALANCE,0,0,0
2026-09-16 12:09:06.962613,2455.50,BALANCE,0,0,0
2026-09-16 12:03:28.395622,2000.00,BALANCE,0,0,0
2026-09-16 12:01:26.474483,4375.00,BALANCE,0,0,0
2026-09-16 11:58:35.730737,4160.00,BALANCE,0,0,0
2026-09-16 11:52:08.844628,1830.00,BALANCE,0,0,0
2026-09-16 11:51:53.753035,4600.00,reptiloid,0,0,0
2026-09-16 11:31:32.394568,4600.00,reptiloid,0,0,0
2026-09-16 11:29:19.478086,4600.00,reptiloid,0,0,0
2026-09-16 11:17:28.25774,4384.75,BALANCE,0,0,0
2026-09-16 10:51:27.929075,4385.00,BALANCE,0,0,0
2026-09-16 10:32:50.980982,2375.00,BALANCE,0,0,0
2026-09-16 10:15:12.598797,4395.00,BALANCE,0,0,0
2026-09-16 09:54:22.239503,4375.00,BALANCE,0,0,0
2026-09-16 09:45:18.506134,4385.00,BALANCE,0,0,0
2026-09-16 09:35:45.683177,4600.00,transa,0,0,0
2026-09-16 09:30:13.924995,4600.00,card,0,0,0
2026-09-16 09:12:28.375159,4600.00,reptiloid,0,0,0
2026-09-16 09:04:24.274566,4600.00,BALANCE,0,0,0
2026-09-16 08:58:53.096136,4600.00,BALANCE,0,0,0
2026-09-16 08:49:13.893653,3725.00,BALANCE,0,0,0
2026-09-16 08:00:54.005117,4600.00,BALANCE,0,0,0
2026-09-16 03:10:17.477128,4600.00,reptiloid,0,0,0
2026-09-16 02:33:11.070706,4600.00,reptiloid,0,0,0
2026-09-16 01:25:02.834726,2485.00,BALANCE,0,0,0
2026-09-16 00:50:05.937698,4600.00,reptiloid,0,0,0
2026-09-16 00:11:09.952671,3450.0000,USDT,0,0,43.823000
2026-09-16 00:09:53.878747,4600.00,card,0,0,0
2026-09-16 00:03:57.995232,4155.00,BALANCE,0,0,0
2026-09-15 23:58:23.302871,4375.00,BALANCE,0,0,0
2026-09-15 23:46:10.000041,4600.00,reptiloid,0,0,0
2026-09-15 23:41:21.465719,4600.00,BALANCE,0,0,0
2026-09-15 23:03:32.906659,4600.00,reptiloid,0,0,0
2026-09-15 22:56:54.580809,4375.00,BALANCE,0,0,0
2026-09-15 22:54:13.153974,4465.00,BALANCE,0,0,0
2026-09-15 22:39:15.485503,4600.00,card,0,0,0
2026-09-15 22:28:52.78273,2250.00,BALANCE,0,0,0
2026-09-15 21:59:23.17464,4380.00,BALANCE,0,0,0
2026-09-15 21:58:32.317083,4600.00,reptiloid,0,0,0
2026-09-15 21:47:23.440606,4600.00,merchant001,0,0,0
2026-09-15 21:44:28.2551,2500.00,BALANCE,0,0,0
2026-09-15 21:34:04.708814,4400.00,BALANCE,0,0,0
2026-09-15 21:33:38.840086,4395.00,BALANCE,0,0,0
2026-09-15 21:23:02.564188,4167.50,BALANCE,0,0,0
2026-09-15 21:18:05.318533,4380.00,BALANCE,0,0,0
2026-09-15 21:16:46.753556,2474.00,BALANCE,0,0,0
2026-09-15 21:16:27.14677,4155.00,BALANCE,0,0,0
2026-09-15 21:16:13.510163,4150.00,BALANCE,0,0,0
2026-09-15 20:04:18.033276,4385.00,BALANCE,0,0,0
2026-09-15 19:52:08.901075,2485.00,BALANCE,0,0,0
2026-09-15 19:46:11.157137,0.00,BALANCE,0,0,0
2026-09-15 19:33:09.319629,2565.00,BALANCE,0,0,0
2026-09-15 19:16:10.349403,4600.00,transa,0,0,0
2026-09-15 19:02:43.98495,4421.50,BALANCE,0,0,0
2026-09-15 19:00:14.306899,4600.00,reptiloid,0,0,0
2026-09-15 18:59:23.883462,4375.00,BALANCE,0,0,0
2026-09-15 18:54:53.126948,1410.00,BALANCE,0,0,0
2026-09-15 18:48:27.590596,4385.00,BALANCE,0,0,0
2026-09-15 18:47:17.347177,4380.00,BALANCE,0,0,0
2026-09-15 18:47:15.157054,2475.00,BALANCE,0,0,0
2026-09-15 18:44:30.520561,2600.00,BALANCE,0,0,0
2026-09-15 18:36:17.571838,2700.00,card,0,0,0
2026-09-15 18:19:53.007045,4600.00,reptiloid,0,0,0
2026-09-15 17:15:24.922875,4380.00,BALANCE,0,0,0
2026-09-15 17:11:26.920501,4600.00,reptiloid,0,0,0
2026-09-15 17:00:48.711381,4600.00,card,0,0,0
2026-09-15 16:50:14.01385,4600.00,BALANCE,0,0,0
2026-09-15 16:47:08.9755,2385.00,BALANCE,0,0,0
2026-09-15 16:31:09.123938,4385.00,BALANCE,0,0,0
2026-09-15 16:29:23.152556,4600.00,transa,0,0,0
2026-09-15 16:25:37.561847,4375.00,BALANCE,0,0,0
2026-09-15 16:23:00.108336,4600.00,transa,0,0,0
2026-09-15 16:12:14.061397,0.00,BALANCE,0,0,0
2026-09-15 16:11:11.952573,4380.00,BALANCE,0,0,0
2026-09-15 16:03:14.46349,4380.00,BALANCE,0,0,0
2026-09-15 16:01:24.878252,2575.00,BALANCE,0,0,0
2026-09-15 15:57:52.199913,4370.00,BALANCE,0,0,0
2026-09-15 15:57:16.852389,0.00,BALANCE,0,0,0
2026-09-15 15:53:54.46455,4600.00,reptiloid,0,0,0
2026-09-15 15:53:40.688833,4382.50,BALANCE,0,0,0
2026-09-15 15:52:07.427061,4380.75,BALANCE,0,0,0
2026-09-15 15:51:22.966204,4600.00,transa,0,0,0
2026-09-15 15:44:43.665222,4170.00,BALANCE,0,0,0
2026-09-15 15:35:08.688047,3925.00,BALANCE,0,0,0
2026-09-15 15:27:06.544766,2265.00,BALANCE,0,0,0
2026-09-15 15:25:55.611272,4165.00,BALANCE,0,0,0
2026-09-15 15:00:44.717497,2700.00,merchant001,0,0,0
2026-09-15 14:25:05.430255,3450.0000,USDT,0,0,43.823000
2026-09-15 12:54:34.084909,2782.50,BALANCE,0,0,0
2026-09-15 12:35:13.699912,4600.00,reptiloid,0,0,0
2026-09-15 11:09:43.553228,4380.00,BALANCE,0,0,0
2026-09-15 10:47:38.020783,4405.00,BALANCE,0,0,0
2026-09-15 10:46:04.135163,4385.00,BALANCE,0,0,0
2026-09-15 10:44:45.294664,4600.00,reptiloid,0,0,0
2026-09-15 10:34:54.541894,4600.00,reptiloid,0,0,0
2026-09-15 10:31:12.67148,4600.00,reptiloid,0,0,0
2026-09-15 10:20:34.404185,4600.00,reptiloid,0,0,0
2026-09-15 09:52:27.025471,2700.00,card,0,0,0
2026-09-15 09:50:45.165797,4600.00,card,0,0,0
2026-09-15 09:23:22.405037,665.00,BALANCE,0,0,0
2026-09-15 09:17:33.006014,4375.00,BALANCE,0,0,0
2026-09-15 09:07:08.438566,4600.00,reptiloid,0,0,0
2026-09-15 08:43:00.855249,4417.50,BALANCE,0,0,0
2026-09-15 07:54:54.53811,4400.00,BALANCE,0,0,0
2026-09-15 07:05:31.386972,2487.50,BALANCE,0,0,0
2026-09-15 06:25:40.099298,4600.00,reptiloid,0,0,0
2026-09-15 05:17:26.277364,2700.00,card,0,0,0
2026-09-15 04:58:56.356573,2700.00,merchant001,0,0,0
2026-09-15 04:56:51.958715,4600.00,BALANCE,0,0,0
2026-09-15 04:55:58.854754,3920.00,BALANCE,0,0,0
2026-09-15 04:39:50.355403,4162.50,BALANCE,0,0,0
2026-09-15 04:38:56.629646,4600.00,reptiloid,0,0,0
2026-09-15 03:28:07.609051,4390.00,BALANCE,0,0,0
2026-09-15 02:45:14.439662,4380.00,BALANCE,0,0,0
2026-09-15 01:55:08.135623,4600.00,reptiloid,0,0,0
2026-09-15 01:54:43.210932,4600.00,reptiloid,0,0,0
2026-09-15 01:25:54.146372,4145.00,BALANCE,0,0,0
2026-09-15 01:19:54.431938,4380.00,BALANCE,0,0,0
2026-09-15 01:14:29.598945,4600.00,reptiloid,0,0,0
2026-09-15 01:09:21.405409,2480.00,BALANCE,0,0,0
2026-09-15 01:05:46.963083,4600.00,reptiloid,0,0,0
2026-09-15 00:51:56.810716,2470.00,BALANCE,0,0,0
2026-09-15 00:26:24.090152,4600.00,reptiloid,0,0,0
2026-09-14 23:58:11.153431,4160.00,BALANCE,0,0,0
2026-09-14 23:24:54.831547,2570.00,BALANCE,0,0,0
2026-09-14 22:49:04.527936,4490.00,BALANCE,0,0,0
2026-09-14 22:29:20.817076,4600.00,transa,0,0,0
2026-09-14 21:59:47.352075,4370.00,BALANCE,0,0,0
2026-09-14 21:59:26.013138,4385.00,BALANCE,0,0,0
2026-09-14 21:52:43.614198,4380.00,BALANCE,0,0,0
2026-09-14 21:23:53.685193,4397.50,BALANCE,0,0,0
2026-09-14 21:16:10.674475,4165.00,BALANCE,0,0,0
2026-09-14 21:13:47.34926,2254.00,BALANCE,0,0,0
2026-09-14 20:49:43.952018,2500.00,BALANCE,0,0,0
2026-09-14 20:44:22.14897,1625.00,BALANCE,0,0,0
2026-09-14 20:42:23.888057,2945.00,BALANCE,0,0,0
2026-09-14 20:36:36.023337,2480.00,BALANCE,0,0,0
2026-09-14 20:24:26.563153,2485.00,BALANCE,0,0,0
2026-09-14 20:18:22.235937,2477.50,BALANCE,0,0,0
2026-09-14 20:02:01.293347,4600.00,transa,0,0,0
2026-09-14 19:52:16.273705,2250.00,BALANCE,0,0,0
2026-09-14 19:42:37.711507,2255.00,BALANCE,0,0,0
2026-09-14 19:32:15.687561,4375.00,BALANCE,0,0,0
2026-09-14 19:26:22.598959,2490.00,BALANCE,0,0,0
2026-09-14 19:18:55.301376,4380.00,BALANCE,0,0,0
2026-09-14 19:18:08.090925,4600.00,reptiloid,0,0,0
2026-09-14 19:10:50.890194,4385.70,BALANCE,0,0,0
2026-09-14 19:09:07.462197,4387.50,BALANCE,0,0,0
2026-09-14 19:08:37.89723,2462.50,BALANCE,0,0,0
2026-09-14 19:06:24.558248,4600.00,reptiloid,0,0,0
2026-09-14 19:03:07.955364,4175.00,BALANCE,0,0,0
2026-09-14 18:59:05.346594,4600.00,reptiloid,0,0,0
2026-09-14 18:48:14.438248,0.00,BALANCE,0,0,0
2026-09-14 16:07:59.588641,6000.00,reptiloid,0,0,0
2026-09-14 15:46:20.771211,4275.00,BALANCE,0,0,0
2026-09-14 15:39:11.692049,4500.00,card,0,0,0
2026-09-14 15:23:58.350188,2275.00,BALANCE,0,0,0
2026-09-14 15:13:13.850081,4500.00,transa,0,0,0
2026-09-14 15:05:22.138749,4500.00,transa,0,0,0
2026-09-14 15:01:41.534992,4500.00,transa,0,0,0
2026-09-14 14:42:55.792627,2385.00,BALANCE,0,0,0
2026-09-14 14:37:06.257103,4500.00,card,0,0,0
2026-09-14 14:23:11.121152,4285.00,BALANCE,0,0,0
2026-09-14 14:11:54.02555,4261.00,BALANCE,0,0,0
2026-09-14 14:11:17.376865,4285.00,BALANCE,0,0,0
2026-09-14 13:05:32.384173,4275.00,BALANCE,0,0,0
2026-09-14 12:44:00.659279,2387.50,BALANCE,0,0,0
2026-09-14 12:41:15.596116,2275.00,BALANCE,0,0,0
2026-09-14 12:16:09.881437,4302.50,BALANCE,0,0,0
2026-09-14 12:10:18.184412,4500.00,reptiloid,0,0,0
2026-09-14 11:22:21.958794,2387.50,BALANCE,0,0,0
2026-09-14 10:42:14.653399,4290.00,BALANCE,0,0,0
2026-09-14 09:26:11.639839,4075.00,BALANCE,0,0,0
2026-09-14 09:22:39.791583,4275.00,BALANCE,0,0,0
2026-09-14 09:16:24.1287,4287.50,BALANCE,0,0,0
2026-09-14 09:03:41.128822,2380.00,BALANCE,0,0,0
2026-09-14 08:38:55.020354,4285.00,BALANCE,0,0,0
2026-09-14 08:31:53.895048,2366.50,BALANCE,0,0,0
2026-09-14 07:57:50.488175,4285.00,BALANCE,0,0,0
2026-09-14 07:55:29.896105,2170.00,BALANCE,0,0,0
2026-09-14 05:57:12.873586,4500.00,reptiloid,0,0,0
2026-09-14 05:45:45.554794,4285.00,BALANCE,0,0,0
2026-09-14 04:23:33.311207,4285.00,BALANCE,0,0,0
2026-09-14 03:42:20.061953,2160.00,BALANCE,0,0,0
2026-09-14 01:47:04.195215,4500.00,reptiloid,0,0,0
2026-09-14 01:09:53.647414,4500.00,reptiloid,0,0,0
2026-09-14 01:09:30.48221,4285.00,BALANCE,0,0,0
2026-09-14 00:44:29.399808,4500.00,BALANCE,0,0,0
2026-09-14 00:41:32.630183,2165.00,BALANCE,0,0,0
2026-09-13 23:51:50.33287,4500.00,BALANCE,0,0,0
2026-09-13 23:49:45.000633,4500.00,BALANCE,0,0,0
2026-09-13 23:47:55.888537,4500.00,BALANCE,0,0,0
2026-09-13 23:24:19.396815,4282.50,BALANCE,0,0,0
2026-09-13 23:07:42.17873,4500.00,reptiloid,0,0,0
2026-09-13 23:04:39.312114,4500.00,reptiloid,0,0,0
2026-09-13 23:02:39.45332,4475.00,BALANCE,0,0,0
2026-09-13 22:45:45.607739,4500.00,reptiloid,0,0,0
2026-09-13 22:31:04.098443,4285.00,BALANCE,0,0,0
2026-09-13 22:16:09.094444,2167.50,BALANCE,0,0,0
2026-09-13 21:37:24.645966,4285.00,BALANCE,0,0,0
2026-09-13 21:33:31.700394,4500.00,reptiloid,0,0,0
2026-09-13 21:29:40.398984,4500.00,reptiloid,0,0,0
2026-09-13 21:29:02.993164,4285.90,BALANCE,0,0,0
2026-09-13 21:17:22.910379,4500.00,reptiloid,0,0,0
2026-09-13 21:01:58.269178,2390.00,BALANCE,0,0,0
2026-09-13 20:43:08.269757,0.00,BALANCE,0,0,0
2026-09-13 20:27:14.174835,4500.00,reptiloid,0,0,0
2026-09-13 20:22:02.723622,2380.00,BALANCE,0,0,0
2026-09-13 20:02:45.359224,4500.00,reptiloid,0,0,0
2026-09-13 19:58:11.02473,4285.00,BALANCE,0,0,0
2026-09-13 19:43:32.317162,4280.00,BALANCE,0,0,0
2026-09-13 19:36:27.624821,4275.00,BALANCE,0,0,0
2026-09-13 19:34:44.240896,2385.00,BALANCE,0,0,0
2026-09-13 19:23:35.435112,1725.00,BALANCE,0,0,0
2026-09-13 19:15:41.128439,4500.00,transa,0,0,0
2026-09-13 18:54:41.045013,4285.00,BALANCE,0,0,0
2026-09-13 18:54:21.617893,2800.00,BALANCE,0,0,0
2026-09-13 18:38:21.246989,4500.00,reptiloid,0,0,0
2026-09-13 18:33:21.590853,4500.00,reptiloid,0,0,0
2026-09-13 18:31:56.068877,1595.00,BALANCE,0,0,0
2026-09-13 18:17:29.418538,4500.00,BALANCE,0,0,0
2026-09-13 18:10:16.657459,2049.00,BALANCE,0,0,0
2026-09-13 17:59:36.794048,4290.00,BALANCE,0,0,0
2026-09-13 17:56:50.073153,4500.00,reptiloid,0,0,0
2026-09-13 17:53:05.732466,2387.50,BALANCE,0,0,0
2026-09-13 17:47:16.900905,4500.00,transa,0,0,0
2026-09-13 17:41:38.841775,4500.00,reptiloid,0,0,0
2026-09-13 17:38:17.825878,2385.00,BALANCE,0,0,0
2026-09-13 17:15:30.385852,4500.00,reptiloid,0,0,0
2026-09-13 17:13:53.776115,3822.50,BALANCE,0,0,0
2026-09-13 17:08:29.59825,4280.00,BALANCE,0,0,0
2026-09-13 17:03:24.509658,2150.00,BALANCE,0,0,0
2026-09-13 16:54:37.299125,2800.00,BALANCE,0,0,0
2026-09-13 16:49:55.6012,4500.00,reptiloid,0,0,0
2026-09-13 16:44:17.40047,4285.00,BALANCE,0,0,0
2026-09-13 16:42:56.101782,2415.00,BALANCE,0,0,0
2026-09-13 16:41:25.011078,4285.00,BALANCE,0,0,0
2026-09-13 16:41:24.787941,4275.00,BALANCE,0,0,0
2026-09-13 16:14:51.813757,4285.00,BALANCE,0,0,0
2026-09-13 16:11:04.153811,4285.00,BALANCE,0,0,0
2026-09-13 16:08:38.690296,4500.00,transa,0,0,0
2026-09-13 15:59:37.004442,4000.00,reptiloid,0,0,0
2026-09-13 15:47:15.414013,4275.00,BALANCE,0,0,0
2026-09-13 15:37:12.982011,2800.00,reptiloid,0,0,0
2026-09-13 15:28:20.49157,2387.25,BALANCE,0,0,0
2026-09-13 15:23:20.604163,4500.00,reptiloid,0,0,0
2026-09-13 15:12:14.72838,4285.00,BALANCE,0,0,0
2026-09-13 14:55:53.770459,3850.00,BALANCE,0,0,0
2026-09-13 14:49:32.442643,4282.50,BALANCE,0,0,0
2026-09-13 14:33:14.873783,4285.00,BALANCE,0,0,0
2026-09-13 14:32:48.268238,2375.00,BALANCE,0,0,0
2026-09-13 14:24:51.922995,4500.00,reptiloid,0,0,0
2026-09-13 14:06:37.034848,4285.00,BALANCE,0,0,0
2026-09-13 13:49:21.953857,4500.00,transa,0,0,0
2026-09-13 13:46:49.881628,4282.50,BALANCE,0,0,0
2026-09-13 13:20:28.237093,4500.00,card,0,0,0
2026-09-13 13:12:21.771239,4500.00,reptiloid,0,0,0
2026-09-13 12:43:24.284631,4500.00,transa,0,0,0
2026-09-13 12:32:46.191796,3000.00,BALANCE,0,0,0
2026-09-13 12:10:47.115112,4285.00,BALANCE,0,0,0
2026-09-13 11:59:14.339971,4500.00,BALANCE,0,0,0
2026-09-13 11:56:09.996877,4075.00,BALANCE,0,0,0
2026-09-13 11:43:19.088681,1945.00,BALANCE,0,0,0
2026-09-13 11:27:46.165769,4500.00,card,0,0,0
2026-09-13 11:18:41.186669,4500.00,BALANCE,0,0,0
2026-09-13 10:04:05.059802,3375.0000,USDT,0,0,42.870000
2026-09-13 09:57:26.481864,4500.00,BALANCE,0,0,0
2026-09-13 09:23:23.836909,4275.00,BALANCE,0,0,0
2026-09-13 08:15:13.06827,2375.00,BALANCE,0,0,0
2026-09-13 07:45:41.077312,4281.50,BALANCE,0,0,0
2026-09-13 07:14:59.025357,4500.00,reptiloid,0,0,0
2026-09-13 07:13:07.560619,2660.00,BALANCE,0,0,0
2026-09-13 04:39:27.249545,2800.00,reptiloid,0,0,0
2026-09-13 03:23:49.917622,4286.00,BALANCE,0,0,0
2026-09-13 03:11:17.454672,2800.00,reptiloid,0,0,0
2026-09-13 03:07:01.069594,2400.00,BALANCE,0,0,0
2026-09-13 02:49:28.857596,2385.00,BALANCE,0,0,0
2026-09-13 02:38:45.140646,4500.00,transa,0,0,0
2026-09-13 02:26:27.506886,2387.50,BALANCE,0,0,0
2026-09-13 02:21:43.245331,4290.00,BALANCE,0,0,0
2026-09-13 01:27:21.652429,4000.00,card,0,0,0
2026-09-13 00:36:57.182167,4500.00,transa,0,0,0
2026-09-13 00:30:23.818747,4500.00,BALANCE,0,0,0
2026-09-13 00:15:55.628117,4500.00,reptiloid,0,0,0
2026-09-12 23:55:57.037391,4500.00,reptiloid,0,0,0
2026-09-12 23:11:52.703646,4500.00,card,0,0,0
2026-09-12 23:00:03.249604,4500.00,card,0,0,0
2026-09-12 22:49:00.908642,4500.00,reptiloid,0,0,0
2026-09-12 22:46:18.667962,4500.00,reptiloid,0,0,0
2026-09-12 22:45:35.478776,4500.00,reptiloid,0,0,0
2026-09-12 22:43:49.656026,4500.00,reptiloid,0,0,0
2026-09-12 22:38:18.980459,4500.00,reptiloid,0,0,0
2026-09-12 22:37:33.881941,3850.00,BALANCE,0,0,0
2026-09-12 22:32:03.36171,4500.00,transa,0,0,0
2026-09-12 22:22:59.859208,3815.00,BALANCE,0,0,0
2026-09-12 22:22:24.554719,4500.00,reptiloid,0,0,0
2026-09-12 22:11:48.911285,4000.00,card,0,0,0
2026-09-12 22:06:59.493726,4500.00,reptiloid,0,0,0
2026-09-12 22:06:26.782733,4000.00,BALANCE,0,0,0
2026-09-12 22:02:18.530626,4275.00,BALANCE,0,0,0
2026-09-12 21:46:53.742978,4000.00,BALANCE,0,0,0
2026-09-12 20:58:07.282346,4500.00,BALANCE,0,0,0
2026-09-12 20:57:05.851551,4500.00,reptiloid,0,0,0
2026-09-12 20:46:15.933796,4275.00,BALANCE,0,0,0
2026-09-12 20:45:16.684055,4500.00,reptiloid,0,0,0
2026-09-12 20:40:50.592369,4000.00,reptiloid,0,0,0
2026-09-12 20:36:27.908441,2385.00,BALANCE,0,0,0
2026-09-12 20:23:41.101802,3000.00,BALANCE,0,0,0
2026-09-12 20:21:34.088009,4500.00,transa,0,0,0
2026-09-12 20:16:28.229727,4285.00,BALANCE,0,0,0
2026-09-12 19:51:53.454854,760.00,BALANCE,0,0,0
2026-09-12 19:37:57.339861,4280.00,BALANCE,0,0,0
2026-09-12 19:33:13.06581,4500.00,reptiloid,0,0,0
2026-09-12 19:30:38.251398,2375.00,BALANCE,0,0,0
2026-09-12 19:28:27.591666,4500.00,reptiloid,0,0,0
2026-09-12 19:22:01.600247,4285.00,BALANCE,0,0,0
2026-09-12 19:21:04.504411,4500.00,reptiloid,0,0,0
2026-09-12 19:20:49.775542,4500.00,transa,0,0,0
2026-09-12 19:19:51.049405,4500.00,reptiloid,0,0,0
2026-09-12 19:14:52.486931,4290.00,BALANCE,0,0,0
2026-09-12 19:11:06.643455,4500.00,transa,0,0,0
2026-09-12 18:58:52.78247,4065.00,BALANCE,0,0,0
2026-09-12 18:43:22.316624,2384.00,BALANCE,0,0,0
2026-09-12 18:36:47.050136,4285.00,BALANCE,0,0,0
2026-09-12 18:24:39.795874,1944.00,BALANCE,0,0,0
2026-09-12 18:12:18.61985,2800.00,reptiloid,0,0,0
2026-09-12 17:53:36.32032,2167.50,BALANCE,0,0,0
2026-09-12 17:47:12.898599,4287.50,BALANCE,0,0,0
2026-09-12 17:29:31.500811,4230.00,BALANCE,0,0,0
2026-09-12 17:24:48.417759,4285.00,BALANCE,0,0,0
2026-09-12 16:50:03.392475,4070.00,BALANCE,0,0,0
2026-09-12 16:42:22.646199,4500.00,transa,0,0,0
2026-09-12 16:40:13.902058,4070.00,BALANCE,0,0,0
2026-09-12 16:30:58.853072,2395.00,BALANCE,0,0,0
2026-09-12 16:23:02.058448,4280.00,BALANCE,0,0,0
2026-09-12 16:22:58.945545,2360.00,BALANCE,0,0,0
2026-09-12 16:22:27.447562,12500.00,reptiloid,0,0,0
2026-09-12 16:16:05.529249,3065.00,BALANCE,0,0,0
2026-09-12 16:11:09.861758,12500.00,reptiloid,0,0,0
2026-09-12 16:08:36.992854,4275.00,BALANCE,0,0,0
2026-09-12 16:05:26.410782,12500.00,reptiloid,0,0,0
2026-09-12 16:03:17.470184,12500.00,reptiloid,0,0,0
2026-09-12 15:58:59.703506,2400.00,BALANCE,0,0,0
2026-09-12 15:48:49.889326,1900.00,BALANCE,0,0,0
2026-09-12 15:45:32.015639,1946.50,BALANCE,0,0,0
2026-09-12 15:36:31.655421,4500.00,reptiloid,0,0,0
2026-09-12 15:27:00.89764,4300.00,BALANCE,0,0,0
2026-09-12 15:12:03.676534,4285.70,BALANCE,0,0,0
2026-09-12 15:07:21.552974,4282.50,BALANCE,0,0,0
2026-09-12 15:05:46.73153,4500.00,reptiloid,0,0,0
2026-09-12 14:58:04.921659,4290.00,BALANCE,0,0,0
2026-09-12 14:51:34.369206,4500.00,reptiloid,0,0,0
2026-09-12 14:50:29.297426,4075.00,BALANCE,0,0,0
2026-09-12 14:45:55.492339,4280.50,BALANCE,0,0,0
2026-09-12 14:29:26.58266,4284.00,BALANCE,0,0,0
2026-09-12 14:28:16.939048,4500.00,reptiloid,0,0,0
2026-09-12 14:17:37.503812,4285.00,BALANCE,0,0,0
2026-09-12 14:15:10.508361,4500.00,reptiloid,0,0,0
2026-09-12 14:07:45.922707,4285.00,BALANCE,0,0,0
2026-09-12 14:06:52.582173,4500.00,BALANCE,0,0,0
2026-09-12 14:05:43.318929,2375.00,BALANCE,0,0,0
2026-09-12 13:53:25.041438,4295.00,BALANCE,0,0,0
2026-09-12 13:37:29.595321,3422.50,BALANCE,0,0,0
2026-09-12 13:28:03.816257,4095.00,BALANCE,0,0,0
2026-09-12 13:20:06.032299,4500.00,transa,0,0,0
2026-09-12 13:19:16.334934,4272.00,BALANCE,0,0,0
2026-09-12 13:08:15.874779,4050.00,BALANCE,0,0,0
2026-09-12 13:06:22.25558,4500.00,transa,0,0,0
2026-09-12 12:59:27.534144,4282.50,BALANCE,0,0,0
2026-09-12 12:56:07.032573,4285.00,BALANCE,0,0,0
2026-09-12 12:45:19.014117,4290.00,BALANCE,0,0,0
2026-09-12 12:34:29.770432,12500.00,reptiloid,0,0,0
2026-09-12 12:32:08.023689,12500.00,reptiloid,0,0,0
2026-09-12 12:18:22.778023,4500.00,reptiloid,0,0,0
2026-09-12 12:03:56.470004,2500.00,BALANCE,0,0,0
2026-09-12 12:01:32.494009,2385.00,BALANCE,0,0,0
2026-09-12 11:56:37.013746,4500.00,BALANCE,0,0,0
2026-09-12 11:54:41.438546,4286.50,BALANCE,0,0,0
2026-09-12 11:44:22.193667,4275.00,BALANCE,0,0,0
2026-09-12 11:40:54.251839,4287.50,BALANCE,0,0,0
2026-09-12 11:28:43.501471,4500.00,reptiloid,0,0,0
2026-09-12 11:17:20.009744,4280.00,BALANCE,0,0,0
2026-09-12 10:50:04.840762,4285.00,BALANCE,0,0,0
2026-09-12 10:30:08.047301,4415.00,BALANCE,0,0,0
2026-09-12 10:20:12.293281,4500.00,BALANCE,0,0,0
2026-09-12 10:19:49.762193,2060.50,BALANCE,0,0,0
2026-09-12 10:06:10.615765,4285.00,BALANCE,0,0,0
2026-09-12 10:01:10.948611,4000.00,BALANCE,0,0,0
2026-09-12 09:58:24.288419,4297.50,BALANCE,0,0,0
2026-09-12 09:57:35.534297,3800.00,BALANCE,0,0,0
2026-09-12 09:46:20.822639,12500.00,reptiloid,0,0,0
2026-09-12 09:43:54.151872,12500.00,reptiloid,0,0,0
2026-09-12 09:42:12.431457,2800.00,reptiloid,0,0,0
2026-09-12 09:28:09.994466,3850.00,BALANCE,0,0,0
2026-09-12 09:19:57.140359,12500.00,reptiloid,0,0,0
2026-09-12 09:10:27.767786,4500.00,transa,0,0,0
2026-09-12 08:46:41.592641,4500.00,reptiloid,0,0,0
2026-09-12 08:17:26.561109,4287.50,BALANCE,0,0,0
2026-09-12 08:11:57.071492,4500.00,reptiloid,0,0,0
2026-09-12 08:09:58.348264,4500.00,transa,0,0,0
2026-09-12 08:07:19.765162,4500.00,reptiloid,0,0,0
2026-09-12 08:06:23.194852,4500.00,transa,0,0,0
2026-09-12 06:43:55.914234,4500.00,transa,0,0,0
2026-09-12 06:41:50.969318,0.00,BALANCE,0,0,0
2026-09-12 06:41:10.80013,0.00,BALANCE,0,0,0
2026-09-12 06:40:05.604101,0.00,BALANCE,0,0,0
2026-09-12 06:13:03.361788,2800.00,reptiloid,0,0,0
2026-09-12 05:55:52.149906,4285.00,BALANCE,0,0,0
2026-09-12 05:18:31.322816,4500.00,transa,0,0,0
2026-09-12 04:49:24.13561,4275.00,BALANCE,0,0,0
2026-09-12 04:12:43.781461,4050.00,BALANCE,0,0,0
2026-09-12 04:06:32.62631,2370.00,BALANCE,0,0,0
2026-09-12 03:29:54.081536,3855.00,BALANCE,0,0,0
2026-09-12 02:57:16.546574,4500.00,reptiloid,0,0,0
2026-09-12 02:54:21.609392,4300.00,BALANCE,0,0,0
2026-09-12 02:15:24.567464,4050.00,BALANCE,0,0,0
2026-09-12 02:11:22.48571,4500.00,reptiloid,0,0,0
2026-09-12 01:07:56.663624,4500.00,reptiloid,0,0,0
2026-09-12 00:39:57.266619,4500.00,reptiloid,0,0,0
2026-09-12 00:30:23.768017,4285.00,BALANCE,0,0,0
2026-09-12 00:28:44.858946,2380.50,BALANCE,0,0,0
2026-09-11 23:56:34.802436,4290.00,BALANCE,0,0,0
2026-09-11 23:39:56.447924,4500.00,reptiloid,0,0,0
2026-09-11 23:38:16.762598,4275.00,BALANCE,0,0,0
2026-09-11 23:29:43.808983,2385.00,BALANCE,0,0,0
2026-09-11 23:13:28.825115,4000.00,reptiloid,0,0,0
2026-09-11 22:43:18.47226,4500.00,transa,0,0,0
2026-09-11 22:33:55.817079,4500.00,reptiloid,0,0,0
2026-09-11 22:32:25.872048,4300.00,BALANCE,0,0,0
2026-09-11 22:19:38.911571,4500.00,reptiloid,0,0,0
2026-09-11 22:14:28.743103,4285.00,BALANCE,0,0,0
2026-09-11 22:14:09.768258,4500.00,transa,0,0,0
2026-09-11 22:06:49.213727,4285.00,BALANCE,0,0,0
2026-09-11 21:53:30.676895,4290.00,BALANCE,0,0,0
2026-09-11 21:41:17.418832,1725.00,BALANCE,0,0,0
2026-09-11 21:31:21.439899,4282.50,BALANCE,0,0,0
2026-09-11 21:25:45.6763,2382.50,BALANCE,0,0,0
2026-09-11 21:15:21.650287,3375.0000,USDT,0,0,42.870000
2026-09-11 21:08:30.240348,1959.15,BALANCE,0,0,0
2026-09-11 21:06:08.187383,4500.00,reptiloid,0,0,0
2026-09-11 21:00:37.9273,2800.00,reptiloid,0,0,0
2026-09-11 20:54:03.494708,3800.00,BALANCE,0,0,0
2026-09-11 20:27:16.405831,4500.00,reptiloid,0,0,0
2026-09-11 20:04:52.703266,4500.00,reptiloid,0,0,0
2026-09-11 20:04:48.937853,1725.00,BALANCE,0,0,0
2026-09-11 19:59:30.122679,4500.00,transa,0,0,0
2026-09-11 19:43:15.618926,4275.00,BALANCE,0,0,0
2026-09-11 19:42:01.136505,4275.00,BALANCE,0,0,0
2026-09-11 19:27:01.987227,4500.00,card,0,0,0
2026-09-11 19:26:30.923191,4500.00,card,0,0,0
2026-09-11 19:20:20.84865,4285.00,BALANCE,0,0,0
2026-09-11 19:11:21.931312,4500.00,reptiloid,0,0,0
2026-09-11 18:55:42.211422,4500.00,transa,0,0,0
2026-09-11 18:44:13.785212,4295.00,BALANCE,0,0,0
2026-09-11 18:35:14.662031,4500.00,reptiloid,0,0,0
2026-09-11 18:21:06.138446,4285.00,BALANCE,0,0,0
2026-09-11 18:11:49.245394,575.00,BALANCE,0,0,0
2026-09-11 18:05:19.447528,4275.00,BALANCE,0,0,0
2026-09-11 18:03:55.495448,3815.00,BALANCE,0,0,0
2026-09-11 17:58:40.061335,4500.00,transa,0,0,0
2026-09-11 17:55:13.835528,3600.00,BALANCE,0,0,0
2026-09-11 17:54:49.212694,4275.00,BALANCE,0,0,0
2026-09-11 17:45:01.47851,3900.00,BALANCE,0,0,0
2026-09-11 17:33:54.487964,4050.00,BALANCE,0,0,0
2026-09-11 17:27:17.851788,4500.00,card,0,0,0
2026-09-11 16:58:28.924561,4288.00,BALANCE,0,0,0
2026-09-11 16:48:32.016566,4287.50,BALANCE,0,0,0
2026-09-11 16:24:09.778392,4500.00,BALANCE,0,0,0
2026-09-11 16:21:53.389231,4285.00,BALANCE,0,0,0
2026-09-11 16:17:43.194062,860.00,BALANCE,0,0,0
2026-09-11 16:00:09.462027,2500.00,BALANCE,0,0,0
2026-09-11 15:48:24.757409,4500.00,transa,0,0,0
2026-09-11 15:42:16.495323,4500.00,transa,0,0,0
2026-09-11 15:39:16.050451,4275.00,BALANCE,0,0,0
2026-09-11 15:35:28.164753,4275.00,BALANCE,0,0,0
2026-09-11 15:32:51.390799,2385.00,BALANCE,0,0,0
2026-09-11 15:02:53.827167,4500.00,transa,0,0,0
2026-09-11 14:51:04.36342,4500.00,reptiloid,0,0,0
2026-09-11 14:46:13.98205,4500.00,card,0,0,0
2026-09-11 14:35:12.718718,4500.00,transa,0,0,0
2026-09-11 14:32:58.226824,4500.00,transa,0,0,0
2026-09-11 14:28:40.716066,4500.00,reptiloid,0,0,0
2026-09-11 14:27:05.919755,4070.00,BALANCE,0,0,0
2026-09-11 14:22:54.32761,4275.00,BALANCE,0,0,0
2026-09-11 14:17:24.079979,4500.00,reptiloid,0,0,0
2026-09-11 14:14:13.605674,4500.00,reptiloid,0,0,0
2026-09-11 14:10:04.902108,4000.00,card,0,0,0
2026-09-11 14:09:06.83984,1500.00,BALANCE,0,0,0
2026-09-11 14:01:28.967092,2374.00,BALANCE,0,0,0
2026-09-11 14:00:08.295126,4500.00,reptiloid,0,0,0
2026-09-11 13:53:06.48001,4275.00,BALANCE,0,0,0
2026-09-11 13:43:19.702074,4500.00,transa,0,0,0
2026-09-11 13:38:51.503728,4500.00,reptiloid,0,0,0
2026-09-11 13:29:37.860031,3907.50,BALANCE,0,0,0
2026-09-11 13:19:19.205185,4292.50,BALANCE,0,0,0
2026-09-11 12:48:05.511141,2760.00,BALANCE,0,0,0
2026-09-11 12:13:36.496269,4285.00,BALANCE,0,0,0
2026-09-11 11:59:41.024205,4285.70,BALANCE,0,0,0
2026-09-11 11:41:09.305,2377.50,BALANCE,0,0,0
2026-09-11 11:21:59.134561,4500.00,BALANCE,0,0,0
2026-09-11 10:53:29.500701,4000.00,reptiloid,0,0,0
2026-09-11 10:48:41.139712,4500.00,card,0,0,0
2026-09-11 10:45:49.661989,3850.00,BALANCE,0,0,0
2026-09-11 10:41:59.346768,4500.00,transa,0,0,0
2026-09-11 09:58:19.651312,1950.00,BALANCE,0,0,0
2026-09-11 09:53:46.100686,4000.00,card,0,0,0
2026-09-11 09:46:09.932252,2390.00,BALANCE,0,0,0
2026-09-11 09:45:06.531982,4500.00,reptiloid,0,0,0
2026-09-11 09:40:44.458495,2197.50,BALANCE,0,0,0
2026-09-11 09:15:16.060749,3810.00,BALANCE,0,0,0
2026-09-11 09:10:40.880332,4290.00,BALANCE,0,0,0
2026-09-11 08:37:14.685745,4055.00,BALANCE,0,0,0
2026-09-11 07:33:11.364582,4500.00,transa,0,0,0
2026-09-11 07:30:06.768919,4500.00,transa,0,0,0
2026-09-11 06:11:42.414922,4000.00,BALANCE,0,0,0
2026-09-11 06:10:41.165258,2386.00,BALANCE,0,0,0
2026-09-11 06:03:53.54933,4295.00,BALANCE,0,0,0
2026-09-11 05:44:10.671326,2900.00,reptiloid,0,0,0
2026-09-11 05:31:51.716265,4500.00,reptiloid,0,0,0
2026-09-11 05:01:50.345647,4000.00,reptiloid,0,0,0
2026-09-11 02:58:33.684946,1960.00,BALANCE,0,0,0
2026-09-11 02:08:21.963955,4500.00,transa,0,0,0
2026-09-11 02:06:42.68871,4500.00,transa,0,0,0
2026-09-11 01:25:42.16421,3805.00,BALANCE,0,0,0
2026-09-10 23:44:42.113749,4275.00,BALANCE,0,0,0
2026-09-10 23:32:05.781787,4075.00,BALANCE,0,0,0
2026-09-10 23:29:52.527029,4500.00,reptiloid,0,0,0
2026-09-10 23:17:06.813966,4500.00,reptiloid,0,0,0
2026-09-10 23:07:29.053221,4500.00,reptiloid,0,0,0
2026-09-10 23:02:10.297792,4500.00,card,0,0,0
2026-09-10 22:56:08.296778,1905.00,BALANCE,0,0,0
2026-09-10 22:47:20.275458,3815.00,BALANCE,0,0,0
2026-09-10 22:27:51.117369,4500.00,reptiloid,0,0,0
2026-09-10 22:11:53.450408,4275.00,BALANCE,0,0,0
2026-09-10 22:05:58.485667,4285.00,BALANCE,0,0,0
2026-09-10 21:53:26.297109,4500.00,reptiloid,0,0,0
2026-09-10 21:34:32.590502,2755.00,BALANCE,0,0,0
2026-09-10 21:30:23.370859,2375.00,BALANCE,0,0,0
2026-09-10 21:27:26.67269,4500.00,transa,0,0,0
2026-09-10 21:21:12.203683,3810.00,BALANCE,0,0,0
2026-09-10 21:16:35.887672,2385.00,BALANCE,0,0,0
2026-09-10 21:08:46.669361,4275.00,BALANCE,0,0,0
2026-09-10 21:00:35.207297,4500.00,transa,0,0,0
2026-09-10 20:58:36.15112,4285.00,BALANCE,0,0,0
2026-09-10 20:46:59.171355,4500.00,reptiloid,0,0,0
2026-09-10 20:37:16.160481,4500.00,reptiloid,0,0,0
2026-09-10 19:58:03.524898,4285.00,BALANCE,0,0,0
2026-09-10 19:42:43.778471,4500.00,card,0,0,0
2026-09-10 19:38:24.472044,4000.00,BALANCE,0,0,0
2026-09-10 19:33:37.782111,4500.00,reptiloid,0,0,0
2026-09-10 19:30:07.282866,4067.05,BALANCE,0,0,0
2026-09-10 19:27:46.518464,4500.00,card,0,0,0
2026-09-10 19:27:44.625998,2385.00,BALANCE,0,0,0
2026-09-10 19:19:19.318086,4500.00,BALANCE,0,0,0
2026-09-10 19:18:59.624202,4287.50,BALANCE,0,0,0
2026-09-10 19:11:50.054359,2755.00,BALANCE,0,0,0
2026-09-10 19:08:59.637584,2900.00,reptiloid,0,0,0
2026-09-10 18:50:13.285835,0.00,BALANCE,0,0,0
2026-09-10 18:50:01.738532,2000.00,BALANCE,0,0,0
2026-09-10 18:47:57.671618,4500.00,transa,0,0,0
2026-09-10 18:39:42.72473,4500.00,reptiloid,0,0,0
2026-09-10 18:38:55.990404,2385.00,BALANCE,0,0,0
2026-09-10 18:32:29.1356,4070.00,BALANCE,0,0,0
2026-09-10 18:09:10.418659,3825.0000,LTC,0,1.0014928,0
2026-09-10 18:03:41.530953,1738.75,BALANCE,0,0,0
2026-09-10 18:02:34.378423,4050.00,BALANCE,0,0,0
2026-09-10 17:50:00.8235,4500.00,reptiloid,0,0,0
2026-09-10 17:37:32.333624,4500.00,BALANCE,0,0,0
2026-09-10 17:36:33.687296,4050.00,BALANCE,0,0,0
2026-09-10 17:29:16.433269,2377.50,BALANCE,0,0,0
2026-09-10 17:25:38.232803,4500.00,transa,0,0,0
2026-09-10 17:18:30.231675,4500.00,transa,0,0,0
2026-09-10 17:06:49.078143,4500.00,transa,0,0,0
2026-09-10 16:54:48.753093,4000.00,BALANCE,0,0,0
2026-09-10 16:40:10.73077,4500.00,transa,0,0,0
2026-09-10 16:21:11.733911,4275.00,BALANCE,0,0,0
2026-09-10 15:35:24.244832,4285.75,BALANCE,0,0,0
2026-09-10 15:28:23.053891,4285.00,BALANCE,0,0,0
2026-09-10 15:11:27.314248,4500.00,reptiloid,0,0,0
2026-09-10 15:00:24.266191,4000.00,card,0,0,0
2026-09-10 14:52:15.753583,4500.00,BALANCE,0,0,0
2026-09-10 14:43:00.648052,4280.00,BALANCE,0,0,0
2026-09-10 14:27:02.879562,4275.00,BALANCE,0,0,0
2026-09-10 14:12:38.169092,2385.00,BALANCE,0,0,0
2026-09-10 14:09:31.30413,4287.50,BALANCE,0,0,0
2026-09-10 13:44:10.339282,2385.00,BALANCE,0,0,0
2026-09-10 13:42:14.672164,4275.00,BALANCE,0,0,0
2026-09-10 13:32:43.733811,4072.50,BALANCE,0,0,0
2026-09-10 13:25:25.22584,4075.00,BALANCE,0,0,0
2026-09-10 13:24:57.298652,4500.00,reptiloid,0,0,0
2026-09-10 13:23:14.839656,4500.00,transa,0,0,0
2026-09-10 13:13:57.433908,2000.00,BALANCE,0,0,0
2026-09-10 13:12:03.996608,2385.00,BALANCE,0,0,0
2026-09-10 12:50:35.384595,4500.00,transa,0,0,0
2026-09-10 12:40:54.872851,4500.00,transa,0,0,0
2026-09-10 12:36:32.000668,2300.00,BALANCE,0,0,0
2026-09-10 12:26:07.40104,2755.00,BALANCE,0,0,0
2026-09-10 12:18:07.515946,4500.00,reptiloid,0,0,0
2026-09-10 12:14:38.127098,4295.00,BALANCE,0,0,0
2026-09-10 12:11:01.365947,4050.00,BALANCE,0,0,0
2026-09-10 11:57:25.081233,4500.00,reptiloid,0,0,0
2026-09-10 11:49:20.702252,4500.00,reptiloid,0,0,0
2026-09-10 11:38:46.643884,4500.00,transa,0,0,0
2026-09-10 11:31:34.330232,2385.00,BALANCE,0,0,0
2026-09-10 11:20:37.62331,4500.00,transa,0,0,0
2026-09-10 11:14:05.64329,4500.00,transa,0,0,0
2026-09-10 11:06:42.449111,4000.00,reptiloid,0,0,0
2026-09-10 11:02:19.733768,4500.00,transa,0,0,0
2026-09-10 10:19:18.714879,4500.00,transa,0,0,0
2026-09-10 09:51:06.286212,4500.00,transa,0,0,0
2026-09-10 09:32:15.563636,4280.00,BALANCE,0,0,0
2026-09-10 09:20:32.346923,4000.00,reptiloid,0,0,0
2026-09-10 05:17:09.648318,3825.00,BALANCE,0,0,0
2026-09-10 03:28:54.020388,4500.00,reptiloid,0,0,0
2026-09-10 03:21:52.779448,4500.00,BALANCE,0,0,0
2026-09-10 03:21:27.495798,3600.00,BALANCE,0,0,0
2026-09-10 02:45:29.989112,2900.00,reptiloid,0,0,0
2026-09-10 01:08:19.311444,3807.50,BALANCE,0,0,0
2026-09-10 01:06:04.65972,4500.00,transa,0,0,0
2026-09-09 23:26:04.648746,4500.00,transa,0,0,0
2026-09-09 23:03:08.363709,4315.00,BALANCE,0,0,0
2026-09-09 22:46:34.173598,4500.00,transa,0,0,0
2026-09-09 22:35:16.851562,4285.50,BALANCE,0,0,0
2026-09-09 22:31:44.699669,3805.00,BALANCE,0,0,0
2026-09-09 21:52:59.884935,4287.50,BALANCE,0,0,0
2026-09-09 21:51:04.686383,4300.00,BALANCE,0,0,0
2026-09-09 21:22:35.194736,2900.00,reptiloid,0,0,0
2026-09-09 21:04:56.343734,4500.00,transa,0,0,0
2026-09-09 21:04:06.702424,4275.00,BALANCE,0,0,0
2026-09-09 20:32:20.790231,4275.00,BALANCE,0,0,0
2026-09-09 20:26:13.399365,4286.50,BALANCE,0,0,0
2026-09-09 20:22:50.34137,4285.00,BALANCE,0,0,0
2026-09-09 20:19:38.602192,4297.50,BALANCE,0,0,0
2026-09-09 20:08:09.309634,4285.55,BALANCE,0,0,0
2026-09-09 19:52:01.186962,4500.00,transa,0,0,0
2026-09-09 18:56:46.617555,4280.00,BALANCE,0,0,0
2026-09-09 18:53:12.904584,4500.00,transa,0,0,0
2026-09-09 18:38:07.025844,4500.00,transa,0,0,0
2026-09-09 18:23:17.762746,4288.50,BALANCE,0,0,0
2026-09-09 18:20:22.77025,2610.00,BALANCE,0,0,0
2026-09-09 18:17:47.505551,4500.00,transa,0,0,0
2026-09-09 18:17:35.753979,2392.50,BALANCE,0,0,0
2026-09-09 18:11:41.959222,1919.00,BALANCE,0,0,0
2026-09-09 18:06:46.439709,2900.00,reptiloid,0,0,0
2026-09-09 17:53:14.285384,1899.00,BALANCE,0,0,0
2026-09-09 17:49:28.175275,2380.00,BALANCE,0,0,0
2026-09-09 17:35:32.042025,4275.00,BALANCE,0,0,0
2026-09-09 17:31:25.497236,4284.50,BALANCE,0,0,0
2026-09-09 17:19:19.01524,4500.00,reptiloid,0,0,0
2026-09-09 17:14:02.313623,2150.00,BALANCE,0,0,0
2026-09-09 17:06:38.45308,2762.00,BALANCE,0,0,0
2026-09-09 17:05:58.135022,4500.00,transa,0,0,0
2026-09-09 16:58:40.586185,4500.00,reptiloid,0,0,0
2026-09-09 16:23:41.447651,4280.75,BALANCE,0,0,0
2026-09-09 16:21:40.826412,4500.00,BALANCE,0,0,0
2026-09-09 16:19:56.886284,4065.00,BALANCE,0,0,0
2026-09-09 16:19:23.431751,4500.00,card,0,0,0
2026-09-09 16:17:03.614047,3625.00,BALANCE,0,0,0
2026-09-09 15:33:40.413657,4070.00,BALANCE,0,0,0
2026-09-09 15:22:27.228191,4500.00,reptiloid,0,0,0
2026-09-09 15:12:38.789962,2175.0000,USDT,0,0,27.627000
2026-09-09 15:04:00.324969,2379.00,BALANCE,0,0,0
2026-09-09 15:01:54.61555,2900.00,card,0,0,0
2026-09-09 14:57:03.528168,4285.50,BALANCE,0,0,0
2026-09-09 14:56:13.036501,2380.00,BALANCE,0,0,0
2026-09-09 14:37:13.873069,4500.00,transa,0,0,0
2026-09-09 14:34:35.667533,3420.00,BALANCE,0,0,0
2026-09-09 14:30:34.636158,4286.00,BALANCE,0,0,0
2026-09-09 14:26:46.728326,2387.50,BALANCE,0,0,0
2026-09-09 14:20:54.638089,4285.00,BALANCE,0,0,0
2026-09-09 14:00:35.26847,4500.00,reptiloid,0,0,0
2026-09-09 13:47:55.554581,4290.00,BALANCE,0,0,0
2026-09-09 13:45:28.304754,4500.00,transa,0,0,0
2026-09-09 13:37:29.832484,4285.00,BALANCE,0,0,0
2026-09-09 13:28:45.674807,4245.00,BALANCE,0,0,0
2026-09-09 13:14:43.961163,4290.00,BALANCE,0,0,0
2026-09-09 12:57:52.464393,4500.00,card,0,0,0
2026-09-09 12:55:49.521928,3825.0000,LTC,0,0.97015271,0
2026-09-09 12:53:48.366977,4275.00,BALANCE,0,0,0
2026-09-09 12:52:30.927106,4500.00,reptiloid,0,0,0
2026-09-09 12:46:49.237337,4290.00,BALANCE,0,0,0
2026-09-09 12:32:22.725544,3620.00,BALANCE,0,0,0
2026-09-09 12:31:58.581473,0.00,BALANCE,0,0,0
2026-09-09 12:13:28.982089,2389.50,BALANCE,0,0,0
2026-09-09 12:10:55.696114,4275.00,BALANCE,0,0,0
2026-09-09 12:01:49.301491,4275.00,BALANCE,0,0,0
2026-09-09 11:39:00.185927,4500.00,reptiloid,0,0,0
2026-09-09 11:37:38.163949,4285.00,BALANCE,0,0,0
2026-09-09 11:33:32.109391,4285.00,BALANCE,0,0,0
2026-09-09 11:01:54.780824,2325.00,BALANCE,0,0,0
2026-09-09 10:12:32.355447,4275.00,BALANCE,0,0,0
2026-09-09 09:53:47.49147,4280.00,BALANCE,0,0,0
2026-09-09 09:52:24.344996,4287.50,BALANCE,0,0,0
2026-09-09 09:36:22.929974,3825.00,BALANCE,0,0,0
2026-09-09 06:58:13.94355,1952.50,BALANCE,0,0,0
2026-09-09 06:36:17.875628,4500.00,transa,0,0,0
2026-09-09 05:49:46.284006,1330.00,BALANCE,0,0,0
2026-09-09 04:55:41.607288,4282.50,BALANCE,0,0,0
2026-09-09 04:19:22.631325,4500.00,transa,0,0,0
2026-09-09 04:06:30.306721,4020.00,BALANCE,0,0,0
2026-09-09 02:25:08.499225,4500.00,BALANCE,0,0,0
2026-09-09 02:18:58.660958,1520.00,BALANCE,0,0,0
2026-09-09 02:17:30.405568,4500.00,BALANCE,0,0,0
2026-09-09 01:39:29.480961,4475.00,BALANCE,0,0,0
2026-09-09 01:22:55.84728,4500.00,BALANCE,0,0,0
2026-09-09 01:21:44.193806,4500.00,BALANCE,0,0,0
2026-09-09 01:18:57.752046,3825.00,BALANCE,0,0,0
2026-09-09 01:17:50.171725,4500.00,reptiloid,0,0,0
2026-09-09 01:10:01.563778,3880.00,BALANCE,0,0,0
2026-09-09 00:55:54.322552,2384.10,BALANCE,0,0,0
2026-09-09 00:52:16.349958,4500.00,BALANCE,0,0,0
2026-09-09 00:41:28.093208,3937.50,BALANCE,0,0,0
2026-09-08 22:02:51.550394,1905.00,BALANCE,0,0,0
2026-09-08 21:34:31.132356,4000.00,reptiloid,0,0,0
2026-09-08 21:17:13.539007,2382.50,BALANCE,0,0,0
2026-09-08 20:46:29.327228,2500.00,BALANCE,0,0,0
2026-09-08 20:44:49.949341,2385.00,BALANCE,0,0,0
2026-09-08 20:41:41.685946,4285.00,BALANCE,0,0,0
2026-09-08 20:38:54.973482,4500.00,transa,0,0,0
2026-09-08 20:30:51.74241,4500.00,card,0,0,0
2026-09-08 20:14:59.810914,2160.00,BALANCE,0,0,0
2026-09-08 20:04:59.651187,4500.00,transa,0,0,0
2026-09-08 19:48:36.356325,3500.00,BALANCE,0,0,0
2026-09-08 19:48:01.814044,4500.00,reptiloid,0,0,0
2026-09-08 19:29:30.623674,4275.00,BALANCE,0,0,0
2026-09-08 19:10:48.517628,4500.00,reptiloid,0,0,0
2026-09-08 18:54:08.185105,4500.00,transa,0,0,0
2026-09-08 18:46:38.757511,4500.00,BALANCE,0,0,0
2026-09-08 18:44:50.88416,4000.00,BALANCE,0,0,0
2026-09-08 18:33:23.07884,4500.00,veyfora,0,0,0
2026-09-08 18:24:45.593254,4285.00,BALANCE,0,0,0
2026-09-08 18:20:14.787754,4275.00,BALANCE,0,0,0
2026-09-08 18:15:56.742238,1910.00,BALANCE,0,0,0
2026-09-08 18:14:05.100568,4285.00,BALANCE,0,0,0
2026-09-08 18:10:29.600101,3000.0000,USDT,0,0,38.107000
2026-09-08 18:08:54.572144,2390.00,BALANCE,0,0,0
2026-09-08 17:52:38.533211,4500.00,reptiloid,0,0,0
2026-09-08 17:32:13.101731,4500.00,BALANCE,0,0,0
2026-09-08 17:27:02.420564,2900.00,BALANCE,0,0,0
2026-09-08 17:19:44.623027,3810.00,BALANCE,0,0,0
2026-09-08 17:14:28.79556,3810.00,BALANCE,0,0,0
2026-09-08 17:00:28.533073,4500.00,reptiloid,0,0,0
2026-09-08 16:59:40.144365,4500.00,transa,0,0,0
2026-09-08 16:52:22.534228,4280.00,BALANCE,0,0,0
2026-09-08 16:52:13.475294,4500.00,BALANCE,0,0,0
2026-09-08 15:20:36.061657,4075.00,BALANCE,0,0,0
2026-09-08 15:01:00.505269,4290.00,BALANCE,0,0,0
2026-09-08 15:00:58.639786,1900.00,BALANCE,0,0,0
2026-09-08 14:32:49.883942,3820.00,BALANCE,0,0,0
2026-09-08 14:24:39.272333,4500.00,reptiloid,0,0,0
2026-09-08 14:24:38.349103,3975.00,BALANCE,0,0,0
2026-09-08 14:21:31.179089,4275.00,BALANCE,0,0,0
2026-09-08 14:12:16.736205,4500.00,veyfora,0,0,0
2026-09-08 13:56:17.882909,4285.00,BALANCE,0,0,0
2026-09-08 13:46:03.14113,4280.00,BALANCE,0,0,0
2026-09-08 13:12:27.452721,1970.00,BALANCE,0,0,0
2026-09-08 13:09:08.582549,4280.00,BALANCE,0,0,0
2026-09-08 12:57:20.546338,4290.00,BALANCE,0,0,0
2026-09-08 12:39:53.599131,1525.00,BALANCE,0,0,0
2026-09-08 12:25:34.529075,3810.00,BALANCE,0,0,0
2026-09-08 12:18:57.502891,2385.70,BALANCE,0,0,0
2026-09-08 12:08:59.647931,4285.70,BALANCE,0,0,0
2026-09-08 11:53:08.867838,4500.00,BALANCE,0,0,0
2026-09-08 11:26:19.600574,4287.50,BALANCE,0,0,0
2026-09-08 10:55:17.225418,4285.00,BALANCE,0,0,0
2026-09-08 10:52:24.513996,4285.50,BALANCE,0,0,0
2026-09-08 10:32:29.065939,4286.00,BALANCE,0,0,0
2026-09-08 10:16:05.903884,4500.00,reptiloid,0,0,0
2026-09-08 08:36:45.698216,4500.00,reptiloid,0,0,0
2026-09-08 08:34:22.987638,4285.00,BALANCE,0,0,0
2026-09-08 06:36:13.404413,2375.00,BALANCE,0,0,0
2026-09-08 06:28:55.984266,4500.00,transa,0,0,0
2026-09-08 05:56:07.459471,4500.00,veyfora,0,0,0
2026-09-08 05:10:29.232723,4500.00,transa,0,0,0
2026-09-08 03:34:06.421494,3425.00,BALANCE,0,0,0
2026-09-08 02:57:09.645542,4285.00,BALANCE,0,0,0
2026-09-08 00:34:23.379837,2865.00,BALANCE,0,0,0
2026-09-08 00:21:33.324991,4295.00,BALANCE,0,0,0
2026-09-07 22:52:24.025375,3975.00,BALANCE,0,0,0
2026-09-07 22:40:54.087564,3810.00,BALANCE,0,0,0
2026-09-07 22:21:37.016293,4287.50,BALANCE,0,0,0
2026-09-07 22:03:02.34359,3805.00,BALANCE,0,0,0
2026-09-07 21:54:57.608442,4000.00,reptiloid,0,0,0
2026-09-07 21:46:54.005718,3855.00,BALANCE,0,0,0
2026-09-07 21:46:45.577399,4400.00,BALANCE,0,0,0
2026-09-07 21:42:56.044088,4500.00,BALANCE,0,0,0
2026-09-07 21:41:57.289628,4285.00,BALANCE,0,0,0
2026-09-07 21:38:00.242791,4500.00,reptiloid,0,0,0
2026-09-07 20:44:46.648123,4500.00,reptiloid,0,0,0
2026-09-07 20:43:13.479338,4075.00,BALANCE,0,0,0
2026-09-07 20:24:01.105256,3810.00,BALANCE,0,0,0
2026-09-07 20:08:41.333048,4400.00,reptiloid,0,0,0
2026-09-07 20:03:11.508046,4500.00,reptiloid,0,0,0
2026-09-07 19:57:37.106381,4500.00,reptiloid,0,0,0
2026-09-07 19:54:42.294263,2392.50,BALANCE,0,0,0
2026-09-07 19:53:57.945299,4500.00,reptiloid,0,0,0
2026-09-07 19:52:57.39999,4475.00,BALANCE,0,0,0
2026-09-07 19:51:27.904816,4100.00,BALANCE,0,0,0
2026-09-07 19:40:18.088604,4500.00,reptiloid,0,0,0
2026-09-07 19:31:08.370852,4400.00,card,0,0,0
2026-09-07 19:28:33.138813,2390.00,BALANCE,0,0,0
2026-09-07 19:20:21.845018,4000.00,BALANCE,0,0,0
2026-09-07 19:12:17.11538,4282.50,BALANCE,0,0,0
2026-09-07 19:09:50.208379,2370.00,BALANCE,0,0,0
2026-09-07 19:07:01.000652,4500.00,reptiloid,0,0,0
2026-09-07 19:01:21.904004,2400.00,BALANCE,0,0,0
2026-09-07 18:57:51.712113,3812.00,BALANCE,0,0,0
2026-09-07 18:48:50.580499,4500.00,transa,0,0,0
2026-09-07 18:38:59.76594,4500.00,card,0,0,0
2026-09-07 18:24:51.433146,4280.00,BALANCE,0,0,0
2026-09-07 18:14:04.784483,4500.00,veyfora,0,0,0
2026-09-07 18:04:10.801093,2382.50,BALANCE,0,0,0
2026-09-07 17:47:09.387564,4285.00,BALANCE,0,0,0
2026-09-07 17:25:03.309885,2385.00,BALANCE,0,0,0
2026-09-07 17:20:52.762668,4400.00,card,0,0,0
2026-09-07 17:20:25.423411,2500.00,BALANCE,0,0,0
2026-09-07 17:19:15.95331,3815.00,BALANCE,0,0,0
2026-09-07 17:14:07.374242,3810.00,BALANCE,0,0,0
2026-09-07 17:05:52.522293,4238.25,BALANCE,0,0,0
2026-09-07 17:03:08.139568,1100.00,BALANCE,0,0,0
2026-09-07 16:55:13.510554,1965.00,BALANCE,0,0,0
2026-09-07 16:49:27.134699,2385.00,BALANCE,0,0,0
2026-09-07 16:42:38.073222,4500.00,veyfora,0,0,0
2026-09-07 16:32:53.881266,2375.00,BALANCE,0,0,0
2026-09-07 16:20:30.463885,3805.00,BALANCE,0,0,0
2026-09-07 16:17:02.524644,1953.50,BALANCE,0,0,0
2026-09-07 16:12:46.907033,4400.00,card,0,0,0
2026-09-07 15:57:32.192199,2900.00,BALANCE,0,0,0
2026-09-07 15:49:27.20544,4500.00,reptiloid,0,0,0
2026-09-07 15:49:04.451358,3950.00,BALANCE,0,0,0
2026-09-07 15:42:57.710682,4500.00,transa,0,0,0
2026-09-07 15:38:16.241416,4285.00,BALANCE,0,0,0
2026-09-07 15:35:13.507811,4285.00,BALANCE,0,0,0
2026-09-07 15:35:12.132474,4400.00,card,0,0,0
2026-09-07 15:26:10.125468,4500.00,veyfora,0,0,0
2026-09-07 14:42:39.791804,4500.00,reptiloid,0,0,0
2026-09-07 14:29:02.364385,4290.00,BALANCE,0,0,0
2026-09-07 14:27:34.720083,4000.00,veyfora,0,0,0
2026-09-07 14:20:58.5492,4500.00,transa,0,0,0
2026-09-07 14:12:07.897091,4400.00,BALANCE,0,0,0
2026-09-07 13:51:22.170627,4400.00,reptiloid,0,0,0
2026-09-07 13:20:27.143484,4500.00,reptiloid,0,0,0
2026-09-07 13:12:44.685583,4500.00,card,0,0,0
2026-09-07 13:09:58.999548,2170.00,BALANCE,0,0,0
2026-09-07 12:37:52.510604,3815.00,BALANCE,0,0,0
2026-09-07 12:37:00.801073,1162.50,BALANCE,0,0,0
2026-09-07 12:29:38.900061,4300.00,BALANCE,0,0,0
2026-09-07 12:19:34.809584,3047.50,BALANCE,0,0,0
2026-09-07 12:15:02.214641,4285.00,BALANCE,0,0,0
2026-09-07 12:12:01.196929,4275.00,BALANCE,0,0,0
2026-09-07 11:47:17.006645,4500.00,card,0,0,0
2026-09-07 11:38:38.246573,4500.00,reptiloid,0,0,0
2026-09-07 11:35:54.721501,4500.00,reptiloid,0,0,0
2026-09-07 11:26:31.619821,4300.00,BALANCE,0,0,0
2026-09-07 11:13:25.663284,4285.00,BALANCE,0,0,0
2026-09-07 11:00:44.937119,4500.00,veyfora,0,0,0
2026-09-07 10:46:00.140767,2665.00,BALANCE,0,0,0
2026-09-07 07:40:34.64359,4000.00,BALANCE,0,0,0
2026-09-07 07:39:25.21875,4000.00,BALANCE,0,0,0
2026-09-07 07:36:23.305654,1880.00,BALANCE,0,0,0
2026-09-07 07:25:58.043526,1450.00,BALANCE,0,0,0
2026-09-07 07:03:41.458555,4000.00,card,0,0,0
2026-09-07 06:37:43.744067,2910.00,BALANCE,0,0,0
2026-09-07 04:17:16.0767,4500.00,BALANCE,0,0,0
2026-09-07 02:49:50.731545,4281.00,BALANCE,0,0,0
2026-09-07 01:35:23.588136,4500.00,reptiloid,0,0,0
2026-09-07 01:25:04.19569,4285.00,BALANCE,0,0,0
2026-09-07 00:26:59.381265,4280.00,BALANCE,0,0,0
2026-09-07 00:22:13.399005,4500.00,reptiloid,0,0,0
2026-09-07 00:17:50.961721,4285.00,BALANCE,0,0,0
2026-09-07 00:11:46.467647,4285.00,BALANCE,0,0,0
2026-09-06 23:55:19.509313,4295.00,BALANCE,0,0,0
2026-09-06 23:49:47.500546,4500.00,veyfora,0,0,0
2026-09-06 23:34:01.100258,3800.00,BALANCE,0,0,0
2026-09-06 23:23:39.261789,3807.50,BALANCE,0,0,0
2026-09-06 23:09:36.028216,2830.00,BALANCE,0,0,0
2026-09-06 22:58:45.040224,3430.00,BALANCE,0,0,0
2026-09-06 22:46:41.0187,4275.00,BALANCE,0,0,0
2026-09-06 22:42:52.174994,2165.00,BALANCE,0,0,0
2026-09-06 22:13:08.281562,4285.00,BALANCE,0,0,0
2026-09-06 22:07:22.126896,4000.00,veyfora,0,0,0
2026-09-06 21:29:57.728807,4000.00,reptiloid,0,0,0
2026-09-06 21:10:35.547249,4000.00,reptiloid,0,0,0
2026-09-06 20:49:04.656684,4000.00,BALANCE,0,0,0
2026-09-06 20:34:17.571561,4500.00,reptiloid,0,0,0
2026-09-06 20:25:53.651484,4500.00,reptiloid,0,0,0
2026-09-06 20:19:33.551554,4060.00,BALANCE,0,0,0
2026-09-06 19:55:46.329971,4500.00,BALANCE,0,0,0
2026-09-06 19:53:31.831236,4275.00,BALANCE,0,0,0
2026-09-06 19:38:47.138674,4070.00,BALANCE,0,0,0
2026-09-06 19:36:08.524106,4286.00,BALANCE,0,0,0
2026-09-06 19:20:38.031955,2385.00,BALANCE,0,0,0
2026-09-06 19:16:32.690588,4500.00,card,0,0,0
2026-09-06 19:14:51.888615,4285.70,BALANCE,0,0,0
2026-09-06 19:09:47.836792,4500.00,reptiloid,0,0,0
2026-09-06 19:08:34.969446,3617.50,BALANCE,0,0,0
2026-09-06 19:06:55.665712,4275.00,BALANCE,0,0,0
2026-09-06 19:06:28.875625,4500.00,reptiloid,0,0,0
2026-09-06 18:43:44.449789,4275.00,BALANCE,0,0,0
2026-09-06 18:28:13.332496,3820.00,BALANCE,0,0,0
2026-09-06 18:15:00.128752,3200.00,reptiloid,0,0,0
2026-09-06 18:13:23.918494,3805.00,BALANCE,0,0,0
2026-09-06 18:05:33.321418,4280.00,BALANCE,0,0,0
2026-09-06 18:05:28.942912,4500.00,card,0,0,0
2026-09-06 17:53:35.093323,2387.50,BALANCE,0,0,0
2026-09-06 17:21:48.844109,4500.00,reptiloid,0,0,0
2026-09-06 17:07:41.265055,4295.00,BALANCE,0,0,0
2026-09-06 16:45:57.513896,2172.50,BALANCE,0,0,0
2026-09-06 16:32:23.399948,1910.00,BALANCE,0,0,0
2026-09-06 16:22:49.633437,2680.00,BALANCE,0,0,0
2026-09-06 16:11:06.788058,4500.00,reptiloid,0,0,0
2026-09-06 15:54:34.194609,4275.00,BALANCE,0,0,0
2026-09-06 15:20:28.090557,4282.00,BALANCE,0,0,0
2026-09-06 15:15:31.870476,4275.00,BALANCE,0,0,0
2026-09-06 15:05:26.258232,4285.00,BALANCE,0,0,0
2026-09-06 14:39:33.465897,2380.00,BALANCE,0,0,0
2026-09-06 14:21:42.352627,862.50,BALANCE,0,0,0
2026-09-06 14:20:19.472479,2400.00,BALANCE,0,0,0
2026-09-06 14:08:12.738324,2390.00,BALANCE,0,0,0
2026-09-06 13:56:44.399228,4000.00,veyfora,0,0,0
2026-09-06 13:56:41.837538,2385.00,BALANCE,0,0,0
2026-09-06 13:38:26.075245,4280.00,BALANCE,0,0,0
2026-09-06 13:25:43.155071,3200.00,reptiloid,0,0,0
2026-09-06 13:12:58.219541,2755.00,BALANCE,0,0,0
2026-09-06 12:45:24.100643,4500.00,reptiloid,0,0,0
2026-09-06 12:35:56.64089,3200.00,card,0,0,0
2026-09-06 12:32:58.062778,4295.00,BALANCE,0,0,0
2026-09-06 12:24:31.213674,4290.00,BALANCE,0,0,0
2026-09-06 12:06:05.213088,4500.00,BALANCE,0,0,0
2026-09-06 11:56:25.806982,4285.00,BALANCE,0,0,0
2026-09-06 11:55:54.044226,4500.00,transa,0,0,0
2026-09-06 11:11:35.464148,4500.00,reptiloid,0,0,0
2026-09-06 11:06:05.593402,4290.00,BALANCE,0,0,0
2026-09-06 11:00:51.521448,4285.50,BALANCE,0,0,0
2026-09-06 10:46:32.974799,2500.00,BALANCE,0,0,0
2026-09-06 10:31:19.05892,4000.00,reptiloid,0,0,0
2026-09-06 10:22:04.263372,3200.00,reptiloid,0,0,0
2026-09-06 10:00:58.903927,4302.50,BALANCE,0,0,0
2026-09-06 09:28:06.216536,4294.50,BALANCE,0,0,0
2026-09-06 08:36:36.229842,4500.00,reptiloid,0,0,0
2026-09-06 06:59:37.108606,2380.75,BALANCE,0,0,0
2026-09-06 05:07:10.039762,4500.00,veyfora,0,0,0
2026-09-06 03:28:49.22826,4500.00,veyfora,0,0,0
2026-09-06 03:04:12.974469,3047.50,BALANCE,0,0,0
2026-09-06 02:58:00.431911,4285.00,BALANCE,0,0,0
2026-09-06 02:39:43.172752,4500.00,veyfora,0,0,0
2026-09-06 02:08:49.942171,4500.00,nirvana,0,0,0
2026-09-06 01:46:57.153587,4285.00,BALANCE,0,0,0
2026-09-06 01:24:20.602494,2610.00,BALANCE,0,0,0
2026-09-06 00:52:49.355368,1895.00,BALANCE,0,0,0
2026-09-06 00:24:11.982597,4500.00,veyfora,0,0,0
2026-09-05 23:55:27.887482,470.00,BALANCE,0,0,0
2026-09-05 23:37:45.150966,4500.00,reptiloid,0,0,0
2026-09-05 23:28:45.209064,3200.00,nirvana,0,0,0
2026-09-05 23:14:23.277986,1200.00,BALANCE,0,0,0
2026-09-05 22:46:33.793995,4270.00,BALANCE,0,0,0
2026-09-05 22:39:19.33406,3200.00,nirvana,0,0,0
2026-09-05 22:38:45.741318,3047.50,BALANCE,0,0,0
2026-09-05 22:30:54.263622,2325.00,BALANCE,0,0,0
2026-09-05 22:30:38.576372,4285.00,BALANCE,0,0,0
2026-09-05 22:14:45.550907,4500.00,transa,0,0,0
2026-09-05 22:11:43.859223,4000.00,reptiloid,0,0,0
2026-09-05 21:12:30.153387,3200.00,reptiloid,0,0,0
2026-09-05 21:09:34.881795,4285.00,BALANCE,0,0,0
2026-09-05 21:07:31.412817,3200.00,nirvana,0,0,0
2026-09-05 21:04:10.162935,4500.00,veyfora,0,0,0
2026-09-05 21:03:46.16605,2380.00,BALANCE,0,0,0
2026-09-05 20:56:52.942025,4500.00,reptiloid,0,0,0
2026-09-05 20:47:07.069236,4500.00,transa,0,0,0
2026-09-05 20:43:39.730167,2900.00,reptiloid,0,0,0
2026-09-05 20:40:31.782965,4275.00,BALANCE,0,0,0
2026-09-05 20:40:10.833979,3050.00,BALANCE,0,0,0
2026-09-05 20:25:57.516976,3900.00,reptiloid,0,0,0
2026-09-05 20:24:51.954095,4275.00,BALANCE,0,0,0
2026-09-05 20:18:24.279184,4500.00,reptiloid,0,0,0
2026-09-05 20:00:49.11457,4500.00,reptiloid,0,0,0
2026-09-05 19:41:43.354649,0.00,BALANCE,0,0,0
2026-09-05 19:30:47.88277,4500.00,reptiloid,0,0,0
2026-09-05 19:23:30.11379,1305.00,BALANCE,0,0,0
2026-09-05 19:20:54.361331,4285.00,BALANCE,0,0,0
2026-09-05 18:23:35.290187,4500.00,veyfora,0,0,0
2026-09-05 18:16:25.572202,4500.00,BALANCE,0,0,0
2026-09-05 18:14:13.570585,4280.00,BALANCE,0,0,0
2026-09-05 17:49:57.463681,3710.00,BALANCE,0,0,0
2026-09-05 17:44:12.449559,3000.00,BALANCE,0,0,0
2026-09-05 17:39:08.429575,4500.00,nirvana,0,0,0
2026-09-05 17:37:54.010945,4500.00,reptiloid,0,0,0
2026-09-05 17:21:28.341548,4285.00,BALANCE,0,0,0
2026-09-05 17:19:11.450037,4500.00,reptiloid,0,0,0
2026-09-05 17:16:54.864045,4500.00,card,0,0,0
2026-09-05 17:14:47.555087,2900.00,reptiloid,0,0,0
2026-09-05 17:07:32.554866,4285.00,BALANCE,0,0,0
2026-09-05 17:02:50.803067,4285.00,BALANCE,0,0,0
2026-09-05 16:58:46.991398,4500.00,card,0,0,0
2026-09-05 16:58:18.379148,3200.00,card,0,0,0
2026-09-05 16:56:52.532141,4500.00,reptiloid,0,0,0
2026-09-05 16:42:32.552015,4500.00,reptiloid,0,0,0
2026-09-05 16:38:19.254225,4500.00,reptiloid,0,0,0
2026-09-05 16:27:45.398709,4386.35,BALANCE,0,0,0
2026-09-05 16:23:01.792051,3200.00,reptiloid,0,0,0
2026-09-05 16:22:51.758243,3050.00,BALANCE,0,0,0
2026-09-05 16:12:59.032315,3175.00,BALANCE,0,0,0
2026-09-05 16:09:33.412696,4500.00,reptiloid,0,0,0
2026-09-05 16:07:30.609309,4500.00,reptiloid,0,0,0
2026-09-05 15:43:45.687637,4275.00,BALANCE,0,0,0
2026-09-05 15:24:57.979047,4287.50,BALANCE,0,0,0
2026-09-05 15:24:38.084594,4500.00,nirvana,0,0,0
2026-09-05 15:19:51.844089,3900.00,veyfora,0,0,0
2026-09-05 14:57:53.739464,4500.00,veyfora,0,0,0
2026-09-05 14:54:07.226804,4500.00,reptiloid,0,0,0
2026-09-05 14:29:07.704814,4500.00,reptiloid,0,0,0
2026-09-05 14:22:56.530145,2900.00,card,0,0,0
2026-09-05 14:14:30.893359,2290.00,BALANCE,0,0,0
2026-09-05 14:13:55.849014,4500.00,BALANCE,0,0,0
2026-09-05 14:08:24.664962,2500.00,BALANCE,0,0,0
2026-09-05 14:01:02.979169,4295.00,BALANCE,0,0,0
2026-09-05 13:49:21.295309,4295.00,BALANCE,0,0,0
2026-09-05 13:43:55.376875,3900.00,card,0,0,0
2026-09-05 13:32:57.179818,4410.00,BALANCE,0,0,0
2026-09-05 13:31:17.461919,4500.00,reptiloid,0,0,0
2026-09-05 12:57:22.605344,3420.00,BALANCE,0,0,0
2026-09-05 12:56:55.027892,4050.00,BALANCE,0,0,0
2026-09-05 12:26:05.525548,4500.00,card,0,0,0
2026-09-05 12:16:54.510537,4500.00,reptiloid,0,0,0
2026-09-05 12:00:59.626899,4500.00,transa,0,0,0
2026-09-05 11:57:45.329661,2900.00,reptiloid,0,0,0
2026-09-05 11:56:27.459566,4285.90,BALANCE,0,0,0
2026-09-05 11:29:44.520085,4285.00,BALANCE,0,0,0
2026-09-05 11:18:49.566831,3200.00,reptiloid,0,0,0
2026-09-05 11:13:29.812184,4500.00,reptiloid,0,0,0
2026-09-05 11:10:04.448874,4290.00,BALANCE,0,0,0
2026-09-05 10:55:21.254424,3730.00,BALANCE,0,0,0
2026-09-05 10:32:18.77645,4284.50,BALANCE,0,0,0
2026-09-05 10:13:13.704253,4500.00,reptiloid,0,0,0
2026-09-05 09:56:02.209438,3520.00,BALANCE,0,0,0
2026-09-05 09:52:16.148392,1135.00,BALANCE,0,0,0
2026-09-05 09:49:38.634251,2900.00,reptiloid,0,0,0
2026-09-05 09:42:03.451213,4285.00,BALANCE,0,0,0
2026-09-05 09:38:12.465894,4060.00,BALANCE,0,0,0
2026-09-05 08:48:26.048543,3085.50,BALANCE,0,0,0
2026-09-05 08:08:55.51137,2385.00,BALANCE,0,0,0
2026-09-05 08:06:49.662679,1975.00,BALANCE,0,0,0
2026-09-05 08:06:35.202679,3150.00,BALANCE,0,0,0
2026-09-05 06:38:41.749226,4500.00,veyfora,0,0,0
2026-09-05 06:12:37.242803,4500.00,transa,0,0,0
2026-09-05 05:41:05.129694,3200.00,reptiloid,0,0,0
2026-09-05 05:16:08.812641,3715.00,BALANCE,0,0,0
2026-09-05 05:01:28.910277,4500.00,veyfora,0,0,0
2026-09-05 04:54:22.990167,4500.00,reptiloid,0,0,0
2026-09-05 04:13:39.986219,3850.00,BALANCE,0,0,0
2026-09-05 04:11:54.815851,3200.00,reptiloid,0,0,0
2026-09-05 04:01:57.731311,3712.50,BALANCE,0,0,0
2026-09-05 03:12:12.391378,1760.00,BALANCE,0,0,0
2026-09-05 03:08:38.679315,1150.00,BALANCE,0,0,0
2026-09-05 02:15:02.71695,3485.00,BALANCE,0,0,0
2026-09-05 02:04:04.587466,3200.00,nirvana,0,0,0
2026-09-05 01:58:51.7706,2385.00,BALANCE,0,0,0
2026-09-05 01:36:16.968459,4500.00,veyfora,0,0,0
2026-09-05 01:32:20.355029,4500.00,veyfora,0,0,0
2026-09-05 01:28:31.146152,4500.00,veyfora,0,0,0
2026-09-05 00:24:49.316848,4500.00,reptiloid,0,0,0
2026-09-05 00:18:18.461803,2900.00,reptiloid,0,0,0
2026-09-04 23:41:51.233137,2540.00,BALANCE,0,0,0
2026-09-04 23:23:25.776768,4150.00,BALANCE,0,0,0
2026-09-04 22:56:38.642061,3875.00,BALANCE,0,0,0
2026-09-04 22:53:25.028683,1955.00,BALANCE,0,0,0
2026-09-04 22:44:06.024165,2380.00,BALANCE,0,0,0
2026-09-04 22:31:32.523868,2385.00,BALANCE,0,0,0
2026-09-04 22:31:00.457281,4350.00,BALANCE,0,0,0
2026-09-04 22:27:47.410639,4285.00,BALANCE,0,0,0
2026-09-04 21:59:59.956966,4280.00,BALANCE,0,0,0
2026-09-04 21:49:28.020791,3900.00,reptiloid,0,0,0
2026-09-04 21:45:43.276162,2385.00,BALANCE,0,0,0
2026-09-04 21:41:46.664224,3855.00,BALANCE,0,0,0
2026-09-04 21:23:16.182387,4275.00,BALANCE,0,0,0
2026-09-04 20:37:22.091509,3900.00,BALANCE,0,0,0
2026-09-04 20:33:32.409908,3527.50,BALANCE,0,0,0
2026-09-04 20:28:01.092937,440.00,BALANCE,0,0,0
2026-09-04 20:22:15.366618,1250.00,BALANCE,0,0,0
2026-09-04 20:06:26.938885,4500.00,nirvana,0,0,0
2026-09-04 20:05:23.502895,3540.00,BALANCE,0,0,0
2026-09-04 20:04:06.327152,2900.00,BALANCE,0,0,0
2026-09-04 20:00:26.431826,4070.00,BALANCE,0,0,0
2026-09-04 19:59:03.811985,4292.50,BALANCE,0,0,0
2026-09-04 19:52:44.056149,4275.00,BALANCE,0,0,0
2026-09-04 19:49:27.526839,4500.00,reptiloid,0,0,0
2026-09-04 19:34:01.914384,4500.00,reptiloid,0,0,0
2026-09-04 19:07:57.124631,4275.00,BALANCE,0,0,0
2026-09-04 19:02:46.47073,4500.00,reptiloid,0,0,0
2026-09-04 19:02:04.571111,4500.00,reptiloid,0,0,0
2026-09-04 18:56:19.16765,765.00,BALANCE,0,0,0
2026-09-04 18:37:52.863788,4290.00,BALANCE,0,0,0
2026-09-04 18:36:33.669512,2900.00,reptiloid,0,0,0
2026-09-04 18:33:30.990026,4285.00,BALANCE,0,0,0
2026-09-04 18:27:50.835494,4500.00,reptiloid,0,0,0
2026-09-04 18:26:34.010178,4290.00,BALANCE,0,0,0
2026-09-04 18:26:15.991707,4500.00,veyfora,0,0,0
2026-09-04 18:25:23.270271,4500.00,transa,0,0,0
2026-09-04 18:24:47.397981,4500.00,transa,0,0,0
2026-09-04 18:12:15.88599,4285.00,BALANCE,0,0,0
2026-09-04 18:12:09.991206,1805.00,BALANCE,0,0,0
2026-09-04 18:10:10.59315,3745.00,BALANCE,0,0,0
2026-09-04 18:06:41.069752,4500.00,reptiloid,0,0,0
2026-09-04 18:06:03.241754,3900.00,BALANCE,0,0,0
2026-09-04 18:04:56.814832,4500.00,BALANCE,0,0,0
2026-09-04 18:03:27.363529,2450.00,BALANCE,0,0,0
2026-09-04 18:02:22.520901,3900.00,BALANCE,0,0,0
2026-09-04 18:00:59.620246,3900.00,BALANCE,0,0,0
2026-09-04 18:00:26.277181,3900.00,BALANCE,0,0,0
2026-09-04 17:52:12.965102,1050.00,BALANCE,0,0,0
2026-09-04 17:45:38.925304,4500.00,card,0,0,0
2026-09-04 17:10:45.579935,3850.00,BALANCE,0,0,0
2026-09-04 17:04:01.06655,4299.25,BALANCE,0,0,0
2026-09-04 16:55:33.445689,4285.00,BALANCE,0,0,0
2026-09-04 16:55:27.629605,3900.00,reptiloid,0,0,0
2026-09-04 16:54:43.795433,3717.50,BALANCE,0,0,0
2026-09-04 16:52:32.223485,4500.00,veyfora,0,0,0
2026-09-04 16:48:22.919302,4065.00,BALANCE,0,0,0
2026-09-04 16:37:35.328255,3720.00,BALANCE,0,0,0
2026-09-04 16:32:57.289025,4500.00,reptiloid,0,0,0
2026-09-04 16:03:34.985649,2800.00,reptiloid,0,0,0
2026-09-04 15:52:33.647375,4285.00,BALANCE,0,0,0
2026-09-04 15:30:37.962275,3900.00,reptiloid,0,0,0
2026-09-04 15:23:55.127481,3715.00,BALANCE,0,0,0
2026-09-04 15:18:22.85722,4500.00,reptiloid,0,0,0
2026-09-04 15:14:10.474619,4500.00,reptiloid,0,0,0
2026-09-04 15:07:55.753804,4500.00,reptiloid,0,0,0
2026-09-04 14:55:56.310879,4275.00,BALANCE,0,0,0
2026-09-04 14:53:11.345743,4287.50,BALANCE,0,0,0
2026-09-04 14:47:50.386574,4285.00,BALANCE,0,0,0
2026-09-04 14:37:34.381961,4500.00,veyfora,0,0,0
2026-09-04 14:26:12.150342,4070.00,BALANCE,0,0,0
2026-09-04 14:12:13.007255,1635.00,BALANCE,0,0,0
2026-09-04 14:11:58.928971,475.00,BALANCE,0,0,0
2026-09-04 14:02:28.971258,3900.00,reptiloid,0,0,0
2026-09-04 13:36:15.042842,4275.00,BALANCE,0,0,0
2026-09-04 13:15:13.31265,3715.00,BALANCE,0,0,0
2026-09-04 12:57:16.997886,4282.50,BALANCE,0,0,0
2026-09-04 12:50:40.415085,3725.00,BALANCE,0,0,0
2026-09-04 12:48:50.255874,3900.00,reptiloid,0,0,0
2026-09-04 12:21:35.220478,4500.00,transa,0,0,0
2026-09-04 12:09:50.544977,1981.10,BALANCE,0,0,0
2026-09-04 12:09:15.147198,2500.00,BALANCE,0,0,0
2026-09-04 11:59:01.798575,1035.00,BALANCE,0,0,0
2026-09-04 11:53:20.507485,4070.00,BALANCE,0,0,0
2026-09-04 11:44:52.018646,4500.00,reptiloid,0,0,0
2026-09-04 11:38:16.213336,2800.00,BALANCE,0,0,0
2026-09-04 11:36:12.802851,2800.00,BALANCE,0,0,0
2026-09-04 11:34:49.616339,2800.00,BALANCE,0,0,0
2026-09-04 11:34:24.52214,4500.00,reptiloid,0,0,0
2026-09-04 10:36:22.983141,4500.00,transa,0,0,0
2026-09-04 10:35:55.450256,2800.00,card,0,0,0
2026-09-04 10:21:08.815377,2500.00,BALANCE,0,0,0
2026-09-04 10:16:09.286052,4500.00,reptiloid,0,0,0
2026-09-04 10:12:18.445363,4287.50,BALANCE,0,0,0
2026-09-04 09:52:55.617695,2390.00,BALANCE,0,0,0
2026-09-04 09:19:12.239781,3715.00,BALANCE,0,0,0
2026-09-04 09:17:33.460091,4500.00,reptiloid,0,0,0
2026-09-04 08:15:51.726925,4285.00,BALANCE,0,0,0
2026-09-04 07:17:01.171548,2400.00,BALANCE,0,0,0
2026-09-04 06:24:49.080498,2650.00,BALANCE,0,0,0
2026-09-04 05:35:42.509712,2382.50,BALANCE,0,0,0
2026-09-04 04:52:28.548041,4282.50,BALANCE,0,0,0
2026-09-04 04:49:40.805477,2365.00,BALANCE,0,0,0
2026-09-04 03:10:20.38211,4500.00,reptiloid,0,0,0
2026-09-04 02:40:29.280009,4500.00,reptiloid,0,0,0
2026-09-04 02:30:02.189817,2800.00,card,0,0,0
2026-09-04 02:21:59.115382,4500.00,reptiloid,0,0,0
2026-09-04 02:16:21.294031,4500.00,reptiloid,0,0,0
2026-09-04 02:14:12.335496,2170.00,BALANCE,0,0,0
2026-09-04 01:51:14.961273,2172.50,BALANCE,0,0,0
2026-09-04 01:50:10.324865,3975.00,BALANCE,0,0,0
2026-09-04 01:23:52.676562,4500.00,card,0,0,0
2026-09-04 01:14:43.610349,4285.00,BALANCE,0,0,0
2026-09-04 01:02:46.427298,4500.00,reptiloid,0,0,0
2026-09-04 00:02:18.588486,4500.00,transa,0,0,0
2026-09-03 23:34:16.622684,4500.00,reptiloid,0,0,0
2026-09-03 23:08:32.504242,4285.00,BALANCE,0,0,0
2026-09-03 23:03:12.817652,2800.00,card,0,0,0
2026-09-03 23:03:08.346938,4286.00,BALANCE,0,0,0
2026-09-03 22:51:14.596113,2664.00,BALANCE,0,0,0
2026-09-03 22:48:23.479948,4500.00,reptiloid,0,0,0
2026-09-03 22:29:54.481016,3600.00,BALANCE,0,0,0
2026-09-03 22:21:46.821982,4500.00,card,0,0,0
2026-09-03 22:17:19.63313,4500.00,veyfora,0,0,0
2026-09-03 22:16:20.569143,4267.50,BALANCE,0,0,0
2026-09-03 22:15:33.023793,4500.00,reptiloid,0,0,0
2026-09-03 22:09:13.350987,4500.00,reptiloid,0,0,0
2026-09-03 21:57:12.339152,4500.00,transa,0,0,0
2026-09-03 21:54:27.057304,4072.50,BALANCE,0,0,0
2026-09-03 21:42:45.418469,4290.00,BALANCE,0,0,0
2026-09-03 21:08:13.382532,4290.00,BALANCE,0,0,0
2026-09-03 20:47:36.280004,4500.00,reptiloid,0,0,0
2026-09-03 20:40:21.644321,4286.00,BALANCE,0,0,0
2026-09-03 20:31:09.199481,4500.00,card,0,0,0
2026-09-03 20:18:29.521402,4500.00,reptiloid,0,0,0
2026-09-03 20:16:49.439842,4500.00,reptiloid,0,0,0
2026-09-03 20:06:05.70388,4500.00,veyfora,0,0,0
2026-09-03 19:56:55.516247,2800.00,card,0,0,0
2026-09-03 19:38:35.814271,2385.00,BALANCE,0,0,0
2026-09-03 19:04:12.571483,4285.00,BALANCE,0,0,0
2026-09-03 18:54:57.050664,4500.00,BALANCE,0,0,0
2026-09-03 18:41:44.25498,4285.00,BALANCE,0,0,0
2026-09-03 18:38:24.971833,3705.00,BALANCE,0,0,0
2026-09-03 18:35:18.97369,4050.00,BALANCE,0,0,0
2026-09-03 18:32:36.324361,2800.00,BALANCE,0,0,0
2026-09-03 18:27:09.371652,4500.00,reptiloid,0,0,0
2026-09-03 18:11:38.002712,4285.00,BALANCE,0,0,0
2026-09-03 18:06:02.913907,4500.00,card,0,0,0
2026-09-03 18:00:58.081841,4500.00,transa,0,0,0
2026-09-03 17:52:42.066997,4500.00,card,0,0,0
2026-09-03 17:49:17.032059,4500.00,transa,0,0,0
2026-09-03 17:42:59.193324,2640.00,BALANCE,0,0,0
2026-09-03 17:26:51.686992,2800.00,card,0,0,0
2026-09-03 16:51:58.104317,0.00,BALANCE,0,0,0
2026-09-03 16:47:19.978387,4275.00,BALANCE,0,0,0
2026-09-03 16:45:11.788302,4280.00,BALANCE,0,0,0
2026-09-03 16:38:26.33367,4500.00,card,0,0,0
2026-09-03 16:35:53.21991,3715.00,BALANCE,0,0,0
2026-09-03 16:35:37.427411,4500.00,BALANCE,0,0,0
2026-09-03 16:32:27.114095,4500.00,reptiloid,0,0,0
2026-09-03 16:25:17.670093,4500.00,reptiloid,0,0,0
2026-09-03 16:18:13.641983,4300.00,BALANCE,0,0,0
2026-09-03 16:14:49.728005,4281.25,BALANCE,0,0,0
2026-09-03 16:09:33.756893,4500.00,reptiloid,0,0,0
2026-09-03 15:56:26.916422,3045.00,BALANCE,0,0,0
2026-09-03 15:54:22.285019,3900.00,BALANCE,0,0,0
2026-09-03 15:50:39.104141,3035.00,BALANCE,0,0,0
2026-09-03 15:45:02.572744,1810.00,BALANCE,0,0,0
2026-09-03 15:35:47.984146,4287.50,BALANCE,0,0,0
2026-09-03 15:27:01.017184,4500.00,transa,0,0,0
2026-09-03 15:18:45.860393,1700.00,BALANCE,0,0,0
2026-09-03 15:08:40.571563,4275.00,BALANCE,0,0,0
2026-09-03 15:01:33.787301,4500.00,reptiloid,0,0,0
2026-09-03 14:59:58.895374,4500.00,reptiloid,0,0,0
2026-09-03 14:33:11.704212,4500.00,transa,0,0,0
2026-09-03 14:32:50.507989,4285.00,BALANCE,0,0,0
2026-09-03 14:30:53.823166,3200.00,veyfora,0,0,0
2026-09-03 14:29:06.763725,2379.50,BALANCE,0,0,0
2026-09-03 14:21:13.666081,3900.00,reptiloid,0,0,0
2026-09-03 14:17:46.183867,3900.00,reptiloid,0,0,0
2026-09-03 14:05:05.128109,4500.00,BALANCE,0,0,0
2026-09-03 14:01:41.655686,2375.00,BALANCE,0,0,0
2026-09-03 14:00:56.277919,4500.00,veyfora,0,0,0
2026-09-03 13:45:17.368743,4500.00,veyfora,0,0,0
2026-09-03 13:41:58.410424,4500.00,transa,0,0,0
2026-09-03 13:36:32.625706,4500.00,card,0,0,0
2026-09-03 13:27:37.322065,4286.25,BALANCE,0,0,0
2026-09-03 13:23:49.740101,4500.00,card,0,0,0
2026-09-03 13:22:13.290107,3047.50,BALANCE,0,0,0
2026-09-03 13:14:04.422298,3640.00,BALANCE,0,0,0
2026-09-03 13:02:18.916379,4500.00,veyfora,0,0,0
2026-09-03 12:56:41.248409,4500.00,BALANCE,0,0,0
2026-09-03 12:52:20.858576,4500.00,reptiloid,0,0,0
2026-09-03 12:52:13.319022,4500.00,transa,0,0,0
2026-09-03 12:46:25.928686,4070.00,BALANCE,0,0,0
2026-09-03 12:31:47.799638,4275.00,BALANCE,0,0,0
2026-09-03 12:06:33.925676,4500.00,reptiloid,0,0,0
2026-09-03 11:54:02.32967,4350.00,BALANCE,0,0,0
2026-09-03 11:40:58.682428,1480.00,BALANCE,0,0,0
2026-09-03 11:36:17.442129,4500.00,card,0,0,0
2026-09-03 11:24:28.646479,2275.00,BALANCE,0,0,0
2026-09-03 10:39:56.11705,4500.00,card,0,0,0
2026-09-03 10:33:25.353102,4285.00,BALANCE,0,0,0
2026-09-03 10:18:45.282783,2850.00,BALANCE,0,0,0
2026-09-03 10:07:15.443539,4500.00,veyfora,0,0,0
2026-09-03 10:04:30.377784,3047.90,BALANCE,0,0,0
2026-09-03 10:00:55.912316,2900.00,card,0,0,0
2026-09-03 09:57:37.822829,4500.00,card,0,0,0
2026-09-03 09:53:28.815487,4500.00,card,0,0,0
2026-09-03 09:52:32.599431,2335.00,BALANCE,0,0,0
2026-09-03 09:48:06.704076,4287.50,BALANCE,0,0,0
2026-09-03 09:32:24.556873,4500.00,reptiloid,0,0,0
2026-09-03 08:41:39.271194,800.00,BALANCE,0,0,0
2026-09-03 08:38:38.059952,4500.00,card,0,0,0
2026-09-03 08:19:30.237598,4500.00,card,0,0,0
2026-09-03 07:17:03.671539,4500.00,BALANCE,0,0,0
2026-09-03 07:14:19.023704,3862.50,BALANCE,0,0,0
2026-09-03 07:10:02.411786,4500.00,reptiloid,0,0,0
2026-09-03 06:57:54.2742,4500.00,reptiloid,0,0,0
2026-09-03 06:55:49.15855,4070.00,BALANCE,0,0,0
2026-09-03 06:53:32.309795,4500.00,reptiloid,0,0,0
2026-09-03 06:47:00.522739,2800.00,card,0,0,0
2026-09-03 06:42:25.727698,862.50,BALANCE,0,0,0
2026-09-03 05:02:25.069565,4275.00,BALANCE,0,0,0
2026-09-03 04:40:30.270801,4305.00,BALANCE,0,0,0
2026-09-03 04:32:07.042089,4500.00,card,0,0,0
2026-09-03 04:13:11.872109,4297.50,BALANCE,0,0,0
2026-09-03 04:01:09.66196,4500.00,BALANCE,0,0,0
2026-09-03 03:58:20.963772,4050.00,BALANCE,0,0,0
2026-09-03 03:57:25.496081,2401.00,BALANCE,0,0,0
2026-09-03 01:31:39.50281,4500.00,reptiloid,0,0,0
2026-09-03 01:16:10.155878,2900.00,BALANCE,0,0,0
2026-09-03 01:09:49.55863,3315.0000,LTC,0,0.89985935,0
2026-09-03 01:08:20.309166,1500.00,BALANCE,0,0,0
2026-09-03 00:26:24.682745,4500.00,veyfora,0,0,0
2026-09-03 00:26:14.672701,2395.00,BALANCE,0,0,0
2026-09-03 00:20:17.281571,4500.00,card,0,0,0
2026-09-03 00:18:56.13068,4500.00,BALANCE,0,0,0
2026-09-02 23:52:01.709655,4275.00,BALANCE,0,0,0
2026-09-02 23:21:07.690337,3715.00,BALANCE,0,0,0
2026-09-02 23:07:08.714454,4390.00,BALANCE,0,0,0
2026-09-02 23:06:18.611764,3850.00,BALANCE,0,0,0
2026-09-02 22:54:10.480697,4287.50,BALANCE,0,0,0
2026-09-02 22:50:30.938169,4067.50,BALANCE,0,0,0
2026-09-02 22:27:22.92228,760.00,BALANCE,0,0,0
2026-09-02 22:26:15.898355,4275.00,BALANCE,0,0,0
2026-09-02 22:20:59.81733,3200.00,reptiloid,0,0,0
2026-09-02 21:48:50.38516,4500.00,reptiloid,0,0,0
2026-09-02 21:36:36.810629,3825.0000,LTC,0,1.04478862,0
2026-09-02 21:20:42.259495,4275.00,BALANCE,0,0,0
2026-09-02 21:05:49.125279,1840.00,BALANCE,0,0,0
2026-09-02 20:59:02.083485,4500.00,reptiloid,0,0,0
2026-09-02 20:54:51.628804,4500.00,reptiloid,0,0,0
2026-09-02 20:46:40.276034,4280.00,BALANCE,0,0,0
2026-09-02 20:27:16.016205,3900.00,reptiloid,0,0,0
2026-09-02 20:22:26.582062,2385.00,BALANCE,0,0,0
2026-09-02 19:35:41.789988,4500.00,reptiloid,0,0,0
2026-09-02 19:34:44.356168,0.00,BALANCE,0,0,0
2026-09-02 19:31:56.551185,4500.00,card,0,0,0
2026-09-02 19:30:23.622537,2345.00,BALANCE,0,0,0
2026-09-02 19:17:43.675465,800.00,BALANCE,0,0,0
2026-09-02 19:08:14.53937,4050.00,BALANCE,0,0,0
2026-09-02 19:01:50.786551,4500.00,reptiloid,0,0,0
2026-09-02 18:48:55.953965,4285.00,BALANCE,0,0,0
2026-09-02 18:44:42.568555,2382.50,BALANCE,0,0,0
2026-09-02 18:42:52.380015,3900.00,reptiloid,0,0,0
2026-09-02 18:21:50.102619,4287.00,BALANCE,0,0,0
2026-09-02 18:09:16.188565,3900.00,reptiloid,0,0,0
2026-09-02 18:06:28.916726,4500.00,reptiloid,0,0,0
2026-09-02 18:02:50.947977,4500.00,reptiloid,0,0,0
2026-09-02 17:58:40.301116,4500.00,reptiloid,0,0,0
2026-09-02 17:57:50.219171,3900.00,BALANCE,0,0,0
2026-09-02 17:55:22.479828,2170.00,BALANCE,0,0,0
2026-09-02 17:48:17.528364,4285.00,BALANCE,0,0,0
2026-09-02 16:50:33.608508,4500.00,reptiloid,0,0,0
2026-09-02 16:45:54.951648,4285.00,BALANCE,0,0,0
2026-09-02 16:40:12.322227,4282.50,BALANCE,0,0,0
2026-09-02 16:37:51.274805,766.50,BALANCE,0,0,0
2026-09-02 16:10:33.747083,4500.00,reptiloid,0,0,0
2026-09-02 16:04:28.55622,4285.00,BALANCE,0,0,0
2026-09-02 15:58:36.697281,4500.00,card,0,0,0
2026-09-02 15:56:07.473165,4344.00,BALANCE,0,0,0
2026-09-02 15:48:17.113645,4050.00,BALANCE,0,0,0
2026-09-02 15:38:26.834091,4500.00,reptiloid,0,0,0
2026-09-02 15:28:04.60468,2800.00,BALANCE,0,0,0
2026-09-02 15:18:45.56907,4500.00,reptiloid,0,0,0
2026-09-02 15:12:33.00533,2900.00,BALANCE,0,0,0
2026-09-02 15:11:11.878533,4500.00,reptiloid,0,0,0
2026-09-02 15:01:33.445228,4500.00,reptiloid,0,0,0
2026-09-02 15:01:12.289434,4500.00,BALANCE,0,0,0
2026-09-02 14:39:59.697584,4282.50,BALANCE,0,0,0
2026-09-02 14:32:53.114027,0.00,BALANCE,0,0,0
2026-09-02 14:29:07.053265,4500.00,transa,0,0,0
2026-09-02 14:25:44.423856,4500.00,reptiloid,0,0,0
2026-09-02 14:24:08.152076,2380.00,BALANCE,0,0,0
2026-09-02 13:57:50.712893,3900.00,reptiloid,0,0,0
2026-09-02 13:52:45.574335,4075.00,BALANCE,0,0,0
2026-09-02 13:40:43.83116,4500.00,reptiloid,0,0,0
2026-09-02 13:35:56.664978,3687.50,BALANCE,0,0,0
2026-09-02 13:34:06.795884,4280.00,BALANCE,0,0,0
2026-09-02 13:30:41.487999,3800.00,BALANCE,0,0,0
2026-09-02 13:16:28.544997,4500.00,reptiloid,0,0,0
2026-09-02 13:15:58.438875,4500.00,reptiloid,0,0,0
2026-09-02 13:13:10.862197,2500.00,BALANCE,0,0,0
2026-09-02 12:38:25.039956,4500.00,card,0,0,0
2026-09-02 12:31:14.417997,2375.00,BALANCE,0,0,0
2026-09-02 11:54:19.741323,4500.00,reptiloid,0,0,0
2026-09-02 11:36:09.703349,1775.00,BALANCE,0,0,0
2026-09-02 11:34:48.803089,4500.00,card,0,0,0
2026-09-02 11:22:08.664904,4285.00,BALANCE,0,0,0
2026-09-02 10:58:18.229624,1600.00,BALANCE,0,0,0
2026-09-02 10:47:39.472828,2275.00,BALANCE,0,0,0
2026-09-02 10:35:39.928823,2850.00,BALANCE,0,0,0
2026-09-02 10:30:06.11272,4500.00,BALANCE,0,0,0
2026-09-02 09:52:35.37957,0.00,BALANCE,0,0,0
2026-09-02 09:15:13.598008,2387.75,BALANCE,0,0,0
2026-09-02 09:07:28.725235,4285.00,BALANCE,0,0,0
2026-09-02 08:44:02.332626,4500.00,transa,0,0,0
2026-09-02 08:40:21.100547,2765.00,BALANCE,0,0,0
2026-09-02 07:56:09.630534,2800.00,card,0,0,0
2026-09-02 07:53:23.642537,4280.00,BALANCE,0,0,0
2026-09-02 07:34:57.318897,4500.00,reptiloid,0,0,0
2026-09-02 07:14:22.792245,4500.00,reptiloid,0,0,0
2026-09-02 07:14:14.15056,2800.00,card,0,0,0
2026-09-02 07:01:17.553093,3055.00,BALANCE,0,0,0
2026-09-02 03:33:06.34962,4397.50,BALANCE,0,0,0
2026-09-02 01:43:26.663334,3845.00,BALANCE,0,0,0
2026-09-02 01:20:31.003365,1900.00,BALANCE,0,0,0
2026-09-02 01:02:36.307909,3200.00,card,0,0,0
2026-09-02 00:45:55.838019,4500.00,reptiloid,0,0,0
2026-09-02 00:31:17.760094,2385.70,BALANCE,0,0,0
2026-09-02 00:17:53.228199,4500.00,reptiloid,0,0,0
2026-09-01 23:24:52.439902,1957.50,BALANCE,0,0,0
2026-09-01 23:13:33.004353,2175.0000,USDT,0,0,27.627000
2026-09-01 23:03:20.937355,4310.00,BALANCE,0,0,0
2026-09-01 22:44:45.880892,2160.00,BALANCE,0,0,0
2026-09-01 22:44:30.897421,3715.00,BALANCE,0,0,0
2026-09-01 22:38:34.950549,2660.00,BALANCE,0,0,0
2026-09-01 22:37:18.600565,4500.00,reptiloid,0,0,0
2026-09-01 22:17:16.167126,4285.00,BALANCE,0,0,0
2026-09-01 21:57:14.833527,4500.00,transa,0,0,0
2026-09-01 21:53:31.351852,4500.00,reptiloid,0,0,0
2026-09-01 21:35:25.217713,2120.00,BALANCE,0,0,0
2026-09-01 21:17:57.780452,2380.00,BALANCE,0,0,0
2026-09-01 21:14:27.327239,1520.00,BALANCE,0,0,0
2026-09-01 20:46:24.814746,2800.00,reptiloid,0,0,0
2026-09-01 20:38:13.981331,2387.50,BALANCE,0,0,0
2026-09-01 20:34:22.092001,4287.50,BALANCE,0,0,0
2026-09-01 20:27:43.209348,4500.00,card,0,0,0
2026-09-01 20:22:11.194446,4346.50,BALANCE,0,0,0
2026-09-01 20:21:09.490191,3200.00,reptiloid,0,0,0
2026-09-01 20:09:42.512943,4500.00,card,0,0,0
2026-09-01 19:33:24.848028,2499.00,BALANCE,0,0,0
2026-09-01 18:56:53.251857,4500.00,BALANCE,0,0,0
2026-09-01 18:56:30.149653,4500.00,BALANCE,0,0,0
2026-09-01 18:56:01.818678,3850.00,BALANCE,0,0,0
2026-09-01 18:52:15.483988,4500.00,transa,0,0,0
2026-09-01 18:47:38.979598,4500.00,BALANCE,0,0,0
2026-09-01 18:47:14.481326,4075.00,BALANCE,0,0,0
2026-09-01 18:45:50.863843,2375.00,BALANCE,0,0,0
2026-09-01 18:45:22.68728,4500.00,BALANCE,0,0,0
2026-09-01 18:44:57.125081,4075.00,BALANCE,0,0,0
2026-09-01 18:30:33.01161,2800.00,reptiloid,0,0,0
2026-09-01 18:13:41.290312,3050.00,BALANCE,0,0,0
2026-09-01 18:09:08.535573,1085.00,BALANCE,0,0,0
2026-09-01 18:04:17.539627,4500.00,reptiloid,0,0,0
2026-09-01 18:00:31.097486,2800.00,card,0,0,0
2026-09-01 17:54:55.317032,1910.00,BALANCE,0,0,0
2026-09-01 17:50:56.583076,2385.00,BALANCE,0,0,0
2026-09-01 17:48:38.97061,4500.00,reptiloid,0,0,0
2026-09-01 17:46:08.196113,1140.00,BALANCE,0,0,0
2026-09-01 17:36:47.445647,4295.00,BALANCE,0,0,0
2026-09-01 17:26:36.93704,2165.00,BALANCE,0,0,0
2026-09-01 17:22:23.296758,2165.00,BALANCE,0,0,0
2026-09-01 17:19:28.896414,2800.00,reptiloid,0,0,0
2026-09-01 17:09:38.869119,4500.00,card,0,0,0
2026-09-01 17:08:18.012479,2386.00,BALANCE,0,0,0
2026-09-01 16:57:51.347152,4500.00,transa,0,0,0
2026-09-01 16:57:51.316779,2800.00,BALANCE,0,0,0
2026-09-01 16:50:24.839999,2385.00,BALANCE,0,0,0
2026-09-01 16:41:34.196705,2385.00,BALANCE,0,0,0
2026-09-01 16:37:32.247755,2347.50,BALANCE,0,0,0
2026-09-01 16:36:47.434482,1260.00,BALANCE,0,0,0
2026-09-01 16:32:15.165961,4285.00,BALANCE,0,0,0
2026-09-01 16:29:34.358237,4310.00,BALANCE,0,0,0
2026-09-01 16:28:30.527637,4500.00,reptiloid,0,0,0
2026-09-01 16:24:45.461477,4060.00,BALANCE,0,0,0
2026-09-01 16:22:46.535164,4285.00,BALANCE,0,0,0
2026-09-01 16:16:25.675861,4500.00,BALANCE,0,0,0
2026-09-01 16:11:39.974795,4500.00,transa,0,0,0
2026-09-01 16:02:57.224406,4275.00,BALANCE,0,0,0
2026-09-01 16:01:10.120257,3045.00,BALANCE,0,0,0
2026-09-01 15:56:31.474345,2385.00,BALANCE,0,0,0
2026-09-01 15:45:55.238658,4285.00,BALANCE,0,0,0
2026-09-01 15:45:12.423528,4285.00,BALANCE,0,0,0
2026-09-01 15:36:51.128214,4500.00,BALANCE,0,0,0
2026-09-01 15:36:18.006898,925.00,BALANCE,0,0,0
2026-09-01 15:33:08.249557,4500.00,reptiloid,0,0,0
2026-09-01 15:32:53.246466,3200.00,card,0,0,0
2026-09-01 14:42:02.268375,4500.00,reptiloid,0,0,0
2026-09-01 14:32:19.216927,2800.00,card,0,0,0
2026-09-01 14:17:04.485912,4500.00,card,0,0,0
2026-09-01 14:13:20.754817,2666.00,BALANCE,0,0,0
2026-09-01 14:12:25.75073,4067.50,BALANCE,0,0,0
2026-09-01 13:56:48.237886,4500.00,reptiloid,0,0,0
2026-09-01 13:40:44.296803,4265.00,BALANCE,0,0,0
2026-09-01 13:20:52.816253,4275.00,BALANCE,0,0,0
2026-09-01 13:12:29.668502,3170.00,BALANCE,0,0,0
2026-09-01 13:10:56.943133,4500.00,reptiloid,0,0,0
2026-09-01 13:00:51.169268,3847.50,BALANCE,0,0,0
2026-09-01 12:53:24.41625,4287.50,BALANCE,0,0,0
2026-09-01 12:46:21.790223,3912.50,BALANCE,0,0,0
2026-09-01 12:26:10.445778,4275.00,BALANCE,0,0,0
2026-09-01 12:25:15.589594,4285.75,BALANCE,0,0,0
2026-09-01 12:20:41.198511,4295.00,BALANCE,0,0,0
2026-09-01 12:02:36.79225,3200.00,card,0,0,0
2026-09-01 12:01:04.267245,2385.00,BALANCE,0,0,0
2026-09-01 12:00:29.138799,2800.00,card,0,0,0
2026-09-01 11:58:11.031845,2850.00,BALANCE,0,0,0
2026-09-01 11:42:45.49323,4075.00,BALANCE,0,0,0
2026-09-01 11:32:04.976808,630.50,BALANCE,0,0,0
2026-09-01 11:17:28.514046,4500.00,reptiloid,0,0,0
2026-09-01 10:55:17.988344,2380.00,BALANCE,0,0,0
2026-09-01 10:29:46.730171,4500.00,reptiloid,0,0,0
2026-09-01 10:22:47.265089,4500.00,reptiloid,0,0,0
2026-09-01 10:22:31.382772,4500.00,reptiloid,0,0,0
2026-09-01 09:53:48.596724,4285.00,BALANCE,0,0,0
2026-09-01 09:48:20.85529,4275.00,BALANCE,0,0,0
2026-09-01 07:45:01.45534,2370.00,BALANCE,0,0,0
2026-09-01 07:22:36.074421,4500.00,reptiloid,0,0,0
2026-09-01 07:06:07.024607,4500.00,reptiloid,0,0,0
2026-09-01 06:41:56.034328,0.00,BALANCE,0,0,0
2026-09-01 03:11:30.195925,4288.50,BALANCE,0,0,0
2026-09-01 02:19:34.005307,4280.00,BALANCE,0,0,0
2026-09-01 02:18:38.851786,3800.00,BALANCE,0,0,0
2026-09-01 02:06:27.352236,4500.00,transa,0,0,0
2026-09-01 00:32:38.100862,4405.00,BALANCE,0,0,0
2026-09-01 00:13:24.035562,4500.00,transa,0,0,0
2026-09-01 00:08:02.602176,4287.50,BALANCE,0,0,0
2026-08-31 23:54:16.240812,4500.00,card,0,0,0
2026-08-31 23:37:13.0307,3057.65,BALANCE,0,0,0
2026-08-31 23:36:52.110333,4295.00,BALANCE,0,0,0
2026-08-31 23:18:19.700313,4305.00,BALANCE,0,0,0
2026-08-31 22:37:05.037562,4500.00,reptiloid,0,0,0
2026-08-31 22:18:42.64395,2385.00,BALANCE,0,0,0
2026-08-31 21:59:34.123194,4500.00,reptiloid,0,0,0
2026-08-31 21:14:58.878435,4282.50,BALANCE,0,0,0
2026-08-31 21:14:12.931472,2385.00,BALANCE,0,0,0
2026-08-31 21:03:34.183438,4290.00,BALANCE,0,0,0
2026-08-31 20:58:32.365258,2390.00,BALANCE,0,0,0
2026-08-31 20:57:05.258363,4500.00,transa,0,0,0
2026-08-31 20:49:47.488615,2380.00,BALANCE,0,0,0
2026-08-31 20:44:47.801239,1950.00,BALANCE,0,0,0
2026-08-31 20:20:02.367245,4500.00,reptiloid,0,0,0
2026-08-31 20:18:58.707152,4500.00,transa,0,0,0
2026-08-31 20:15:12.814779,4500.00,reptiloid,0,0,0
2026-08-31 20:07:53.38817,4500.00,reptiloid,0,0,0
2026-08-31 20:06:36.804117,4275.00,BALANCE,0,0,0
2026-08-31 19:58:54.397197,1315.00,BALANCE,0,0,0
2026-08-31 19:37:04.430194,4500.00,reptiloid,0,0,0
2026-08-31 19:28:45.712629,4287.50,BALANCE,0,0,0
2026-08-31 19:08:57.043602,2175.0000,USDT,0,0,27.627000
2026-08-31 18:50:02.608601,4285.00,BALANCE,0,0,0
2026-08-31 18:19:14.202048,2170.00,BALANCE,0,0,0
2026-08-31 18:04:51.33091,2900.00,card,0,0,0
2026-08-31 18:00:45.19911,4285.70,BALANCE,0,0,0
2026-08-31 17:49:42.199685,4500.00,reptiloid,0,0,0
2026-08-31 17:45:41.585632,1825.00,BALANCE,0,0,0
2026-08-31 17:42:18.192717,4072.50,BALANCE,0,0,0
2026-08-31 17:38:23.042613,4287.50,BALANCE,0,0,0
2026-08-31 17:31:17.78166,4500.00,reptiloid,0,0,0
2026-08-31 17:26:09.408155,4292.50,BALANCE,0,0,0
2026-08-31 17:25:04.089326,4275.00,BALANCE,0,0,0
2026-08-31 17:24:44.17133,4500.00,card,0,0,0
2026-08-31 16:53:13.930459,4450.00,BALANCE,0,0,0
2026-08-31 16:45:16.434352,4275.00,BALANCE,0,0,0
2026-08-31 16:43:29.632774,4500.00,card,0,0,0
2026-08-31 16:25:04.852928,2670.00,BALANCE,0,0,0
2026-08-31 16:13:56.561053,4285.00,BALANCE,0,0,0
2026-08-31 16:11:42.96158,4280.90,BALANCE,0,0,0
2026-08-31 16:11:28.05285,4500.00,reptiloid,0,0,0
2026-08-31 15:49:17.628016,3200.00,transa,0,0,0
2026-08-31 15:45:27.737728,3200.00,card,0,0,0
2026-08-31 15:30:01.402372,2900.00,nirvana,0,0,0
2026-08-31 15:29:30.857537,4290.00,BALANCE,0,0,0
2026-08-31 15:25:04.358884,4285.00,BALANCE,0,0,0
2026-08-31 15:20:27.52521,4295.00,BALANCE,0,0,0
2026-08-31 15:19:36.794353,4060.00,BALANCE,0,0,0
2026-08-31 15:16:05.172886,4287.50,BALANCE,0,0,0
2026-08-31 15:13:30.305806,0.00,BALANCE,0,0,0
2026-08-31 15:10:18.368785,0.00,BALANCE,0,0,0
2026-08-31 15:03:23.005828,4500.00,BALANCE,0,0,0
2026-08-31 14:31:10.459161,4500.00,reptiloid,0,0,0
2026-08-31 14:17:50.29013,2387.50,BALANCE,0,0,0
2026-08-31 14:17:28.289558,765.00,BALANCE,0,0,0
2026-08-31 13:16:42.716121,4050.00,BALANCE,0,0,0
2026-08-31 13:15:36.414172,4500.00,transa,0,0,0
2026-08-31 13:10:38.40351,4500.00,transa,0,0,0
2026-08-31 13:10:12.257501,4500.00,reptiloid,0,0,0
2026-08-31 13:10:01.261885,2800.00,reptiloid,0,0,0
2026-08-31 12:45:05.200622,4500.00,card,0,0,0
2026-08-31 12:35:10.673215,4275.00,BALANCE,0,0,0
2026-08-31 12:33:55.078635,2382.50,BALANCE,0,0,0
2026-08-31 12:32:45.998424,4500.00,card,0,0,0
2026-08-31 12:31:08.807028,4275.00,BALANCE,0,0,0
2026-08-31 12:29:53.935244,4067.50,BALANCE,0,0,0
2026-08-31 12:15:07.709268,4500.00,reptiloid,0,0,0
2026-08-31 12:09:49.458159,4500.00,BALANCE,0,0,0
2026-08-31 12:06:35.968023,4500.00,reptiloid,0,0,0
2026-08-31 11:57:09.982206,1140.00,BALANCE,0,0,0
2026-08-31 11:47:05.382494,4275.00,BALANCE,0,0,0
2026-08-31 11:28:03.884576,2397.50,BALANCE,0,0,0
2026-08-31 11:27:18.330246,4285.00,BALANCE,0,0,0
2026-08-31 10:52:12.589135,2620.00,BALANCE,0,0,0
2026-08-31 10:19:30.090382,4065.00,BALANCE,0,0,0
2026-08-31 09:51:08.038664,3200.00,reptiloid,0,0,0
2026-08-31 09:17:31.551308,2800.00,card,0,0,0
2026-08-31 08:53:06.483459,4500.00,transa,0,0,0
2026-08-31 08:28:20.944688,2375.00,BALANCE,0,0,0
2026-08-31 03:01:05.427798,4075.00,BALANCE,0,0,0
2026-08-31 01:47:31.846382,4287.00,BALANCE,0,0,0
2026-08-31 00:48:00.451899,4500.00,transa,0,0,0
2026-08-31 00:46:56.038559,3610.00,BALANCE,0,0,0
2026-08-30 22:42:38.671463,4280.00,BALANCE,0,0,0
2026-08-30 22:37:36.96037,3100.00,reptiloid,0,0,0
2026-08-30 22:17:39.220083,4500.00,reptiloid,0,0,0
2026-08-30 21:38:32.345006,4500.00,card,0,0,0
2026-08-30 21:35:32.530944,4285.00,BALANCE,0,0,0
2026-08-30 20:47:38.107479,4500.00,reptiloid,0,0,0
2026-08-30 20:32:31.392851,4075.00,BALANCE,0,0,0
2026-08-30 20:01:50.100394,2800.00,BALANCE,0,0,0
2026-08-30 19:58:26.457677,4500.00,reptiloid,0,0,0
2026-08-30 19:51:23.0818,250.00,BALANCE,0,0,0
2026-08-30 19:41:16.797273,4065.00,BALANCE,0,0,0
2026-08-30 19:20:50.52833,2360.00,BALANCE,0,0,0
2026-08-30 19:10:17.459458,2375.00,BALANCE,0,0,0
2026-08-30 18:59:02.537544,3100.00,reptiloid,0,0,0
2026-08-30 18:30:18.619204,3810.00,BALANCE,0,0,0
2026-08-30 18:17:04.846441,2387.50,BALANCE,0,0,0
2026-08-30 18:16:45.528051,2385.00,BALANCE,0,0,0
2026-08-30 18:13:13.107361,4500.00,card,0,0,0
2026-08-30 17:48:24.244338,4500.00,reptiloid,0,0,0
2026-08-30 17:45:47.233587,3100.00,card,0,0,0
2026-08-30 17:44:47.261089,4500.00,reptiloid,0,0,0
2026-08-30 17:36:35.53306,800.00,BALANCE,0,0,0
2026-08-30 17:26:46.295682,4500.00,reptiloid,0,0,0
2026-08-30 17:22:17.778702,3212.50,BALANCE,0,0,0
2026-08-30 17:05:34.544268,4280.00,BALANCE,0,0,0
2026-08-30 16:55:35.228679,4500.00,BALANCE,0,0,0
2026-08-30 16:51:17.723422,1950.00,BALANCE,0,0,0
2026-08-30 16:45:19.746072,4500.00,reptiloid,0,0,0
2026-08-30 16:42:32.461932,4500.00,BALANCE,0,0,0
2026-08-30 16:35:47.169729,4500.00,reptiloid,0,0,0
2026-08-30 16:35:05.501954,4070.00,BALANCE,0,0,0
2026-08-30 16:34:42.186946,2975.00,BALANCE,0,0,0
2026-08-30 16:29:42.575153,2385.50,BALANCE,0,0,0
2026-08-30 16:29:12.20792,2387.50,BALANCE,0,0,0
2026-08-30 16:13:08.28794,4285.00,BALANCE,0,0,0
2026-08-30 16:13:05.484482,2800.00,BALANCE,0,0,0
2026-08-30 16:11:43.905874,2667.50,BALANCE,0,0,0
2026-08-30 16:07:28.365679,4325.00,BALANCE,0,0,0
2026-08-30 16:06:58.8802,4500.00,card,0,0,0
2026-08-30 16:06:47.919123,4500.00,transa,0,0,0
2026-08-30 16:06:01.206026,4285.00,BALANCE,0,0,0
2026-08-30 15:23:46.888899,1300.00,BALANCE,0,0,0
2026-08-30 15:22:10.094026,4500.00,card,0,0,0
2026-08-30 15:13:18.91865,4500.00,reptiloid,0,0,0
2026-08-30 14:59:29.056022,2807.50,BALANCE,0,0,0
2026-08-30 14:44:40.147044,2800.00,reptiloid,0,0,0
2026-08-30 14:37:09.267645,4285.00,BALANCE,0,0,0
2026-08-30 14:20:09.538549,4285.90,BALANCE,0,0,0
2026-08-30 14:09:57.636608,4500.00,card,0,0,0
2026-08-30 14:03:59.037574,2665.00,BALANCE,0,0,0
2026-08-30 14:00:20.34218,4500.00,card,0,0,0
2026-08-30 13:57:06.437611,2397.50,BALANCE,0,0,0
2026-08-30 13:53:21.603874,3100.00,card,0,0,0
2026-08-30 13:51:43.76971,4300.00,BALANCE,0,0,0
2026-08-30 13:34:59.437577,4500.00,reptiloid,0,0,0
2026-08-30 13:32:37.531784,4282.50,BALANCE,0,0,0
2026-08-30 13:23:40.633314,4275.00,BALANCE,0,0,0
2026-08-30 13:18:58.743707,4500.00,card,0,0,0
2026-08-30 13:14:59.891549,2500.00,BALANCE,0,0,0
2026-08-30 13:12:42.789154,4500.00,reptiloid,0,0,0
2026-08-30 12:40:57.537094,4500.00,transa,0,0,0
2026-08-30 12:38:54.57934,3825.0000,LTC,0,1.06622646,0
2026-08-30 12:36:57.602977,4065.00,BALANCE,0,0,0
2026-08-30 12:28:41.763947,3100.00,reptiloid,0,0,0
2026-08-30 12:01:32.392729,4275.00,BALANCE,0,0,0
2026-08-30 11:57:45.849562,4500.00,reptiloid,0,0,0
2026-08-30 11:56:56.70918,4500.00,reptiloid,0,0,0
2026-08-30 11:51:51.979637,4500.00,reptiloid,0,0,0
2026-08-30 11:47:25.314909,2800.00,card,0,0,0
2026-08-30 11:33:49.416561,4500.00,reptiloid,0,0,0
2026-08-30 11:31:20.25495,770.00,BALANCE,0,0,0
2026-08-30 11:16:04.072373,2800.00,reptiloid,0,0,0
2026-08-30 11:04:56.707434,2758.50,BALANCE,0,0,0
2026-08-30 11:03:18.168297,2762.00,BALANCE,0,0,0
2026-08-30 10:59:48.858157,2390.00,BALANCE,0,0,0
2026-08-30 10:45:35.168058,4500.00,card,0,0,0
2026-08-30 10:33:25.057381,3100.00,card,0,0,0
2026-08-30 10:10:59.89922,3825.0000,LTC,0,1.07305031,0
2026-08-30 09:56:32.029584,4500.00,reptiloid,0,0,0
2026-08-30 09:46:28.087318,2515.00,BALANCE,0,0,0
2026-08-30 09:40:24.861844,4280.00,BALANCE,0,0,0
2026-08-30 09:28:33.025568,0.00,BALANCE,0,0,0
2026-08-30 09:08:30.172071,2900.00,reptiloid,0,0,0
2026-08-30 08:59:16.867171,4075.00,BALANCE,0,0,0
2026-08-30 08:22:21.007977,2385.00,BALANCE,0,0,0
2026-08-30 07:33:18.733225,2389.75,BALANCE,0,0,0
2026-08-30 06:47:37.991556,4500.00,reptiloid,0,0,0
2026-08-30 04:18:50.899942,4500.00,reptiloid,0,0,0
2026-08-30 04:16:32.989986,2380.00,BALANCE,0,0,0
2026-08-30 03:58:54.195135,4500.00,reptiloid,0,0,0
2026-08-30 03:25:43.839566,2380.0000,LTC,0,0.6725434,0
2026-08-30 01:21:53.864294,2800.00,reptiloid,0,0,0
2026-08-30 01:06:26.59056,4285.00,BALANCE,0,0,0
2026-08-30 00:22:13.224893,1770.00,BALANCE,0,0,0
2026-08-30 00:03:11.511332,4285.00,BALANCE,0,0,0
2026-08-29 23:56:47.337919,2375.00,BALANCE,0,0,0
2026-08-29 23:42:40.818312,4275.00,BALANCE,0,0,0
2026-08-29 23:37:26.685381,4289.00,BALANCE,0,0,0
2026-08-29 22:51:36.041816,4285.00,BALANCE,0,0,0
2026-08-29 22:27:31.985437,4500.00,nirvana,0,0,0
2026-08-29 22:26:21.425402,2385.00,BALANCE,0,0,0
2026-08-29 22:21:58.476677,4280.00,BALANCE,0,0,0
2026-08-29 22:01:05.279321,1750.00,BALANCE,0,0,0
2026-08-29 21:55:16.079675,4281.50,BALANCE,0,0,0
2026-08-29 21:47:15.553924,4287.50,BALANCE,0,0,0
2026-08-29 21:33:16.03002,4275.00,BALANCE,0,0,0
2026-08-29 21:21:03.941844,4500.00,reptiloid,0,0,0
2026-08-29 21:09:59.149583,4285.00,BALANCE,0,0,0
2026-08-29 21:09:58.685901,1200.00,BALANCE,0,0,0
2026-08-29 21:08:45.272368,4500.00,reptiloid,0,0,0
2026-08-29 21:08:05.315308,4280.00,BALANCE,0,0,0
2026-08-29 21:05:40.099568,4075.00,BALANCE,0,0,0
2026-08-29 20:59:38.02358,2375.00,BALANCE,0,0,0
2026-08-29 20:50:20.064054,2375.00,BALANCE,0,0,0
2026-08-29 20:46:07.07956,4500.00,reptiloid,0,0,0
2026-08-29 19:48:28.397595,4500.00,BALANCE,0,0,0
2026-08-29 19:38:48.878697,2855.00,BALANCE,0,0,0
2026-08-29 19:38:23.160604,4282.00,BALANCE,0,0,0
2026-08-29 19:27:30.111794,4500.00,reptiloid,0,0,0
2026-08-29 19:19:20.92778,4500.00,card,0,0,0
2026-08-29 18:48:09.607366,4282.50,BALANCE,0,0,0
2026-08-29 18:37:33.967727,3100.00,reptiloid,0,0,0
2026-08-29 18:30:18.393886,3100.00,reptiloid,0,0,0
2026-08-29 18:12:04.11073,2695.00,BALANCE,0,0,0
2026-08-29 17:55:19.080675,4500.00,reptiloid,0,0,0
2026-08-29 17:46:24.536342,4500.00,reptiloid,0,0,0
2026-08-29 17:35:29.431554,4500.00,reptiloid,0,0,0
2026-08-29 17:35:22.203677,4290.00,BALANCE,0,0,0
2026-08-29 17:31:39.076462,855.00,BALANCE,0,0,0
2026-08-29 17:28:41.484378,3042.50,BALANCE,0,0,0
2026-08-29 17:24:45.853811,4310.00,BALANCE,0,0,0
2026-08-29 17:19:49.655835,2265.00,BALANCE,0,0,0
2026-08-29 17:17:06.435648,4500.00,card,0,0,0
2026-08-29 17:09:45.670722,4285.00,BALANCE,0,0,0
2026-08-29 17:06:05.073796,3100.00,reptiloid,0,0,0
2026-08-29 17:04:14.744481,4285.95,BALANCE,0,0,0
2026-08-29 16:47:20.727611,4500.00,reptiloid,0,0,0
2026-08-29 16:41:43.537418,4500.00,reptiloid,0,0,0
2026-08-29 16:39:43.483957,4275.00,BALANCE,0,0,0
2026-08-29 16:38:36.335243,3100.00,reptiloid,0,0,0
2026-08-29 16:24:46.605282,4500.00,reptiloid,0,0,0
2026-08-29 16:08:49.742461,3200.00,BALANCE,0,0,0
2026-08-29 16:04:08.221813,4500.00,transa,0,0,0
2026-08-29 15:53:41.790353,4285.00,BALANCE,0,0,0
2026-08-29 15:41:40.716405,1800.00,BALANCE,0,0,0
2026-08-29 15:35:25.49915,1150.00,BALANCE,0,0,0
2026-08-29 15:33:13.058882,3200.00,card,0,0,0
2026-08-29 15:31:59.858732,3832.50,BALANCE,0,0,0
2026-08-29 15:29:15.890451,4500.00,transa,0,0,0
2026-08-29 15:27:02.342352,4290.00,BALANCE,0,0,0
2026-08-29 15:20:32.372537,915.00,BALANCE,0,0,0
2026-08-29 15:08:29.665317,1732.50,BALANCE,0,0,0
2026-08-29 15:07:57.570387,4287.50,BALANCE,0,0,0
2026-08-29 15:07:30.074562,4500.00,nirvana,0,0,0
2026-08-29 15:02:43.439693,4080.50,BALANCE,0,0,0
2026-08-29 14:59:19.946969,2375.00,BALANCE,0,0,0
2026-08-29 14:58:43.996998,3200.00,reptiloid,0,0,0
2026-08-29 14:55:21.582417,4500.00,transa,0,0,0
2026-08-29 14:23:55.252452,4290.00,BALANCE,0,0,0
2026-08-29 14:22:14.845657,2500.00,BALANCE,0,0,0
2026-08-29 14:18:53.87957,2385.00,BALANCE,0,0,0
2026-08-29 14:02:32.472143,2050.00,BALANCE,0,0,0
2026-08-29 13:56:49.165287,4500.00,reptiloid,0,0,0
2026-08-29 13:56:00.155986,4285.00,BALANCE,0,0,0
2026-08-29 13:49:47.289271,4500.00,reptiloid,0,0,0
2026-08-29 13:45:28.055143,4500.00,reptiloid,0,0,0
2026-08-29 13:39:15.417756,3200.00,reptiloid,0,0,0
2026-08-29 13:38:03.166916,900.00,BALANCE,0,0,0
2026-08-29 13:29:07.702535,4500.00,reptiloid,0,0,0
2026-08-29 13:25:07.758598,4280.00,BALANCE,0,0,0
2026-08-29 13:04:51.356859,4500.00,card,0,0,0
2026-08-29 12:07:36.385201,4500.00,reptiloid,0,0,0
2026-08-29 12:01:00.555873,2170.00,BALANCE,0,0,0
2026-08-29 11:43:10.685034,4061.25,BALANCE,0,0,0
2026-08-29 11:42:29.040698,860.00,BALANCE,0,0,0
2026-08-29 11:25:50.705566,3860.00,BALANCE,0,0,0
2026-08-29 11:25:29.449226,2375.00,BALANCE,0,0,0
2026-08-29 10:46:26.299729,4295.00,BALANCE,0,0,0
2026-08-29 10:44:41.431771,4500.00,reptiloid,0,0,0
2026-08-29 10:14:03.374595,3850.00,BALANCE,0,0,0
2026-08-29 09:09:27.280504,4500.00,reptiloid,0,0,0
2026-08-29 08:46:14.172242,1730.00,BALANCE,0,0,0
2026-08-29 08:44:34.19138,4275.00,BALANCE,0,0,0
2026-08-29 08:02:03.461303,4500.00,BALANCE,0,0,0
2026-08-29 07:59:38.854584,175.00,BALANCE,0,0,0
2026-08-29 05:36:30.524193,4285.00,BALANCE,0,0,0
2026-08-29 04:59:57.167685,4375.00,BALANCE,0,0,0
2026-08-29 04:37:46.82055,4500.00,reptiloid,0,0,0
2026-08-29 04:20:55.641223,4500.00,transa,0,0,0
2026-08-29 03:48:49.415798,3855.00,BALANCE,0,0,0
2026-08-29 00:38:18.790749,4500.00,reptiloid,0,0,0
2026-08-29 00:13:01.216669,1860.00,BALANCE,0,0,0
2026-08-29 00:09:49.887224,4285.00,BALANCE,0,0,0
2026-08-28 23:57:05.346888,2499.00,BALANCE,0,0,0
2026-08-28 23:48:45.968923,4500.00,reptiloid,0,0,0
2026-08-28 23:15:02.216632,1582.50,BALANCE,0,0,0
2026-08-28 23:12:35.739893,4500.00,reptiloid,0,0,0
2026-08-28 22:27:15.80612,4275.00,BALANCE,0,0,0
2026-08-28 22:22:08.400472,4500.00,reptiloid,0,0,0
2026-08-28 22:21:06.139557,4500.00,reptiloid,0,0,0
2026-08-28 22:11:32.266169,2385.00,BALANCE,0,0,0
2026-08-28 21:57:36.208303,2390.00,BALANCE,0,0,0
2026-08-28 21:29:57.025681,4500.00,reptiloid,0,0,0
2026-08-28 21:23:56.772631,4500.00,reptiloid,0,0,0
2026-08-28 21:03:54.471646,2382.50,BALANCE,0,0,0
2026-08-28 20:40:02.715364,3042.45,BALANCE,0,0,0
2026-08-28 20:38:12.374235,4500.00,reptiloid,0,0,0
2026-08-28 20:32:25.067898,4298.00,BALANCE,0,0,0
2026-08-28 20:30:02.987939,2390.00,BALANCE,0,0,0
2026-08-28 20:28:28.116443,4500.00,reptiloid,0,0,0
2026-08-28 20:27:46.365029,4287.50,BALANCE,0,0,0
2026-08-28 20:16:26.36808,4500.00,reptiloid,0,0,0
2026-08-28 20:13:43.449314,4500.00,reptiloid,0,0,0
2026-08-28 20:13:21.95309,3047.50,BALANCE,0,0,0
2026-08-28 20:11:20.360451,1520.00,BALANCE,0,0,0
2026-08-28 20:02:32.51838,4285.00,BALANCE,0,0,0
2026-08-28 19:54:33.44235,4290.00,BALANCE,0,0,0
2026-08-28 19:54:16.596175,2385.00,BALANCE,0,0,0
2026-08-28 19:52:59.109124,4500.00,reptiloid,0,0,0
2026-08-28 19:49:41.933548,4275.00,BALANCE,0,0,0
2026-08-28 19:44:56.844484,2900.00,BALANCE,0,0,0
2026-08-28 19:44:41.179355,4285.50,BALANCE,0,0,0
2026-08-28 19:42:57.654405,4500.00,reptiloid,0,0,0
2026-08-28 19:31:50.310726,4280.00,BALANCE,0,0,0
2026-08-28 19:30:44.728603,2385.00,BALANCE,0,0,0
2026-08-28 19:25:23.109043,4466.50,BALANCE,0,0,0
2026-08-28 19:20:02.09801,500.00,BALANCE,0,0,0
2026-08-28 19:06:03.449473,4305.00,BALANCE,0,0,0
2026-08-28 18:57:29.643948,4275.00,BALANCE,0,0,0
2026-08-28 18:54:22.545417,4500.00,reptiloid,0,0,0
2026-08-28 18:40:04.787755,2177.50,BALANCE,0,0,0
2026-08-28 18:26:01.565698,4285.00,BALANCE,0,0,0
2026-08-28 18:06:04.392454,960.00,BALANCE,0,0,0
2026-08-28 18:00:23.074595,2375.00,BALANCE,0,0,0
2026-08-28 17:59:55.792835,4290.00,BALANCE,0,0,0
2026-08-28 17:58:41.580954,3200.00,reptiloid,0,0,0
2026-08-28 17:50:57.623805,4280.00,BALANCE,0,0,0
2026-08-28 17:18:14.867397,4500.00,reptiloid,0,0,0
2026-08-28 17:04:59.193366,4500.00,transa,0,0,0
2026-08-28 16:33:42.111365,4380.00,BALANCE,0,0,0
2026-08-28 16:22:58.595416,4500.00,reptiloid,0,0,0
2026-08-28 16:13:14.233344,4500.00,reptiloid,0,0,0
2026-08-28 16:09:19.463935,4500.00,reptiloid,0,0,0
2026-08-28 16:06:35.349426,4500.00,reptiloid,0,0,0
2026-08-28 15:43:15.951736,3055.00,BALANCE,0,0,0
2026-08-28 15:39:19.747584,4275.00,BALANCE,0,0,0
2026-08-28 15:20:19.110205,3200.00,reptiloid,0,0,0
2026-08-28 15:04:09.768137,4500.00,reptiloid,0,0,0
2026-08-28 14:57:22.739942,4274.95,BALANCE,0,0,0
2026-08-28 14:43:09.201314,4500.00,reptiloid,0,0,0
2026-08-28 14:30:56.98399,2385.00,BALANCE,0,0,0
2026-08-28 14:08:26.866127,4500.00,reptiloid,0,0,0
2026-08-28 13:58:49.380783,0.00,BALANCE,0,0,0
2026-08-28 13:55:44.496725,4500.00,reptiloid,0,0,0
2026-08-28 13:39:46.176248,3065.00,BALANCE,0,0,0
2026-08-28 13:33:35.65617,4280.00,BALANCE,0,0,0
2026-08-28 13:28:56.324707,4500.00,transa,0,0,0
2026-08-28 12:40:51.11367,100.00,BALANCE,0,0,0
2026-08-28 12:14:56.416696,3200.00,reptiloid,0,0,0
2026-08-28 12:08:08.119179,4500.00,reptiloid,0,0,0
2026-08-28 11:56:28.957548,4500.00,reptiloid,0,0,0
2026-08-28 11:30:34.386299,4500.00,BALANCE,0,0,0
2026-08-28 11:14:20.308098,1336.50,BALANCE,0,0,0
2026-08-28 11:08:55.906152,4500.00,reptiloid,0,0,0
2026-08-28 10:53:46.168343,4285.00,BALANCE,0,0,0
2026-08-28 10:51:05.963855,3065.00,BALANCE,0,0,0
2026-08-28 10:45:14.094135,4285.00,BALANCE,0,0,0
2026-08-28 10:44:46.093544,3825.00,BALANCE,0,0,0
2026-08-28 10:44:12.154137,1145.00,BALANCE,0,0,0
2026-08-28 10:42:58.904142,4500.00,reptiloid,0,0,0
2026-08-28 10:33:19.108163,4500.00,reptiloid,0,0,0
2026-08-28 10:28:38.499129,4500.00,reptiloid,0,0,0
2026-08-28 10:25:13.143702,4500.00,reptiloid,0,0,0
2026-08-28 10:19:41.28073,4500.00,reptiloid,0,0,0
2026-08-28 07:14:31.51384,4500.00,reptiloid,0,0,0
2026-08-28 06:04:06.327002,4500.00,card,0,0,0
2026-08-28 04:30:18.58036,4500.00,transa,0,0,0
2026-08-28 01:42:08.540675,2171.50,BALANCE,0,0,0
2026-08-28 01:38:45.275717,4500.00,transa,0,0,0
2026-08-28 00:27:56.061238,2500.00,BALANCE,0,0,0
2026-08-28 00:22:15.341422,4500.00,reptiloid,0,0,0
2026-08-27 23:49:15.664052,1525.00,BALANCE,0,0,0
2026-08-27 23:13:52.641139,4500.00,reptiloid,0,0,0
2026-08-27 22:24:15.093678,4500.00,transa,0,0,0
2026-08-27 22:12:49.298948,2900.00,card,0,0,0
2026-08-27 22:02:31.260306,4500.00,transa,0,0,0
2026-08-27 21:45:13.711951,4500.00,transa,0,0,0
2026-08-27 21:32:37.315942,2375.00,BALANCE,0,0,0
2026-08-27 21:24:27.836536,3200.00,reptiloid,0,0,0
2026-08-27 21:24:17.778487,4500.00,reptiloid,0,0,0
2026-08-27 21:23:16.103073,1200.00,BALANCE,0,0,0
2026-08-27 21:10:11.512196,4500.00,transa,0,0,0
2026-08-27 21:05:34.219628,3125.00,BALANCE,0,0,0
2026-08-27 20:51:11.112369,4500.00,reptiloid,0,0,0
2026-08-27 20:49:14.542349,4500.00,reptiloid,0,0,0
2026-08-27 20:41:18.831418,3200.00,reptiloid,0,0,0
2026-08-27 20:35:55.192823,4500.00,BALANCE,0,0,0
2026-08-27 20:35:29.272403,4207.50,BALANCE,0,0,0
2026-08-27 20:25:13.991032,4275.00,BALANCE,0,0,0
2026-08-27 20:22:49.545279,4285.00,BALANCE,0,0,0
2026-08-27 20:21:18.286452,3200.00,card,0,0,0
2026-08-27 20:15:08.112057,475.00,BALANCE,0,0,0
2026-08-27 20:08:16.494226,3200.00,card,0,0,0
2026-08-27 19:58:51.388266,2395.00,BALANCE,0,0,0
2026-08-27 19:48:06.301056,3200.00,card,0,0,0
2026-08-27 19:45:38.949632,3200.00,reptiloid,0,0,0
2026-08-27 19:30:10.70922,4285.00,BALANCE,0,0,0
2026-08-27 19:17:05.093953,1169.60,BALANCE,0,0,0
2026-08-27 19:16:37.112748,2900.00,card,0,0,0
2026-08-27 19:13:11.957078,3200.00,reptiloid,0,0,0
2026-08-27 19:12:49.7489,2161.25,BALANCE,0,0,0
2026-08-27 19:12:24.334179,3064.50,BALANCE,0,0,0
2026-08-27 18:50:09.022049,3200.00,reptiloid,0,0,0
2026-08-27 18:48:18.501071,3200.00,card,0,0,0
2026-08-27 18:48:00.02194,2380.00,BALANCE,0,0,0
2026-08-27 18:38:17.554059,3025.00,BALANCE,0,0,0
2026-08-27 18:30:14.596289,4285.50,BALANCE,0,0,0
2026-08-27 18:21:53.455753,4070.00,BALANCE,0,0,0
2026-08-27 18:20:56.615591,1132.50,BALANCE,0,0,0
2026-08-27 18:19:29.907172,4500.00,reptiloid,0,0,0
2026-08-27 18:16:18.106756,9200.00,reptiloid,0,0,0
2026-08-27 18:14:08.911739,9200.00,reptiloid,0,0,0
2026-08-27 18:09:17.1003,4286.00,BALANCE,0,0,0
2026-08-27 18:08:36.571605,4500.00,card,0,0,0
2026-08-27 18:01:51.897718,4287.00,BALANCE,0,0,0
2026-08-27 18:01:08.421698,4295.00,BALANCE,0,0,0
2026-08-27 17:58:15.699169,4280.00,BALANCE,0,0,0
2026-08-27 17:57:12.62661,3200.00,reptiloid,0,0,0
2026-08-27 17:56:41.949722,4285.00,BALANCE,0,0,0
2026-08-27 17:52:52.149894,0.00,BALANCE,0,0,0
2026-08-27 17:12:28.391202,4287.50,BALANCE,0,0,0
2026-08-27 17:07:08.187658,9200.00,reptiloid,0,0,0
2026-08-27 17:03:35.365455,2900.00,card,0,0,0
2026-08-27 17:00:26.608309,3475.00,BALANCE,0,0,0
2026-08-27 16:48:42.317542,4280.00,BALANCE,0,0,0
2026-08-27 16:04:49.937424,4287.50,BALANCE,0,0,0
2026-08-27 16:03:41.757992,2386.40,BALANCE,0,0,0
2026-08-27 15:58:47.208372,1945.00,BALANCE,0,0,0
2026-08-27 15:54:10.044089,4055.00,BALANCE,0,0,0
2026-08-27 15:39:52.208995,4500.00,reptiloid,0,0,0
2026-08-27 15:38:18.621162,1425.00,BALANCE,0,0,0
2026-08-27 15:30:53.468093,4285.70,BALANCE,0,0,0
2026-08-27 15:30:45.881459,9200.00,reptiloid,0,0,0
2026-08-27 15:28:17.210137,4500.00,reptiloid,0,0,0
2026-08-27 15:27:28.298089,9200.00,reptiloid,0,0,0
2026-08-27 15:26:34.896444,4285.00,BALANCE,0,0,0
2026-08-27 15:15:38.116883,9200.00,reptiloid,0,0,0
2026-08-27 15:14:53.707244,2379.50,BALANCE,0,0,0
2026-08-27 15:10:21.445897,4500.00,BALANCE,0,0,0
2026-08-27 15:03:06.68785,4297.50,BALANCE,0,0,0
2026-08-27 14:56:09.016843,4500.00,reptiloid,0,0,0
2026-08-27 14:51:47.009263,4500.00,transa,0,0,0
2026-08-27 14:24:45.313596,4500.00,reptiloid,0,0,0
2026-08-27 14:14:19.236475,4275.00,BALANCE,0,0,0
2026-08-27 14:04:03.18418,4500.00,reptiloid,0,0,0
2026-08-27 14:03:04.640138,1720.00,BALANCE,0,0,0
2026-08-27 13:48:44.413679,4500.00,reptiloid,0,0,0
2026-08-27 13:43:53.503295,4500.00,transa,0,0,0
2026-08-27 13:38:27.79827,4290.00,BALANCE,0,0,0
2026-08-27 13:35:07.163461,4290.00,BALANCE,0,0,0
2026-08-27 13:28:33.202248,4500.00,reptiloid,0,0,0
2026-08-27 13:08:18.30206,4500.00,transa,0,0,0
2026-08-27 12:54:26.686055,4275.00,BALANCE,0,0,0
2026-08-27 12:22:22.919784,2385.00,BALANCE,0,0,0
2026-08-27 11:57:20.388066,2755.00,BALANCE,0,0,0
2026-08-27 11:53:44.081864,4500.00,reptiloid,0,0,0
2026-08-27 11:23:03.156581,4289.50,BALANCE,0,0,0
2026-08-27 11:20:12.026587,4500.00,reptiloid,0,0,0
2026-08-27 10:37:40.108757,4285.70,BALANCE,0,0,0
2026-08-27 10:37:03.662661,4285.00,BALANCE,0,0,0
2026-08-27 10:32:36.613279,4500.00,BALANCE,0,0,0
2026-08-27 10:28:29.71046,4286.00,BALANCE,0,0,0
2026-08-27 09:54:24.654414,4500.00,reptiloid,0,0,0
2026-08-27 09:41:09.851913,4284.65,BALANCE,0,0,0
2026-08-27 09:31:08.602421,9200.00,reptiloid,0,0,0
2026-08-27 09:27:10.549111,4500.00,reptiloid,0,0,0
2026-08-27 08:54:04.47082,9200.00,reptiloid,0,0,0
2026-08-27 08:35:19.264443,2345.00,BALANCE,0,0,0
2026-08-27 08:25:38.654167,0.00,BALANCE,0,0,0
2026-08-27 08:23:15.878734,0.00,BALANCE,0,0,0
2026-08-27 08:22:25.26397,0.00,BALANCE,0,0,0
2026-08-27 08:21:45.03343,0.00,BALANCE,0,0,0
2026-08-27 08:17:14.850973,0.00,BALANCE,0,0,0
2026-08-27 07:28:21.078376,4286.50,BALANCE,0,0,0
2026-08-27 07:15:50.276994,4292.50,BALANCE,0,0,0
2026-08-27 06:56:06.204395,4500.00,reptiloid,0,0,0
2026-08-27 05:36:27.810167,4500.00,BALANCE,0,0,0
2026-08-27 00:40:45.899672,4500.00,reptiloid,0,0,0
2026-08-27 00:32:33.625866,4500.00,reptiloid,0,0,0
2026-08-27 00:05:50.724167,4286.00,BALANCE,0,0,0
2026-08-26 23:43:27.483972,4500.00,reptiloid,0,0,0
2026-08-26 23:27:04.682393,2959.00,BALANCE,0,0,0
2026-08-26 23:19:29.518634,2150.00,BALANCE,0,0,0
2026-08-26 23:11:22.692669,4280.00,BALANCE,0,0,0
2026-08-26 22:41:14.294184,4300.00,BALANCE,0,0,0
2026-08-26 22:34:45.695232,3850.00,BALANCE,0,0,0
2026-08-26 22:15:21.346842,2900.00,card,0,0,0
2026-08-26 22:10:54.202767,0.00,BALANCE,0,0,0
2026-08-26 22:09:41.933289,4500.00,card,0,0,0
2026-08-26 21:07:03.444254,4275.00,BALANCE,0,0,0
2026-08-26 21:04:31.302541,4500.00,reptiloid,0,0,0
2026-08-26 20:59:26.440656,4300.25,BALANCE,0,0,0
2026-08-26 20:59:01.927147,4275.00,BALANCE,0,0,0
2026-08-26 20:35:52.5059,4500.00,reptiloid,0,0,0
2026-08-26 20:35:31.268849,4500.00,transa,0,0,0
2026-08-26 20:27:19.656775,4286.00,BALANCE,0,0,0
2026-08-26 20:13:44.821116,4500.00,transa,0,0,0
2026-08-26 20:06:59.804367,4500.00,transa,0,0,0
2026-08-26 19:54:09.322425,4500.00,card,0,0,0
2026-08-26 19:50:37.082904,2900.00,card,0,0,0
2026-08-26 19:46:46.988091,4462.50,BALANCE,0,0,0
2026-08-26 19:42:28.954834,4500.00,BALANCE,0,0,0
2026-08-26 19:42:02.41208,2000.00,BALANCE,0,0,0
2026-08-26 19:32:04.396269,2375.00,BALANCE,0,0,0
2026-08-26 19:13:35.267857,3633.75,BALANCE,0,0,0
2026-08-26 19:05:08.870556,4500.00,reptiloid,0,0,0
2026-08-26 19:04:15.087659,2900.00,reptiloid,0,0,0
2026-08-26 19:03:18.017202,4275.00,BALANCE,0,0,0
2026-08-26 18:49:41.049485,4500.00,card,0,0,0
2026-08-26 18:48:53.583012,4500.00,card,0,0,0
2026-08-26 18:37:21.625068,4285.00,BALANCE,0,0,0
2026-08-26 18:36:06.328314,4500.00,reptiloid,0,0,0
2026-08-26 18:32:25.637623,0.00,BALANCE,0,0,0
2026-08-26 18:17:57.382246,2400.00,BALANCE,0,0,0
2026-08-26 18:17:03.462188,4500.00,transa,0,0,0
2026-08-26 18:14:36.278454,4285.00,BALANCE,0,0,0
2026-08-26 18:12:06.011483,2900.00,card,0,0,0
2026-08-26 18:10:37.032918,4500.00,BALANCE,0,0,0
2026-08-26 18:06:15.885718,4500.00,transa,0,0,0
2026-08-26 17:53:32.066859,4500.00,BALANCE,0,0,0
2026-08-26 17:52:34.114815,4286.00,BALANCE,0,0,0
2026-08-26 17:50:10.132189,4070.00,BALANCE,0,0,0
2026-08-26 17:20:00.451134,4285.00,BALANCE,0,0,0
2026-08-26 17:12:03.269451,4285.00,BALANCE,0,0,0
2026-08-26 17:03:00.101439,4500.00,transa,0,0,0
2026-08-26 16:56:31.068621,4500.00,reptiloid,0,0,0
2026-08-26 16:43:53.230844,2100.00,BALANCE,0,0,0
2026-08-26 16:41:50.148183,4061.00,BALANCE,0,0,0
2026-08-26 16:37:21.064843,4080.00,BALANCE,0,0,0
2026-08-26 16:30:35.743482,4500.00,BALANCE,0,0,0
2026-08-26 16:26:37.646932,4500.00,reptiloid,0,0,0
2026-08-26 16:24:47.116407,4500.00,BALANCE,0,0,0
2026-08-26 16:24:11.637705,4050.00,BALANCE,0,0,0
2026-08-26 16:24:06.212391,4500.00,reptiloid,0,0,0
2026-08-26 16:21:10.283063,4285.00,BALANCE,0,0,0
2026-08-26 16:17:47.101424,4445.00,BALANCE,0,0,0
2026-08-26 16:09:50.758886,3200.00,card,0,0,0
2026-08-26 15:37:13.047791,4500.00,reptiloid,0,0,0
2026-08-26 15:27:53.025907,1151.00,BALANCE,0,0,0
2026-08-26 15:25:49.876825,4500.00,reptiloid,0,0,0
2026-08-26 15:12:57.809594,4500.00,transa,0,0,0
2026-08-26 15:03:32.908283,4500.00,transa,0,0,0
2026-08-26 14:59:53.63946,3855.00,BALANCE,0,0,0
2026-08-26 14:55:49.831934,1000.00,BALANCE,0,0,0
2026-08-26 14:55:37.807817,4500.00,card,0,0,0
2026-08-26 14:31:52.665497,4500.00,transa,0,0,0
2026-08-26 14:28:08.719935,4500.00,transa,0,0,0
2026-08-26 14:07:14.247473,4500.00,card,0,0,0
2026-08-26 13:59:40.552416,0.00,BALANCE,0,0,0
2026-08-26 13:26:37.867431,4500.00,reptiloid,0,0,0
2026-08-26 13:13:42.21767,4290.00,BALANCE,0,0,0
2026-08-26 13:05:35.724589,4285.00,BALANCE,0,0,0
2026-08-26 12:59:50.987653,770.00,BALANCE,0,0,0
2026-08-26 12:46:53.213847,4295.00,BALANCE,0,0,0
2026-08-26 12:39:45.679684,2385.00,BALANCE,0,0,0
2026-08-26 12:38:08.886912,4280.70,BALANCE,0,0,0
2026-08-26 12:28:17.650174,4287.25,BALANCE,0,0,0
2026-08-26 11:15:56.65027,2900.00,reptiloid,0,0,0
2026-08-26 10:37:23.717188,4280.00,BALANCE,0,0,0
2026-08-26 10:20:42.232065,4282.50,BALANCE,0,0,0
2026-08-26 10:10:53.045396,4285.00,BALANCE,0,0,0
2026-08-26 10:03:23.471205,2391.00,BALANCE,0,0,0
2026-08-26 09:25:42.324118,1395.00,BALANCE,0,0,0
2026-08-26 08:58:07.790367,4500.00,reptiloid,0,0,0
2026-08-26 08:51:06.490083,4500.00,BALANCE,0,0,0
2026-08-26 07:55:17.033084,2500.00,BALANCE,0,0,0
2026-08-26 06:23:45.664338,2713.45,BALANCE,0,0,0
2026-08-26 06:07:50.059535,4288.50,BALANCE,0,0,0
2026-08-26 05:48:55.08972,4285.00,BALANCE,0,0,0
2026-08-26 04:57:59.604069,4072.00,BALANCE,0,0,0
2026-08-26 04:42:22.177177,4135.00,BALANCE,0,0,0
2026-08-26 03:59:21.863841,4275.00,BALANCE,0,0,0
2026-08-26 03:37:14.82839,4275.00,BALANCE,0,0,0
2026-08-26 02:09:49.749166,2900.00,reptiloid,0,0,0
2026-08-25 23:55:42.082256,4500.00,reptiloid,0,0,0
2026-08-25 23:46:32.855503,2755.00,BALANCE,0,0,0
2026-08-25 23:13:49.147,2960.00,BALANCE,0,0,0
2026-08-25 23:13:03.762695,4500.00,reptiloid,0,0,0
2026-08-25 23:10:53.727705,4285.00,BALANCE,0,0,0
2026-08-25 23:02:57.105732,4287.50,BALANCE,0,0,0
2026-08-25 23:01:16.089258,4500.00,reptiloid,0,0,0
2026-08-25 23:00:26.510849,4500.00,reptiloid,0,0,0
2026-08-25 22:53:54.219378,4283.00,BALANCE,0,0,0
2026-08-25 22:22:31.97582,4065.00,BALANCE,0,0,0
2026-08-25 22:19:20.408379,4450.00,BALANCE,0,0,0
2026-08-25 22:15:04.597347,4285.00,BALANCE,0,0,0
2026-08-25 21:52:06.138774,4280.00,BALANCE,0,0,0
2026-08-25 21:45:55.603586,4070.00,BALANCE,0,0,0
2026-08-25 21:34:24.230467,4500.00,transa,0,0,0
2026-08-25 21:33:10.557109,4285.00,BALANCE,0,0,0
2026-08-25 21:31:07.913453,4280.00,BALANCE,0,0,0
2026-08-25 20:59:21.991285,2385.00,BALANCE,0,0,0
2026-08-25 20:35:47.668087,2384.25,BALANCE,0,0,0
2026-08-25 20:27:44.305538,9200.00,reptiloid,0,0,0
2026-08-25 20:11:45.490223,4285.70,BALANCE,0,0,0
2026-08-25 20:02:00.721665,4500.00,reptiloid,0,0,0
2026-08-25 19:55:06.412288,4500.00,reptiloid,0,0,0
2026-08-25 19:51:27.012635,4285.00,BALANCE,0,0,0
2026-08-25 19:51:01.786263,4500.00,card,0,0,0
2026-08-25 19:45:27.998993,9200.00,reptiloid,0,0,0
2026-08-25 19:36:39.767614,2900.00,card,0,0,0
2026-08-25 19:31:22.870435,4275.00,BALANCE,0,0,0
2026-08-25 19:26:31.790532,4500.00,reptiloid,0,0,0
2026-08-25 19:14:32.051221,4500.00,reptiloid,0,0,0
2026-08-25 19:08:21.497378,4286.40,BALANCE,0,0,0
2026-08-25 19:02:14.293436,2174.50,BALANCE,0,0,0
2026-08-25 19:00:01.65336,9200.00,reptiloid,0,0,0
2026-08-25 18:44:46.80473,2375.00,BALANCE,0,0,0
2026-08-25 18:42:15.519298,2385.00,BALANCE,0,0,0
2026-08-25 18:38:37.205249,2390.00,BALANCE,0,0,0
2026-08-25 18:24:37.191384,4500.00,card,0,0,0
2026-08-25 18:20:25.183033,0.00,BALANCE,0,0,0
2026-08-25 18:17:23.701699,0.00,BALANCE,0,0,0
2026-08-25 18:07:11.626494,2390.00,BALANCE,0,0,0
2026-08-25 18:04:52.138067,4500.00,nirvana,0,0,0
2026-08-25 18:00:45.42485,4280.00,BALANCE,0,0,0
2026-08-25 17:56:15.751894,3375.0000,USDT,0,0,42.870000
2026-08-25 17:55:23.514835,4500.00,reptiloid,0,0,0
2026-08-25 17:42:29.036791,4285.00,BALANCE,0,0,0
2026-08-25 17:33:15.634446,4285.00,BALANCE,0,0,0
2026-08-25 17:13:02.46045,0.00,BALANCE,0,0,0
2026-08-25 16:43:36.354255,2175.0000,USDT,0,0,27.627000
2026-08-25 16:39:44.773917,6850.00,BALANCE,0,0,0
2026-08-25 16:32:37.299972,4500.00,reptiloid,0,0,0
2026-08-25 16:28:28.609495,2900.00,reptiloid,0,0,0
2026-08-25 16:22:42.938563,2385.00,BALANCE,0,0,0
2026-08-25 16:20:13.49017,4500.00,reptiloid,0,0,0
2026-08-25 15:58:52.338307,4500.00,reptiloid,0,0,0
2026-08-25 15:51:27.692021,4085.00,BALANCE,0,0,0
2026-08-25 15:41:51.971678,2900.00,reptiloid,0,0,0
2026-08-25 15:34:55.301874,4500.00,BALANCE,0,0,0
2026-08-25 15:24:09.418696,2385.00,BALANCE,0,0,0
2026-08-25 15:18:46.271323,1947.50,BALANCE,0,0,0
2026-08-25 15:06:21.074123,4285.00,BALANCE,0,0,0
2026-08-25 14:54:58.241173,2900.00,card,0,0,0
2026-08-25 14:41:07.851212,2900.00,reptiloid,0,0,0
2026-08-25 13:58:46.290814,2382.50,BALANCE,0,0,0
2026-08-25 13:44:08.958916,4287.50,BALANCE,0,0,0
2026-08-25 13:33:32.994869,4500.00,BALANCE,0,0,0
2026-08-25 13:30:02.2683,4275.00,BALANCE,0,0,0
2026-08-25 13:23:16.249436,4275.00,BALANCE,0,0,0
2026-08-25 13:18:57.060632,4500.00,BALANCE,0,0,0
2026-08-25 13:12:22.301845,4064.50,BALANCE,0,0,0
2026-08-25 12:59:10.745413,4500.00,BALANCE,0,0,0
2026-08-25 12:53:43.063566,4290.00,BALANCE,0,0,0
2026-08-25 12:46:21.69514,2275.00,BALANCE,0,0,0
2026-08-25 12:36:29.454204,4500.00,reptiloid,0,0,0
2026-08-25 12:31:42.058565,2375.00,BALANCE,0,0,0
2026-08-25 11:59:00.646706,1140.00,BALANCE,0,0,0
2026-08-25 11:47:08.402829,4285.00,BALANCE,0,0,0
2026-08-25 11:43:46.76776,4287.50,BALANCE,0,0,0
2026-08-25 11:22:54.574229,4500.00,card,0,0,0
2026-08-25 11:18:40.630424,4275.00,BALANCE,0,0,0
2026-08-25 11:00:53.154333,2375.00,BALANCE,0,0,0
2026-08-25 10:44:03.368639,2900.00,reptiloid,0,0,0
2026-08-25 09:25:11.151366,0.00,BALANCE,0,0,0
2026-08-25 08:53:26.614602,3200.00,reptiloid,0,0,0
2026-08-25 08:41:21.310666,4500.00,card,0,0,0
2026-08-25 08:39:23.088683,4070.00,BALANCE,0,0,0
2026-08-25 08:14:48.883366,4290.00,BALANCE,0,0,0
2026-08-25 08:05:50.919547,4280.00,BALANCE,0,0,0
2026-08-25 07:57:13.658459,2900.00,reptiloid,0,0,0
2026-08-25 07:37:12.084377,4500.00,reptiloid,0,0,0
2026-08-25 05:53:20.336195,4500.00,reptiloid,0,0,0
2026-08-25 05:23:12.266341,4500.00,BALANCE,0,0,0
2026-08-25 05:22:30.412772,4050.00,BALANCE,0,0,0
2026-08-25 04:30:36.435609,4282.50,BALANCE,0,0,0
2026-08-25 03:51:13.104706,2900.00,reptiloid,0,0,0
2026-08-25 03:35:54.024647,4500.00,reptiloid,0,0,0
2026-08-25 02:56:11.496088,4500.00,reptiloid,0,0,0
2026-08-25 02:43:58.040024,2384.75,BALANCE,0,0,0
2026-08-25 02:15:40.347599,1825.00,BALANCE,0,0,0
2026-08-25 01:29:04.906581,4500.00,transa,0,0,0
2026-08-25 01:22:38.614003,4500.00,transa,0,0,0
2026-08-25 00:05:47.313646,4500.00,reptiloid,0,0,0
2026-08-24 23:07:18.823558,4500.00,reptiloid,0,0,0
2026-08-24 22:04:00.070475,2170.00,BALANCE,0,0,0
2026-08-24 21:50:37.140318,4285.00,BALANCE,0,0,0
2026-08-24 21:43:20.775632,4287.50,BALANCE,0,0,0
2026-08-24 21:33:50.266593,4285.00,BALANCE,0,0,0
2026-08-24 21:31:22.556414,3050.00,BALANCE,0,0,0
2026-08-24 21:29:51.583662,4500.00,reptiloid,0,0,0
2026-08-24 21:29:11.910801,4500.00,reptiloid,0,0,0
2026-08-24 21:13:51.29128,2175.00,BALANCE,0,0,0
2026-08-24 20:54:18.362941,4290.00,BALANCE,0,0,0
2026-08-24 20:37:09.422666,4275.00,BALANCE,0,0,0
2026-08-24 20:32:46.60443,1100.00,BALANCE,0,0,0
2026-08-24 20:24:37.188154,3050.00,BALANCE,0,0,0
2026-08-24 20:21:02.535887,4500.00,reptiloid,0,0,0
2026-08-24 20:05:40.922028,3870.00,BALANCE,0,0,0
2026-08-24 20:02:28.500062,4500.00,reptiloid,0,0,0
2026-08-24 19:56:23.566155,4500.00,transa,0,0,0
2026-08-24 19:48:09.820769,4500.00,reptiloid,0,0,0
2026-08-24 19:26:40.450131,4500.00,reptiloid,0,0,0
2026-08-24 19:23:48.00032,4285.00,BALANCE,0,0,0
2026-08-24 19:18:53.476562,3200.00,card,0,0,0
2026-08-24 19:18:11.622563,4285.00,BALANCE,0,0,0
2026-08-24 19:12:21.374169,3639.50,BALANCE,0,0,0
2026-08-24 18:58:47.31862,4500.00,reptiloid,0,0,0
2026-08-24 18:36:59.71161,2900.00,card,0,0,0
2026-08-24 18:34:14.456781,4500.00,card,0,0,0
2026-08-24 18:31:13.700672,3200.00,card,0,0,0
2026-08-24 18:30:00.242132,667.45,BALANCE,0,0,0
2026-08-24 18:17:02.104465,4400.00,BALANCE,0,0,0
2026-08-24 18:14:27.847013,4500.00,reptiloid,0,0,0
2026-08-24 18:10:54.854273,940.00,BALANCE,0,0,0
2026-08-24 17:38:20.93595,4500.00,transa,0,0,0
2026-08-24 17:30:29.225956,4342.50,BALANCE,0,0,0
2026-08-24 17:22:45.338716,200.00,BALANCE,0,0,0
2026-08-24 17:17:16.167295,2385.00,BALANCE,0,0,0
2026-08-24 17:14:16.493119,3200.00,reptiloid,0,0,0
2026-08-24 17:07:17.607682,2050.00,BALANCE,0,0,0
2026-08-24 17:04:48.588808,3410.00,BALANCE,0,0,0
2026-08-24 17:04:08.724341,1145.00,BALANCE,0,0,0
2026-08-24 17:03:09.742609,3055.00,BALANCE,0,0,0
2026-08-24 17:00:22.991813,3200.00,reptiloid,0,0,0
2026-08-24 16:51:03.436174,4305.00,BALANCE,0,0,0
2026-08-24 16:45:41.928363,3132.25,BALANCE,0,0,0
2026-08-24 16:43:11.541162,1535.00,BALANCE,0,0,0
2026-08-24 16:40:09.234701,3200.00,transa,0,0,0
2026-08-24 16:36:45.387943,4350.00,BALANCE,0,0,0
2026-08-24 16:28:07.092991,2281.50,BALANCE,0,0,0
2026-08-24 16:07:39.877437,2167.50,BALANCE,0,0,0
2026-08-24 16:03:44.844974,4500.00,reptiloid,0,0,0
2026-08-24 15:57:16.234212,3200.00,card,0,0,0
2026-08-24 15:55:32.546378,3200.00,transa,0,0,0
2026-08-24 15:50:11.219286,4072.50,BALANCE,0,0,0
2026-08-24 15:45:40.942188,4500.00,card,0,0,0
2026-08-24 15:35:52.181953,1150.00,BALANCE,0,0,0
2026-08-24 15:32:51.902051,1655.00,BALANCE,0,0,0
2026-08-24 15:21:40.468074,3050.00,BALANCE,0,0,0
2026-08-24 15:18:14.24058,4075.00,BALANCE,0,0,0
2026-08-24 15:14:56.009484,2900.00,card,0,0,0
2026-08-24 15:06:41.271604,3200.00,reptiloid,0,0,0
2026-08-24 14:55:14.641713,3200.00,reptiloid,0,0,0
2026-08-24 14:50:56.882568,3200.00,transa,0,0,0
2026-08-24 14:47:29.777625,2987.50,BALANCE,0,0,0
2026-08-24 14:32:02.277686,4275.00,BALANCE,0,0,0
2026-08-24 14:29:04.928645,435.00,BALANCE,0,0,0
2026-08-24 14:16:20.143123,4280.00,BALANCE,0,0,0
2026-08-24 11:11:53.98812,2900.00,BALANCE,0,0,0
2026-08-24 10:52:12.814023,1945.00,BALANCE,0,0,0
2026-08-24 07:08:14.697831,4500.00,reptiloid,0,0,0
2026-08-24 00:50:14.89802,4070.00,BALANCE,0,0,0
2026-08-24 00:12:52.024029,0.00,BALANCE,0,0,0
2026-08-23 23:38:33.224236,2775.00,BALANCE,0,0,0
2026-08-23 22:49:29.570736,4281.00,BALANCE,0,0,0
2026-08-23 22:17:38.032038,4065.00,BALANCE,0,0,0
2026-08-23 21:40:40.631185,4500.00,transa,0,0,0
2026-08-23 21:24:15.733069,2385.00,BALANCE,0,0,0
2026-08-23 21:12:16.88363,2380.00,BALANCE,0,0,0
2026-08-23 20:59:53.9327,3625.00,BALANCE,0,0,0
2026-08-23 20:17:40.817707,4500.00,reptiloid,0,0,0
2026-08-23 19:27:53.989591,4285.00,BALANCE,0,0,0
2026-08-23 19:16:26.571611,4285.00,BALANCE,0,0,0
2026-08-23 18:37:24.572445,2385.00,BALANCE,0,0,0
2026-08-23 18:35:02.085563,4500.00,reptiloid,0,0,0
2026-08-23 18:34:24.295554,4500.00,reptiloid,0,0,0
2026-08-23 18:16:52.450894,4285.00,BALANCE,0,0,0
2026-08-23 17:59:14.811436,3439.00,BALANCE,0,0,0
2026-08-23 17:46:52.479445,4275.00,BALANCE,0,0,0
2026-08-23 17:40:35.315772,4500.00,card,0,0,0
2026-08-23 17:32:51.748432,4285.00,BALANCE,0,0,0
2026-08-23 16:56:18.256159,1735.00,BALANCE,0,0,0
2026-08-23 16:53:03.88497,4287.50,BALANCE,0,0,0
2026-08-23 16:31:53.547186,4500.00,reptiloid,0,0,0
2026-08-23 16:20:44.622083,4305.00,BALANCE,0,0,0
2026-08-23 16:01:12.621137,4285.00,BALANCE,0,0,0
2026-08-23 15:55:21.027544,4500.00,reptiloid,0,0,0
2026-08-23 15:40:14.277421,2500.00,BALANCE,0,0,0
2026-08-23 15:38:16.924268,1955.00,BALANCE,0,0,0
2026-08-23 15:35:30.990353,4060.00,BALANCE,0,0,0
2026-08-23 15:11:14.199227,4285.00,BALANCE,0,0,0
2026-08-23 14:56:44.638246,4287.50,BALANCE,0,0,0
2026-08-23 14:53:53.626099,4500.00,reptiloid,0,0,0
2026-08-23 14:42:41.992655,4500.00,BALANCE,0,0,0
2026-08-23 14:15:23.046534,4295.00,BALANCE,0,0,0
2026-08-23 14:11:03.060211,4075.00,BALANCE,0,0,0
2026-08-23 14:04:21.783203,4300.00,BALANCE,0,0,0
2026-08-23 13:57:42.550483,4500.00,reptiloid,0,0,0
2026-08-23 13:45:45.420444,4500.00,reptiloid,0,0,0
2026-08-23 13:27:03.395364,4285.00,BALANCE,0,0,0
2026-08-23 12:50:23.676616,2345.00,BALANCE,0,0,0
2026-08-23 12:49:19.218961,2385.70,BALANCE,0,0,0
2026-08-23 12:45:42.000454,4500.00,transa,0,0,0
2026-08-23 12:45:20.211984,1950.00,BALANCE,0,0,0
2026-08-23 11:50:26.710869,3325.00,BALANCE,0,0,0
2026-08-23 11:42:15.341998,2385.00,BALANCE,0,0,0
2026-08-23 11:30:36.640789,3100.00,BALANCE,0,0,0
2026-08-23 11:28:15.585583,4500.00,reptiloid,0,0,0
2026-08-23 11:00:32.628943,4287.50,BALANCE,0,0,0
2026-08-23 10:51:29.319021,2395.00,BALANCE,0,0,0
2026-08-23 10:08:49.348764,4286.50,BALANCE,0,0,0
2026-08-23 09:45:10.631896,4500.00,BALANCE,0,0,0
2026-08-23 09:38:21.139953,2900.00,reptiloid,0,0,0
2026-08-23 09:24:13.564472,4452.50,BALANCE,0,0,0
2026-08-23 09:18:42.681743,4500.00,reptiloid,0,0,0
2026-08-23 05:23:04.49215,4500.00,transa,0,0,0
2026-08-23 05:15:57.503093,4500.00,transa,0,0,0
2026-08-23 04:44:28.136697,4500.00,transa,0,0,0
2026-08-23 04:19:57.964857,4500.00,transa,0,0,0
2026-08-23 04:01:27.592737,4500.00,transa,0,0,0
2026-08-23 03:58:49.953416,4500.00,transa,0,0,0
2026-08-23 03:44:34.713677,4500.00,transa,0,0,0
2026-08-23 02:12:14.364096,4285.00,BALANCE,0,0,0
2026-08-23 01:57:15.654698,4500.00,reptiloid,0,0,0
2026-08-23 01:30:24.02842,4500.00,transa,0,0,0
2026-08-23 01:03:16.875859,4245.00,BALANCE,0,0,0
2026-08-23 01:02:18.35482,4500.00,transa,0,0,0
2026-08-22 23:58:49.433609,2175.0000,USDT,0,0,27.627000
2026-08-22 23:23:30.75497,4500.00,reptiloid,0,0,0
2026-08-22 22:40:31.775305,4245.00,BALANCE,0,0,0
2026-08-22 22:28:41.297399,4500.00,transa,0,0,0
2026-08-22 21:52:27.297247,2380.00,BALANCE,0,0,0
2026-08-22 21:47:36.255613,4286.50,BALANCE,0,0,0
2026-08-22 21:45:44.136169,4500.00,reptiloid,0,0,0
2026-08-22 21:41:55.863435,4500.00,reptiloid,0,0,0
2026-08-22 21:41:12.918052,2900.00,reptiloid,0,0,0
2026-08-22 21:36:12.274278,4500.00,reptiloid,0,0,0
2026-08-22 21:35:00.779642,3640.00,BALANCE,0,0,0
2026-08-22 21:32:20.074801,3845.00,BALANCE,0,0,0
2026-08-22 21:14:48.846813,4300.00,BALANCE,0,0,0
2026-08-22 20:49:00.768431,4500.00,transa,0,0,0
2026-08-22 20:42:04.060072,4286.00,BALANCE,0,0,0
2026-08-22 20:34:31.866555,3375.0000,USDT,0,0,42.870000
2026-08-22 20:26:10.535798,4285.50,BALANCE,0,0,0
2026-08-22 19:57:37.043393,4500.00,reptiloid,0,0,0
2026-08-22 19:50:30.145969,4500.00,reptiloid,0,0,0
2026-08-22 19:38:10.129888,860.00,BALANCE,0,0,0
2026-08-22 19:36:54.233072,4500.00,BALANCE,0,0,0
2026-08-22 19:36:35.022758,2110.00,BALANCE,0,0,0
2026-08-22 19:21:05.451921,2174.50,BALANCE,0,0,0
2026-08-22 19:19:42.817102,2900.00,card,0,0,0
2026-08-22 19:09:37.124873,4290.00,BALANCE,0,0,0
2026-08-22 19:04:21.514565,1737.50,BALANCE,0,0,0
2026-08-22 19:00:05.865386,4500.00,card,0,0,0
2026-08-22 18:58:34.714144,4500.00,card,0,0,0
2026-08-22 18:57:30.520957,0.00,BALANCE,0,0,0
2026-08-22 18:38:26.945417,4280.00,BALANCE,0,0,0
2026-08-22 18:33:19.681126,4500.00,reptiloid,0,0,0
2026-08-22 18:32:59.901976,4280.00,BALANCE,0,0,0
2026-08-22 18:31:32.304775,4285.00,BALANCE,0,0,0
2026-08-22 18:27:10.696627,4500.00,card,0,0,0
2026-08-22 18:16:47.052036,4500.00,card,0,0,0
2026-08-22 18:15:53.656543,4285.00,BALANCE,0,0,0
2026-08-22 18:13:25.131021,1725.00,BALANCE,0,0,0
2026-08-22 18:07:29.807187,4500.00,reptiloid,0,0,0
2026-08-22 18:03:27.256243,850.00,BALANCE,0,0,0
2026-08-22 17:48:59.255566,4285.00,BALANCE,0,0,0
2026-08-22 17:31:44.838382,4500.00,reptiloid,0,0,0
2026-08-22 17:22:53.746816,4065.00,BALANCE,0,0,0
2026-08-22 17:15:46.522821,4285.00,BALANCE,0,0,0
2026-08-22 17:14:42.995421,4500.00,reptiloid,0,0,0
2026-08-22 16:45:51.757423,4500.00,BALANCE,0,0,0
2026-08-22 16:06:00.675296,4500.00,card,0,0,0
2026-08-22 16:04:55.843705,4500.00,BALANCE,0,0,0
2026-08-22 14:48:52.137723,2675.00,BALANCE,0,0,0
2026-08-22 14:45:08.109392,4500.00,BALANCE,0,0,0
2026-08-22 14:40:45.618415,4500.00,nirvana,0,0,0
2026-08-22 14:39:39.754595,4067.50,BALANCE,0,0,0
2026-08-22 13:49:04.422992,4500.00,transa,0,0,0
2026-08-22 13:48:09.474177,4275.00,BALANCE,0,0,0
2026-08-22 13:13:15.976614,4500.00,transa,0,0,0
2026-08-22 12:40:04.490145,3375.0000,USDT,0,0,42.870000
2026-08-22 12:34:19.230765,4285.00,BALANCE,0,0,0
2026-08-22 12:20:41.031736,4500.00,BALANCE,0,0,0
2026-08-22 12:15:04.013888,4287.50,BALANCE,0,0,0
2026-08-22 12:03:38.046758,4075.00,BALANCE,0,0,0
2026-08-22 11:52:03.495402,4500.00,reptiloid,0,0,0
2026-08-22 11:19:26.01812,4286.40,BALANCE,0,0,0
2026-08-22 10:58:41.345393,4285.00,BALANCE,0,0,0
2026-08-22 10:50:52.174191,3375.0000,USDT,0,0,42.870000
2026-08-22 10:30:46.585818,4275.00,BALANCE,0,0,0
2026-08-22 09:51:21.160359,4500.00,reptiloid,0,0,0
2026-08-22 09:20:44.884241,0.00,BALANCE,0,0,0
2026-08-22 08:48:45.453425,2387.50,BALANCE,0,0,0
2026-08-22 08:45:00.569778,4500.00,transa,0,0,0
2026-08-22 08:27:57.429558,3420.00,BALANCE,0,0,0
2026-08-22 08:19:24.199451,4500.00,reptiloid,0,0,0
2026-08-22 08:14:28.073581,4286.00,BALANCE,0,0,0
2026-08-22 07:16:21.663582,3075.0000,USDT,0,0,39.060000
2026-08-22 06:46:03.56755,4500.00,reptiloid,0,0,0
2026-08-22 06:06:20.863354,4500.00,reptiloid,0,0,0
2026-08-22 05:35:35.560264,4500.00,reptiloid,0,0,0
2026-08-22 05:13:41.059665,2385.00,BALANCE,0,0,0
2026-08-22 04:22:39.031198,4500.00,transa,0,0,0
2026-08-22 03:13:51.66316,4500.00,transa,0,0,0
2026-08-22 03:09:21.779667,4500.00,reptiloid,0,0,0
2026-08-22 02:45:17.317855,4500.00,reptiloid,0,0,0
2026-08-22 02:24:03.271143,4500.00,reptiloid,0,0,0
2026-08-22 02:23:42.744353,4500.00,reptiloid,0,0,0
2026-08-22 01:46:52.50436,4281.75,BALANCE,0,0,0
2026-08-22 01:16:02.405624,0.00,BALANCE,0,0,0
2026-08-22 01:12:34.51292,4500.00,reptiloid,0,0,0
2026-08-22 00:50:47.472724,4280.00,BALANCE,0,0,0
2026-08-22 00:17:18.219479,4275.00,BALANCE,0,0,0
2026-08-22 00:13:51.347091,4275.00,BALANCE,0,0,0
2026-08-21 23:42:17.705947,4500.00,reptiloid,0,0,0
2026-08-21 23:38:55.220755,4280.00,BALANCE,0,0,0
2026-08-21 22:50:56.297216,4280.00,BALANCE,0,0,0
2026-08-21 22:45:44.321967,2380.00,BALANCE,0,0,0
2026-08-21 22:43:54.916384,0.00,BALANCE,0,0,0
2026-08-21 22:40:47.245726,4500.00,reptiloid,0,0,0
2026-08-21 22:25:01.142584,2380.00,BALANCE,0,0,0
2026-08-21 22:06:12.853433,0.00,BALANCE,0,0,0
2026-08-21 22:04:39.089782,0.00,BALANCE,0,0,0
2026-08-21 22:02:18.032988,0.00,BALANCE,0,0,0
2026-08-21 21:44:21.159623,4285.00,BALANCE,0,0,0
2026-08-21 21:36:30.215032,4285.00,BALANCE,0,0,0
2026-08-21 21:34:01.669992,4265.00,BALANCE,0,0,0
2026-08-21 21:30:12.08525,4500.00,reptiloid,0,0,0
2026-08-21 21:26:49.010965,4500.00,reptiloid,0,0,0
2026-08-21 21:04:58.916104,3265.00,BALANCE,0,0,0
2026-08-21 20:56:14.492351,2275.00,BALANCE,0,0,0
2026-08-21 20:48:42.117964,4065.00,BALANCE,0,0,0
2026-08-21 20:44:34.026117,9200.00,reptiloid,0,0,0
2026-08-21 20:44:01.816317,4075.00,BALANCE,0,0,0
2026-08-21 20:39:40.06578,9200.00,reptiloid,0,0,0
2026-08-21 20:37:39.193842,4500.00,reptiloid,0,0,0
2026-08-21 20:26:32.110208,9200.00,reptiloid,0,0,0
2026-08-21 20:18:54.526434,2387.50,BALANCE,0,0,0
2026-08-21 20:15:50.828103,4500.00,reptiloid,0,0,0
2026-08-21 19:57:00.183032,4500.00,reptiloid,0,0,0
2026-08-21 19:11:31.438009,1732.50,BALANCE,0,0,0
2026-08-21 19:06:36.25165,9200.00,reptiloid,0,0,0
2026-08-21 18:48:44.069303,4280.00,BALANCE,0,0,0
2026-08-21 18:45:29.223476,4074.95,BALANCE,0,0,0
2026-08-21 18:33:45.908932,4285.00,BALANCE,0,0,0
2026-08-21 18:20:08.617303,4500.00,reptiloid,0,0,0
2026-08-21 18:18:13.374732,2382.50,BALANCE,0,0,0
2026-08-21 18:04:05.726718,4368.65,BALANCE,0,0,0
2026-08-21 18:01:50.800482,9200.00,reptiloid,0,0,0
2026-08-21 17:59:03.730038,9200.00,reptiloid,0,0,0
2026-08-21 17:52:37.72535,9200.00,reptiloid,0,0,0
2026-08-21 17:42:15.99888,2390.00,BALANCE,0,0,0
2026-08-21 17:40:21.07796,9200.00,reptiloid,0,0,0
2026-08-21 17:19:45.633358,4500.00,reptiloid,0,0,0
2026-08-21 17:18:59.157091,4500.00,reptiloid,0,0,0
2026-08-21 17:08:47.529203,9200.00,reptiloid,0,0,0
2026-08-21 17:06:29.028589,9200.00,reptiloid,0,0,0
2026-08-21 16:59:16.29228,9200.00,reptiloid,0,0,0
2026-08-21 16:56:37.286984,4282.50,BALANCE,0,0,0
2026-08-21 16:52:59.307774,4285.00,BALANCE,0,0,0
2026-08-21 16:49:54.812677,9200.00,reptiloid,0,0,0
2026-08-21 16:49:51.151863,2500.00,BALANCE,0,0,0
2026-08-21 16:37:28.709773,4500.00,reptiloid,0,0,0
2026-08-21 16:37:16.113018,4285.00,BALANCE,0,0,0
2026-08-21 16:01:55.127222,500.00,BALANCE,0,0,0
2026-08-21 15:57:40.161425,1735.00,BALANCE,0,0,0
2026-08-21 15:54:25.160029,1450.00,BALANCE,0,0,0
2026-08-21 15:41:37.923914,0.00,BALANCE,0,0,0
2026-08-21 15:27:38.989509,4300.00,BALANCE,0,0,0
2026-08-21 15:24:12.080318,4287.50,BALANCE,0,0,0
2026-08-21 15:20:02.545432,8200.00,reptiloid,0,0,0
2026-08-21 15:03:46.777104,1520.00,BALANCE,0,0,0
2026-08-21 15:01:08.62529,4290.00,BALANCE,0,0,0
2026-08-21 14:53:13.184388,4500.00,reptiloid,0,0,0
2026-08-21 14:44:52.039283,4500.00,reptiloid,0,0,0
2026-08-21 14:31:06.348877,3850.00,BALANCE,0,0,0
2026-08-21 14:25:08.377826,4275.00,BALANCE,0,0,0
2026-08-21 14:19:50.935715,4285.00,BALANCE,0,0,0
2026-08-21 14:19:08.032635,4285.70,BALANCE,0,0,0
2026-08-21 14:13:58.451833,2850.00,BALANCE,0,0,0
2026-08-21 14:03:16.596905,2400.00,BALANCE,0,0,0
2026-08-21 13:55:50.625341,4285.00,BALANCE,0,0,0
2026-08-21 13:40:16.778231,4285.00,BALANCE,0,0,0
2026-08-21 13:30:07.141756,4285.00,BALANCE,0,0,0
2026-08-21 13:29:52.383742,3375.0000,USDT,0,0,42.870000
2026-08-21 13:29:25.976218,4285.00,BALANCE,0,0,0
2026-08-21 13:28:50.98613,4500.00,reptiloid,0,0,0
2026-08-21 13:18:47.609535,4500.00,reptiloid,0,0,0
2026-08-21 12:49:35.306212,4500.00,reptiloid,0,0,0
2026-08-21 12:45:18.031788,4500.00,reptiloid,0,0,0
2026-08-21 12:22:22.866271,4500.00,reptiloid,0,0,0
2026-08-21 12:03:29.278576,4500.00,reptiloid,0,0,0
2026-08-21 12:00:05.483416,4270.00,BALANCE,0,0,0
2026-08-21 11:59:56.242691,4280.00,BALANCE,0,0,0
2026-08-21 11:47:44.876769,4500.00,reptiloid,0,0,0
2026-08-21 11:20:54.523795,2760.00,BALANCE,0,0,0
2026-08-21 11:09:21.623459,2500.00,BALANCE,0,0,0
2026-08-21 10:53:45.929572,4080.00,BALANCE,0,0,0
2026-08-21 10:20:44.199747,4500.00,reptiloid,0,0,0
2026-08-21 09:33:44.484058,4500.00,reptiloid,0,0,0
2026-08-21 09:18:07.29399,4500.00,reptiloid,0,0,0
2026-08-21 04:49:47.494976,4292.50,BALANCE,0,0,0
2026-08-21 02:49:53.125953,4060.00,BALANCE,0,0,0
2026-08-21 02:39:53.168496,4500.00,reptiloid,0,0,0
2026-08-21 02:18:00.301733,4500.00,reptiloid,0,0,0
2026-08-21 02:05:34.337159,4500.00,reptiloid,0,0,0
2026-08-21 01:56:20.80598,4500.00,reptiloid,0,0,0
2026-08-21 01:52:50.70728,2900.00,BALANCE,0,0,0
2026-08-21 01:21:52.968655,4500.00,reptiloid,0,0,0
2026-08-20 22:23:18.807073,4290.00,BALANCE,0,0,0
2026-08-20 22:00:04.107621,2275.00,BALANCE,0,0,0
2026-08-20 21:25:19.483546,2397.50,BALANCE,0,0,0
2026-08-20 21:08:43.933735,4290.00,BALANCE,0,0,0
2026-08-20 20:45:15.875848,2395.00,BALANCE,0,0,0
2026-08-20 20:35:56.933796,4500.00,reptiloid,0,0,0
2026-08-20 20:25:50.834531,4275.00,BALANCE,0,0,0
2026-08-20 20:24:22.860595,2386.00,BALANCE,0,0,0
2026-08-20 19:52:32.3584,2387.50,BALANCE,0,0,0
2026-08-20 19:51:58.380213,2175.00,BALANCE,0,0,0
2026-08-20 19:16:12.222621,4285.00,BALANCE,0,0,0
2026-08-20 19:10:00.868948,4500.00,reptiloid,0,0,0
2026-08-20 19:08:06.910419,2385.00,BALANCE,0,0,0
2026-08-20 19:06:23.430615,4500.00,reptiloid,0,0,0
2026-08-20 18:51:12.906668,4500.00,reptiloid,0,0,0
2026-08-20 18:05:19.563987,4280.00,BALANCE,0,0,0
2026-08-20 18:01:59.368247,4500.00,reptiloid,0,0,0
2026-08-20 18:01:37.163909,475.00,BALANCE,0,0,0
2026-08-20 18:00:33.726597,4500.00,reptiloid,0,0,0
2026-08-20 17:58:08.023769,4280.00,BALANCE,0,0,0
2026-08-20 17:35:47.297936,4286.00,BALANCE,0,0,0
2026-08-20 17:12:48.329432,4285.00,BALANCE,0,0,0
2026-08-20 17:10:32.695759,3375.0000,USDT,0,0,42.870000
2026-08-20 17:08:38.950109,4287.50,BALANCE,0,0,0
2026-08-20 17:04:15.852797,4500.00,reptiloid,0,0,0
2026-08-20 17:03:51.319151,3332.50,BALANCE,0,0,0
2026-08-20 16:31:38.508333,4285.00,BALANCE,0,0,0
2026-08-20 16:28:36.379652,4500.00,reptiloid,0,0,0
2026-08-20 16:19:45.351177,4285.00,BALANCE,0,0,0
2026-08-20 16:19:00.039629,1710.00,BALANCE,0,0,0
2026-08-20 16:17:30.354421,4500.00,reptiloid,0,0,0
2026-08-20 16:15:19.939644,1545.00,BALANCE,0,0,0
2026-08-20 16:13:09.682346,4500.00,reptiloid,0,0,0
2026-08-20 16:07:54.738049,4500.00,reptiloid,0,0,0
2026-08-20 15:50:35.962177,4275.00,BALANCE,0,0,0
2026-08-20 15:46:44.941999,4500.00,reptiloid,0,0,0
2026-08-20 15:35:07.235755,4500.00,reptiloid,0,0,0
2026-08-20 15:05:17.414805,4290.00,BALANCE,0,0,0
2026-08-20 14:59:38.805266,4285.00,BALANCE,0,0,0
2026-08-20 14:42:17.51163,4275.00,BALANCE,0,0,0
2026-08-20 14:35:23.628176,4500.00,reptiloid,0,0,0
2026-08-20 14:11:46.797543,2390.00,BALANCE,0,0,0
2026-08-20 14:10:16.800207,4500.00,reptiloid,0,0,0
