date_time,amount,method,btc,ltc,usdt
2026-09-21 13:25:55.308255,4300.00,merchant001,0,0,0
2026-09-21 13:23:48.205174,7200.00,reptiloid,0,0,0
2026-09-21 13:14:50.086409,4300.00,BALANCE,0,0,0
2026-09-21 13:02:34.670191,7200.00,reptiloid,0,0,0
2026-09-21 13:02:03.881702,7200.00,reptiloid,0,0,0
2026-09-21 12:59:25.883274,4300.00,reptiloid,0,0,0
2026-09-21 12:52:31.690564,7200.00,transa,0,0,0
2026-09-21 12:44:43.929076,7200.00,reptiloid,0,0,0
2026-09-21 12:39:12.139977,4300.00,reptiloid,0,0,0
2026-09-21 12:33:29.493925,4300.00,reptiloid,0,0,0
2026-09-21 12:20:05.589201,4300.00,BALANCE,0,0,0
2026-09-21 12:18:04.149875,3300.00,reptiloid,0,0,0
2026-09-21 11:51:21.228001,0.00,BALANCE,0,0,0
2026-09-21 11:43:21.01494,4300.00,card,0,0,0
2026-09-21 11:28:42.919159,4300.00,card,0,0,0
2026-09-21 11:09:53.538463,4300.00,reptiloid,0,0,0
2026-09-21 11:05:02.163712,7200.00,reptiloid,0,0,0
2026-09-21 10:48:29.838092,7200.00,reptiloid,0,0,0
2026-09-21 10:46:17.663185,0.00,BALANCE,0,0,0
2026-09-21 10:35:31.851646,7200.00,reptiloid,0,0,0
2026-09-21 10:26:27.602489,4300.00,card,0,0,0
2026-09-21 10:24:41.75479,4300.00,card,0,0,0
2026-09-21 09:18:13.432089,4300.00,reptiloid,0,0,0
2026-09-21 09:17:33.688999,7200.00,reptiloid,0,0,0
2026-09-21 08:21:15.174444,7200.00,reptiloid,0,0,0
2026-09-21 08:20:09.102115,2100.00,BALANCE,0,0,0
2026-09-21 08:11:47.969542,4300.00,reptiloid,0,0,0
2026-09-21 07:02:05.59102,4300.00,reptiloid,0,0,0
2026-09-21 06:52:37.059213,4300.00,reptiloid,0,0,0
2026-09-21 04:13:00.344843,7200.00,reptiloid,0,0,0
2026-09-21 01:27:54.275103,3200.00,reptiloid,0,0,0
2026-09-21 01:24:45.90757,2100.00,merchant001,0,0,0
2026-09-21 01:14:04.754403,4300.00,card,0,0,0
2026-09-21 01:00:20.86399,7200.00,reptiloid,0,0,0
2026-09-21 00:07:41.090604,0.00,BALANCE,0,0,0
2026-09-20 23:31:22.866807,2700.00,BALANCE,0,0,0
2026-09-20 23:09:32.160686,4300.00,reptiloid,0,0,0
2026-09-20 23:02:26.474561,6545.0000,LTC,0,1.57576612,0
2026-09-20 22:56:21.921041,7700.00,card,0,0,0
2026-09-20 22:14:05.039816,4300.00,reptiloid,0,0,0
2026-09-20 22:03:39.574981,3300.00,reptiloid,0,0,0
2026-09-20 22:00:02.814208,7200.00,card,0,0,0
2026-09-20 21:53:46.471001,7200.00,reptiloid,0,0,0
2026-09-20 21:52:54.705382,4300.00,merchant001,0,0,0
2026-09-20 21:48:35.90313,2100.00,merchant001,0,0,0
2026-09-20 21:47:28.920769,4300.00,card,0,0,0
2026-09-20 21:28:39.716226,7200.00,reptiloid,0,0,0
2026-09-20 21:23:01.669986,7200.00,merchant001,0,0,0
2026-09-20 21:11:26.974566,2100.00,merchant001,0,0,0
2026-09-20 20:47:00.153838,4300.00,reptiloid,0,0,0
2026-09-20 20:45:55.816009,4300.00,merchant001,0,0,0
2026-09-20 20:24:30.754338,7200.00,BALANCE,0,0,0
2026-09-20 20:21:48.652758,7200.00,BALANCE,0,0,0
2026-09-20 20:21:00.852372,4300.00,reptiloid,0,0,0
2026-09-20 20:19:25.130956,4300.00,merchant001,0,0,0
2026-09-20 20:01:27.065559,2150.00,BALANCE,0,0,0
2026-09-20 19:52:11.312116,1300.00,BALANCE,0,0,0
2026-09-20 19:47:05.608711,7200.00,reptiloid,0,0,0
2026-09-20 19:41:12.519322,4300.00,reptiloid,0,0,0
2026-09-20 19:39:59.035996,3300.00,reptiloid,0,0,0
2026-09-20 19:09:41.9868,2100.00,merchant001,0,0,0
2026-09-20 19:07:13.040378,4200.00,BALANCE,0,0,0
2026-09-20 19:05:09.551743,7200.00,card,0,0,0
2026-09-20 18:59:46.472545,3225.0000,USDT,0,0,42.888000
2026-09-20 18:54:57.076937,7200.00,reptiloid,0,0,0
2026-09-20 18:49:12.122978,4300.00,BALANCE,0,0,0
2026-09-20 18:48:23.535013,7700.00,BALANCE,0,0,0
2026-09-20 18:12:55.762963,3200.00,BALANCE,0,0,0
2026-09-20 17:58:29.589436,4300.00,BALANCE,0,0,0
2026-09-20 17:50:47.600746,4300.00,reptiloid,0,0,0
2026-09-20 17:22:18.056925,4300.00,reptiloid,0,0,0
2026-09-20 17:15:45.673332,7200.00,reptiloid,0,0,0
2026-09-20 17:14:25.513323,4300.00,reptiloid,0,0,0
2026-09-20 16:51:57.365425,4300.00,reptiloid,0,0,0
2026-09-20 16:50:54.379574,2150.00,BALANCE,0,0,0
2026-09-20 16:36:56.678403,3300.00,reptiloid,0,0,0
2026-09-20 16:34:35.58274,4300.00,reptiloid,0,0,0
2026-09-20 16:31:37.200471,4300.00,reptiloid,0,0,0
2026-09-20 16:17:30.273258,7200.00,reptiloid,0,0,0
2026-09-20 16:12:04.2505,4300.00,reptiloid,0,0,0
2026-09-20 15:51:08.789161,4300.00,reptiloid,0,0,0
2026-09-20 15:49:15.22599,5775.0000,USDT,0,0,76.800000
2026-09-20 15:42:47.879942,7200.00,reptiloid,0,0,0
2026-09-20 15:30:28.649409,0.00,BALANCE,0,0,0
2026-09-20 15:28:34.668101,4300.00,reptiloid,0,0,0
2026-09-20 15:27:08.078673,7200.00,reptiloid,0,0,0
2026-09-20 15:26:33.465583,4300.00,reptiloid,0,0,0
2026-09-20 14:54:51.477748,7200.00,BALANCE,0,0,0
2026-09-20 14:46:54.296695,7200.00,reptiloid,0,0,0
2026-09-20 14:41:44.368794,4300.00,card,0,0,0
2026-09-20 14:34:51.595483,1300.00,BALANCE,0,0,0
2026-09-20 14:29:31.137189,4300.00,reptiloid,0,0,0
2026-09-20 14:22:51.636309,4300.00,reptiloid,0,0,0
2026-09-20 14:21:22.956756,4300.00,reptiloid,0,0,0
2026-09-20 14:01:06.047513,4300.00,reptiloid,0,0,0
2026-09-20 13:54:56.149612,4300.00,BALANCE,0,0,0
2026-09-20 13:54:40.791359,4300.00,reptiloid,0,0,0
2026-09-20 13:44:45.948645,4300.00,card,0,0,0
2026-09-20 13:34:28.654445,7200.00,reptiloid,0,0,0
2026-09-20 13:30:08.891778,7200.00,reptiloid,0,0,0
2026-09-20 13:29:16.430621,7200.00,merchant001,0,0,0
2026-09-20 13:11:47.169841,4300.00,reptiloid,0,0,0
2026-09-20 12:46:50.556495,4300.00,reptiloid,0,0,0
2026-09-20 12:42:19.191388,4300.00,reptiloid,0,0,0
2026-09-20 12:40:29.914867,7200.00,reptiloid,0,0,0
2026-09-20 12:38:42.641918,7200.00,BALANCE,0,0,0
2026-09-20 12:32:41.77095,7200.00,reptiloid,0,0,0
2026-09-20 12:29:05.408715,4300.00,card,0,0,0
2026-09-20 12:27:29.771914,4250.00,BALANCE,0,0,0
2026-09-20 11:57:57.222207,4300.00,card,0,0,0
2026-09-20 11:55:02.455192,4300.00,reptiloid,0,0,0
2026-09-20 11:52:47.03083,7200.00,BALANCE,0,0,0
2026-09-20 11:30:28.998982,7200.00,reptiloid,0,0,0
2026-09-20 11:27:19.77523,4300.00,reptiloid,0,0,0
2026-09-20 10:43:47.503097,4300.00,reptiloid,0,0,0
2026-09-20 10:05:51.724811,4300.00,reptiloid,0,0,0
2026-09-20 09:51:04.780326,4300.00,BALANCE,0,0,0
2026-09-20 09:21:24.139667,4300.00,reptiloid,0,0,0
2026-09-20 09:04:35.776044,4300.00,reptiloid,0,0,0
2026-09-20 08:24:22.79056,1300.00,BALANCE,0,0,0
2026-09-20 08:05:02.397593,1250.00,BALANCE,0,0,0
2026-09-20 07:11:48.679669,7200.00,reptiloid,0,0,0
2026-09-20 06:32:22.338376,4300.00,reptiloid,0,0,0
2026-09-20 05:05:23.740786,4300.00,reptiloid,0,0,0
2026-09-20 05:02:43.08279,4300.00,reptiloid,0,0,0
2026-09-20 04:55:04.918253,0.00,BALANCE,0,0,0
2026-09-20 04:51:39.879086,7200.00,reptiloid,0,0,0
2026-09-20 04:40:24.335555,7200.00,reptiloid,0,0,0
2026-09-20 03:53:12.827082,4300.00,merchant001,0,0,0
2026-09-20 03:52:58.454933,7200.00,card,0,0,0
2026-09-20 03:47:04.607087,4300.00,reptiloid,0,0,0
2026-09-20 03:00:48.035108,3200.00,BALANCE,0,0,0
2026-09-20 02:58:38.714371,7200.00,reptiloid,0,0,0
2026-09-20 02:53:09.819411,7200.00,reptiloid,0,0,0
2026-09-20 02:40:13.356266,4300.00,reptiloid,0,0,0
2026-09-20 02:19:43.848599,4300.00,reptiloid,0,0,0
2026-09-20 01:53:47.234354,7200.00,card,0,0,0
2026-09-20 01:11:48.252061,7700.00,BALANCE,0,0,0
2026-09-20 00:37:06.385349,7700.00,BALANCE,0,0,0
2026-09-20 00:26:31.779083,7200.00,reptiloid,0,0,0
2026-09-20 00:21:08.018418,7200.00,BALANCE,0,0,0
2026-09-20 00:08:03.750836,7700.00,reptiloid,0,0,0
2026-09-20 00:05:29.244938,4300.00,card,0,0,0
2026-09-19 23:58:24.073993,3200.00,BALANCE,0,0,0
2026-09-19 23:58:09.222219,7200.00,reptiloid,0,0,0
2026-09-19 23:29:03.12469,7200.00,reptiloid,0,0,0
2026-09-19 23:20:26.156186,7200.00,reptiloid,0,0,0
2026-09-19 23:04:49.577875,7200.00,BALANCE,0,0,0
2026-09-19 22:51:39.278035,4300.00,merchant001,0,0,0
2026-09-19 22:45:56.961405,4300.00,reptiloid,0,0,0
2026-09-19 22:42:49.076715,7200.00,reptiloid,0,0,0
2026-09-19 22:35:41.724338,7200.00,reptiloid,0,0,0
2026-09-19 22:28:57.30713,7200.00,merchant001,0,0,0
2026-09-19 22:14:10.240015,4300.00,reptiloid,0,0,0
2026-09-19 22:10:32.661273,2300.00,BALANCE,0,0,0
2026-09-19 21:29:56.055344,4300.00,reptiloid,0,0,0
2026-09-19 21:20:57.971784,7700.00,card,0,0,0
2026-09-19 21:05:30.042759,4300.00,merchant001,0,0,0
2026-09-19 21:05:00.233717,1300.00,BALANCE,0,0,0
2026-09-19 20:56:35.249463,10500.00,merchant001,0,0,0
2026-09-19 20:56:07.139268,4300.00,reptiloid,0,0,0
2026-09-19 20:51:57.367777,4300.00,BALANCE,0,0,0
2026-09-19 20:29:42.833992,1300.00,BALANCE,0,0,0
2026-09-19 20:21:33.964841,7500.00,BALANCE,0,0,0
2026-09-19 20:17:38.898655,4300.00,reptiloid,0,0,0
2026-09-19 19:57:45.496725,3800.00,BALANCE,0,0,0
2026-09-19 19:53:25.44717,4300.00,merchant001,0,0,0
2026-09-19 19:50:55.012061,4300.00,reptiloid,0,0,0
2026-09-19 19:45:06.841613,0.00,BALANCE,0,0,0
2026-09-19 19:34:12.855039,0.00,BALANCE,0,0,0
2026-09-19 19:29:41.435599,4300.00,reptiloid,0,0,0
2026-09-19 19:24:56.979157,4300.00,reptiloid,0,0,0
2026-09-19 19:11:41.659615,10500.00,reptiloid,0,0,0
2026-09-19 19:06:23.313353,4300.00,reptiloid,0,0,0
2026-09-19 19:02:10.021902,4300.00,reptiloid,0,0,0
2026-09-19 18:52:47.849013,10500.00,reptiloid,0,0,0
2026-09-19 18:39:59.9246,1300.00,BALANCE,0,0,0
2026-09-19 18:33:40.600325,1800.00,BALANCE,0,0,0
2026-09-19 18:32:08.431949,4300.00,reptiloid,0,0,0
2026-09-19 18:24:05.200263,4300.00,reptiloid,0,0,0
2026-09-19 18:21:11.984764,7200.00,reptiloid,0,0,0
2026-09-19 18:21:04.845883,4300.00,reptiloid,0,0,0
2026-09-19 18:18:41.525504,4300.00,card,0,0,0
2026-09-19 18:13:42.601404,3225.0000,USDT,0,0,42.888000
2026-09-19 17:58:21.296578,4300.00,card,0,0,0
2026-09-19 17:55:51.927096,4300.00,reptiloid,0,0,0
2026-09-19 17:47:48.467828,7200.00,reptiloid,0,0,0
2026-09-19 17:36:08.374395,4300.00,reptiloid,0,0,0
2026-09-19 17:03:18.678028,4300.00,BALANCE,0,0,0
2026-09-19 17:02:08.500894,4300.00,reptiloid,0,0,0
2026-09-19 16:49:28.731543,4300.00,transa,0,0,0
2026-09-19 16:43:17.345654,1300.00,BALANCE,0,0,0
2026-09-19 16:18:49.26577,10500.00,BALANCE,0,0,0
2026-09-19 16:14:11.126408,4300.00,reptiloid,0,0,0
2026-09-19 16:07:09.164204,4300.00,BALANCE,0,0,0
2026-09-19 16:03:47.80342,4300.00,reptiloid,0,0,0
2026-09-19 16:00:26.160529,4300.00,reptiloid,0,0,0
2026-09-19 15:49:34.525968,4300.00,card,0,0,0
2026-09-19 15:41:55.64927,7200.00,reptiloid,0,0,0
2026-09-19 15:41:19.029784,3300.00,BALANCE,0,0,0
2026-09-19 15:32:51.346967,7200.00,reptiloid,0,0,0
2026-09-19 15:23:24.924792,3300.00,reptiloid,0,0,0
2026-09-19 15:13:27.053205,4300.00,reptiloid,0,0,0
2026-09-19 15:12:10.439766,4300.00,reptiloid,0,0,0
2026-09-19 15:10:26.191524,4300.00,reptiloid,0,0,0
2026-09-19 14:53:36.24245,7200.00,reptiloid,0,0,0
2026-09-19 14:52:59.77574,4300.00,reptiloid,0,0,0
2026-09-19 14:36:01.638931,7200.00,reptiloid,0,0,0
2026-09-19 14:31:45.882438,1300.00,BALANCE,0,0,0
2026-09-19 14:30:55.749698,2100.00,BALANCE,0,0,0
2026-09-19 14:25:00.767512,10500.00,reptiloid,0,0,0
2026-09-19 14:15:21.424767,7200.00,reptiloid,0,0,0
2026-09-19 14:04:07.973926,7200.00,reptiloid,0,0,0
2026-09-19 13:55:58.514742,2100.00,reptiloid,0,0,0
2026-09-19 13:51:25.910159,3225.0000,USDT,0,0,42.888000
2026-09-19 13:43:19.965029,7200.00,BALANCE,0,0,0
2026-09-19 13:39:55.411868,4300.00,reptiloid,0,0,0
2026-09-19 13:33:42.280593,4300.00,card,0,0,0
2026-09-19 13:29:17.658833,2800.00,BALANCE,0,0,0
2026-09-19 13:28:08.767336,7200.00,reptiloid,0,0,0
2026-09-19 13:26:56.0617,4300.00,reptiloid,0,0,0
2026-09-19 13:26:08.301721,2100.00,card,0,0,0
2026-09-19 13:11:27.995842,0.00,BALANCE,0,0,0
2026-09-19 12:59:03.032166,4300.00,reptiloid,0,0,0
2026-09-19 12:52:07.463137,4300.00,card,0,0,0
2026-09-19 12:50:01.914074,2100.00,BALANCE,0,0,0
2026-09-19 12:49:43.436056,1300.00,BALANCE,0,0,0
2026-09-19 12:31:00.322578,7200.00,reptiloid,0,0,0
2026-09-19 12:25:51.863359,4300.00,reptiloid,0,0,0
2026-09-19 12:23:40.755032,1300.00,BALANCE,0,0,0
2026-09-19 12:14:52.731985,4300.00,reptiloid,0,0,0
2026-09-19 12:13:26.56104,4300.00,reptiloid,0,0,0
2026-09-19 12:13:07.728153,4300.00,reptiloid,0,0,0
2026-09-19 12:10:35.963375,4300.00,reptiloid,0,0,0
2026-09-19 12:02:55.898299,7200.00,reptiloid,0,0,0
2026-09-19 11:55:59.82979,7200.00,card,0,0,0
2026-09-19 11:49:33.202476,4300.00,merchant001,0,0,0
2026-09-19 11:39:07.077696,4300.00,reptiloid,0,0,0
2026-09-19 11:34:10.51787,4300.00,BALANCE,0,0,0
2026-09-19 11:31:17.989891,4300.00,card,0,0,0
2026-09-19 11:28:19.431364,4300.00,card,0,0,0
2026-09-19 11:08:14.794384,10500.00,reptiloid,0,0,0
2026-09-19 10:04:55.537551,7200.00,BALANCE,0,0,0
2026-09-19 08:49:02.731643,7200.00,reptiloid,0,0,0
2026-09-19 07:07:45.932773,7200.00,reptiloid,0,0,0
2026-09-19 04:50:14.283472,5400.0000,USDT,0,0,71.813000
2026-09-19 04:20:06.851468,3300.00,reptiloid,0,0,0
2026-09-19 04:11:11.678375,0.00,BALANCE,0,0,0
2026-09-19 02:51:16.330016,7200.00,reptiloid,0,0,0
2026-09-19 02:49:12.651108,7200.00,reptiloid,0,0,0
2026-09-19 02:30:00.699443,7200.00,reptiloid,0,0,0
2026-09-19 01:31:00.265948,7200.00,reptiloid,0,0,0
2026-09-19 00:40:24.752441,7700.00,merchant001,0,0,0
2026-09-19 00:04:34.72454,7200.00,reptiloid,0,0,0
2026-09-18 23:45:23.059872,10500.00,reptiloid,0,0,0
2026-09-18 23:19:29.740764,3200.00,reptiloid,0,0,0
2026-09-18 23:10:55.618746,3300.00,reptiloid,0,0,0
2026-09-18 22:47:04.734804,7200.00,reptiloid,0,0,0
2026-09-18 22:36:01.663792,6400.00,BALANCE,0,0,0
2026-09-18 22:30:55.888344,7200.00,reptiloid,0,0,0
2026-09-18 22:27:36.508732,1200.00,BALANCE,0,0,0
2026-09-18 22:18:35.69903,2000.00,reptiloid,0,0,0
2026-09-18 21:58:24.838352,2000.00,reptiloid,0,0,0
2026-09-18 21:39:49.309198,5400.0000,USDT,0,0,71.813000
2026-09-18 21:39:40.804692,3300.00,reptiloid,0,0,0
2026-09-18 21:34:28.196377,7200.00,reptiloid,0,0,0
2026-09-18 21:32:52.918562,7200.00,reptiloid,0,0,0
2026-09-18 21:05:33.704838,7200.00,reptiloid,0,0,0
2026-09-18 20:53:19.125841,4200.00,BALANCE,0,0,0
2026-09-18 20:39:10.934484,7200.00,reptiloid,0,0,0
2026-09-18 20:30:10.912365,7200.00,card,0,0,0
2026-09-18 20:16:55.329865,7200.00,reptiloid,0,0,0
2026-09-18 19:59:57.472788,7200.00,transa,0,0,0
2026-09-18 19:59:43.323427,4200.00,BALANCE,0,0,0
2026-09-18 19:50:46.335781,7200.00,card,0,0,0
2026-09-18 19:42:55.9922,4300.00,BALANCE,0,0,0
2026-09-18 19:32:29.637752,4300.00,reptiloid,0,0,0
2026-09-18 19:29:31.052237,10500.00,merchant001,0,0,0
2026-09-18 18:52:32.565991,7200.00,reptiloid,0,0,0
2026-09-18 18:31:49.203685,7200.00,card,0,0,0
2026-09-18 18:18:32.261041,4300.00,card,0,0,0
2026-09-18 18:12:28.000854,2000.00,card,0,0,0
2026-09-18 18:11:19.817562,7200.00,reptiloid,0,0,0
2026-09-18 18:10:52.230478,4300.00,reptiloid,0,0,0
2026-09-18 18:07:35.634155,4300.00,card,0,0,0
2026-09-18 18:03:47.780822,3300.00,transa,0,0,0
2026-09-18 17:58:57.623605,4300.00,BALANCE,0,0,0
2026-09-18 17:42:55.744339,2000.00,card,0,0,0
2026-09-18 17:39:59.293675,7200.00,reptiloid,0,0,0
2026-09-18 17:37:34.70716,7200.00,reptiloid,0,0,0
2026-09-18 17:31:47.796557,4300.00,reptiloid,0,0,0
2026-09-18 17:25:21.56398,4300.00,reptiloid,0,0,0
2026-09-18 17:25:05.513624,2000.00,card,0,0,0
2026-09-18 17:14:52.403774,7200.00,reptiloid,0,0,0
2026-09-18 17:14:08.593599,4300.00,reptiloid,0,0,0
2026-09-18 16:43:05.290194,1300.00,BALANCE,0,0,0
2026-09-18 16:17:55.801375,7200.00,reptiloid,0,0,0
2026-09-18 16:13:58.586751,7200.00,reptiloid,0,0,0
2026-09-18 16:09:21.305882,3200.00,reptiloid,0,0,0
2026-09-18 16:07:25.445575,7200.00,reptiloid,0,0,0
2026-09-18 16:02:25.350637,0.00,BALANCE,0,0,0
2026-09-18 15:55:04.714015,7200.00,reptiloid,0,0,0
2026-09-18 15:50:58.001572,7200.00,reptiloid,0,0,0
2026-09-18 15:46:39.773348,7200.00,reptiloid,0,0,0
2026-09-18 15:04:35.944975,3100.00,BALANCE,0,0,0
2026-09-18 14:56:21.863467,7200.00,reptiloid,0,0,0
2026-09-18 14:49:06.753458,2100.00,card,0,0,0
2026-09-18 14:28:14.65,7200.00,reptiloid,0,0,0
2026-09-18 14:16:42.739905,4300.00,reptiloid,0,0,0
2026-09-18 14:12:57.822057,4200.00,BALANCE,0,0,0
2026-09-18 14:10:17.518632,7200.00,reptiloid,0,0,0
2026-09-18 14:01:28.107728,3300.00,reptiloid,0,0,0
2026-09-18 14:01:10.045994,3200.00,BALANCE,0,0,0
2026-09-18 13:40:43.398521,3300.00,reptiloid,0,0,0
2026-09-18 13:35:51.696167,4300.00,card,0,0,0
2026-09-18 13:29:18.874782,0.00,BALANCE,0,0,0
2026-09-18 13:29:02.909528,4200.00,BALANCE,0,0,0
2026-09-18 13:28:42.300066,3200.00,card,0,0,0
2026-09-18 13:21:54.854111,4300.00,card,0,0,0
2026-09-18 13:18:18.959183,4300.00,BALANCE,0,0,0
2026-09-18 13:11:03.819705,4300.00,reptiloid,0,0,0
2026-09-18 13:01:29.381845,7200.00,BALANCE,0,0,0
2026-09-18 13:01:02.574561,7200.00,transa,0,0,0
2026-09-18 12:59:16.364743,3100.00,BALANCE,0,0,0
2026-09-18 12:53:39.019455,4200.00,BALANCE,0,0,0
2026-09-18 12:46:11.750132,7200.00,reptiloid,0,0,0
2026-09-18 12:44:44.080925,1850.00,BALANCE,0,0,0
2026-09-18 12:40:08.199526,0.00,BALANCE,0,0,0
2026-09-18 12:38:40.14895,4300.00,reptiloid,0,0,0
2026-09-18 12:21:39.411383,7200.00,reptiloid,0,0,0
2026-09-18 11:30:16.192493,3300.00,transa,0,0,0
2026-09-18 11:13:08.194924,2800.00,BALANCE,0,0,0
2026-09-18 11:12:26.32044,4300.00,reptiloid,0,0,0
2026-09-18 11:01:58.809577,2100.00,transa,0,0,0
2026-09-18 10:53:23.550469,3225.0000,USDT,0,0,42.888000
2026-09-18 10:11:08.386131,7200.00,card,0,0,0
2026-09-18 09:41:46.671882,7200.00,reptiloid,0,0,0
2026-09-18 08:57:40.791836,4300.00,card,0,0,0
2026-09-18 08:54:31.871539,3225.0000,USDT,0,0,42.888000
2026-09-18 08:23:36.405144,4300.00,reptiloid,0,0,0
2026-09-18 07:00:21.572871,2000.00,card,0,0,0
2026-09-18 06:52:03.518359,7200.00,BALANCE,0,0,0
2026-09-18 06:14:02.267988,4300.00,reptiloid,0,0,0
2026-09-18 06:11:21.646494,4300.00,reptiloid,0,0,0
2026-09-18 05:35:09.547546,4300.00,card,0,0,0
2026-09-18 05:34:00.701855,4300.00,card,0,0,0
2026-09-18 05:06:24.776115,7200.00,reptiloid,0,0,0
2026-09-18 05:04:52.418533,4300.00,card,0,0,0
2026-09-18 04:48:55.336153,4300.00,reptiloid,0,0,0
2026-09-18 04:13:50.639279,4300.00,card,0,0,0
2026-09-18 03:44:16.04252,4300.00,reptiloid,0,0,0
2026-09-18 02:24:27.169058,4300.00,card,0,0,0
2026-09-18 02:21:56.190002,4300.00,card,0,0,0
2026-09-18 02:21:18.839001,7200.00,reptiloid,0,0,0
2026-09-18 00:39:58.310376,4300.00,reptiloid,0,0,0
2026-09-18 00:38:48.841515,7200.00,reptiloid,0,0,0
2026-09-18 00:31:14.062023,7700.00,card,0,0,0
2026-09-18 00:25:34.694909,3300.00,reptiloid,0,0,0
2026-09-17 23:50:42.524451,3000.00,reptiloid,0,0,0
2026-09-17 23:35:56.791658,4300.00,reptiloid,0,0,0
2026-09-17 23:34:05.727036,4300.00,reptiloid,0,0,0
2026-09-17 23:08:49.872331,7200.00,reptiloid,0,0,0
2026-09-17 22:48:31.647342,4300.00,card,0,0,0
2026-09-17 22:34:41.85578,2300.00,BALANCE,0,0,0
2026-09-17 22:19:19.867836,7200.00,transa,0,0,0
2026-09-17 22:18:38.037633,50.00,BALANCE,0,0,0
2026-09-17 22:04:55.261273,7200.00,reptiloid,0,0,0
2026-09-17 21:56:18.899984,7200.00,reptiloid,0,0,0
2026-09-17 21:33:09.787163,3200.00,card,0,0,0
2026-09-17 21:29:18.208631,7200.00,reptiloid,0,0,0
2026-09-17 21:28:12.646245,3200.00,card,0,0,0
2026-09-17 21:26:10.050175,7200.00,card,0,0,0
2026-09-17 21:01:40.930121,4300.00,card,0,0,0
2026-09-17 20:58:48.30308,3300.00,reptiloid,0,0,0
2026-09-17 20:55:35.681189,7200.00,BALANCE,0,0,0
2026-09-17 20:55:30.646971,2100.00,transa,0,0,0
2026-09-17 20:50:21.408971,2000.00,BALANCE,0,0,0
2026-09-17 20:31:52.16274,7200.00,reptiloid,0,0,0
2026-09-17 20:21:29.083007,7200.00,reptiloid,0,0,0
2026-09-17 20:18:10.256335,4300.00,BALANCE,0,0,0
2026-09-17 19:51:10.593884,3000.00,reptiloid,0,0,0
2026-09-17 19:50:16.633865,7700.00,reptiloid,0,0,0
2026-09-17 19:35:14.363205,4300.00,reptiloid,0,0,0
2026-09-17 19:28:23.445598,4300.00,reptiloid,0,0,0
2026-09-17 19:23:18.536178,4300.00,BALANCE,0,0,0
2026-09-17 19:11:31.629754,3000.00,reptiloid,0,0,0
2026-09-17 19:11:03.759105,7200.00,BALANCE,0,0,0
2026-09-17 19:07:38.558216,7200.00,reptiloid,0,0,0
2026-09-17 19:01:07.739542,7200.00,merchant001,0,0,0
2026-09-17 18:39:51.915242,2000.00,reptiloid,0,0,0
2026-09-17 18:38:45.810619,7200.00,BALANCE,0,0,0
2026-09-17 18:32:00.237904,3000.00,BALANCE,0,0,0
2026-09-17 18:27:39.14302,3000.00,reptiloid,0,0,0
2026-09-17 18:25:18.599397,7200.00,reptiloid,0,0,0
2026-09-17 18:21:53.190451,3200.00,reptiloid,0,0,0
2026-09-17 18:19:37.217381,4300.00,reptiloid,0,0,0
2026-09-17 18:19:13.965202,3000.00,reptiloid,0,0,0
2026-09-17 18:18:27.589917,2250.0000,USDT,0,0,29.922000
2026-09-17 18:11:33.269308,4300.00,reptiloid,0,0,0
2026-09-17 18:02:40.323598,3000.00,reptiloid,0,0,0
2026-09-17 17:57:44.310459,4300.00,BALANCE,0,0,0
2026-09-17 17:53:32.724395,7200.00,merchant001,0,0,0
2026-09-17 17:51:51.723458,1200.00,BALANCE,0,0,0
2026-09-17 17:49:57.679033,3000.00,reptiloid,0,0,0
2026-09-17 17:46:25.81204,7200.00,reptiloid,0,0,0
2026-09-17 17:41:37.015054,4200.00,BALANCE,0,0,0
2026-09-17 17:41:00.874002,0.00,BALANCE,0,0,0
2026-09-17 17:30:10.034974,7200.00,reptiloid,0,0,0
2026-09-17 17:16:10.373115,7700.00,reptiloid,0,0,0
2026-09-17 17:02:58.382811,7200.00,reptiloid,0,0,0
2026-09-17 16:53:40.902625,7200.00,reptiloid,0,0,0
2026-09-17 16:38:41.877879,3225.0000,USDT,0,0,42.888000
2026-09-17 16:36:31.147982,7200.00,reptiloid,0,0,0
2026-09-17 16:28:47.272461,3300.00,reptiloid,0,0,0
2026-09-17 16:26:11.469833,3200.00,BALANCE,0,0,0
2026-09-17 16:25:07.099475,4300.00,reptiloid,0,0,0
2026-09-17 16:11:00.775785,4300.00,reptiloid,0,0,0
2026-09-17 16:04:55.992339,7200.00,reptiloid,0,0,0
2026-09-17 15:59:11.019648,7200.00,reptiloid,0,0,0
2026-09-17 15:46:45.81938,4300.00,reptiloid,0,0,0
2026-09-17 15:46:09.597249,7200.00,reptiloid,0,0,0
2026-09-17 15:44:56.178088,7200.00,reptiloid,0,0,0
2026-09-17 15:39:52.533316,4300.00,reptiloid,0,0,0
2026-09-17 15:38:24.991732,7200.00,reptiloid,0,0,0
2026-09-17 15:37:32.287371,7200.00,transa,0,0,0
2026-09-17 15:35:33.563618,7200.00,reptiloid,0,0,0
2026-09-17 15:28:55.686618,2000.00,card,0,0,0
2026-09-17 15:26:53.076849,4300.00,reptiloid,0,0,0
2026-09-17 15:21:43.824505,7200.00,reptiloid,0,0,0
2026-09-17 15:19:50.737373,1300.00,BALANCE,0,0,0
2026-09-17 15:18:29.949842,4300.00,card,0,0,0
2026-09-17 15:14:29.542372,4300.00,reptiloid,0,0,0
2026-09-17 15:12:12.052122,7200.00,merchant001,0,0,0
2026-09-17 15:05:05.122171,7200.00,reptiloid,0,0,0
2026-09-17 15:02:42.17982,3200.00,BALANCE,0,0,0
2026-09-17 15:01:10.326958,4200.00,BALANCE,0,0,0
2026-09-17 14:52:52.801956,10500.00,BALANCE,0,0,0
2026-09-17 14:50:43.25109,4300.00,card,0,0,0
2026-09-17 14:44:15.358901,4300.00,reptiloid,0,0,0
2026-09-17 14:40:44.165877,4300.00,card,0,0,0
2026-09-17 14:36:33.006191,4300.00,reptiloid,0,0,0
2026-09-17 14:25:09.848567,3200.00,BALANCE,0,0,0
2026-09-17 14:16:12.010033,1200.00,BALANCE,0,0,0
2026-09-17 14:02:15.505139,1300.00,BALANCE,0,0,0
2026-09-17 13:49:49.363923,4300.00,card,0,0,0
2026-09-17 13:48:31.783812,4300.00,reptiloid,0,0,0
2026-09-17 13:48:03.292498,7200.00,card,0,0,0
2026-09-17 13:42:30.148646,4300.00,merchant001,0,0,0
2026-09-17 13:40:39.228517,7200.00,reptiloid,0,0,0
2026-09-17 13:39:10.991985,3200.00,BALANCE,0,0,0
2026-09-17 13:37:45.666802,7200.00,reptiloid,0,0,0
2026-09-17 13:33:22.297942,4300.00,reptiloid,0,0,0
2026-09-17 13:28:21.486725,4300.00,reptiloid,0,0,0
2026-09-17 13:22:22.997087,4300.00,reptiloid,0,0,0
2026-09-17 13:20:35.593858,4300.00,reptiloid,0,0,0
2026-09-17 13:07:08.379206,4300.00,BALANCE,0,0,0
2026-09-17 12:57:04.781,7200.00,reptiloid,0,0,0
2026-09-17 12:43:13.827563,1300.00,BALANCE,0,0,0
2026-09-17 12:33:30.14192,4300.00,card,0,0,0
2026-09-17 12:21:24.080748,0.00,BALANCE,0,0,0
2026-09-17 12:00:04.123835,7200.00,reptiloid,0,0,0
2026-09-17 11:55:04.492347,3225.0000,USDT,0,0,42.888000
2026-09-17 10:55:53.538433,4300.00,reptiloid,0,0,0
2026-09-17 10:27:17.275674,7200.00,reptiloid,0,0,0
2026-09-17 10:24:08.087123,7200.00,reptiloid,0,0,0
2026-09-17 10:22:37.518118,4300.00,reptiloid,0,0,0
2026-09-17 10:16:33.495949,3225.0000,USDT,0,0,42.888000
2026-09-17 09:59:54.880123,2100.00,reptiloid,0,0,0
2026-09-17 09:34:37.771033,7200.00,card,0,0,0
2026-09-17 09:28:09.886139,7200.00,reptiloid,0,0,0
2026-09-17 09:00:11.59133,4300.00,reptiloid,0,0,0
2026-09-17 08:41:59.676553,3200.00,BALANCE,0,0,0
2026-09-17 08:40:41.688683,3200.00,BALANCE,0,0,0
2026-09-17 08:39:22.936643,3200.00,BALANCE,0,0,0
2026-09-17 08:11:48.761182,4300.00,reptiloid,0,0,0
2026-09-17 07:15:59.137237,10500.00,reptiloid,0,0,0
2026-09-17 05:04:27.040258,7200.00,reptiloid,0,0,0
2026-09-17 03:48:09.956732,10500.00,BALANCE,0,0,0
2026-09-17 02:53:28.305415,3300.00,reptiloid,0,0,0
2026-09-17 02:18:25.712099,4200.00,BALANCE,0,0,0
2026-09-17 02:06:54.083916,4300.00,BALANCE,0,0,0
2026-09-17 00:23:48.088971,7200.00,BALANCE,0,0,0
2026-09-17 00:10:28.504191,7200.00,merchant001,0,0,0
2026-09-16 23:40:12.483197,4300.00,merchant001,0,0,0
2026-09-16 23:20:09.359563,3300.00,reptiloid,0,0,0
2026-09-16 23:17:12.114121,7700.00,card,0,0,0
2026-09-16 22:53:01.932668,2000.00,card,0,0,0
2026-09-16 22:40:51.442426,4300.00,reptiloid,0,0,0
2026-09-16 22:33:16.724585,3200.00,card,0,0,0
2026-09-16 22:03:06.953071,4200.00,BALANCE,0,0,0
2026-09-16 21:59:39.521337,7200.00,reptiloid,0,0,0
2026-09-16 21:33:31.897176,7200.00,reptiloid,0,0,0
2026-09-16 21:31:55.566916,3200.00,merchant001,0,0,0
2026-09-16 21:31:01.222169,3200.00,reptiloid,0,0,0
2026-09-16 21:20:27.945588,10500.00,BALANCE,0,0,0
2026-09-16 20:54:14.174281,7200.00,reptiloid,0,0,0
2026-09-16 20:37:36.604501,7200.00,reptiloid,0,0,0
2026-09-16 20:24:40.55794,4300.00,BALANCE,0,0,0
2026-09-16 20:23:26.492951,4300.00,reptiloid,0,0,0
2026-09-16 20:17:57.413032,10500.00,reptiloid,0,0,0
2026-09-16 20:17:42.948078,4300.00,reptiloid,0,0,0
2026-09-16 20:16:49.080816,7200.00,reptiloid,0,0,0
2026-09-16 20:04:42.369088,7200.00,reptiloid,0,0,0
2026-09-16 20:03:03.463179,7200.00,reptiloid,0,0,0
2026-09-16 20:02:19.234915,7200.00,reptiloid,0,0,0
2026-09-16 19:45:11.631262,4300.00,card,0,0,0
2026-09-16 19:38:51.339783,7200.00,merchant001,0,0,0
2026-09-16 19:26:21.929769,3000.00,reptiloid,0,0,0
2026-09-16 19:25:06.09166,4300.00,reptiloid,0,0,0
2026-09-16 19:16:55.833424,2100.00,reptiloid,0,0,0
2026-09-16 19:11:26.132479,2100.00,merchant001,0,0,0
2026-09-16 19:08:52.318399,3300.00,card,0,0,0
2026-09-16 19:00:56.628405,3200.00,BALANCE,0,0,0
2026-09-16 18:59:01.163189,7200.00,reptiloid,0,0,0
2026-09-16 18:52:48.95733,4300.00,reptiloid,0,0,0
2026-09-16 18:47:09.591618,4300.00,reptiloid,0,0,0
2026-09-16 18:30:37.927309,4300.00,reptiloid,0,0,0
2026-09-16 18:29:18.83527,4300.00,BALANCE,0,0,0
2026-09-16 18:26:12.038546,4300.00,reptiloid,0,0,0
2026-09-16 18:21:08.182414,2000.00,card,0,0,0
2026-09-16 18:18:21.549105,0.00,BALANCE,0,0,0
2026-09-16 18:09:13.825248,10500.00,reptiloid,0,0,0
2026-09-16 17:22:49.431922,5050.00,BALANCE,0,0,0
2026-09-16 17:18:27.361064,10500.00,reptiloid,0,0,0
2026-09-16 17:14:17.845646,4300.00,reptiloid,0,0,0
2026-09-16 16:59:46.979741,3200.00,reptiloid,0,0,0
2026-09-16 16:47:26.638163,3000.00,reptiloid,0,0,0
2026-09-16 16:20:54.178237,3300.00,reptiloid,0,0,0
2026-09-16 16:11:47.451352,0.00,BALANCE,0,0,0
2026-09-16 16:07:17.494359,600.00,BALANCE,0,0,0
2026-09-16 16:06:34.124407,4300.00,reptiloid,0,0,0
2026-09-16 16:04:35.881017,3200.00,merchant001,0,0,0
2026-09-16 16:02:14.057886,4200.00,BALANCE,0,0,0
2026-09-16 15:48:46.343819,3300.00,reptiloid,0,0,0
2026-09-16 15:47:56.014203,4300.00,reptiloid,0,0,0
2026-09-16 15:47:51.935585,3200.00,BALANCE,0,0,0
2026-09-16 15:47:19.277426,7200.00,merchant001,0,0,0
2026-09-16 15:34:37.567342,1300.00,BALANCE,0,0,0
2026-09-16 15:31:41.957698,7200.00,reptiloid,0,0,0
2026-09-16 15:22:38.70789,4300.00,BALANCE,0,0,0
2026-09-16 15:18:08.308043,4300.00,reptiloid,0,0,0
2026-09-16 15:03:01.87019,7200.00,reptiloid,0,0,0
2026-09-16 15:02:46.435944,4300.00,reptiloid,0,0,0
2026-09-16 14:57:27.497653,0.00,BALANCE,0,0,0
2026-09-16 14:30:00.233694,4300.00,reptiloid,0,0,0
2026-09-16 14:21:53.471268,7200.00,reptiloid,0,0,0
2026-09-16 14:14:25.557872,4300.00,reptiloid,0,0,0
2026-09-16 13:57:21.812185,7500.00,BALANCE,0,0,0
2026-09-16 13:56:41.899433,4300.00,reptiloid,0,0,0
2026-09-16 13:55:33.022769,4300.00,reptiloid,0,0,0
2026-09-16 13:51:03.099445,4300.00,reptiloid,0,0,0
2026-09-16 13:50:38.847537,4300.00,BALANCE,0,0,0
2026-09-16 13:41:07.841851,6200.00,BALANCE,0,0,0
2026-09-16 13:38:18.895972,4300.00,reptiloid,0,0,0
2026-09-16 13:28:34.536123,4300.00,reptiloid,0,0,0
2026-09-16 13:25:17.24374,2100.00,reptiloid,0,0,0
2026-09-16 13:20:45.262522,7200.00,reptiloid,0,0,0
2026-09-16 13:01:12.600435,3000.00,BALANCE,0,0,0
2026-09-16 12:48:36.029023,3300.00,reptiloid,0,0,0
2026-09-16 12:31:46.324772,3300.00,BALANCE,0,0,0
2026-09-16 12:04:18.707617,7200.00,merchant001,0,0,0
2026-09-16 12:03:55.775472,4300.00,card,0,0,0
2026-09-16 11:54:16.351755,7200.00,reptiloid,0,0,0
2026-09-16 11:38:32.284989,7200.00,reptiloid,0,0,0
2026-09-16 11:01:05.254537,7200.00,reptiloid,0,0,0
2026-09-16 10:55:19.473155,4300.00,reptiloid,0,0,0
2026-09-16 10:47:37.496452,3300.00,reptiloid,0,0,0
2026-09-16 10:45:11.109807,7200.00,reptiloid,0,0,0
2026-09-16 10:26:18.854686,7200.00,card,0,0,0
2026-09-16 10:08:57.493664,10500.00,reptiloid,0,0,0
2026-09-16 09:36:18.442537,4300.00,card,0,0,0
2026-09-16 09:33:58.818347,4300.00,reptiloid,0,0,0
2026-09-16 09:16:59.45213,4300.00,card,0,0,0
2026-09-16 09:02:26.900857,2000.00,card,0,0,0
2026-09-16 08:36:21.463379,7200.00,reptiloid,0,0,0
2026-09-16 08:29:16.82654,4300.00,reptiloid,0,0,0
2026-09-16 08:00:38.28421,3200.00,merchant001,0,0,0
2026-09-16 07:58:03.648038,2000.00,card,0,0,0
2026-09-16 07:19:00.467684,1300.00,BALANCE,0,0,0
2026-09-16 07:18:43.761898,7200.00,card,0,0,0
2026-09-16 07:06:51.990553,4300.00,card,0,0,0
2026-09-16 07:00:38.23246,4300.00,reptiloid,0,0,0
2026-09-16 06:56:38.51427,1300.00,BALANCE,0,0,0
2026-09-16 04:54:10.892654,0.00,BALANCE,0,0,0
2026-09-16 04:27:47.048894,4300.00,reptiloid,0,0,0
2026-09-16 04:20:19.680728,3200.00,reptiloid,0,0,0
2026-09-16 04:13:20.889715,4300.00,reptiloid,0,0,0
2026-09-16 03:09:55.833591,4300.00,BALANCE,0,0,0
2026-09-16 02:31:22.367313,2100.00,reptiloid,0,0,0
2026-09-16 02:26:59.738719,4300.00,reptiloid,0,0,0
2026-09-16 02:04:11.989323,3200.00,merchant001,0,0,0
2026-09-16 02:01:50.489963,3200.00,reptiloid,0,0,0
2026-09-16 01:05:00.471936,3300.00,reptiloid,0,0,0
2026-09-16 00:21:51.612628,2000.00,card,0,0,0
2026-09-16 00:02:49.738003,4300.00,reptiloid,0,0,0
2026-09-15 23:59:45.832192,3200.00,reptiloid,0,0,0
2026-09-15 23:45:15.617453,4300.00,reptiloid,0,0,0
2026-09-15 23:29:53.349156,2100.00,reptiloid,0,0,0
2026-09-15 23:25:48.82078,4300.00,reptiloid,0,0,0
2026-09-15 23:22:51.004394,4300.00,reptiloid,0,0,0
2026-09-15 22:55:43.969675,4200.00,BALANCE,0,0,0
2026-09-15 22:36:06.022377,4200.00,BALANCE,0,0,0
2026-09-15 22:16:33.313068,3200.00,reptiloid,0,0,0
2026-09-15 22:01:37.80138,7200.00,merchant001,0,0,0
2026-09-15 22:01:16.5096,3225.0000,USDT,0,0,42.888000
2026-09-15 22:00:47.210522,10500.00,reptiloid,0,0,0
2026-09-15 22:00:10.754891,4300.00,reptiloid,0,0,0
2026-09-15 21:48:06.170893,3500.00,reptiloid,0,0,0
2026-09-15 21:47:59.440372,2000.00,card,0,0,0
2026-09-15 21:33:53.629526,2100.00,card,0,0,0
2026-09-15 21:32:40.802162,7200.00,reptiloid,0,0,0
2026-09-15 20:56:58.864809,3200.00,card,0,0,0
2026-09-15 20:53:30.197269,7200.00,reptiloid,0,0,0
2026-09-15 20:44:21.1645,3200.00,card,0,0,0
2026-09-15 20:13:10.215122,3200.00,reptiloid,0,0,0
2026-09-15 20:05:31.063476,10500.00,reptiloid,0,0,0
2026-09-15 19:58:34.454659,10500.00,BALANCE,0,0,0
2026-09-15 19:52:59.389002,3300.00,reptiloid,0,0,0
2026-09-15 19:42:26.578626,7200.00,reptiloid,0,0,0
2026-09-15 19:31:30.83522,4300.00,reptiloid,0,0,0
2026-09-15 19:20:10.416748,4300.00,reptiloid,0,0,0
2026-09-15 19:18:55.506841,10500.00,reptiloid,0,0,0
2026-09-15 19:13:50.739407,3300.00,reptiloid,0,0,0
2026-09-15 19:09:16.180725,7200.00,reptiloid,0,0,0
2026-09-15 19:08:26.005893,3000.00,BALANCE,0,0,0
2026-09-15 18:55:48.669888,4300.00,reptiloid,0,0,0
2026-09-15 18:54:27.359278,1300.00,BALANCE,0,0,0
2026-09-15 18:21:58.658589,7200.00,merchant001,0,0,0
2026-09-15 18:12:30.266934,4200.00,BALANCE,0,0,0
2026-09-15 18:08:19.059723,3300.00,card,0,0,0
2026-09-15 17:49:38.902043,10500.00,reptiloid,0,0,0
2026-09-15 17:47:47.977048,4300.00,reptiloid,0,0,0
2026-09-15 17:28:32.924716,7200.00,reptiloid,0,0,0
2026-09-15 17:24:04.194599,7200.00,reptiloid,0,0,0
2026-09-15 17:23:47.73211,7200.00,reptiloid,0,0,0
2026-09-15 17:09:47.222199,7200.00,reptiloid,0,0,0
2026-09-15 16:39:39.927742,7200.00,reptiloid,0,0,0
2026-09-15 16:36:27.954493,4300.00,card,0,0,0
2026-09-15 16:34:12.182981,4300.00,reptiloid,0,0,0
2026-09-15 16:33:36.236663,7200.00,reptiloid,0,0,0
2026-09-15 16:21:33.508321,3200.00,reptiloid,0,0,0
2026-09-15 16:18:15.79371,4300.00,reptiloid,0,0,0
2026-09-15 15:54:09.204851,7200.00,reptiloid,0,0,0
2026-09-15 15:53:46.232909,3300.00,reptiloid,0,0,0
2026-09-15 15:47:40.134591,3200.00,reptiloid,0,0,0
2026-09-15 15:42:53.940078,4300.00,reptiloid,0,0,0
2026-09-15 15:42:15.517215,4100.00,BALANCE,0,0,0
2026-09-15 15:41:03.501275,4200.00,BALANCE,0,0,0
2026-09-15 15:36:33.302139,7200.00,reptiloid,0,0,0
2026-09-15 15:19:00.390637,7200.00,reptiloid,0,0,0
2026-09-15 15:12:09.903089,4300.00,reptiloid,0,0,0
2026-09-15 15:05:50.360342,7200.00,BALANCE,0,0,0
2026-09-15 15:03:14.125918,7200.00,reptiloid,0,0,0
2026-09-15 14:59:19.486273,2100.00,reptiloid,0,0,0
2026-09-15 14:55:07.847175,4300.00,BALANCE,0,0,0
2026-09-15 14:35:00.757645,4300.00,card,0,0,0
2026-09-15 14:28:39.802203,3300.00,reptiloid,0,0,0
2026-09-15 14:21:40.41432,4300.00,reptiloid,0,0,0
2026-09-15 14:16:54.134143,3200.00,BALANCE,0,0,0
2026-09-15 14:13:14.360717,3200.00,BALANCE,0,0,0
2026-09-15 14:09:23.591527,7200.00,transa,0,0,0
2026-09-15 14:06:38.507005,4300.00,reptiloid,0,0,0
2026-09-15 14:05:05.38675,4300.00,reptiloid,0,0,0
2026-09-15 14:04:51.501081,7200.00,card,0,0,0
2026-09-15 14:02:35.725848,1300.00,BALANCE,0,0,0
2026-09-15 13:58:49.913585,1800.00,BALANCE,0,0,0
2026-09-15 13:56:44.664356,3200.00,BALANCE,0,0,0
2026-09-15 13:55:20.370647,3200.00,BALANCE,0,0,0
2026-09-15 13:53:40.163052,4300.00,transa,0,0,0
2026-09-15 13:34:23.358601,7200.00,reptiloid,0,0,0
2026-09-15 13:20:46.254636,4300.00,reptiloid,0,0,0
2026-09-15 13:12:22.037715,7200.00,reptiloid,0,0,0
2026-09-15 13:08:24.250108,7200.00,BALANCE,0,0,0
2026-09-15 13:06:41.027513,7200.00,reptiloid,0,0,0
2026-09-15 13:04:00.997358,3300.00,reptiloid,0,0,0
2026-09-15 12:44:55.925143,3200.00,card,0,0,0
2026-09-15 12:42:42.870892,7200.00,reptiloid,0,0,0
2026-09-15 12:36:49.763218,4300.00,BALANCE,0,0,0
2026-09-15 12:33:51.772002,4300.00,BALANCE,0,0,0
2026-09-15 12:30:50.306834,7200.00,BALANCE,0,0,0
2026-09-15 12:28:11.31578,1300.00,BALANCE,0,0,0
2026-09-15 12:21:29.081905,0.00,BALANCE,0,0,0
2026-09-15 12:16:22.386042,550.00,BALANCE,0,0,0
2026-09-15 11:51:07.283981,7200.00,card,0,0,0
2026-09-15 11:41:43.482717,7200.00,reptiloid,0,0,0
2026-09-15 11:40:01.787135,4300.00,reptiloid,0,0,0
2026-09-15 11:33:59.577331,3200.00,reptiloid,0,0,0
2026-09-15 11:31:03.858487,7200.00,reptiloid,0,0,0
2026-09-15 11:29:19.746733,7200.00,BALANCE,0,0,0
2026-09-15 11:18:25.880057,7200.00,merchant001,0,0,0
2026-09-15 10:39:01.342841,7200.00,card,0,0,0
2026-09-15 10:01:45.799205,3200.00,card,0,0,0
2026-09-15 09:30:03.765601,7200.00,card,0,0,0
2026-09-15 09:25:34.980318,4300.00,BALANCE,0,0,0
2026-09-15 09:25:02.873704,3300.00,card,0,0,0
2026-09-15 09:23:14.653652,4300.00,BALANCE,0,0,0
2026-09-15 08:50:11.923245,4300.00,card,0,0,0
2026-09-15 08:45:29.138814,4300.00,reptiloid,0,0,0
2026-09-15 08:31:32.802244,4300.00,reptiloid,0,0,0
2026-09-15 07:49:17.14484,1300.00,BALANCE,0,0,0
2026-09-15 05:44:01.174028,4300.00,reptiloid,0,0,0
2026-09-15 05:39:29.023274,7200.00,reptiloid,0,0,0
2026-09-15 05:35:00.783378,7200.00,reptiloid,0,0,0
2026-09-15 04:42:56.978716,1300.00,BALANCE,0,0,0
2026-09-15 03:56:06.419317,7200.00,card,0,0,0
2026-09-15 03:46:24.087388,2800.00,BALANCE,0,0,0
2026-09-15 03:42:52.475138,7200.00,transa,0,0,0
2026-09-15 03:18:46.854342,7200.00,reptiloid,0,0,0
2026-09-15 02:37:43.572133,3200.00,reptiloid,0,0,0
2026-09-15 01:52:04.789703,7200.00,card,0,0,0
2026-09-15 01:15:05.441056,7200.00,reptiloid,0,0,0
2026-09-15 00:58:44.664189,7200.00,reptiloid,0,0,0
2026-09-15 00:54:32.480936,7200.00,card,0,0,0
2026-09-14 23:32:48.939579,5400.0000,USDT,0,0,71.813000
2026-09-14 23:32:45.879916,4300.00,reptiloid,0,0,0
2026-09-14 23:19:25.489714,1200.00,BALANCE,0,0,0
2026-09-14 22:39:00.607582,1100.00,BALANCE,0,0,0
2026-09-14 21:33:47.951034,3300.00,reptiloid,0,0,0
2026-09-14 21:15:37.369082,4300.00,onlypays,0,0,0
2026-09-14 21:12:28.948135,4300.00,reptiloid,0,0,0
2026-09-14 21:08:33.743096,4300.00,reptiloid,0,0,0
2026-09-14 21:03:57.748514,2100.00,merchant001,0,0,0
2026-09-14 20:56:52.358045,1300.00,BALANCE,0,0,0
2026-09-14 20:25:15.437897,2100.00,nirvana,0,0,0
2026-09-14 20:24:02.664998,7200.00,BALANCE,0,0,0
2026-09-14 20:20:12.693228,3300.00,reptiloid,0,0,0
2026-09-14 19:45:51.850014,7200.00,reptiloid,0,0,0
2026-09-14 19:44:33.272896,7200.00,transa,0,0,0
2026-09-14 19:41:51.741248,7200.00,reptiloid,0,0,0
2026-09-14 19:31:27.113954,7200.00,reptiloid,0,0,0
2026-09-14 19:29:46.446967,7200.00,reptiloid,0,0,0
2026-09-14 19:23:06.217264,3300.00,reptiloid,0,0,0
2026-09-14 19:18:26.352639,7200.00,reptiloid,0,0,0
2026-09-14 19:12:53.361047,7200.00,reptiloid,0,0,0
2026-09-14 19:07:56.539306,7200.00,reptiloid,0,0,0
2026-09-14 18:55:28.658907,7200.00,reptiloid,0,0,0
2026-09-14 18:44:19.565344,3000.00,card,0,0,0
2026-09-14 18:43:03.971188,3200.00,merchant001,0,0,0
2026-09-14 18:24:38.900062,7200.00,reptiloid,0,0,0
2026-09-14 18:18:22.230461,3300.00,reptiloid,0,0,0
2026-09-14 18:16:57.894031,7200.00,reptiloid,0,0,0
2026-09-14 18:07:56.134894,2700.00,BALANCE,0,0,0
2026-09-14 18:05:56.028096,7200.00,reptiloid,0,0,0
2026-09-14 17:59:11.592507,7200.00,BALANCE,0,0,0
2026-09-14 17:47:15.45039,7200.00,reptiloid,0,0,0
2026-09-14 17:45:23.201415,5200.00,BALANCE,0,0,0
2026-09-14 17:40:10.048362,7200.00,card,0,0,0
2026-09-14 17:32:32.583696,7200.00,reptiloid,0,0,0
2026-09-14 17:28:45.301356,5050.00,BALANCE,0,0,0
2026-09-14 17:14:33.989046,4300.00,reptiloid,0,0,0
2026-09-14 17:08:42.151352,7200.00,reptiloid,0,0,0
2026-09-14 17:06:22.675131,7200.00,card,0,0,0
2026-09-14 17:04:50.001088,4200.00,BALANCE,0,0,0
2026-09-14 17:01:46.433894,3300.00,reptiloid,0,0,0
2026-09-14 16:56:08.753275,2100.00,reptiloid,0,0,0
2026-09-14 16:47:02.871015,4200.00,BALANCE,0,0,0
2026-09-14 16:39:41.107742,7200.00,BALANCE,0,0,0
2026-09-14 16:27:31.585622,5400.0000,USDT,0,0,71.813000
2026-09-14 16:06:15.243924,7200.00,merchant001,0,0,0
2026-09-14 16:03:42.463284,4300.00,card,0,0,0
2026-09-14 16:02:09.938637,4300.00,reptiloid,0,0,0
2026-09-14 15:59:24.047509,4300.00,reptiloid,0,0,0
2026-09-14 15:59:01.557854,4200.00,BALANCE,0,0,0
2026-09-14 15:56:05.772577,5400.0000,USDT,0,0,71.813000
2026-09-14 15:42:18.689312,3300.00,reptiloid,0,0,0
2026-09-14 15:41:58.634104,100.00,BALANCE,0,0,0
2026-09-14 15:11:29.790098,4300.00,card,0,0,0
2026-09-14 15:08:43.981804,3300.00,reptiloid,0,0,0
2026-09-14 14:59:48.960021,3000.00,card,0,0,0
2026-09-14 14:38:36.583739,7200.00,card,0,0,0
2026-09-14 14:35:25.34612,4300.00,BALANCE,0,0,0
2026-09-14 14:32:19.963531,3000.00,BALANCE,0,0,0
2026-09-14 14:27:23.729549,4300.00,reptiloid,0,0,0
2026-09-14 14:26:20.751151,3200.00,BALANCE,0,0,0
2026-09-14 14:08:49.848411,4200.00,BALANCE,0,0,0
2026-09-14 14:08:16.478341,4300.00,reptiloid,0,0,0
2026-09-14 14:06:58.295997,4300.00,card,0,0,0
2026-09-14 13:45:41.559482,4300.00,reptiloid,0,0,0
2026-09-14 13:20:48.132179,7200.00,reptiloid,0,0,0
2026-09-14 13:19:50.932366,4300.00,card,0,0,0
2026-09-14 12:49:42.446748,4300.00,reptiloid,0,0,0
2026-09-14 12:46:32.23378,7200.00,reptiloid,0,0,0
2026-09-14 12:42:08.545822,2100.00,reptiloid,0,0,0
2026-09-14 12:38:55.555843,4300.00,card,0,0,0
2026-09-14 12:12:30.474056,3300.00,reptiloid,0,0,0
2026-09-14 11:24:44.694746,7200.00,reptiloid,0,0,0
2026-09-14 11:22:42.684356,7200.00,reptiloid,0,0,0
2026-09-14 11:13:08.603981,3300.00,transa,0,0,0
2026-09-14 10:38:41.500397,4300.00,reptiloid,0,0,0
2026-09-14 10:13:42.647104,2100.00,reptiloid,0,0,0
2026-09-14 09:22:04.214449,4300.00,reptiloid,0,0,0
2026-09-14 08:57:02.220163,4300.00,card,0,0,0
2026-09-14 08:48:41.056218,4300.00,reptiloid,0,0,0
2026-09-14 08:33:35.797697,7200.00,BALANCE,0,0,0
2026-09-14 08:19:53.740861,3000.00,BALANCE,0,0,0
2026-09-14 08:07:31.347993,3000.00,BALANCE,0,0,0
2026-09-14 08:05:27.117747,7200.00,reptiloid,0,0,0
2026-09-14 08:02:56.783914,3000.00,BALANCE,0,0,0
2026-09-14 07:59:59.236338,3000.00,BALANCE,0,0,0
2026-09-14 07:56:23.986088,4300.00,reptiloid,0,0,0
2026-09-14 07:36:31.910807,7200.00,BALANCE,0,0,0
2026-09-14 05:55:53.338548,4300.00,reptiloid,0,0,0
2026-09-14 03:49:57.636124,7200.00,merchant001,0,0,0
2026-09-14 03:07:53.615939,4300.00,reptiloid,0,0,0
2026-09-14 03:02:08.859663,4300.00,reptiloid,0,0,0
2026-09-14 02:55:30.918138,4300.00,reptiloid,0,0,0
2026-09-14 02:33:34.434828,3225.0000,USDT,0,0,42.888000
2026-09-14 01:55:02.448051,4300.00,reptiloid,0,0,0
2026-09-14 01:28:33.296879,4300.00,reptiloid,0,0,0
2026-09-14 01:26:53.890001,4300.00,reptiloid,0,0,0
2026-09-14 00:14:58.530935,1300.00,BALANCE,0,0,0
2026-09-14 00:01:02.354235,7200.00,reptiloid,0,0,0
2026-09-13 22:59:25.133163,4200.00,BALANCE,0,0,0
2026-09-13 22:37:47.580877,7200.00,reptiloid,0,0,0
2026-09-13 22:15:31.147333,7200.00,reptiloid,0,0,0
2026-09-13 22:01:20.085196,4300.00,reptiloid,0,0,0
2026-09-13 21:08:06.38481,4300.00,reptiloid,0,0,0
2026-09-13 21:05:42.872606,7200.00,transa,0,0,0
2026-09-13 20:47:43.719566,7200.00,reptiloid,0,0,0
2026-09-13 20:40:36.798667,3200.00,reptiloid,0,0,0
2026-09-13 20:39:48.522125,2100.00,card,0,0,0
2026-09-13 20:34:07.452329,2100.00,nirvana,0,0,0
2026-09-13 20:26:32.944404,4300.00,reptiloid,0,0,0
2026-09-13 20:04:23.860537,2100.00,reptiloid,0,0,0
2026-09-13 19:39:12.372141,7200.00,reptiloid,0,0,0
2026-09-13 19:37:42.185232,4300.00,reptiloid,0,0,0
2026-09-13 19:35:07.832367,4300.00,reptiloid,0,0,0
2026-09-13 19:30:51.066015,7200.00,reptiloid,0,0,0
2026-09-13 19:30:40.765277,4300.00,reptiloid,0,0,0
2026-09-13 19:28:21.327565,7200.00,BALANCE,0,0,0
2026-09-13 19:27:50.042409,1300.00,BALANCE,0,0,0
2026-09-13 19:26:07.080848,7200.00,reptiloid,0,0,0
2026-09-13 19:20:11.796185,7700.00,merchant001,0,0,0
2026-09-13 19:17:22.631597,3200.00,BALANCE,0,0,0
2026-09-13 19:08:08.456058,0.00,BALANCE,0,0,0
2026-09-13 19:06:54.407838,4300.00,reptiloid,0,0,0
2026-09-13 19:06:13.050863,23000.00,BALANCE,0,0,0
2026-09-13 19:05:29.591986,4300.00,merchant001,0,0,0
2026-09-13 18:54:41.026789,7200.00,merchant001,0,0,0
2026-09-13 18:45:51.478896,3200.00,reptiloid,0,0,0
2026-09-13 18:40:22.058741,7200.00,reptiloid,0,0,0
2026-09-13 18:05:01.455402,5400.0000,USDT,0,0,71.813000
2026-09-13 17:59:09.721414,7200.00,reptiloid,0,0,0
2026-09-13 17:58:52.785718,2475.0000,USDT,0,0,32.914000
2026-09-13 17:43:56.098463,2100.00,BALANCE,0,0,0
2026-09-13 17:37:58.592521,4300.00,reptiloid,0,0,0
2026-09-13 17:36:40.268413,7200.00,reptiloid,0,0,0
2026-09-13 17:34:56.988279,4200.00,BALANCE,0,0,0
2026-09-13 17:33:02.334438,3655.0000,LTC,0,0.94872717,0
2026-09-13 17:22:54.712783,7200.00,reptiloid,0,0,0
2026-09-13 17:14:41.385422,7200.00,onlypays,0,0,0
2026-09-13 17:11:00.300154,0.00,BALANCE,0,0,0
2026-09-13 16:50:43.386771,4300.00,reptiloid,0,0,0
2026-09-13 16:47:20.298381,7200.00,reptiloid,0,0,0
2026-09-13 16:40:08.434864,4300.00,reptiloid,0,0,0
2026-09-13 16:26:55.572582,4300.00,reptiloid,0,0,0
2026-09-13 16:16:01.44734,2100.00,reptiloid,0,0,0
2026-09-13 16:14:35.665613,7200.00,reptiloid,0,0,0
2026-09-13 16:07:12.743485,7200.00,transa,0,0,0
2026-09-13 16:03:33.81781,1300.00,BALANCE,0,0,0
2026-09-13 16:00:05.139945,2100.00,reptiloid,0,0,0
2026-09-13 15:57:45.710122,1300.00,BALANCE,0,0,0
2026-09-13 15:54:01.726893,4300.00,BALANCE,0,0,0
2026-09-13 15:45:37.569914,2100.00,BALANCE,0,0,0
2026-09-13 15:35:20.629463,7200.00,reptiloid,0,0,0
2026-09-13 15:33:46.637826,4300.00,reptiloid,0,0,0
2026-09-13 15:26:02.835326,4300.00,BALANCE,0,0,0
2026-09-13 15:12:27.392364,4300.00,reptiloid,0,0,0
2026-09-13 15:09:06.009075,4300.00,card,0,0,0
2026-09-13 15:01:06.844163,7200.00,reptiloid,0,0,0
2026-09-13 14:54:00.017245,4300.00,reptiloid,0,0,0
2026-09-13 14:44:18.767354,4300.00,reptiloid,0,0,0
2026-09-13 14:39:18.433846,7700.00,reptiloid,0,0,0
2026-09-13 14:33:48.697934,3300.00,nirvana,0,0,0
2026-09-13 14:00:55.597707,4300.00,BALANCE,0,0,0
2026-09-13 13:49:29.427082,7200.00,BALANCE,0,0,0
2026-09-13 13:36:41.588355,7200.00,reptiloid,0,0,0
2026-09-13 13:35:15.968681,7200.00,BALANCE,0,0,0
2026-09-13 13:15:12.770129,7200.00,BALANCE,0,0,0
2026-09-13 13:13:36.880885,2100.00,card,0,0,0
2026-09-13 13:12:08.825681,7700.00,BALANCE,0,0,0
2026-09-13 13:09:23.952564,4300.00,card,0,0,0
2026-09-13 13:07:22.718628,4300.00,reptiloid,0,0,0
2026-09-13 13:06:44.860413,4300.00,BALANCE,0,0,0
2026-09-13 13:03:43.103838,4300.00,reptiloid,0,0,0
2026-09-13 13:01:19.956534,4300.00,reptiloid,0,0,0
2026-09-13 13:01:18.106593,7200.00,reptiloid,0,0,0
2026-09-13 13:00:09.410942,7200.00,card,0,0,0
2026-09-13 12:58:30.428217,7200.00,card,0,0,0
2026-09-13 12:55:43.244349,7200.00,reptiloid,0,0,0
2026-09-13 12:43:50.124341,4300.00,BALANCE,0,0,0
2026-09-13 12:41:10.426489,7200.00,BALANCE,0,0,0
2026-09-13 12:32:12.684829,16200.00,reptiloid,0,0,0
2026-09-13 12:26:33.003482,4300.00,reptiloid,0,0,0
2026-09-13 12:09:34.252986,4300.00,reptiloid,0,0,0
2026-09-13 11:54:17.988156,4300.00,reptiloid,0,0,0
2026-09-13 11:48:11.627277,2100.00,reptiloid,0,0,0
2026-09-13 11:38:20.192705,7200.00,card,0,0,0
2026-09-13 10:58:38.837431,3225.0000,USDT,0,0,42.888000
2026-09-13 10:54:29.021731,4300.00,reptiloid,0,0,0
2026-09-13 10:44:00.773169,4300.00,reptiloid,0,0,0
2026-09-13 10:41:42.495197,4300.00,reptiloid,0,0,0
2026-09-13 10:36:32.434028,4300.00,reptiloid,0,0,0
2026-09-13 10:03:18.175917,4300.00,BALANCE,0,0,0
2026-09-13 09:40:20.679768,4300.00,reptiloid,0,0,0
2026-09-13 09:38:35.12983,4300.00,card,0,0,0
2026-09-13 09:25:59.100531,7200.00,reptiloid,0,0,0
2026-09-13 07:58:44.972187,4300.00,card,0,0,0
2026-09-13 03:31:18.830167,2100.00,reptiloid,0,0,0
2026-09-13 03:13:33.687423,2100.00,reptiloid,0,0,0
2026-09-13 02:21:13.113353,4300.00,reptiloid,0,0,0
2026-09-13 02:10:48.773341,3300.00,reptiloid,0,0,0
2026-09-13 02:01:19.995156,4300.00,transa,0,0,0
2026-09-13 00:41:43.687755,4300.00,BALANCE,0,0,0
2026-09-13 00:40:13.461631,4200.00,BALANCE,0,0,0
2026-09-13 00:34:56.586772,7200.00,reptiloid,0,0,0
2026-09-13 00:17:02.932946,3300.00,card,0,0,0
2026-09-12 23:40:38.762215,7200.00,card,0,0,0
2026-09-12 23:15:10.719079,4300.00,reptiloid,0,0,0
2026-09-12 23:06:21.888424,4200.00,BALANCE,0,0,0
2026-09-12 22:55:56.659353,4300.00,card,0,0,0
2026-09-12 22:54:12.907953,2100.00,card,0,0,0
2026-09-12 22:47:59.656036,4300.00,merchant001,0,0,0
2026-09-12 22:46:06.195962,3300.00,card,0,0,0
2026-09-12 22:34:28.325422,2100.00,card,0,0,0
2026-09-12 22:33:20.787936,1300.00,BALANCE,0,0,0
2026-09-12 22:19:50.678635,1300.00,BALANCE,0,0,0
2026-09-12 22:18:55.378814,4300.00,reptiloid,0,0,0
2026-09-12 22:16:26.538348,2100.00,reptiloid,0,0,0
2026-09-12 22:07:59.867329,6200.00,BALANCE,0,0,0
2026-09-12 21:57:37.347688,4300.00,card,0,0,0
2026-09-12 21:52:17.369683,4300.00,card,0,0,0
2026-09-12 21:46:47.63045,4300.00,reptiloid,0,0,0
2026-09-12 21:22:31.380506,4300.00,reptiloid,0,0,0
2026-09-12 21:22:19.039938,5200.00,BALANCE,0,0,0
2026-09-12 21:18:15.723112,4300.00,reptiloid,0,0,0
2026-09-12 21:17:01.943189,7200.00,BALANCE,0,0,0
2026-09-12 21:11:20.592575,4300.00,merchant001,0,0,0
2026-09-12 21:08:39.804148,4300.00,reptiloid,0,0,0
2026-09-12 21:06:55.910885,3000.00,BALANCE,0,0,0
2026-09-12 20:58:55.874851,10500.00,BALANCE,0,0,0
2026-09-12 20:57:27.251607,4300.00,reptiloid,0,0,0
2026-09-12 20:52:47.385227,4300.00,merchant001,0,0,0
2026-09-12 20:29:35.625444,4300.00,reptiloid,0,0,0
2026-09-12 20:28:35.373122,7200.00,merchant001,0,0,0
2026-09-12 20:27:54.880142,4300.00,transa,0,0,0
2026-09-12 20:25:17.254548,4300.00,reptiloid,0,0,0
2026-09-12 20:24:46.394915,4300.00,reptiloid,0,0,0
2026-09-12 20:06:11.3329,7200.00,reptiloid,0,0,0
2026-09-12 19:52:45.280383,2100.00,reptiloid,0,0,0
2026-09-12 19:46:14.258459,7200.00,reptiloid,0,0,0
2026-09-12 19:46:01.90578,7200.00,reptiloid,0,0,0
2026-09-12 19:44:36.463189,7200.00,reptiloid,0,0,0
2026-09-12 19:43:15.99847,7200.00,reptiloid,0,0,0
2026-09-12 19:40:57.116951,4300.00,reptiloid,0,0,0
2026-09-12 19:40:46.297931,4300.00,reptiloid,0,0,0
2026-09-12 19:24:46.781269,4300.00,merchant001,0,0,0
2026-09-12 19:22:28.251107,4300.00,reptiloid,0,0,0
2026-09-12 19:08:14.465149,4300.00,reptiloid,0,0,0
2026-09-12 18:59:13.59289,4300.00,reptiloid,0,0,0
2026-09-12 18:57:35.225398,0.00,BALANCE,0,0,0
2026-09-12 18:54:19.877125,3000.00,merchant001,0,0,0
2026-09-12 18:52:37.10864,7200.00,reptiloid,0,0,0
2026-09-12 18:51:39.87993,7200.00,reptiloid,0,0,0
2026-09-12 18:45:06.446023,4300.00,merchant001,0,0,0
2026-09-12 18:40:31.639084,4300.00,reptiloid,0,0,0
2026-09-12 18:39:37.343963,900.00,BALANCE,0,0,0
2026-09-12 18:25:41.459943,4300.00,BALANCE,0,0,0
2026-09-12 18:23:49.333113,4300.00,reptiloid,0,0,0
2026-09-12 18:19:45.925426,4300.00,BALANCE,0,0,0
2026-09-12 18:08:31.497613,4300.00,reptiloid,0,0,0
2026-09-12 18:08:19.291219,10500.00,reptiloid,0,0,0
2026-09-12 18:06:07.768734,7200.00,BALANCE,0,0,0
2026-09-12 18:05:56.062506,7200.00,reptiloid,0,0,0
2026-09-12 18:04:58.290878,1100.00,BALANCE,0,0,0
2026-09-12 18:00:42.449739,4300.00,reptiloid,0,0,0
2026-09-12 17:58:35.874503,4300.00,reptiloid,0,0,0
2026-09-12 17:50:32.894025,4300.00,reptiloid,0,0,0
2026-09-12 17:48:52.269397,3225.0000,USDT,0,0,42.888000
2026-09-12 17:45:22.712022,4300.00,BALANCE,0,0,0
2026-09-12 17:44:55.924796,3000.00,BALANCE,0,0,0
2026-09-12 17:44:46.45856,4300.00,reptiloid,0,0,0
2026-09-12 17:37:09.955244,4300.00,reptiloid,0,0,0
2026-09-12 17:28:57.171977,800.00,BALANCE,0,0,0
2026-09-12 17:23:31.176783,7200.00,BALANCE,0,0,0
2026-09-12 17:16:58.905067,3225.0000,USDT,0,0,42.888000
2026-09-12 17:03:13.530988,0.00,BALANCE,0,0,0
2026-09-12 16:59:52.523004,0.00,BALANCE,0,0,0
2026-09-12 16:54:37.075276,4300.00,reptiloid,0,0,0
2026-09-12 16:40:20.194642,3655.0000,LTC,0,0.94743562,0
2026-09-12 16:35:16.734435,0.00,BALANCE,0,0,0
2026-09-12 16:34:54.638004,1100.00,BALANCE,0,0,0
2026-09-12 16:33:55.176078,4300.00,reptiloid,0,0,0
2026-09-12 16:31:23.192926,7200.00,BALANCE,0,0,0
2026-09-12 16:29:12.901738,4300.00,reptiloid,0,0,0
2026-09-12 16:29:04.162795,3000.00,merchant001,0,0,0
2026-09-12 16:27:37.186028,10500.00,reptiloid,0,0,0
2026-09-12 16:20:48.745939,4300.00,merchant001,0,0,0
2026-09-12 16:09:41.34493,2800.00,BALANCE,0,0,0
2026-09-12 13:36:11.728184,4300.00,reptiloid,0,0,0
2026-09-12 13:32:24.55761,4300.00,BALANCE,0,0,0
2026-09-12 13:20:51.23906,10500.00,reptiloid,0,0,0
2026-09-12 13:18:01.353668,0.00,BALANCE,0,0,0
2026-09-12 12:47:38.206473,10500.00,merchant001,0,0,0
2026-09-12 12:46:03.717571,4300.00,reptiloid,0,0,0
2026-09-12 12:42:57.924331,4300.00,reptiloid,0,0,0
2026-09-12 12:39:37.549371,3000.00,BALANCE,0,0,0
2026-09-12 12:34:10.71474,0.00,BALANCE,0,0,0
2026-09-12 12:32:37.712101,1300.00,BALANCE,0,0,0
2026-09-12 12:16:16.62427,3300.00,reptiloid,0,0,0
2026-09-12 12:05:17.746478,3000.00,reptiloid,0,0,0
2026-09-12 12:01:52.052165,3000.00,reptiloid,0,0,0
2026-09-12 11:59:05.442901,3000.00,reptiloid,0,0,0
2026-09-12 11:57:22.922622,4300.00,reptiloid,0,0,0
2026-09-12 11:53:26.424623,3000.00,reptiloid,0,0,0
2026-09-12 11:50:19.645365,3000.00,reptiloid,0,0,0
2026-09-12 11:50:09.587213,6545.0000,LTC,0,1.70389409,0
2026-09-12 11:49:01.065996,4300.00,reptiloid,0,0,0
2026-09-12 11:43:42.040414,3000.00,reptiloid,0,0,0
2026-09-12 11:28:16.591633,4300.00,BALANCE,0,0,0
2026-09-12 11:24:10.650362,7700.00,merchant001,0,0,0
2026-09-12 10:56:30.147812,3000.00,nirvana,0,0,0
2026-09-12 10:39:33.884011,3000.00,BALANCE,0,0,0
2026-09-12 10:33:59.555953,3000.00,reptiloid,0,0,0
2026-09-12 09:48:03.179419,4300.00,reptiloid,0,0,0
2026-09-12 09:08:47.775683,3300.00,reptiloid,0,0,0
2026-09-12 09:05:06.347688,7200.00,reptiloid,0,0,0
2026-09-12 08:16:07.079078,4300.00,reptiloid,0,0,0
2026-09-12 08:01:43.213864,7200.00,reptiloid,0,0,0
2026-09-12 07:53:33.555049,4300.00,reptiloid,0,0,0
2026-09-12 07:06:41.611367,7200.00,merchant001,0,0,0
2026-09-12 06:39:26.388358,4300.00,reptiloid,0,0,0
2026-09-12 06:30:09.65355,4300.00,reptiloid,0,0,0
2026-09-12 05:39:02.002232,7200.00,reptiloid,0,0,0
2026-09-12 05:25:49.469474,7200.00,reptiloid,0,0,0
2026-09-12 04:57:54.914131,7200.00,BALANCE,0,0,0
2026-09-12 04:54:01.41601,3000.00,reptiloid,0,0,0
2026-09-12 03:30:51.004513,4200.00,BALANCE,0,0,0
2026-09-12 03:26:38.142341,4300.00,merchant001,0,0,0
2026-09-12 02:06:00.949676,4300.00,reptiloid,0,0,0
2026-09-12 01:43:39.613805,3000.00,nirvana,0,0,0
2026-09-12 01:39:10.42328,4300.00,reptiloid,0,0,0
2026-09-12 01:22:14.167099,7200.00,reptiloid,0,0,0
2026-09-12 01:21:55.689425,4300.00,reptiloid,0,0,0
2026-09-12 01:11:08.172739,1100.00,BALANCE,0,0,0
2026-09-12 01:04:11.052242,3000.00,reptiloid,0,0,0
2026-09-12 00:55:35.811214,3300.00,reptiloid,0,0,0
2026-09-12 00:46:43.949619,2100.00,reptiloid,0,0,0
2026-09-12 00:09:44.150217,4300.00,reptiloid,0,0,0
2026-09-11 23:54:04.059252,4300.00,BALANCE,0,0,0
2026-09-11 23:52:43.767531,4300.00,reptiloid,0,0,0
2026-09-11 23:44:52.894248,7200.00,BALANCE,0,0,0
2026-09-11 23:44:06.327191,3000.00,reptiloid,0,0,0
2026-09-11 23:41:56.500227,0.00,BALANCE,0,0,0
2026-09-11 23:34:41.92397,16200.00,reptiloid,0,0,0
2026-09-11 23:31:19.20987,3300.00,reptiloid,0,0,0
2026-09-11 23:26:14.162634,2100.00,reptiloid,0,0,0
2026-09-11 23:21:42.066454,4300.00,reptiloid,0,0,0
2026-09-11 23:13:58.167833,2100.00,reptiloid,0,0,0
2026-09-11 22:58:55.780541,2300.00,BALANCE,0,0,0
2026-09-11 22:51:59.11838,3000.00,nirvana,0,0,0
2026-09-11 22:41:35.552839,3300.00,reptiloid,0,0,0
2026-09-11 22:37:00.377771,2300.00,BALANCE,0,0,0
2026-09-11 22:27:35.247591,0.00,BALANCE,0,0,0
2026-09-11 22:27:13.193457,4300.00,reptiloid,0,0,0
2026-09-11 22:26:51.026649,4300.00,reptiloid,0,0,0
2026-09-11 22:24:33.876928,3300.00,BALANCE,0,0,0
2026-09-11 22:21:47.724539,2100.00,BALANCE,0,0,0
2026-09-11 22:19:34.203067,2000.00,BALANCE,0,0,0
2026-09-11 22:14:41.042347,1200.00,BALANCE,0,0,0
2026-09-11 22:06:48.33877,7200.00,reptiloid,0,0,0
2026-09-11 21:58:50.181758,4300.00,reptiloid,0,0,0
2026-09-11 21:57:25.281149,0.00,BALANCE,0,0,0
2026-09-11 21:54:52.888794,4300.00,reptiloid,0,0,0
2026-09-11 21:42:56.343495,4300.00,reptiloid,0,0,0
2026-09-11 21:06:22.196478,7200.00,merchant001,0,0,0
2026-09-11 20:54:16.298887,3000.00,reptiloid,0,0,0
2026-09-11 20:40:36.828009,7200.00,BALANCE,0,0,0
2026-09-11 20:40:35.210997,4300.00,reptiloid,0,0,0
2026-09-11 20:19:22.39086,4300.00,reptiloid,0,0,0
2026-09-11 20:18:39.645474,3225.0000,USDT,0,0,42.888000
2026-09-11 20:13:34.499438,4300.00,card,0,0,0
2026-09-11 20:08:46.743446,4300.00,reptiloid,0,0,0
2026-09-11 20:06:43.376531,2100.00,BALANCE,0,0,0
2026-09-11 20:02:28.389682,1200.00,BALANCE,0,0,0
2026-09-11 19:59:31.79771,3300.00,card,0,0,0
2026-09-11 19:54:51.114889,7200.00,reptiloid,0,0,0
2026-09-11 19:13:52.382462,4200.00,BALANCE,0,0,0
2026-09-11 19:11:05.116174,7200.00,merchant001,0,0,0
2026-09-11 19:02:23.001302,4300.00,reptiloid,0,0,0
2026-09-11 19:02:05.595152,16200.00,reptiloid,0,0,0
2026-09-11 18:55:36.574623,4300.00,BALANCE,0,0,0
2026-09-11 18:42:07.672915,7200.00,reptiloid,0,0,0
2026-09-11 18:41:22.064521,1100.00,BALANCE,0,0,0
2026-09-11 18:00:16.829956,7200.00,merchant001,0,0,0
2026-09-11 17:41:41.111695,7200.00,merchant001,0,0,0
2026-09-11 17:16:34.558148,7200.00,reptiloid,0,0,0
2026-09-11 17:14:11.620914,3300.00,card,0,0,0
2026-09-11 17:03:11.285733,4300.00,card,0,0,0
2026-09-11 16:58:38.783273,7200.00,BALANCE,0,0,0
2026-09-11 16:49:12.450536,7200.00,reptiloid,0,0,0
2026-09-11 16:41:25.341771,3300.00,reptiloid,0,0,0
2026-09-11 15:58:51.49193,7200.00,reptiloid,0,0,0
2026-09-11 15:54:10.426339,1200.00,BALANCE,0,0,0
2026-09-11 15:36:38.990261,4200.00,BALANCE,0,0,0
2026-09-11 15:23:24.288732,4300.00,card,0,0,0
2026-09-11 15:10:07.520652,4300.00,reptiloid,0,0,0
2026-09-11 15:05:06.763169,7200.00,reptiloid,0,0,0
2026-09-11 14:54:33.310752,4300.00,merchant001,0,0,0
2026-09-11 14:47:20.666826,7200.00,reptiloid,0,0,0
2026-09-11 14:39:14.488597,4300.00,reptiloid,0,0,0
2026-09-11 14:38:22.446341,2100.00,BALANCE,0,0,0
2026-09-11 14:38:05.385667,1300.00,BALANCE,0,0,0
2026-09-11 14:37:08.575484,4300.00,reptiloid,0,0,0
2026-09-11 14:33:42.798791,0.00,BALANCE,0,0,0
2026-09-11 14:22:48.817812,4300.00,reptiloid,0,0,0
2026-09-11 14:03:51.056894,7200.00,reptiloid,0,0,0
2026-09-11 13:53:34.825381,4300.00,reptiloid,0,0,0
2026-09-11 13:51:13.685787,7200.00,reptiloid,0,0,0
2026-09-11 13:50:06.517971,4300.00,reptiloid,0,0,0
2026-09-11 13:43:12.95511,4300.00,reptiloid,0,0,0
2026-09-11 13:35:10.842126,4300.00,card,0,0,0
2026-09-11 13:32:34.664329,4300.00,BALANCE,0,0,0
2026-09-11 13:28:23.609658,7200.00,reptiloid,0,0,0
2026-09-11 13:20:17.969494,7200.00,card,0,0,0
2026-09-11 12:57:16.720056,4500.00,reptiloid,0,0,0
2026-09-11 12:49:56.513567,4300.00,reptiloid,0,0,0
2026-09-11 12:46:10.814491,4300.00,reptiloid,0,0,0
2026-09-11 12:38:03.746997,2400.00,BALANCE,0,0,0
2026-09-11 12:36:52.149346,7200.00,BALANCE,0,0,0
2026-09-11 12:36:07.246624,7200.00,BALANCE,0,0,0
2026-09-11 12:27:01.0883,0.00,BALANCE,0,0,0
2026-09-11 12:16:52.099367,0.00,BALANCE,0,0,0
2026-09-11 12:15:23.982488,700.00,BALANCE,0,0,0
2026-09-11 12:14:39.561598,4300.00,card,0,0,0
2026-09-11 12:14:08.985355,4300.00,card,0,0,0
2026-09-11 12:06:48.934207,4300.00,card,0,0,0
2026-09-11 11:46:54.910512,4500.00,card,0,0,0
2026-09-11 11:00:57.517842,200.00,BALANCE,0,0,0
2026-09-11 10:40:26.593933,4300.00,card,0,0,0
2026-09-11 09:35:45.276891,0.00,BALANCE,0,0,0
2026-09-11 08:54:19.179355,4300.00,card,0,0,0
2026-09-11 08:39:21.980015,7200.00,reptiloid,0,0,0
2026-09-11 07:40:09.995597,4300.00,card,0,0,0
2026-09-11 07:17:52.818034,7200.00,card,0,0,0
2026-09-11 04:56:50.537877,7200.00,merchant001,0,0,0
2026-09-11 04:13:41.837491,4500.00,card,0,0,0
2026-09-11 03:18:11.820049,7200.00,reptiloid,0,0,0
2026-09-11 02:33:07.863509,4300.00,reptiloid,0,0,0
2026-09-11 02:00:51.98319,7200.00,reptiloid,0,0,0
2026-09-11 01:58:53.665986,1300.00,BALANCE,0,0,0
2026-09-11 01:47:36.549265,7200.00,reptiloid,0,0,0
2026-09-11 01:30:41.549421,7200.00,reptiloid,0,0,0
2026-09-11 01:29:04.357471,4200.00,BALANCE,0,0,0
2026-09-11 01:15:46.921687,4200.00,BALANCE,0,0,0
2026-09-11 01:08:14.110897,3225.0000,USDT,0,0,42.888000
2026-09-11 00:57:47.181387,7200.00,reptiloid,0,0,0
2026-09-11 00:36:04.899517,7200.00,card,0,0,0
2026-09-11 00:34:57.727998,7200.00,reptiloid,0,0,0
2026-09-11 00:12:07.673665,7200.00,card,0,0,0
2026-09-10 23:08:25.3758,3300.00,reptiloid,0,0,0
2026-09-10 23:03:10.879503,4300.00,BALANCE,0,0,0
2026-09-10 22:41:50.022438,7200.00,reptiloid,0,0,0
2026-09-10 22:28:44.144494,7200.00,card,0,0,0
2026-09-10 21:56:28.881527,4300.00,reptiloid,0,0,0
2026-09-10 21:52:41.379513,2100.00,card,0,0,0
2026-09-10 21:44:43.813857,4300.00,reptiloid,0,0,0
2026-09-10 21:39:25.876083,7200.00,reptiloid,0,0,0
2026-09-10 21:38:37.627019,4500.00,card,0,0,0
2026-09-10 21:34:06.997141,4300.00,reptiloid,0,0,0
2026-09-10 21:26:34.01592,4300.00,card,0,0,0
2026-09-10 21:24:14.728744,4300.00,reptiloid,0,0,0
2026-09-10 21:21:13.842882,4300.00,reptiloid,0,0,0
2026-09-10 21:10:23.136338,4300.00,BALANCE,0,0,0
2026-09-10 20:59:51.438845,4300.00,card,0,0,0
2026-09-10 20:54:55.916978,4300.00,card,0,0,0
2026-09-10 20:51:37.613658,4300.00,reptiloid,0,0,0
2026-09-10 20:48:25.806947,4300.00,reptiloid,0,0,0
2026-09-10 20:45:33.366666,3300.00,reptiloid,0,0,0
2026-09-10 20:44:07.732207,4300.00,reptiloid,0,0,0
2026-09-10 20:37:31.053791,4300.00,card,0,0,0
2026-09-10 20:28:05.56132,0.00,BALANCE,0,0,0
2026-09-10 20:27:44.432,4300.00,reptiloid,0,0,0
2026-09-10 20:22:35.190616,3225.0000,USDT,0,0,42.888000
2026-09-10 20:20:12.313309,4300.00,card,0,0,0
2026-09-10 20:18:32.654802,10500.00,reptiloid,0,0,0
2026-09-10 20:13:25.169539,4300.00,reptiloid,0,0,0
2026-09-10 20:00:24.87238,4300.00,reptiloid,0,0,0
2026-09-10 19:53:58.215368,2100.00,reptiloid,0,0,0
2026-09-10 19:51:55.855085,1300.00,BALANCE,0,0,0
2026-09-10 19:45:40.420211,3300.00,reptiloid,0,0,0
2026-09-10 19:43:00.971109,7700.00,card,0,0,0
2026-09-10 19:40:14.515844,4300.00,reptiloid,0,0,0
2026-09-10 19:34:18.236003,4300.00,reptiloid,0,0,0
2026-09-10 19:28:32.080955,3225.0000,USDT,0,0,42.888000
2026-09-10 19:21:29.206341,7200.00,reptiloid,0,0,0
2026-09-10 19:17:53.101504,7200.00,BALANCE,0,0,0
2026-09-10 19:17:16.480344,4300.00,card,0,0,0
2026-09-10 19:09:07.294678,10500.00,BALANCE,0,0,0
2026-09-10 19:06:02.230003,0.00,BALANCE,0,0,0
2026-09-10 19:03:40.091629,1800.00,BALANCE,0,0,0
2026-09-10 19:00:39.307537,4300.00,merchant001,0,0,0
2026-09-10 19:00:27.441965,1300.00,BALANCE,0,0,0
2026-09-10 18:51:53.860996,4300.00,card,0,0,0
2026-09-10 18:50:17.82079,1900.00,BALANCE,0,0,0
2026-09-10 18:47:56.874652,4500.00,card,0,0,0
2026-09-10 18:44:10.846004,2250.00,BALANCE,0,0,0
2026-09-10 18:42:26.299136,4300.00,reptiloid,0,0,0
2026-09-10 18:29:46.152701,4500.00,card,0,0,0
2026-09-10 18:27:36.479709,1300.00,BALANCE,0,0,0
2026-09-10 18:25:24.606243,1300.00,BALANCE,0,0,0
2026-09-10 18:24:14.480452,4300.00,nirvana,0,0,0
2026-09-10 18:16:48.83054,7200.00,reptiloid,0,0,0
2026-09-10 18:15:45.694094,7200.00,reptiloid,0,0,0
2026-09-10 18:11:35.292377,4300.00,reptiloid,0,0,0
2026-09-10 18:10:22.275395,4300.00,reptiloid,0,0,0
2026-09-10 18:08:42.520947,3225.0000,USDT,0,0,42.888000
2026-09-10 18:06:47.166614,4300.00,card,0,0,0
2026-09-10 17:52:41.545524,4300.00,BALANCE,0,0,0
2026-09-10 17:51:09.916755,7200.00,card,0,0,0
2026-09-10 17:32:50.695056,4300.00,card,0,0,0
2026-09-10 17:25:29.203383,2100.00,reptiloid,0,0,0
2026-09-10 17:23:47.373503,1300.00,BALANCE,0,0,0
2026-09-10 17:19:11.356542,4500.00,reptiloid,0,0,0
2026-09-10 17:05:48.46122,4300.00,reptiloid,0,0,0
2026-09-10 16:54:54.771246,4300.00,reptiloid,0,0,0
2026-09-10 16:38:16.648616,4300.00,card,0,0,0
2026-09-10 16:32:40.350837,7200.00,reptiloid,0,0,0
2026-09-10 16:21:35.061097,7200.00,reptiloid,0,0,0
2026-09-10 16:15:28.526791,4300.00,reptiloid,0,0,0
2026-09-10 16:13:54.326694,4300.00,reptiloid,0,0,0
2026-09-10 16:10:20.994503,7200.00,reptiloid,0,0,0
2026-09-10 16:09:21.645391,3225.0000,USDT,0,0,42.888000
2026-09-10 16:05:43.509284,7200.00,reptiloid,0,0,0
2026-09-10 15:55:40.077598,4300.00,reptiloid,0,0,0
2026-09-10 15:54:16.613137,4300.00,reptiloid,0,0,0
2026-09-10 15:39:09.344042,4300.00,reptiloid,0,0,0
2026-09-10 15:36:46.992215,7200.00,merchant001,0,0,0
2026-09-10 15:34:45.612971,5700.00,BALANCE,0,0,0
2026-09-10 15:25:05.500498,4300.00,BALANCE,0,0,0
2026-09-10 15:24:18.261965,2400.00,reptiloid,0,0,0
2026-09-10 15:22:18.11415,7200.00,reptiloid,0,0,0
2026-09-10 15:19:32.790115,7200.00,reptiloid,0,0,0
2026-09-10 15:19:11.416845,7200.00,reptiloid,0,0,0
2026-09-10 15:00:04.636024,4300.00,reptiloid,0,0,0
2026-09-10 14:52:46.030865,2100.00,reptiloid,0,0,0
2026-09-10 14:49:27.167912,0.00,BALANCE,0,0,0
2026-09-10 14:45:50.844073,3300.00,BALANCE,0,0,0
2026-09-10 14:44:22.726954,3300.00,BALANCE,0,0,0
2026-09-10 14:18:51.555196,7200.00,reptiloid,0,0,0
2026-09-10 14:11:36.444323,4500.00,BALANCE,0,0,0
2026-09-10 14:01:22.401123,4300.00,BALANCE,0,0,0
2026-09-10 13:58:51.770767,4500.00,BALANCE,0,0,0
2026-09-10 13:55:08.67651,7200.00,reptiloid,0,0,0
2026-09-10 13:45:56.538698,4300.00,reptiloid,0,0,0
2026-09-10 13:33:46.950854,3500.00,merchant001,0,0,0
2026-09-10 13:25:47.159171,10500.00,reptiloid,0,0,0
2026-09-10 13:18:14.511471,7200.00,reptiloid,0,0,0
2026-09-10 13:17:08.755624,7200.00,card,0,0,0
2026-09-10 13:05:39.197129,4300.00,card,0,0,0
2026-09-10 12:58:42.115979,3500.00,merchant001,0,0,0
2026-09-10 12:54:39.305864,7200.00,card,0,0,0
2026-09-10 12:36:47.093383,7200.00,reptiloid,0,0,0
2026-09-10 11:52:03.749241,3300.00,BALANCE,0,0,0
2026-09-10 11:47:23.261719,4300.00,reptiloid,0,0,0
2026-09-10 10:43:14.566181,4300.00,reptiloid,0,0,0
2026-09-10 10:31:03.88057,7200.00,merchant001,0,0,0
2026-09-10 10:26:35.254065,7200.00,reptiloid,0,0,0
2026-09-10 10:02:43.799971,7200.00,reptiloid,0,0,0
2026-09-10 09:58:02.043819,7200.00,merchant001,0,0,0
2026-09-10 09:43:52.292766,7200.00,reptiloid,0,0,0
2026-09-10 09:39:41.000785,2100.00,reptiloid,0,0,0
2026-09-10 08:55:04.506817,7200.00,BALANCE,0,0,0
2026-09-10 07:20:43.421341,3375.0000,USDT,0,0,44.883000
2026-09-10 06:22:50.292709,7200.00,reptiloid,0,0,0
2026-09-10 06:19:28.632798,7200.00,reptiloid,0,0,0
2026-09-10 06:01:09.486925,7200.00,reptiloid,0,0,0
2026-09-10 05:08:59.907715,4300.00,merchant001,0,0,0
2026-09-10 01:51:53.17365,7700.00,reptiloid,0,0,0
2026-09-10 01:28:32.410683,4500.00,BALANCE,0,0,0
2026-09-10 00:12:04.69238,16200.00,BALANCE,0,0,0
2026-09-09 23:57:30.076611,0.00,BALANCE,0,0,0
2026-09-09 23:56:50.497015,7200.00,reptiloid,0,0,0
2026-09-09 23:27:55.627397,3300.00,reptiloid,0,0,0
2026-09-09 23:09:58.146185,4500.00,merchant001,0,0,0
2026-09-09 22:51:17.72342,500.00,BALANCE,0,0,0
2026-09-09 22:19:03.049664,7200.00,reptiloid,0,0,0
2026-09-09 21:50:23.601807,7200.00,reptiloid,0,0,0
2026-09-09 21:44:40.607102,4200.00,BALANCE,0,0,0
2026-09-09 21:39:36.645096,3200.00,BALANCE,0,0,0
2026-09-09 21:32:28.483413,7200.00,reptiloid,0,0,0
2026-09-09 21:31:18.791272,3200.00,reptiloid,0,0,0
2026-09-09 20:46:29.066773,7200.00,reptiloid,0,0,0
2026-09-09 20:45:05.835702,7200.00,reptiloid,0,0,0
2026-09-09 20:14:19.090032,4300.00,reptiloid,0,0,0
2026-09-09 20:07:57.060713,1400.00,BALANCE,0,0,0
2026-09-09 20:04:30.06549,4500.00,reptiloid,0,0,0
2026-09-09 20:03:16.735638,1900.00,reptiloid,0,0,0
2026-09-09 19:57:44.884486,1300.00,BALANCE,0,0,0
2026-09-09 19:48:48.131111,1400.00,BALANCE,0,0,0
2026-09-09 19:19:23.676586,3200.00,reptiloid,0,0,0
2026-09-09 19:06:37.229695,1900.00,reptiloid,0,0,0
2026-09-09 18:51:05.50708,7200.00,reptiloid,0,0,0
2026-09-09 18:49:28.258891,4300.00,reptiloid,0,0,0
2026-09-09 18:37:21.561679,7200.00,BALANCE,0,0,0
2026-09-09 18:21:37.2277,4200.00,BALANCE,0,0,0
2026-09-09 18:14:13.025523,3200.00,merchant001,0,0,0
2026-09-09 18:09:26.069826,7200.00,reptiloid,0,0,0
2026-09-09 18:04:34.940802,3300.00,BALANCE,0,0,0
2026-09-09 17:42:32.087414,7200.00,card,0,0,0
2026-09-09 17:40:39.094353,4300.00,merchant001,0,0,0
2026-09-09 17:37:57.7046,1000.00,BALANCE,0,0,0
2026-09-09 17:32:59.846816,7200.00,reptiloid,0,0,0
2026-09-09 17:24:24.575911,7200.00,BALANCE,0,0,0
2026-09-09 17:21:28.203069,4300.00,reptiloid,0,0,0
2026-09-09 17:04:49.406898,4300.00,reptiloid,0,0,0
2026-09-09 16:38:31.422861,2500.00,BALANCE,0,0,0
2026-09-09 16:27:14.969395,4300.00,merchant001,0,0,0
2026-09-09 16:25:52.317735,7200.00,card,0,0,0
2026-09-09 16:24:20.462186,3200.00,reptiloid,0,0,0
2026-09-09 16:21:21.330242,2400.00,card,0,0,0
2026-09-09 15:55:55.205525,1900.00,card,0,0,0
2026-09-09 15:29:35.418834,4300.00,reptiloid,0,0,0
2026-09-09 15:29:08.156388,5700.00,BALANCE,0,0,0
2026-09-09 15:27:48.710813,3200.00,transa,0,0,0
2026-09-09 15:18:13.678155,4300.00,reptiloid,0,0,0
2026-09-09 14:57:13.374497,7200.00,merchant001,0,0,0
2026-09-09 14:45:35.136374,3225.0000,USDT,0,0,42.888000
2026-09-09 14:35:02.164015,4300.00,reptiloid,0,0,0
2026-09-09 14:33:41.583336,7700.00,card,0,0,0
2026-09-09 14:18:12.204204,4300.00,reptiloid,0,0,0
2026-09-09 14:12:17.155855,1900.00,reptiloid,0,0,0
2026-09-09 14:08:57.38637,4300.00,reptiloid,0,0,0
2026-09-09 14:06:36.663718,4200.00,BALANCE,0,0,0
2026-09-09 13:59:18.986246,7200.00,reptiloid,0,0,0
2026-09-09 13:37:58.82172,0.00,BALANCE,0,0,0
2026-09-09 13:24:33.998345,4300.00,reptiloid,0,0,0
2026-09-09 13:23:55.453166,7200.00,BALANCE,0,0,0
2026-09-09 13:17:09.676935,4300.00,reptiloid,0,0,0
2026-09-09 13:15:43.696638,7200.00,reptiloid,0,0,0
2026-09-09 13:09:19.832007,7200.00,reptiloid,0,0,0
2026-09-09 12:58:47.197387,3000.00,card,0,0,0
2026-09-09 12:49:14.745721,3000.00,BALANCE,0,0,0
2026-09-09 12:43:08.450801,4300.00,reptiloid,0,0,0
2026-09-09 12:41:54.550019,3200.00,BALANCE,0,0,0
2026-09-09 12:16:52.957624,7200.00,reptiloid,0,0,0
2026-09-09 12:09:00.51982,4300.00,card,0,0,0
2026-09-09 12:07:54.515667,4300.00,reptiloid,0,0,0
2026-09-09 11:59:45.274864,4200.00,BALANCE,0,0,0
2026-09-09 11:19:51.74443,7200.00,reptiloid,0,0,0
2026-09-09 11:00:43.679312,7200.00,reptiloid,0,0,0
2026-09-09 10:14:25.198205,7200.00,reptiloid,0,0,0
2026-09-09 08:53:34.573401,1900.00,reptiloid,0,0,0
2026-09-09 08:43:18.417352,7200.00,reptiloid,0,0,0
2026-09-09 08:34:02.223198,1900.00,reptiloid,0,0,0
2026-09-09 08:31:46.214705,3200.00,reptiloid,0,0,0
2026-09-09 03:23:11.525114,10500.00,merchant001,0,0,0
2026-09-09 02:39:05.325406,4300.00,reptiloid,0,0,0
2026-09-09 02:38:39.383168,1300.00,BALANCE,0,0,0
2026-09-09 02:25:26.11825,4300.00,merchant001,0,0,0
2026-09-09 02:24:10.988773,3200.00,reptiloid,0,0,0
2026-09-09 01:41:27.36276,7200.00,reptiloid,0,0,0
2026-09-09 01:32:11.347736,1900.00,merchant001,0,0,0
2026-09-09 01:14:40.329902,3200.00,reptiloid,0,0,0
2026-09-09 01:10:20.50068,0.00,BALANCE,0,0,0
2026-09-09 00:48:33.176279,4300.00,card,0,0,0
2026-09-09 00:45:06.99315,4300.00,reptiloid,0,0,0
2026-09-09 00:39:44.582459,3200.00,reptiloid,0,0,0
2026-09-09 00:28:38.284641,7700.00,card,0,0,0
2026-09-09 00:04:02.672458,3000.00,card,0,0,0
2026-09-09 00:03:23.488791,3200.00,transa,0,0,0
2026-09-08 23:44:47.250164,7200.00,merchant001,0,0,0
2026-09-08 23:38:42.05848,4300.00,reptiloid,0,0,0
2026-09-08 23:25:08.37375,7700.00,reptiloid,0,0,0
2026-09-08 23:03:52.625103,7200.00,card,0,0,0
2026-09-08 22:37:31.197707,3200.00,reptiloid,0,0,0
2026-09-08 22:31:29.835856,3200.00,merchant001,0,0,0
2026-09-08 22:15:49.424046,7200.00,reptiloid,0,0,0
2026-09-08 22:14:59.683854,4200.00,BALANCE,0,0,0
2026-09-08 21:58:45.22741,7200.00,reptiloid,0,0,0
2026-09-08 21:51:44.170353,3000.00,BALANCE,0,0,0
2026-09-08 21:47:46.141133,3000.00,BALANCE,0,0,0
2026-09-08 21:43:11.241835,3000.00,BALANCE,0,0,0
2026-09-08 21:41:06.451023,3000.00,BALANCE,0,0,0
2026-09-08 21:37:29.880813,3000.00,BALANCE,0,0,0
2026-09-08 21:19:25.891774,7200.00,reptiloid,0,0,0
2026-09-08 21:16:17.474673,4200.00,BALANCE,0,0,0
2026-09-08 21:08:36.67163,1900.00,merchant001,0,0,0
2026-09-08 20:56:06.665394,0.00,BALANCE,0,0,0
2026-09-08 20:49:40.562141,10500.00,reptiloid,0,0,0
2026-09-08 20:32:30.250536,1800.00,BALANCE,0,0,0
2026-09-08 20:15:07.080199,7200.00,reptiloid,0,0,0
2026-09-08 20:10:48.743748,3000.00,reptiloid,0,0,0
2026-09-08 20:07:37.720323,7200.00,reptiloid,0,0,0
2026-09-08 20:02:36.049487,1900.00,reptiloid,0,0,0
2026-09-08 20:01:14.11931,7200.00,reptiloid,0,0,0
2026-09-08 19:57:45.402115,5400.0000,USDT,0,0,71.813000
2026-09-08 19:54:37.743198,7200.00,reptiloid,0,0,0
2026-09-08 19:54:15.462859,0.00,BALANCE,0,0,0
2026-09-08 19:52:35.445314,3000.00,reptiloid,0,0,0
2026-09-08 19:49:47.93363,4300.00,BALANCE,0,0,0
2026-09-08 19:45:48.407419,3000.00,card,0,0,0
2026-09-08 19:36:52.852392,3200.00,reptiloid,0,0,0
2026-09-08 19:36:46.115566,3000.00,card,0,0,0
2026-09-08 19:28:42.129716,4300.00,reptiloid,0,0,0
2026-09-08 18:56:42.233193,1900.00,reptiloid,0,0,0
2026-09-08 18:51:28.436268,7200.00,merchant001,0,0,0
2026-09-08 18:49:17.981738,5850.00,BALANCE,0,0,0
2026-09-08 18:45:34.539359,7700.00,BALANCE,0,0,0
2026-09-08 18:45:34.48899,3200.00,reptiloid,0,0,0
2026-09-08 18:45:27.402881,0.00,BALANCE,0,0,0
2026-09-08 18:42:42.235534,4300.00,reptiloid,0,0,0
2026-09-08 18:41:24.855693,3000.00,card,0,0,0
2026-09-08 18:24:26.541624,1300.00,BALANCE,0,0,0
2026-09-08 18:24:06.10473,7200.00,reptiloid,0,0,0
2026-09-08 18:17:39.54669,7200.00,reptiloid,0,0,0
2026-09-08 18:06:32.427344,4300.00,reptiloid,0,0,0
2026-09-08 17:57:32.839606,3000.00,reptiloid,0,0,0
2026-09-08 17:51:53.911578,4300.00,reptiloid,0,0,0
2026-09-08 17:45:24.627955,7700.00,card,0,0,0
2026-09-08 17:40:25.821629,4300.00,reptiloid,0,0,0
2026-09-08 17:40:17.394782,10500.00,reptiloid,0,0,0
2026-09-08 17:37:11.545704,6700.00,BALANCE,0,0,0
2026-09-08 16:42:27.862739,4300.00,reptiloid,0,0,0
2026-09-08 16:18:09.497978,7200.00,reptiloid,0,0,0
2026-09-08 16:10:45.381759,3000.00,reptiloid,0,0,0
2026-09-08 15:59:32.196706,4300.00,card,0,0,0
2026-09-08 15:56:37.593228,2300.00,BALANCE,0,0,0
2026-09-08 15:56:12.299973,4300.00,reptiloid,0,0,0
2026-09-08 15:53:42.651411,1900.00,reptiloid,0,0,0
2026-09-08 15:44:13.43124,0.00,BALANCE,0,0,0
2026-09-08 15:32:25.145171,4300.00,reptiloid,0,0,0
2026-09-08 15:19:56.651842,4300.00,reptiloid,0,0,0
2026-09-08 15:18:45.695115,3000.00,nirvana,0,0,0
2026-09-08 15:14:37.261348,7200.00,reptiloid,0,0,0
2026-09-08 15:13:47.83175,1900.00,reptiloid,0,0,0
2026-09-08 15:12:43.051049,10500.00,BALANCE,0,0,0
2026-09-08 15:07:14.667522,7200.00,reptiloid,0,0,0
2026-09-08 15:04:55.560085,7500.00,BALANCE,0,0,0
2026-09-08 15:01:55.047359,4200.00,BALANCE,0,0,0
2026-09-08 14:49:21.922118,1900.00,BALANCE,0,0,0
2026-09-08 14:41:13.57911,4300.00,BALANCE,0,0,0
2026-09-08 14:40:19.252164,4300.00,BALANCE,0,0,0
2026-09-08 14:22:13.214539,7200.00,BALANCE,0,0,0
2026-09-08 14:18:38.183264,3000.00,reptiloid,0,0,0
2026-09-08 14:14:17.068555,7200.00,reptiloid,0,0,0
2026-09-08 14:10:35.371452,3000.00,reptiloid,0,0,0
2026-09-08 14:05:22.925514,2300.00,BALANCE,0,0,0
2026-09-08 13:41:50.983477,3200.00,reptiloid,0,0,0
2026-09-08 13:01:27.621464,4300.00,card,0,0,0
2026-09-08 13:00:48.621146,3000.00,card,0,0,0
2026-09-08 12:57:55.884557,3000.00,card,0,0,0
2026-09-08 12:54:47.085583,1900.00,reptiloid,0,0,0
2026-09-08 12:54:03.895232,0.00,BALANCE,0,0,0
2026-09-08 12:50:22.669156,7700.00,card,0,0,0
2026-09-08 12:45:54.06716,10500.00,reptiloid,0,0,0
2026-09-08 12:31:19.443471,4300.00,card,0,0,0
2026-09-08 12:21:58.099792,3200.00,transa,0,0,0
2026-09-08 12:12:34.453547,4300.00,BALANCE,0,0,0
2026-09-08 12:03:11.401744,7200.00,reptiloid,0,0,0
2026-09-08 11:42:16.509523,7200.00,card,0,0,0
2026-09-08 11:32:48.231986,1600.00,BALANCE,0,0,0
2026-09-08 10:26:37.892879,4300.00,merchant001,0,0,0
2026-09-08 10:19:23.689425,7700.00,reptiloid,0,0,0
2026-09-08 09:33:56.655164,1900.00,reptiloid,0,0,0
2026-09-08 09:26:32.199556,10500.00,BALANCE,0,0,0
2026-09-08 09:24:36.763752,4300.00,BALANCE,0,0,0
2026-09-08 08:42:36.65379,7200.00,reptiloid,0,0,0
2026-09-08 06:35:53.709386,1300.00,BALANCE,0,0,0
2026-09-08 06:00:46.910904,4300.00,card,0,0,0
2026-09-08 05:16:58.703633,10500.00,BALANCE,0,0,0
2026-09-08 04:31:17.480598,4300.00,card,0,0,0
2026-09-08 04:12:01.171142,7200.00,reptiloid,0,0,0
2026-09-08 04:07:47.782407,7700.00,card,0,0,0
2026-09-08 02:47:52.81395,3200.00,reptiloid,0,0,0
2026-09-08 02:43:11.085501,4300.00,card,0,0,0
2026-09-08 02:25:17.617038,3200.00,reptiloid,0,0,0
2026-09-08 02:06:49.640818,7200.00,reptiloid,0,0,0
2026-09-08 01:58:54.597866,1900.00,reptiloid,0,0,0
2026-09-08 01:39:28.691662,4300.00,reptiloid,0,0,0
2026-09-08 01:24:22.147081,4300.00,card,0,0,0
2026-09-08 01:03:04.775771,7200.00,merchant001,0,0,0
2026-09-08 00:58:18.12334,7200.00,reptiloid,0,0,0
2026-09-08 00:45:46.411654,1900.00,card,0,0,0
2026-09-08 00:44:23.717597,3225.0000,USDT,0,0,42.888000
2026-09-08 00:19:57.417498,10500.00,merchant001,0,0,0
2026-09-07 23:59:49.961433,10500.00,BALANCE,0,0,0
2026-09-07 23:56:42.979023,7200.00,BALANCE,0,0,0
2026-09-07 23:42:52.573273,3200.00,BALANCE,0,0,0
2026-09-07 23:37:46.055218,4300.00,reptiloid,0,0,0
2026-09-07 23:14:29.699013,4300.00,reptiloid,0,0,0
2026-09-07 23:03:03.255086,4300.00,card,0,0,0
2026-09-07 22:58:22.476881,1900.00,reptiloid,0,0,0
2026-09-07 22:47:41.089178,4300.00,nirvana,0,0,0
2026-09-07 22:18:24.886009,7200.00,card,0,0,0
2026-09-07 22:06:57.741037,4300.00,merchant001,0,0,0
2026-09-07 22:05:35.134603,3200.00,reptiloid,0,0,0
2026-09-07 21:58:46.009343,4300.00,reptiloid,0,0,0
2026-09-07 21:57:05.28692,7200.00,reptiloid,0,0,0
2026-09-07 21:56:25.722322,7200.00,reptiloid,0,0,0
2026-09-07 21:52:21.182393,7200.00,reptiloid,0,0,0
2026-09-07 21:39:11.148914,3200.00,merchant001,0,0,0
2026-09-07 21:26:47.172885,7200.00,reptiloid,0,0,0
2026-09-07 20:49:04.002939,7200.00,merchant001,0,0,0
2026-09-07 20:45:19.53049,6700.00,BALANCE,0,0,0
2026-09-07 20:40:37.585019,0.00,BALANCE,0,0,0
2026-09-07 20:37:42.743198,7700.00,BALANCE,0,0,0
2026-09-07 20:35:18.082606,3200.00,BALANCE,0,0,0
2026-09-07 20:29:19.246559,0.00,BALANCE,0,0,0
2026-09-07 20:20:41.768709,4500.00,reptiloid,0,0,0
2026-09-07 20:15:04.339264,4200.00,BALANCE,0,0,0
2026-09-07 20:05:25.156591,7200.00,reptiloid,0,0,0
2026-09-07 20:02:32.312177,7200.00,reptiloid,0,0,0
2026-09-07 19:52:13.127005,7200.00,reptiloid,0,0,0
2026-09-07 19:51:50.036667,7200.00,reptiloid,0,0,0
2026-09-07 19:46:13.494826,4300.00,transa,0,0,0
2026-09-07 19:38:48.992806,7200.00,reptiloid,0,0,0
2026-09-07 19:15:56.150886,5400.0000,USDT,0,0,71.813000
2026-09-07 18:53:48.407539,7400.00,card,0,0,0
2026-09-07 18:50:32.814478,3200.00,merchant001,0,0,0
2026-09-07 18:45:29.937697,4200.00,BALANCE,0,0,0
2026-09-07 18:37:37.80753,5050.00,BALANCE,0,0,0
2026-09-07 18:32:54.736861,4700.00,BALANCE,0,0,0
2026-09-07 18:19:45.148952,7200.00,BALANCE,0,0,0
2026-09-07 18:18:30.076887,4300.00,BALANCE,0,0,0
2026-09-07 18:14:55.824597,4300.00,reptiloid,0,0,0
2026-09-07 18:12:04.651835,7200.00,merchant001,0,0,0
2026-09-07 17:46:22.557131,1300.00,BALANCE,0,0,0
2026-09-07 17:20:09.19561,4300.00,reptiloid,0,0,0
2026-09-07 17:17:41.847344,4300.00,card,0,0,0
2026-09-07 17:15:04.856193,1900.00,reptiloid,0,0,0
2026-09-07 17:14:04.328094,7400.00,card,0,0,0
2026-09-07 16:51:51.92751,7200.00,card,0,0,0
2026-09-07 16:39:38.758597,0.00,BALANCE,0,0,0
2026-09-07 16:31:28.467106,4300.00,reptiloid,0,0,0
2026-09-07 16:26:32.182323,900.00,BALANCE,0,0,0
2026-09-07 16:22:06.137325,7200.00,reptiloid,0,0,0
2026-09-07 16:20:59.640198,4300.00,card,0,0,0
2026-09-07 16:15:30.369262,4200.00,BALANCE,0,0,0
2026-09-07 15:58:59.637508,7200.00,card,0,0,0
2026-09-07 15:57:33.775642,1900.00,BALANCE,0,0,0
2026-09-07 15:55:35.530267,4300.00,reptiloid,0,0,0
2026-09-07 15:52:17.37327,3200.00,merchant001,0,0,0
2026-09-07 15:48:13.634398,4300.00,reptiloid,0,0,0
2026-09-07 15:46:16.876208,7200.00,reptiloid,0,0,0
2026-09-07 15:44:46.183833,7200.00,merchant001,0,0,0
2026-09-07 15:43:28.917049,7200.00,card,0,0,0
2026-09-07 15:38:51.234586,0.00,BALANCE,0,0,0
2026-09-07 15:36:06.096261,7200.00,reptiloid,0,0,0
2026-09-07 15:35:30.146882,2200.00,BALANCE,0,0,0
2026-09-07 15:35:13.683434,4300.00,card,0,0,0
2026-09-07 15:15:53.282776,3200.00,reptiloid,0,0,0
2026-09-07 15:14:27.048923,1300.00,BALANCE,0,0,0
2026-09-07 15:09:15.882772,1300.00,BALANCE,0,0,0
2026-09-07 15:02:45.161999,0.00,BALANCE,0,0,0
2026-09-07 14:49:54.733653,1900.00,reptiloid,0,0,0
2026-09-07 14:43:36.897018,7200.00,reptiloid,0,0,0
2026-09-07 14:35:51.771343,4300.00,reptiloid,0,0,0
2026-09-07 14:24:19.151055,900.00,BALANCE,0,0,0
2026-09-07 14:23:36.485586,0.00,BALANCE,0,0,0
2026-09-07 14:10:36.325307,7200.00,reptiloid,0,0,0
2026-09-07 14:09:14.343556,1300.00,BALANCE,0,0,0
2026-09-07 14:06:00.405261,1900.00,reptiloid,0,0,0
2026-09-07 13:57:27.041067,1900.00,BALANCE,0,0,0
2026-09-07 13:54:57.870718,7200.00,reptiloid,0,0,0
2026-09-07 13:54:50.535099,4300.00,BALANCE,0,0,0
2026-09-07 06:26:03.04253,4300.00,reptiloid,0,0,0
2026-09-07 06:16:41.461066,4300.00,reptiloid,0,0,0
2026-09-07 06:16:25.412624,0.00,BALANCE,0,0,0
2026-09-07 05:04:17.344852,4300.00,reptiloid,0,0,0
2026-09-07 04:50:57.92714,4300.00,reptiloid,0,0,0
2026-09-07 03:27:48.358595,7200.00,reptiloid,0,0,0
2026-09-07 03:19:06.569266,3225.0000,USDT,0,0,42.888000
2026-09-07 03:02:33.05847,3200.00,reptiloid,0,0,0
2026-09-07 02:34:18.687517,4300.00,BALANCE,0,0,0
2026-09-07 02:22:55.013753,3655.0000,LTC,0,0.90498454,0
2026-09-07 01:38:37.476823,1600.00,BALANCE,0,0,0
2026-09-07 01:37:08.538846,4300.00,reptiloid,0,0,0
2026-09-07 00:29:38.622942,4300.00,reptiloid,0,0,0
2026-09-07 00:28:38.088686,1300.00,BALANCE,0,0,0
2026-09-06 23:59:27.569311,7400.00,BALANCE,0,0,0
2026-09-06 23:59:09.732448,4300.00,card,0,0,0
2026-09-06 23:48:47.004136,7400.00,reptiloid,0,0,0
2026-09-06 23:39:18.797307,0.00,BALANCE,0,0,0
2026-09-06 23:31:14.765556,1300.00,BALANCE,0,0,0
2026-09-06 23:13:24.624854,4300.00,card,0,0,0
2026-09-06 22:51:39.647019,1500.00,BALANCE,0,0,0
2026-09-06 22:49:42.593736,4300.00,reptiloid,0,0,0
2026-09-06 22:47:37.229362,3000.00,reptiloid,0,0,0
2026-09-06 22:09:46.61083,4300.00,reptiloid,0,0,0
2026-09-06 22:09:42.565319,3200.00,reptiloid,0,0,0
2026-09-06 22:01:14.622781,4300.00,transa,0,0,0
2026-09-06 21:57:45.851785,4300.00,card,0,0,0
2026-09-06 21:55:52.818643,7200.00,card,0,0,0
2026-09-06 21:46:29.451664,4300.00,reptiloid,0,0,0
2026-09-06 21:07:59.574362,7200.00,reptiloid,0,0,0
2026-09-06 21:06:19.631312,1900.00,reptiloid,0,0,0
2026-09-06 21:04:36.845372,4300.00,card,0,0,0
2026-09-06 20:55:34.943825,4300.00,transa,0,0,0
2026-09-06 20:42:04.371364,1900.00,reptiloid,0,0,0
2026-09-06 20:10:50.796378,7200.00,reptiloid,0,0,0
2026-09-06 19:56:30.199819,4300.00,reptiloid,0,0,0
2026-09-06 19:53:53.157341,4300.00,reptiloid,0,0,0
2026-09-06 19:39:45.583341,7200.00,reptiloid,0,0,0
2026-09-06 19:31:29.315508,3200.00,BALANCE,0,0,0
2026-09-06 19:26:12.163862,3200.00,BALANCE,0,0,0
2026-09-06 19:21:07.2351,4300.00,reptiloid,0,0,0
2026-09-06 19:18:22.977002,0.00,BALANCE,0,0,0
2026-09-06 19:17:17.287464,7200.00,reptiloid,0,0,0
2026-09-06 19:13:12.79717,3200.00,BALANCE,0,0,0
2026-09-06 19:07:40.523823,7200.00,reptiloid,0,0,0
2026-09-06 19:02:00.970138,1900.00,card,0,0,0
2026-09-06 18:48:50.771742,100.00,BALANCE,0,0,0
2026-09-06 18:36:30.756026,4300.00,reptiloid,0,0,0
2026-09-06 18:28:34.011361,3655.0000,LTC,0,0.91566282,0
2026-09-06 18:24:56.980783,7200.00,BALANCE,0,0,0
2026-09-06 18:19:19.586374,1900.00,reptiloid,0,0,0
2026-09-06 18:18:20.497331,7200.00,BALANCE,0,0,0
2026-09-06 17:55:37.293941,7200.00,reptiloid,0,0,0
2026-09-06 17:51:15.678207,2900.00,BALANCE,0,0,0
2026-09-06 17:49:10.272265,1900.00,nirvana,0,0,0
2026-09-06 17:35:18.697236,1300.00,BALANCE,0,0,0
2026-09-06 17:23:25.180571,4300.00,reptiloid,0,0,0
2026-09-06 17:17:53.323339,3200.00,reptiloid,0,0,0
2026-09-06 17:14:27.05825,7200.00,reptiloid,0,0,0
2026-09-06 17:13:12.478034,0.00,BALANCE,0,0,0
2026-09-06 17:08:14.352201,1300.00,BALANCE,0,0,0
2026-09-06 16:24:16.408426,7200.00,reptiloid,0,0,0
2026-09-06 16:23:53.319587,7400.00,reptiloid,0,0,0
2026-09-06 16:22:02.804869,3200.00,reptiloid,0,0,0
2026-09-06 15:33:05.675797,4300.00,reptiloid,0,0,0
2026-09-06 15:32:50.023971,4300.00,merchant001,0,0,0
2026-09-06 15:19:29.717175,4300.00,reptiloid,0,0,0
2026-09-06 15:18:10.07961,3200.00,reptiloid,0,0,0
2026-09-06 15:09:12.761246,4300.00,reptiloid,0,0,0
2026-09-06 15:05:09.757948,7200.00,reptiloid,0,0,0
2026-09-06 14:57:09.931203,7200.00,reptiloid,0,0,0
2026-09-06 14:53:27.023518,3200.00,reptiloid,0,0,0
2026-09-06 14:37:09.125841,0.00,BALANCE,0,0,0
2026-09-06 14:33:27.418323,7200.00,reptiloid,0,0,0
2026-09-06 14:23:54.620861,4300.00,reptiloid,0,0,0
2026-09-06 14:10:22.750778,3000.00,reptiloid,0,0,0
2026-09-06 14:07:13.671218,3200.00,reptiloid,0,0,0
2026-09-06 13:49:59.338155,1900.00,reptiloid,0,0,0
2026-09-06 13:47:40.600178,4300.00,BALANCE,0,0,0
2026-09-06 13:24:25.134682,300.00,BALANCE,0,0,0
2026-09-06 13:21:51.147996,4700.00,BALANCE,0,0,0
2026-09-06 13:20:13.119508,3200.00,BALANCE,0,0,0
2026-09-06 13:14:09.158274,4300.00,BALANCE,0,0,0
2026-09-06 13:11:48.298913,4300.00,BALANCE,0,0,0
2026-09-06 13:02:38.57644,7200.00,reptiloid,0,0,0
2026-09-06 12:51:41.386304,4300.00,reptiloid,0,0,0
2026-09-06 12:39:27.282077,1900.00,card,0,0,0
2026-09-06 12:33:05.879177,7700.00,card,0,0,0
2026-09-06 12:26:28.267042,7200.00,BALANCE,0,0,0
2026-09-06 12:25:34.215715,7700.00,BALANCE,0,0,0
2026-09-06 12:23:31.328848,5400.0000,USDT,0,0,71.813000
2026-09-06 12:23:24.577043,4300.00,card,0,0,0
2026-09-06 12:19:49.335446,3000.00,reptiloid,0,0,0
2026-09-06 12:00:47.445476,3200.00,reptiloid,0,0,0
2026-09-06 11:00:23.364907,3200.00,reptiloid,0,0,0
2026-09-06 10:38:52.288354,7200.00,BALANCE,0,0,0
2026-09-06 09:53:44.327969,5400.0000,USDT,0,0,71.813000
2026-09-06 09:45:53.931649,4300.00,BALANCE,0,0,0
2026-09-06 08:55:39.942576,0.00,BALANCE,0,0,0
2026-09-06 08:32:00.088811,4300.00,reptiloid,0,0,0
2026-09-06 07:41:23.439835,4300.00,reptiloid,0,0,0
2026-09-06 07:27:54.538635,7200.00,reptiloid,0,0,0
2026-09-06 06:39:17.013194,7700.00,merchant001,0,0,0
2026-09-06 06:22:42.510581,4300.00,reptiloid,0,0,0
2026-09-06 06:13:10.31493,4300.00,reptiloid,0,0,0
2026-09-06 05:46:47.273852,7200.00,reptiloid,0,0,0
2026-09-06 05:16:51.110353,2500.00,BALANCE,0,0,0
2026-09-06 04:56:36.720387,0.00,BALANCE,0,0,0
2026-09-06 03:54:13.66162,1900.00,reptiloid,0,0,0
2026-09-06 03:29:56.115439,0.00,BALANCE,0,0,0
2026-09-06 03:29:12.803888,4300.00,reptiloid,0,0,0
2026-09-06 02:23:34.955249,4300.00,reptiloid,0,0,0
2026-09-06 02:22:09.248363,4300.00,BALANCE,0,0,0
2026-09-06 01:50:51.245866,3200.00,BALANCE,0,0,0
2026-09-06 01:48:00.828152,4300.00,merchant001,0,0,0
2026-09-06 01:47:56.277755,2400.00,reptiloid,0,0,0
2026-09-06 01:46:13.323835,3200.00,BALANCE,0,0,0
2026-09-06 01:44:18.074501,3200.00,reptiloid,0,0,0
2026-09-06 01:31:36.217637,0.00,BALANCE,0,0,0
2026-09-06 01:16:25.547499,2300.00,BALANCE,0,0,0
2026-09-06 01:04:53.965759,0.00,BALANCE,0,0,0
2026-09-06 01:04:39.030531,0.00,BALANCE,0,0,0
2026-09-06 01:00:53.494912,1900.00,BALANCE,0,0,0
2026-09-06 00:42:16.662569,3225.0000,USDT,0,0,42.888000
2026-09-06 00:40:11.140194,200.00,BALANCE,0,0,0
2026-09-06 00:08:01.280922,3000.00,reptiloid,0,0,0
2026-09-05 23:57:43.312536,1900.00,reptiloid,0,0,0
2026-09-05 23:41:23.255526,4300.00,merchant001,0,0,0
2026-09-05 23:28:20.629397,7700.00,reptiloid,0,0,0
2026-09-05 23:17:50.349487,7200.00,reptiloid,0,0,0
2026-09-05 23:17:04.054363,4300.00,reptiloid,0,0,0
2026-09-05 23:12:27.87111,7200.00,reptiloid,0,0,0
2026-09-05 23:07:08.677941,4300.00,reptiloid,0,0,0
2026-09-05 23:05:12.619578,4300.00,reptiloid,0,0,0
2026-09-05 22:48:02.994831,7700.00,reptiloid,0,0,0
2026-09-05 22:44:37.973504,2550.0000,LTC,0,0.64317996,0
2026-09-05 22:42:27.842411,4300.00,reptiloid,0,0,0
2026-09-05 22:32:25.50527,7700.00,merchant001,0,0,0
2026-09-05 22:26:12.810243,4200.00,BALANCE,0,0,0
2026-09-05 22:18:11.321537,4000.00,BALANCE,0,0,0
2026-09-05 22:14:17.923011,4300.00,reptiloid,0,0,0
2026-09-05 22:10:19.629354,4300.00,reptiloid,0,0,0
2026-09-05 22:02:32.611812,0.00,BALANCE,0,0,0
2026-09-05 21:57:55.174995,1900.00,reptiloid,0,0,0
2026-09-05 21:57:11.280641,1300.00,BALANCE,0,0,0
2026-09-05 21:52:19.81895,7200.00,reptiloid,0,0,0
2026-09-05 21:29:14.85003,7200.00,reptiloid,0,0,0
2026-09-05 21:21:44.43777,4300.00,reptiloid,0,0,0
2026-09-05 21:10:45.799818,4300.00,reptiloid,0,0,0
2026-09-05 21:10:00.155332,1300.00,BALANCE,0,0,0
2026-09-05 21:08:34.088106,4300.00,reptiloid,0,0,0
2026-09-05 21:04:01.689809,4300.00,BALANCE,0,0,0
2026-09-05 20:41:29.098212,7200.00,transa,0,0,0
2026-09-05 20:24:34.065221,1900.00,BALANCE,0,0,0
2026-09-05 20:16:38.457004,1900.00,transa,0,0,0
2026-09-05 19:58:26.790774,7700.00,merchant001,0,0,0
2026-09-05 19:44:17.270906,1900.00,merchant001,0,0,0
2026-09-05 19:38:42.306677,3200.00,reptiloid,0,0,0
2026-09-05 19:35:37.627127,1900.00,card,0,0,0
2026-09-05 19:32:23.899991,7200.00,card,0,0,0
2026-09-05 19:26:04.093683,4300.00,reptiloid,0,0,0
2026-09-05 19:11:45.57059,1900.00,reptiloid,0,0,0
2026-09-05 18:56:05.864645,7200.00,reptiloid,0,0,0
2026-09-05 18:55:42.727019,4300.00,card,0,0,0
2026-09-05 18:53:15.645816,7200.00,reptiloid,0,0,0
2026-09-05 18:42:03.770964,3200.00,reptiloid,0,0,0
2026-09-05 18:39:52.862255,4300.00,reptiloid,0,0,0
2026-09-05 18:39:02.150065,4200.00,BALANCE,0,0,0
2026-09-05 18:07:31.95496,3200.00,merchant001,0,0,0
2026-09-05 18:06:54.450984,4300.00,reptiloid,0,0,0
2026-09-05 18:05:33.594516,4300.00,BALANCE,0,0,0
2026-09-05 17:56:05.53724,7200.00,reptiloid,0,0,0
2026-09-05 17:49:10.830043,7200.00,reptiloid,0,0,0
2026-09-05 17:47:01.684337,4300.00,reptiloid,0,0,0
2026-09-05 17:38:51.177744,4300.00,merchant001,0,0,0
2026-09-05 17:32:54.257887,4300.00,reptiloid,0,0,0
2026-09-05 17:28:33.17765,1300.00,BALANCE,0,0,0
2026-09-05 17:19:16.176272,3500.00,merchant001,0,0,0
2026-09-05 17:17:28.62869,4300.00,nirvana,0,0,0
2026-09-05 16:56:12.606972,2200.00,BALANCE,0,0,0
2026-09-05 16:37:33.972492,7200.00,merchant001,0,0,0
2026-09-05 16:08:52.325136,7200.00,reptiloid,0,0,0
2026-09-05 16:07:01.520749,4300.00,reptiloid,0,0,0
2026-09-05 15:59:54.499508,1300.00,BALANCE,0,0,0
2026-09-05 15:52:26.189186,4300.00,reptiloid,0,0,0
2026-09-05 15:52:07.832813,4300.00,card,0,0,0
2026-09-05 15:50:21.850381,1300.00,BALANCE,0,0,0
2026-09-05 15:49:39.962619,7200.00,reptiloid,0,0,0
2026-09-05 15:48:23.576968,4300.00,card,0,0,0
2026-09-05 15:44:03.823636,4300.00,reptiloid,0,0,0
2026-09-05 15:42:45.231408,7200.00,card,0,0,0
2026-09-05 15:31:19.273871,4300.00,reptiloid,0,0,0
2026-09-05 15:17:09.176033,7200.00,card,0,0,0
2026-09-05 15:10:12.073665,7200.00,reptiloid,0,0,0
2026-09-05 14:57:36.825388,3200.00,reptiloid,0,0,0
2026-09-05 14:47:34.214018,4300.00,reptiloid,0,0,0
2026-09-05 14:29:47.9708,4300.00,card,0,0,0
2026-09-05 14:19:11.847015,4300.00,reptiloid,0,0,0
2026-09-05 14:17:55.107567,0.00,BALANCE,0,0,0
2026-09-05 14:06:52.228099,16200.00,reptiloid,0,0,0
2026-09-05 13:58:02.045625,0.00,BALANCE,0,0,0
2026-09-05 13:57:38.089472,4300.00,reptiloid,0,0,0
2026-09-05 13:52:33.746429,4300.00,card,0,0,0
2026-09-05 13:47:44.871675,100.00,BALANCE,0,0,0
2026-09-05 13:43:14.966914,7200.00,reptiloid,0,0,0
2026-09-05 13:37:19.187821,4300.00,card,0,0,0
2026-09-05 13:34:42.61615,1900.00,card,0,0,0
2026-09-05 13:29:21.662197,7200.00,merchant001,0,0,0
2026-09-05 13:27:09.064112,4700.00,BALANCE,0,0,0
2026-09-05 13:19:17.57769,7400.00,BALANCE,0,0,0
2026-09-05 13:07:55.121532,7200.00,BALANCE,0,0,0
2026-09-05 13:05:34.310002,7400.00,reptiloid,0,0,0
2026-09-05 13:03:49.829761,7200.00,card,0,0,0
2026-09-05 12:58:41.259813,4300.00,reptiloid,0,0,0
2026-09-05 12:54:43.659129,4300.00,reptiloid,0,0,0
2026-09-05 12:49:51.782682,7200.00,reptiloid,0,0,0
2026-09-05 12:39:47.554775,2800.00,BALANCE,0,0,0
2026-09-05 12:25:24.805839,7200.00,reptiloid,0,0,0
2026-09-05 11:46:40.15404,1900.00,reptiloid,0,0,0
2026-09-05 11:22:00.218442,7200.00,reptiloid,0,0,0
2026-09-05 11:02:23.043953,3200.00,reptiloid,0,0,0
2026-09-05 10:51:18.075144,7200.00,reptiloid,0,0,0
2026-09-05 10:49:58.813096,4300.00,reptiloid,0,0,0
2026-09-05 10:44:00.083135,7200.00,BALANCE,0,0,0
2026-09-05 10:35:09.859642,1300.00,BALANCE,0,0,0
2026-09-05 10:26:46.208829,4300.00,BALANCE,0,0,0
2026-09-05 10:17:34.973325,4300.00,reptiloid,0,0,0
2026-09-05 09:54:35.229097,1900.00,nirvana,0,0,0
2026-09-05 09:38:20.913649,3200.00,nirvana,0,0,0
2026-09-05 09:35:17.999588,7200.00,merchant001,0,0,0
2026-09-05 09:02:43.074017,4300.00,merchant001,0,0,0
2026-09-05 08:33:45.042694,7200.00,reptiloid,0,0,0
2026-09-05 08:29:43.862406,4300.00,reptiloid,0,0,0
2026-09-05 07:52:50.080154,2500.00,BALANCE,0,0,0
2026-09-05 07:38:01.940227,3225.0000,USDT,0,0,42.888000
2026-09-05 07:03:32.500684,4300.00,reptiloid,0,0,0
2026-09-05 06:59:39.51498,4300.00,reptiloid,0,0,0
2026-09-05 06:35:41.97898,4300.00,BALANCE,0,0,0
2026-09-05 06:18:16.617672,4300.00,reptiloid,0,0,0
2026-09-05 06:01:06.207658,4300.00,merchant001,0,0,0
2026-09-05 05:33:45.803063,4300.00,reptiloid,0,0,0
2026-09-05 05:24:51.469852,3225.0000,USDT,0,0,42.888000
2026-09-05 04:59:08.241628,1900.00,reptiloid,0,0,0
2026-09-05 04:20:02.454322,4300.00,reptiloid,0,0,0
2026-09-05 03:55:26.292635,4300.00,reptiloid,0,0,0
2026-09-05 03:51:30.47987,1300.00,BALANCE,0,0,0
2026-09-05 03:51:17.332163,4300.00,reptiloid,0,0,0
2026-09-05 03:31:24.678193,3225.0000,USDT,0,0,42.888000
2026-09-05 02:37:24.264995,4300.00,reptiloid,0,0,0
2026-09-05 02:07:36.950554,1900.00,BALANCE,0,0,0
2026-09-05 01:06:39.229971,3200.00,reptiloid,0,0,0
2026-09-05 00:55:51.406337,4300.00,reptiloid,0,0,0
2026-09-05 00:44:50.91487,7400.00,BALANCE,0,0,0
2026-09-05 00:28:20.412351,1300.00,BALANCE,0,0,0
2026-09-05 00:11:21.140392,1300.00,BALANCE,0,0,0
2026-09-05 00:10:20.14546,7200.00,reptiloid,0,0,0
2026-09-05 00:00:19.927666,4300.00,card,0,0,0
2026-09-04 23:42:51.623005,1000.00,BALANCE,0,0,0
2026-09-04 23:29:12.438172,4300.00,reptiloid,0,0,0
2026-09-04 23:21:39.571588,4300.00,reptiloid,0,0,0
2026-09-04 22:57:12.304481,0.00,BALANCE,0,0,0
2026-09-04 22:55:32.222963,4300.00,reptiloid,0,0,0
2026-09-04 22:55:19.024959,4300.00,merchant001,0,0,0
2026-09-04 22:55:16.355638,0.00,BALANCE,0,0,0
2026-09-04 22:24:27.208155,4300.00,card,0,0,0
2026-09-04 22:14:51.735517,4300.00,reptiloid,0,0,0
2026-09-04 22:14:05.099653,4300.00,card,0,0,0
2026-09-04 22:11:34.329136,1300.00,BALANCE,0,0,0
2026-09-04 22:06:34.458231,4300.00,card,0,0,0
2026-09-04 21:58:25.131432,7200.00,reptiloid,0,0,0
2026-09-04 21:55:34.993303,10500.00,reptiloid,0,0,0
2026-09-04 21:55:08.710626,4200.00,BALANCE,0,0,0
2026-09-04 21:50:25.2639,3200.00,merchant001,0,0,0
2026-09-04 21:30:13.019152,4300.00,reptiloid,0,0,0
2026-09-04 21:29:38.106715,4300.00,card,0,0,0
2026-09-04 21:21:51.437936,3200.00,reptiloid,0,0,0
2026-09-04 21:19:46.631744,0.00,BALANCE,0,0,0
2026-09-04 21:17:33.126208,10500.00,reptiloid,0,0,0
2026-09-04 21:16:33.610219,7700.00,card,0,0,0
2026-09-04 21:13:39.44006,4300.00,card,0,0,0
2026-09-04 21:02:22.431103,4300.00,BALANCE,0,0,0
2026-09-04 20:51:29.542986,2970.00,BALANCE,0,0,0
2026-09-04 19:08:13.32094,7200.00,reptiloid,0,0,0
2026-09-04 19:01:20.702095,1300.00,BALANCE,0,0,0
2026-09-04 18:50:34.09171,7200.00,reptiloid,0,0,0
2026-09-04 18:38:25.678761,3200.00,reptiloid,0,0,0
2026-09-04 17:47:06.545412,0.00,BALANCE,0,0,0
2026-09-04 17:38:41.67674,7200.00,reptiloid,0,0,0
2026-09-04 17:29:44.831301,10500.00,BALANCE,0,0,0
2026-09-04 17:19:41.737593,4300.00,nirvana,0,0,0
2026-09-04 17:06:16.231989,7500.00,BALANCE,0,0,0
2026-09-04 16:59:41.729248,7200.00,reptiloid,0,0,0
2026-09-04 16:54:45.848036,7200.00,reptiloid,0,0,0
2026-09-04 16:51:09.510634,7200.00,reptiloid,0,0,0
2026-09-04 16:48:22.718326,7700.00,BALANCE,0,0,0
2026-09-04 16:44:07.670869,7200.00,reptiloid,0,0,0
2026-09-04 16:40:11.826076,4300.00,merchant001,0,0,0
2026-09-04 16:34:57.216169,0.00,BALANCE,0,0,0
2026-09-04 16:30:51.887525,4300.00,BALANCE,0,0,0
2026-09-04 16:24:07.76412,0.00,BALANCE,0,0,0
2026-09-04 16:10:23.124625,4300.00,reptiloid,0,0,0
2026-09-04 16:10:08.091771,7200.00,reptiloid,0,0,0
2026-09-04 15:59:28.824326,7200.00,reptiloid,0,0,0
2026-09-04 15:48:49.145254,4300.00,reptiloid,0,0,0
2026-09-04 15:44:06.813528,4300.00,reptiloid,0,0,0
2026-09-04 15:35:33.48597,4300.00,reptiloid,0,0,0
2026-09-04 15:28:09.69199,7200.00,BALANCE,0,0,0
2026-09-04 15:22:01.699147,7200.00,card,0,0,0
2026-09-04 15:16:51.064164,7700.00,reptiloid,0,0,0
2026-09-04 14:24:13.692177,4300.00,BALANCE,0,0,0
2026-09-04 14:20:24.394097,3200.00,merchant001,0,0,0
2026-09-04 14:19:06.596348,4300.00,card,0,0,0
2026-09-04 14:16:37.686151,4300.00,card,0,0,0
2026-09-04 14:14:07.354852,4300.00,reptiloid,0,0,0
2026-09-04 14:08:50.026274,4200.00,BALANCE,0,0,0
2026-09-04 14:07:05.156947,4300.00,reptiloid,0,0,0
2026-09-04 13:45:00.858549,4300.00,reptiloid,0,0,0
2026-09-04 13:44:16.692765,2200.00,BALANCE,0,0,0
2026-09-04 13:43:39.556657,3300.00,BALANCE,0,0,0
2026-09-04 13:37:16.467283,7400.00,BALANCE,0,0,0
2026-09-04 13:36:06.471777,4300.00,BALANCE,0,0,0
2026-09-04 13:20:56.295706,1900.00,card,0,0,0
2026-09-04 13:08:10.132927,7200.00,reptiloid,0,0,0
2026-09-04 13:04:41.406546,7400.00,BALANCE,0,0,0
2026-09-04 13:03:52.461621,3200.00,onlypays,0,0,0
2026-09-04 12:58:08.709071,4300.00,card,0,0,0
2026-09-04 12:48:48.647535,4200.00,BALANCE,0,0,0
2026-09-04 12:42:26.04281,4200.00,BALANCE,0,0,0
2026-09-04 12:39:47.876863,1900.00,reptiloid,0,0,0
2026-09-04 12:29:20.38177,4300.00,reptiloid,0,0,0
2026-09-04 12:20:42.087934,4300.00,card,0,0,0
2026-09-04 12:17:51.089324,3200.00,merchant001,0,0,0
2026-09-04 12:16:30.472506,7200.00,reptiloid,0,0,0
2026-09-04 12:05:39.798112,6200.00,BALANCE,0,0,0
2026-09-04 12:02:19.439897,7200.00,card,0,0,0
2026-09-04 11:30:58.842016,3200.00,reptiloid,0,0,0
2026-09-04 11:27:29.189064,7200.00,reptiloid,0,0,0
2026-09-04 11:11:54.530283,7200.00,card,0,0,0
2026-09-04 10:56:28.110729,7200.00,reptiloid,0,0,0
2026-09-04 10:25:42.811566,7200.00,reptiloid,0,0,0
2026-09-04 09:58:46.081824,4200.00,BALANCE,0,0,0
2026-09-04 09:16:29.922116,7200.00,reptiloid,0,0,0
2026-09-04 08:32:30.411625,4300.00,reptiloid,0,0,0
2026-09-04 08:27:29.130322,1300.00,BALANCE,0,0,0
2026-09-04 07:38:28.589482,1300.00,BALANCE,0,0,0
2026-09-04 07:11:16.630699,7200.00,BALANCE,0,0,0
2026-09-04 06:16:43.761724,4300.00,reptiloid,0,0,0
2026-09-04 05:35:23.992024,7400.00,BALANCE,0,0,0
2026-09-04 05:33:16.030087,7400.00,BALANCE,0,0,0
2026-09-04 05:08:47.984962,4300.00,reptiloid,0,0,0
2026-09-04 02:49:17.428357,4300.00,reptiloid,0,0,0
2026-09-04 02:46:28.180861,4300.00,card,0,0,0
2026-09-04 02:30:55.232065,7400.00,reptiloid,0,0,0
2026-09-04 01:53:45.380902,4300.00,reptiloid,0,0,0
2026-09-04 01:48:49.711767,7200.00,reptiloid,0,0,0
2026-09-04 01:31:47.562489,3655.0000,LTC,0,1.00153554,0
2026-09-04 01:28:50.83286,4300.00,BALANCE,0,0,0
2026-09-04 01:04:40.408539,4300.00,reptiloid,0,0,0
2026-09-04 00:55:25.942515,7400.00,BALANCE,0,0,0
2026-09-04 00:50:22.025494,3800.00,BALANCE,0,0,0
2026-09-04 00:36:04.056425,4300.00,reptiloid,0,0,0
2026-09-04 00:27:37.703735,1300.00,BALANCE,0,0,0
2026-09-04 00:22:14.839891,4300.00,reptiloid,0,0,0
2026-09-04 00:13:20.290139,4300.00,reptiloid,0,0,0
2026-09-04 00:11:31.256519,1900.00,reptiloid,0,0,0
2026-09-03 23:19:17.465004,10500.00,BALANCE,0,0,0
2026-09-03 23:04:23.010251,7200.00,reptiloid,0,0,0
2026-09-03 22:54:31.860398,4500.00,reptiloid,0,0,0
2026-09-03 22:47:24.97344,4500.00,card,0,0,0
2026-09-03 22:37:03.068164,3200.00,reptiloid,0,0,0
2026-09-03 22:20:51.936488,7200.00,reptiloid,0,0,0
2026-09-03 22:18:56.788337,0.00,BALANCE,0,0,0
2026-09-03 22:14:30.612111,4300.00,card,0,0,0
2026-09-03 22:14:13.269949,3225.0000,USDT,0,0,42.888000
2026-09-03 22:11:28.342123,4300.00,reptiloid,0,0,0
2026-09-03 22:06:16.785913,4300.00,BALANCE,0,0,0
2026-09-03 21:50:21.235176,4300.00,reptiloid,0,0,0
2026-09-03 21:48:39.72204,4300.00,card,0,0,0
2026-09-03 21:48:27.104245,1900.00,reptiloid,0,0,0
2026-09-03 21:37:40.383737,7200.00,reptiloid,0,0,0
2026-09-03 21:33:39.369571,4300.00,reptiloid,0,0,0
2026-09-03 21:30:58.339989,4300.00,card,0,0,0
2026-09-03 21:26:45.446141,3225.0000,USDT,0,0,42.888000
2026-09-03 21:12:13.975683,4500.00,BALANCE,0,0,0
2026-09-03 21:10:06.147417,4300.00,BALANCE,0,0,0
2026-09-03 21:05:47.068352,0.00,BALANCE,0,0,0
2026-09-03 21:02:46.070089,4300.00,reptiloid,0,0,0
2026-09-03 20:56:08.869583,4300.00,reptiloid,0,0,0
2026-09-03 20:51:34.846797,4300.00,card,0,0,0
2026-09-03 20:42:58.09371,4500.00,card,0,0,0
2026-09-03 20:42:00.940196,4300.00,merchant001,0,0,0
2026-09-03 20:22:20.401092,4300.00,card,0,0,0
2026-09-03 20:21:34.733389,2150.00,BALANCE,0,0,0
2026-09-03 20:08:48.759324,4300.00,card,0,0,0
2026-09-03 19:54:47.204993,4300.00,card,0,0,0
2026-09-03 19:49:29.109759,10500.00,reptiloid,0,0,0
2026-09-03 19:36:03.641112,4300.00,reptiloid,0,0,0
2026-09-03 19:20:14.062019,10500.00,reptiloid,0,0,0
2026-09-03 19:18:52.356686,4300.00,reptiloid,0,0,0
2026-09-03 19:14:16.322928,1400.00,BALANCE,0,0,0
2026-09-03 19:13:21.357442,4300.00,reptiloid,0,0,0
2026-09-03 18:46:17.894835,7500.00,BALANCE,0,0,0
2026-09-03 18:45:45.509792,1300.00,BALANCE,0,0,0
2026-09-03 18:36:35.567803,4300.00,reptiloid,0,0,0
2026-09-03 18:28:46.754423,4300.00,BALANCE,0,0,0
2026-09-03 18:25:07.04601,4300.00,reptiloid,0,0,0
2026-09-03 18:23:46.243761,4300.00,reptiloid,0,0,0
2026-09-03 18:22:50.286761,4500.00,reptiloid,0,0,0
2026-09-03 18:13:14.336254,7400.00,card,0,0,0
2026-09-03 18:10:25.277227,3200.00,reptiloid,0,0,0
2026-09-03 18:00:40.79732,4300.00,reptiloid,0,0,0
2026-09-03 17:59:33.255886,0.00,BALANCE,0,0,0
2026-09-03 17:58:21.221032,1900.00,card,0,0,0
2026-09-03 17:56:14.156933,4300.00,reptiloid,0,0,0
2026-09-03 17:54:47.382353,1900.00,reptiloid,0,0,0
2026-09-03 17:47:14.675419,3225.0000,USDT,0,0,42.888000
2026-09-03 17:41:01.256063,4500.00,reptiloid,0,0,0
2026-09-03 17:24:30.553486,4300.00,BALANCE,0,0,0
2026-09-03 17:16:36.169226,3200.00,reptiloid,0,0,0
2026-09-03 17:14:54.296317,4300.00,reptiloid,0,0,0
2026-09-03 17:13:23.150359,4300.00,reptiloid,0,0,0
2026-09-03 16:54:58.237348,7700.00,reptiloid,0,0,0
2026-09-03 16:42:35.272124,7200.00,reptiloid,0,0,0
2026-09-03 16:38:12.171235,4300.00,reptiloid,0,0,0
2026-09-03 16:33:41.658282,10500.00,reptiloid,0,0,0
2026-09-03 16:32:36.362977,4300.00,BALANCE,0,0,0
2026-09-03 15:56:48.959747,4300.00,reptiloid,0,0,0
2026-09-03 15:27:04.264828,1300.00,BALANCE,0,0,0
2026-09-03 15:17:13.046525,1300.00,BALANCE,0,0,0
2026-09-03 15:01:13.239961,4300.00,reptiloid,0,0,0
2026-09-03 15:00:57.92027,10500.00,reptiloid,0,0,0
2026-09-03 14:57:20.79735,7200.00,card,0,0,0
2026-09-03 14:56:34.239123,3200.00,merchant001,0,0,0
2026-09-03 14:50:21.863812,7200.00,reptiloid,0,0,0
2026-09-03 14:48:53.171229,6200.00,BALANCE,0,0,0
2026-09-03 14:21:03.235069,4300.00,reptiloid,0,0,0
2026-09-03 14:15:22.241058,3200.00,reptiloid,0,0,0
2026-09-03 14:13:47.900827,3825.0000,LTC,0,1.01757525,0
2026-09-03 13:48:48.715724,4300.00,card,0,0,0
2026-09-03 13:43:02.826648,4300.00,card,0,0,0
2026-09-03 13:14:55.724157,4300.00,card,0,0,0
2026-09-03 13:14:16.082131,4300.00,card,0,0,0
2026-09-03 13:04:57.54491,4300.00,merchant001,0,0,0
2026-09-03 12:48:32.511123,3225.0000,USDT,0,0,42.888000
2026-09-03 12:34:22.292819,7200.00,reptiloid,0,0,0
2026-09-03 12:27:39.111799,4300.00,reptiloid,0,0,0
2026-09-03 12:22:37.909268,4500.00,card,0,0,0
2026-09-03 12:20:46.706584,3225.0000,USDT,0,0,42.888000
2026-09-03 11:55:45.493422,10500.00,onlypays,0,0,0
2026-09-03 11:53:36.432399,1400.00,BALANCE,0,0,0
2026-09-03 11:52:28.59799,3200.00,reptiloid,0,0,0
2026-09-03 11:39:30.492778,4300.00,card,0,0,0
2026-09-03 11:38:37.827175,7200.00,card,0,0,0
2026-09-03 11:37:30.255588,4300.00,merchant001,0,0,0
2026-09-03 11:24:26.32344,4300.00,card,0,0,0
2026-09-03 11:21:21.575433,4300.00,reptiloid,0,0,0
2026-09-03 11:11:19.94373,7200.00,reptiloid,0,0,0
2026-09-03 11:04:16.59041,7200.00,reptiloid,0,0,0
2026-09-03 10:45:15.629958,3225.0000,USDT,0,0,42.888000
2026-09-03 10:37:26.087414,4300.00,merchant001,0,0,0
2026-09-03 10:34:19.827436,4300.00,card,0,0,0
2026-09-03 10:29:52.936343,4300.00,merchant001,0,0,0
2026-09-03 10:25:31.750093,4300.00,reptiloid,0,0,0
2026-09-03 10:17:58.498229,4300.00,reptiloid,0,0,0
2026-09-03 09:53:54.990705,4300.00,card,0,0,0
2026-09-03 09:52:42.314271,7200.00,card,0,0,0
2026-09-03 09:42:01.837759,10500.00,reptiloid,0,0,0
2026-09-03 09:27:07.414258,4300.00,card,0,0,0
2026-09-03 08:55:55.587674,4300.00,reptiloid,0,0,0
2026-09-03 08:55:42.424673,4300.00,BALANCE,0,0,0
2026-09-03 08:49:16.575233,4300.00,reptiloid,0,0,0
2026-09-03 08:14:50.138772,7200.00,reptiloid,0,0,0
2026-09-03 06:41:17.513376,4300.00,merchant001,0,0,0
2026-09-03 03:51:53.022622,4500.00,BALANCE,0,0,0
2026-09-03 03:46:17.639256,3000.00,card,0,0,0
2026-09-03 03:34:46.315799,10500.00,BALANCE,0,0,0
2026-09-03 02:39:32.373497,3225.0000,USDT,0,0,42.888000
2026-09-03 01:41:28.561396,4300.00,reptiloid,0,0,0
2026-09-03 01:13:02.37456,4300.00,reptiloid,0,0,0
2026-09-03 00:39:45.514794,4300.00,reptiloid,0,0,0
2026-09-03 00:08:25.933262,4300.00,BALANCE,0,0,0
2026-09-02 23:39:05.238646,4300.00,card,0,0,0
2026-09-02 23:03:57.114596,0.00,BALANCE,0,0,0
2026-09-02 22:59:05.60864,4300.00,reptiloid,0,0,0
2026-09-02 22:53:49.01919,7200.00,reptiloid,0,0,0
2026-09-02 22:12:23.301905,4300.00,reptiloid,0,0,0
2026-09-02 21:54:47.871951,4500.00,card,0,0,0
2026-09-02 21:53:21.182668,4500.00,card,0,0,0
2026-09-02 21:35:00.082641,7200.00,BALANCE,0,0,0
2026-09-02 21:30:48.905198,4300.00,card,0,0,0
2026-09-02 21:24:46.303953,4300.00,reptiloid,0,0,0
2026-09-02 21:22:40.202561,3200.00,reptiloid,0,0,0
2026-09-02 21:21:09.425658,7200.00,reptiloid,0,0,0
2026-09-02 21:16:28.704043,4300.00,card,0,0,0
2026-09-02 21:01:03.872714,4300.00,reptiloid,0,0,0
2026-09-02 20:58:21.603333,7200.00,reptiloid,0,0,0
2026-09-02 20:31:39.572342,7200.00,reptiloid,0,0,0
2026-09-02 20:28:23.508621,4300.00,reptiloid,0,0,0
2026-09-02 20:20:57.90482,4300.00,reptiloid,0,0,0
2026-09-02 20:10:18.30703,3200.00,BALANCE,0,0,0
2026-09-02 20:09:29.847934,4300.00,reptiloid,0,0,0
2026-09-02 20:05:22.9311,3200.00,reptiloid,0,0,0
2026-09-02 19:58:52.85489,4300.00,BALANCE,0,0,0
2026-09-02 19:49:20.466655,4300.00,merchant001,0,0,0
2026-09-02 19:19:10.806658,7200.00,card,0,0,0
2026-09-02 19:07:21.747796,4300.00,card,0,0,0
2026-09-02 18:41:05.364511,1300.00,BALANCE,0,0,0
2026-09-02 18:39:15.957448,1300.00,BALANCE,0,0,0
2026-09-02 18:31:00.48234,4500.00,card,0,0,0
2026-09-02 18:24:45.247479,4300.00,card,0,0,0
2026-09-02 18:22:20.141719,3000.00,reptiloid,0,0,0
2026-09-02 18:20:01.552978,4300.00,BALANCE,0,0,0
2026-09-02 18:18:05.753224,7200.00,reptiloid,0,0,0
2026-09-02 18:16:44.091689,4300.00,BALANCE,0,0,0
2026-09-02 18:11:51.161841,4300.00,reptiloid,0,0,0
2026-09-02 18:02:39.761731,4300.00,reptiloid,0,0,0
2026-09-02 17:51:04.764988,3200.00,reptiloid,0,0,0
2026-09-02 17:48:13.700916,4300.00,reptiloid,0,0,0
2026-09-02 17:48:07.99841,7200.00,card,0,0,0
2026-09-02 17:40:18.011482,3800.00,BALANCE,0,0,0
2026-09-02 17:38:45.198268,10500.00,reptiloid,0,0,0
2026-09-02 17:36:38.607644,7700.00,reptiloid,0,0,0
2026-09-02 17:34:54.040206,7400.00,BALANCE,0,0,0
2026-09-02 17:28:44.451806,4300.00,reptiloid,0,0,0
2026-09-02 17:27:15.430957,7400.00,reptiloid,0,0,0
2026-09-02 17:06:36.948581,7700.00,card,0,0,0
2026-09-02 17:06:18.270473,0.00,BALANCE,0,0,0
2026-09-02 16:58:47.43505,3600.00,BALANCE,0,0,0
2026-09-02 16:52:07.697016,4300.00,reptiloid,0,0,0
2026-09-02 16:50:20.668176,7200.00,reptiloid,0,0,0
2026-09-02 16:50:08.124897,4300.00,reptiloid,0,0,0
2026-09-02 16:46:43.899635,5775.0000,USDT,0,0,76.800000
2026-09-02 16:35:19.163681,7200.00,reptiloid,0,0,0
2026-09-02 16:22:05.776498,4300.00,reptiloid,0,0,0
2026-09-02 16:18:56.226194,4300.00,reptiloid,0,0,0
2026-09-02 16:18:47.086984,7200.00,reptiloid,0,0,0
2026-09-02 16:17:14.761504,7200.00,reptiloid,0,0,0
2026-09-02 16:01:21.640196,10500.00,reptiloid,0,0,0
2026-09-02 15:59:05.164998,4300.00,reptiloid,0,0,0
2026-09-02 15:45:47.809245,1700.00,BALANCE,0,0,0
2026-09-02 15:03:28.836376,4300.00,BALANCE,0,0,0
2026-09-02 15:03:11.25236,4300.00,reptiloid,0,0,0
2026-09-02 14:53:48.11775,4300.00,reptiloid,0,0,0
2026-09-02 14:49:31.308531,1900.00,reptiloid,0,0,0
2026-09-02 14:48:31.72938,10500.00,reptiloid,0,0,0
2026-09-02 14:45:22.125793,3225.0000,USDT,0,0,42.888000
2026-09-02 14:44:00.269166,7200.00,reptiloid,0,0,0
2026-09-02 14:22:55.539013,4300.00,card,0,0,0
2026-09-02 14:22:09.92275,2000.00,BALANCE,0,0,0
2026-09-02 14:20:37.743406,1300.00,BALANCE,0,0,0
2026-09-02 14:09:12.446563,7200.00,reptiloid,0,0,0
2026-09-02 14:07:24.727042,7200.00,reptiloid,0,0,0
2026-09-02 14:06:46.94008,3300.00,BALANCE,0,0,0
2026-09-02 13:59:27.506466,4300.00,reptiloid,0,0,0
2026-09-02 13:54:15.346193,1300.00,BALANCE,0,0,0
2026-09-02 13:51:09.95977,7500.00,BALANCE,0,0,0
2026-09-02 13:46:37.380808,4300.00,reptiloid,0,0,0
2026-09-02 13:23:33.08531,1300.00,BALANCE,0,0,0
2026-09-02 13:17:37.794995,3200.00,reptiloid,0,0,0
2026-09-02 13:16:19.157648,2800.00,BALANCE,0,0,0
2026-09-02 13:13:17.017698,1900.00,BALANCE,0,0,0
2026-09-02 13:10:23.91199,3000.00,card,0,0,0
2026-09-02 13:03:40.803268,4300.00,reptiloid,0,0,0
2026-09-02 12:58:39.332066,4300.00,reptiloid,0,0,0
2026-09-02 12:49:38.980494,1000.00,BALANCE,0,0,0
2026-09-02 12:29:07.473563,4300.00,BALANCE,0,0,0
2026-09-02 12:28:48.412742,4300.00,BALANCE,0,0,0
2026-09-02 12:27:05.476251,4300.00,reptiloid,0,0,0
2026-09-02 12:25:40.850446,4300.00,card,0,0,0
2026-09-02 12:21:43.203927,7700.00,BALANCE,0,0,0
2026-09-02 12:16:00.339656,4300.00,card,0,0,0
2026-09-02 12:12:07.215888,4300.00,BALANCE,0,0,0
2026-09-02 12:04:39.470675,7200.00,reptiloid,0,0,0
2026-09-02 11:57:12.897466,1300.00,BALANCE,0,0,0
2026-09-02 11:07:46.685912,4700.00,BALANCE,0,0,0
2026-09-02 08:56:51.67489,4300.00,reptiloid,0,0,0
2026-09-02 08:23:58.654916,4300.00,reptiloid,0,0,0
2026-09-02 08:19:12.699938,4300.00,reptiloid,0,0,0
2026-09-02 07:33:16.539072,3300.00,BALANCE,0,0,0
2026-09-02 07:32:15.642502,3000.00,card,0,0,0
2026-09-02 04:29:24.710474,7700.00,card,0,0,0
2026-09-02 03:54:00.639968,3000.00,reptiloid,0,0,0
2026-09-02 02:57:38.125962,3225.0000,USDT,0,0,42.888000
2026-09-02 02:37:26.01063,1900.00,reptiloid,0,0,0
2026-09-02 02:30:30.186784,7200.00,reptiloid,0,0,0
2026-09-02 02:02:25.444268,1900.00,reptiloid,0,0,0
2026-09-02 01:58:52.568838,3000.00,BALANCE,0,0,0
2026-09-02 01:57:57.312727,3000.00,BALANCE,0,0,0
2026-09-02 01:43:07.446568,4300.00,card,0,0,0
2026-09-02 01:32:51.618596,1900.00,reptiloid,0,0,0
2026-09-02 01:14:51.47716,1300.00,BALANCE,0,0,0
2026-09-02 00:26:04.477642,2800.00,BALANCE,0,0,0
2026-09-02 00:11:05.179854,7200.00,merchant001,0,0,0
2026-09-02 00:10:21.470488,0.00,BALANCE,0,0,0
2026-09-02 00:07:02.913153,2300.00,BALANCE,0,0,0
2026-09-01 23:47:16.843401,4300.00,card,0,0,0
2026-09-01 23:43:32.113576,4300.00,card,0,0,0
2026-09-01 23:37:47.321496,7200.00,BALANCE,0,0,0
2026-09-01 23:35:33.974773,3200.00,card,0,0,0
2026-09-01 23:35:29.752139,4300.00,BALANCE,0,0,0
2026-09-01 23:03:07.145965,7200.00,reptiloid,0,0,0
2026-09-01 22:56:59.482667,4200.00,BALANCE,0,0,0
2026-09-01 22:54:07.726734,3200.00,nirvana,0,0,0
2026-09-01 22:45:00.484678,7200.00,reptiloid,0,0,0
2026-09-01 22:39:21.675781,4300.00,merchant001,0,0,0
2026-09-01 22:33:22.286839,7700.00,card,0,0,0
2026-09-01 22:18:01.227272,4300.00,reptiloid,0,0,0
2026-09-01 22:10:16.006705,3200.00,reptiloid,0,0,0
2026-09-01 22:09:21.519013,3300.00,BALANCE,0,0,0
2026-09-01 21:56:36.87975,3200.00,nirvana,0,0,0
2026-09-01 21:54:33.16993,3200.00,reptiloid,0,0,0
2026-09-01 21:28:11.272019,7200.00,reptiloid,0,0,0
2026-09-01 21:26:47.015011,7200.00,reptiloid,0,0,0
2026-09-01 21:13:24.624722,3300.00,BALANCE,0,0,0
2026-09-01 20:20:45.339153,3300.00,BALANCE,0,0,0
2026-09-01 20:17:53.685812,7500.00,BALANCE,0,0,0
2026-09-01 20:13:00.559812,3000.00,BALANCE,0,0,0
2026-09-01 19:59:55.125142,7200.00,reptiloid,0,0,0
2026-09-01 19:38:10.46441,3200.00,reptiloid,0,0,0
2026-09-01 19:14:57.110083,900.00,BALANCE,0,0,0
2026-09-01 19:14:28.08273,3200.00,BALANCE,0,0,0
2026-09-01 19:02:11.232701,4300.00,reptiloid,0,0,0
2026-09-01 19:01:48.989769,3200.00,card,0,0,0
2026-09-01 18:54:26.310646,7200.00,reptiloid,0,0,0
2026-09-01 18:46:54.604744,1400.00,BALANCE,0,0,0
2026-09-01 18:42:47.322508,4300.00,card,0,0,0
2026-09-01 18:23:55.195077,1900.00,reptiloid,0,0,0
2026-09-01 18:12:15.063895,1900.00,card,0,0,0
2026-09-01 18:09:18.040367,5400.0000,USDT,0,0,71.813000
2026-09-01 17:55:30.890095,7200.00,reptiloid,0,0,0
2026-09-01 17:45:31.529553,4300.00,card,0,0,0
2026-09-01 17:43:30.172364,3400.00,BALANCE,0,0,0
2026-09-01 17:43:03.809338,7200.00,BALANCE,0,0,0
2026-09-01 17:40:34.392788,4300.00,reptiloid,0,0,0
2026-09-01 17:38:04.930564,4300.00,merchant001,0,0,0
2026-09-01 17:33:09.211922,7200.00,reptiloid,0,0,0
2026-09-01 17:32:31.199593,1900.00,reptiloid,0,0,0
2026-09-01 17:29:12.985875,3200.00,reptiloid,0,0,0
2026-09-01 17:19:28.332424,1900.00,reptiloid,0,0,0
2026-09-01 17:18:34.992241,3200.00,reptiloid,0,0,0
2026-09-01 17:02:38.373524,4300.00,reptiloid,0,0,0
2026-09-01 16:57:56.372166,7700.00,BALANCE,0,0,0
2026-09-01 16:50:50.671669,0.00,BALANCE,0,0,0
2026-09-01 16:32:19.33406,0.00,BALANCE,0,0,0
2026-09-01 16:17:30.908948,7200.00,card,0,0,0
2026-09-01 16:11:02.298337,4300.00,reptiloid,0,0,0
2026-09-01 15:35:40.364122,4300.00,reptiloid,0,0,0
2026-09-01 15:18:53.190563,4300.00,card,0,0,0
2026-09-01 15:02:08.246689,1900.00,card,0,0,0
2026-09-01 14:59:33.213884,4300.00,reptiloid,0,0,0
2026-09-01 14:09:23.940462,10500.00,merchant001,0,0,0
2026-09-01 14:08:25.547684,10500.00,BALANCE,0,0,0
2026-09-01 14:06:13.115064,1300.00,BALANCE,0,0,0
2026-09-01 14:04:10.829485,4300.00,reptiloid,0,0,0
2026-09-01 14:02:55.18583,10500.00,reptiloid,0,0,0
2026-09-01 14:02:41.611434,4300.00,card,0,0,0
2026-09-01 13:32:24.389913,1900.00,reptiloid,0,0,0
2026-09-01 13:25:44.795984,4300.00,card,0,0,0
2026-09-01 13:18:55.710459,0.00,BALANCE,0,0,0
2026-09-01 13:15:28.351595,4300.00,card,0,0,0
2026-09-01 13:02:55.586137,1300.00,BALANCE,0,0,0
2026-09-01 12:50:46.42801,7200.00,merchant001,0,0,0
2026-09-01 12:45:01.42018,7200.00,BALANCE,0,0,0
2026-09-01 12:44:11.263564,4300.00,reptiloid,0,0,0
2026-09-01 12:42:48.33881,7200.00,reptiloid,0,0,0
2026-09-01 12:42:36.281396,7200.00,reptiloid,0,0,0
2026-09-01 12:41:54.262892,7200.00,reptiloid,0,0,0
2026-09-01 12:38:37.340072,4300.00,reptiloid,0,0,0
2026-09-01 12:33:35.769908,1300.00,BALANCE,0,0,0
2026-09-01 12:33:17.748262,1900.00,card,0,0,0
2026-09-01 12:26:42.935332,1900.00,reptiloid,0,0,0
2026-09-01 12:25:19.330833,1900.00,card,0,0,0
2026-09-01 11:53:56.272656,1900.00,card,0,0,0
2026-09-01 10:36:38.482608,4300.00,reptiloid,0,0,0
2026-09-01 09:31:37.488138,4300.00,reptiloid,0,0,0
2026-09-01 09:09:19.425443,4300.00,card,0,0,0
2026-09-01 08:40:37.863461,4300.00,reptiloid,0,0,0
2026-09-01 08:17:10.056765,1300.00,BALANCE,0,0,0
2026-09-01 07:49:58.684301,3200.00,reptiloid,0,0,0
2026-09-01 06:32:35.323324,3800.00,BALANCE,0,0,0
2026-09-01 06:21:42.050248,4300.00,reptiloid,0,0,0
2026-09-01 06:04:12.056537,1400.00,BALANCE,0,0,0
2026-09-01 05:06:35.904432,4300.00,reptiloid,0,0,0
2026-09-01 04:47:06.13315,4300.00,reptiloid,0,0,0
2026-09-01 03:59:41.59139,4300.00,card,0,0,0
2026-09-01 03:58:45.724083,1900.00,merchant001,0,0,0
2026-09-01 03:57:15.208075,4300.00,reptiloid,0,0,0
2026-09-01 02:08:00.421407,1900.00,reptiloid,0,0,0
2026-09-01 02:02:11.620083,4300.00,BALANCE,0,0,0
2026-09-01 01:45:51.782265,4300.00,BALANCE,0,0,0
2026-09-01 00:50:22.920007,4300.00,reptiloid,0,0,0
2026-09-01 00:29:46.408588,4300.00,card,0,0,0
2026-08-31 23:12:54.727158,0.00,BALANCE,0,0,0
2026-08-31 23:07:25.549571,3000.00,card,0,0,0
2026-08-31 22:46:02.703943,1900.00,reptiloid,0,0,0
2026-08-31 22:42:05.132474,3000.00,reptiloid,0,0,0
2026-08-31 22:37:45.448014,1900.00,reptiloid,0,0,0
2026-08-31 22:20:40.250794,4300.00,reptiloid,0,0,0
2026-08-31 22:17:51.725353,3200.00,reptiloid,0,0,0
2026-08-31 22:10:00.133024,3200.00,BALANCE,0,0,0
2026-08-31 21:22:24.478391,1300.00,BALANCE,0,0,0
2026-08-31 20:25:17.380563,1900.00,reptiloid,0,0,0
2026-08-31 19:33:44.538916,4300.00,merchant001,0,0,0
2026-08-31 19:25:29.717175,4300.00,card,0,0,0
2026-08-31 19:23:08.722427,0.00,BALANCE,0,0,0
2026-08-31 19:19:29.652096,900.00,BALANCE,0,0,0
2026-08-31 19:09:30.071012,4300.00,reptiloid,0,0,0
2026-08-31 18:45:02.371886,4300.00,merchant001,0,0,0
2026-08-31 18:42:56.990383,1900.00,card,0,0,0
2026-08-31 18:33:29.658323,3300.00,BALANCE,0,0,0
2026-08-31 18:22:50.914315,0.00,BALANCE,0,0,0
2026-08-31 18:13:08.636626,1900.00,reptiloid,0,0,0
2026-08-31 18:03:44.915535,7200.00,merchant001,0,0,0
2026-08-31 17:53:41.818378,4300.00,reptiloid,0,0,0
2026-08-31 17:41:58.892438,4300.00,reptiloid,0,0,0
2026-08-31 17:40:59.204819,4300.00,card,0,0,0
2026-08-31 17:12:02.742522,2900.00,BALANCE,0,0,0
2026-08-31 17:00:09.20644,10500.00,merchant001,0,0,0
2026-08-31 16:54:30.702346,2900.00,card,0,0,0
2026-08-31 16:41:01.545479,3200.00,reptiloid,0,0,0
2026-08-31 16:28:25.749051,1900.00,BALANCE,0,0,0
2026-08-31 16:28:03.342486,0.00,BALANCE,0,0,0
2026-08-31 16:26:30.463988,2750.00,BALANCE,0,0,0
2026-08-31 16:21:14.763419,3200.00,reptiloid,0,0,0
2026-08-31 15:54:10.876852,3200.00,card,0,0,0
2026-08-31 15:53:41.943142,7500.00,BALANCE,0,0,0
2026-08-31 15:45:16.862714,10500.00,reptiloid,0,0,0
2026-08-31 15:31:28.424428,7200.00,nirvana,0,0,0
2026-08-31 15:27:47.369418,3200.00,reptiloid,0,0,0
2026-08-31 15:27:19.181768,6500.00,BALANCE,0,0,0
2026-08-31 15:16:51.919162,4200.00,BALANCE,0,0,0
2026-08-31 15:12:33.485476,1900.00,reptiloid,0,0,0
2026-08-31 14:54:36.905128,7200.00,BALANCE,0,0,0
2026-08-31 14:53:45.567132,7200.00,reptiloid,0,0,0
2026-08-31 14:53:32.517462,1900.00,BALANCE,0,0,0
2026-08-31 14:42:58.982941,7200.00,card,0,0,0
2026-08-31 14:35:37.667791,7200.00,BALANCE,0,0,0
2026-08-31 14:33:52.527159,10500.00,BALANCE,0,0,0
2026-08-31 14:29:26.079376,7200.00,merchant001,0,0,0
2026-08-31 14:23:17.975744,10500.00,reptiloid,0,0,0
2026-08-31 14:22:07.198917,7200.00,reptiloid,0,0,0
2026-08-31 14:09:22.472438,1900.00,reptiloid,0,0,0
2026-08-31 14:01:00.536428,3200.00,reptiloid,0,0,0
2026-08-31 14:00:50.86176,7200.00,reptiloid,0,0,0
2026-08-31 13:58:33.366357,1900.00,reptiloid,0,0,0
2026-08-31 13:57:31.406297,7200.00,card,0,0,0
2026-08-31 13:46:30.828357,10500.00,nirvana,0,0,0
2026-08-31 13:42:43.349351,7200.00,reptiloid,0,0,0
2026-08-31 13:28:41.954201,1900.00,reptiloid,0,0,0
2026-08-31 13:24:12.247013,10500.00,reptiloid,0,0,0
2026-08-31 13:14:25.771001,1900.00,reptiloid,0,0,0
2026-08-31 13:12:08.011685,7200.00,reptiloid,0,0,0
2026-08-31 13:05:07.860764,1900.00,card,0,0,0
2026-08-31 04:52:07.180162,4200.00,BALANCE,0,0,0
2026-08-31 04:44:47.927354,1900.00,reptiloid,0,0,0
2026-08-31 03:52:51.624107,3200.00,card,0,0,0
2026-08-31 03:36:05.049054,7200.00,reptiloid,0,0,0
2026-08-31 02:54:54.414093,4200.00,BALANCE,0,0,0
2026-08-31 02:31:20.564011,1900.00,reptiloid,0,0,0
2026-08-31 02:26:27.558522,1900.00,nirvana,0,0,0
2026-08-31 02:20:45.636096,7200.00,reptiloid,0,0,0
2026-08-31 02:11:28.127431,7200.00,reptiloid,0,0,0
2026-08-31 01:11:14.234677,7200.00,BALANCE,0,0,0
2026-08-31 00:54:04.242396,2900.00,BALANCE,0,0,0
2026-08-31 00:53:40.182466,7200.00,reptiloid,0,0,0
2026-08-31 00:45:02.35414,1900.00,reptiloid,0,0,0
2026-08-31 00:21:23.505244,2900.00,reptiloid,0,0,0
2026-08-31 00:03:17.584328,1400.00,BALANCE,0,0,0
2026-08-30 23:56:00.110062,1900.00,reptiloid,0,0,0
2026-08-30 23:55:17.986724,1900.00,reptiloid,0,0,0
2026-08-30 22:50:49.302567,3200.00,reptiloid,0,0,0
2026-08-30 21:46:36.400551,1500.00,BALANCE,0,0,0
2026-08-30 21:42:41.311025,3200.00,reptiloid,0,0,0
2026-08-30 21:35:37.541154,1900.00,reptiloid,0,0,0
2026-08-30 21:30:38.076434,4300.00,card,0,0,0
2026-08-30 21:21:06.531411,3200.00,BALANCE,0,0,0
2026-08-30 21:17:09.141343,10500.00,reptiloid,0,0,0
2026-08-30 21:01:27.450266,1300.00,BALANCE,0,0,0
2026-08-30 20:58:44.575598,1900.00,reptiloid,0,0,0
2026-08-30 20:52:46.529083,4300.00,reptiloid,0,0,0
2026-08-30 20:47:00.360621,10500.00,BALANCE,0,0,0
2026-08-30 20:31:50.910183,4300.00,card,0,0,0
2026-08-30 20:27:07.040445,3200.00,reptiloid,0,0,0
2026-08-30 20:20:52.129992,4300.00,card,0,0,0
2026-08-30 20:09:20.261971,4300.00,card,0,0,0
2026-08-30 19:57:03.049949,2800.00,BALANCE,0,0,0
2026-08-30 19:49:37.598742,3200.00,card,0,0,0
2026-08-30 19:26:15.379597,1900.00,card,0,0,0
2026-08-30 19:25:39.597531,1900.00,reptiloid,0,0,0
2026-08-30 19:25:19.713563,10500.00,reptiloid,0,0,0
2026-08-30 19:15:38.633752,4300.00,reptiloid,0,0,0
2026-08-30 18:55:03.456012,4300.00,reptiloid,0,0,0
2026-08-30 18:47:25.601483,4300.00,reptiloid,0,0,0
2026-08-30 18:40:44.7598,4300.00,reptiloid,0,0,0
2026-08-30 18:33:38.433392,3200.00,BALANCE,0,0,0
2026-08-30 18:25:27.720794,3200.00,BALANCE,0,0,0
2026-08-30 18:22:40.361585,10500.00,reptiloid,0,0,0
2026-08-30 18:07:26.365482,4300.00,reptiloid,0,0,0
2026-08-30 17:48:57.734492,1300.00,BALANCE,0,0,0
2026-08-30 17:48:47.27205,0.00,BALANCE,0,0,0
2026-08-30 17:32:47.57987,4300.00,reptiloid,0,0,0
2026-08-30 17:31:14.905879,4300.00,reptiloid,0,0,0
2026-08-30 17:24:35.450856,4300.00,card,0,0,0
2026-08-30 17:05:52.508487,4300.00,card,0,0,0
2026-08-30 16:49:12.952217,10500.00,reptiloid,0,0,0
2026-08-30 16:17:11.170493,10500.00,reptiloid,0,0,0
2026-08-30 16:12:03.218925,10500.00,BALANCE,0,0,0
2026-08-30 15:46:36.089027,0.00,BALANCE,0,0,0
2026-08-30 15:40:26.507736,4300.00,reptiloid,0,0,0
2026-08-30 15:31:00.471661,4300.00,card,0,0,0
2026-08-30 15:27:59.183401,3500.00,reptiloid,0,0,0
2026-08-30 15:19:54.792916,3500.00,reptiloid,0,0,0
2026-08-30 15:09:08.332319,10500.00,reptiloid,0,0,0
2026-08-30 15:06:31.156226,9650.00,BALANCE,0,0,0
2026-08-30 14:59:01.431517,2300.00,BALANCE,0,0,0
2026-08-30 14:53:34.341064,4300.00,reptiloid,0,0,0
2026-08-30 14:38:35.696012,4300.00,merchant001,0,0,0
2026-08-30 14:32:40.19183,4300.00,BALANCE,0,0,0
2026-08-30 14:30:43.861067,4300.00,card,0,0,0
2026-08-30 14:27:45.250979,10500.00,BALANCE,0,0,0
2026-08-30 14:25:42.9764,1900.00,BALANCE,0,0,0
2026-08-30 14:23:21.927817,4300.00,card,0,0,0
2026-08-30 14:18:45.531625,4300.00,BALANCE,0,0,0
2026-08-30 13:33:54.042815,4300.00,card,0,0,0
2026-08-30 13:25:22.987794,1900.00,card,0,0,0
2026-08-30 13:22:36.985945,4300.00,BALANCE,0,0,0
2026-08-30 13:22:24.606957,1300.00,BALANCE,0,0,0
2026-08-30 13:12:07.8412,4300.00,reptiloid,0,0,0
2026-08-30 13:09:39.710555,4300.00,card,0,0,0
2026-08-30 12:46:43.537899,3200.00,reptiloid,0,0,0
2026-08-30 12:16:16.313825,1900.00,BALANCE,0,0,0
2026-08-30 12:10:26.299428,0.00,BALANCE,0,0,0
2026-08-30 11:07:00.95623,3200.00,reptiloid,0,0,0
2026-08-30 11:02:06.184034,7200.00,reptiloid,0,0,0
2026-08-30 10:37:15.38862,4300.00,reptiloid,0,0,0
2026-08-30 09:52:47.969586,4300.00,BALANCE,0,0,0
2026-08-30 09:42:59.461246,4300.00,reptiloid,0,0,0
2026-08-30 09:38:45.290221,3000.00,BALANCE,0,0,0
2026-08-30 09:10:01.417015,7200.00,reptiloid,0,0,0
2026-08-30 08:15:56.588391,1900.00,reptiloid,0,0,0
2026-08-30 08:04:26.488431,4300.00,merchant001,0,0,0
2026-08-30 07:30:50.548328,6120.0000,LTC,0,1.72387208,0
2026-08-30 06:43:05.300388,7200.00,reptiloid,0,0,0
2026-08-30 06:24:35.077629,7200.00,BALANCE,0,0,0
2026-08-30 06:15:31.136321,7200.00,reptiloid,0,0,0
2026-08-30 05:53:00.523821,7200.00,reptiloid,0,0,0
2026-08-30 04:46:11.765186,3200.00,reptiloid,0,0,0
2026-08-30 04:45:31.737033,7200.00,BALANCE,0,0,0
2026-08-30 04:44:32.772525,7200.00,reptiloid,0,0,0
2026-08-30 04:17:39.94574,7200.00,reptiloid,0,0,0
2026-08-30 03:52:24.957921,7200.00,card,0,0,0
2026-08-30 03:49:10.993209,5200.00,BALANCE,0,0,0
2026-08-30 02:06:48.477249,3000.00,BALANCE,0,0,0
2026-08-30 02:00:04.098281,1900.00,reptiloid,0,0,0
2026-08-30 01:09:05.60988,4300.00,reptiloid,0,0,0
2026-08-30 00:59:11.744504,4300.00,merchant001,0,0,0
2026-08-30 00:10:24.735402,4300.00,reptiloid,0,0,0
2026-08-30 00:03:06.579362,4300.00,BALANCE,0,0,0
2026-08-29 23:54:26.217566,4300.00,card,0,0,0
2026-08-29 23:33:03.582768,4300.00,BALANCE,0,0,0
2026-08-29 23:29:24.353594,2150.00,BALANCE,0,0,0
2026-08-29 22:47:33.095147,1900.00,reptiloid,0,0,0
2026-08-29 22:34:37.986272,4300.00,BALANCE,0,0,0
2026-08-29 22:23:47.489878,4300.00,card,0,0,0
2026-08-29 22:20:40.034268,3200.00,reptiloid,0,0,0
2026-08-29 22:10:36.763628,3200.00,reptiloid,0,0,0
2026-08-29 22:08:02.798483,4300.00,BALANCE,0,0,0
2026-08-29 22:02:28.649575,3000.00,reptiloid,0,0,0
2026-08-29 22:01:31.429434,4300.00,card,0,0,0
2026-08-29 20:27:30.299847,900.00,BALANCE,0,0,0
2026-08-29 20:20:00.740778,4300.00,BALANCE,0,0,0
2026-08-29 20:08:41.955771,4300.00,reptiloid,0,0,0
2026-08-29 20:02:26.213629,3200.00,reptiloid,0,0,0
2026-08-29 20:01:50.740211,4300.00,BALANCE,0,0,0
2026-08-29 19:59:20.816129,4300.00,reptiloid,0,0,0
2026-08-29 19:58:55.312016,4300.00,reptiloid,0,0,0
2026-08-29 19:29:30.73758,4300.00,card,0,0,0
2026-08-29 19:29:01.718684,4300.00,reptiloid,0,0,0
2026-08-29 19:16:42.966847,4300.00,reptiloid,0,0,0
2026-08-29 19:10:48.890684,4300.00,BALANCE,0,0,0
2026-08-29 19:05:59.847404,4300.00,reptiloid,0,0,0
2026-08-29 19:05:29.1667,4300.00,card,0,0,0
2026-08-29 18:35:03.711875,4300.00,reptiloid,0,0,0
2026-08-29 18:31:21.280754,4300.00,card,0,0,0
2026-08-29 18:30:53.448154,4300.00,reptiloid,0,0,0
2026-08-29 18:28:08.104104,3200.00,card,0,0,0
2026-08-29 18:27:57.066369,4300.00,merchant001,0,0,0
2026-08-29 18:27:10.749948,4300.00,reptiloid,0,0,0
2026-08-29 18:26:59.303377,3200.00,card,0,0,0
2026-08-29 18:24:54.506143,4300.00,reptiloid,0,0,0
2026-08-29 18:03:49.31638,4300.00,card,0,0,0
2026-08-29 17:35:58.86448,7200.00,reptiloid,0,0,0
2026-08-29 16:55:25.102414,4300.00,reptiloid,0,0,0
2026-08-29 16:52:22.215867,4300.00,reptiloid,0,0,0
2026-08-29 16:50:29.756541,3000.00,reptiloid,0,0,0
2026-08-29 16:47:04.649908,4300.00,reptiloid,0,0,0
2026-08-29 16:35:54.062211,4300.00,merchant001,0,0,0
2026-08-29 16:34:18.541991,4300.00,BALANCE,0,0,0
2026-08-29 16:33:52.907383,4300.00,reptiloid,0,0,0
2026-08-29 16:16:14.245973,4300.00,reptiloid,0,0,0
2026-08-29 16:09:48.661117,3200.00,BALANCE,0,0,0
2026-08-29 16:02:30.980163,4300.00,reptiloid,0,0,0
2026-08-29 15:57:04.664341,4300.00,reptiloid,0,0,0
2026-08-29 15:50:37.488359,1300.00,BALANCE,0,0,0
2026-08-29 15:40:38.49678,4300.00,reptiloid,0,0,0
2026-08-29 15:38:13.937231,4300.00,reptiloid,0,0,0
2026-08-29 15:28:24.876736,3200.00,reptiloid,0,0,0
2026-08-29 15:24:38.059201,4300.00,card,0,0,0
2026-08-29 15:21:02.523279,4300.00,nirvana,0,0,0
2026-08-29 15:16:10.65779,3655.0000,LTC,0,1.02462438,0
2026-08-29 15:14:51.946995,4300.00,reptiloid,0,0,0
2026-08-29 15:05:03.812931,4300.00,reptiloid,0,0,0
2026-08-29 15:01:48.727696,4300.00,BALANCE,0,0,0
2026-08-29 14:58:43.788086,4300.00,reptiloid,0,0,0
2026-08-29 14:54:49.363953,0.00,BALANCE,0,0,0
2026-08-29 14:49:51.83635,3225.0000,USDT,0,0,42.888000
2026-08-29 14:48:43.199374,3000.00,BALANCE,0,0,0
2026-08-29 14:45:17.859272,4300.00,BALANCE,0,0,0
2026-08-29 14:45:08.286977,4300.00,reptiloid,0,0,0
2026-08-29 14:41:33.164751,1900.00,BALANCE,0,0,0
2026-08-29 14:30:47.234081,3200.00,card,0,0,0
2026-08-29 14:30:24.740973,7200.00,reptiloid,0,0,0
2026-08-29 14:23:41.802872,4100.00,BALANCE,0,0,0
2026-08-29 14:05:35.995206,4300.00,reptiloid,0,0,0
2026-08-29 14:04:48.499168,7200.00,BALANCE,0,0,0
2026-08-29 14:02:00.550057,7200.00,reptiloid,0,0,0
2026-08-29 13:55:59.758003,4300.00,BALANCE,0,0,0
2026-08-29 13:53:09.791302,4300.00,reptiloid,0,0,0
2026-08-29 13:42:57.887159,3300.00,BALANCE,0,0,0
2026-08-29 13:38:36.660779,7200.00,reptiloid,0,0,0
2026-08-29 13:25:36.093184,1900.00,BALANCE,0,0,0
2026-08-29 13:22:21.057316,4300.00,reptiloid,0,0,0
2026-08-29 13:20:23.361453,4300.00,reptiloid,0,0,0
2026-08-29 13:19:48.22705,4300.00,card,0,0,0
2026-08-29 13:11:32.998999,4300.00,reptiloid,0,0,0
2026-08-29 13:09:05.28902,4300.00,card,0,0,0
2026-08-29 13:06:50.50841,7200.00,card,0,0,0
2026-08-29 13:03:54.586388,7200.00,reptiloid,0,0,0
2026-08-29 12:50:29.800472,4300.00,reptiloid,0,0,0
2026-08-29 12:49:01.179161,7200.00,reptiloid,0,0,0
2026-08-29 12:06:42.597387,4300.00,BALANCE,0,0,0
2026-08-29 11:40:37.998085,3200.00,reptiloid,0,0,0
2026-08-29 10:17:45.303396,4300.00,reptiloid,0,0,0
2026-08-29 09:59:37.05264,4300.00,card,0,0,0
2026-08-29 09:31:57.572871,4300.00,reptiloid,0,0,0
2026-08-29 09:12:23.743224,900.00,BALANCE,0,0,0
2026-08-29 08:48:54.669051,4300.00,reptiloid,0,0,0
2026-08-29 08:13:07.019187,3200.00,reptiloid,0,0,0
2026-08-29 08:11:07.513474,7200.00,reptiloid,0,0,0
2026-08-29 07:28:01.314822,4300.00,reptiloid,0,0,0
2026-08-29 06:00:43.376939,400.00,BALANCE,0,0,0
2026-08-29 04:51:56.421474,1900.00,reptiloid,0,0,0
2026-08-29 03:14:10.074154,2300.00,BALANCE,0,0,0
2026-08-29 02:39:32.674318,7200.00,reptiloid,0,0,0
2026-08-29 02:24:22.600793,4300.00,reptiloid,0,0,0
2026-08-29 01:44:39.036801,7200.00,reptiloid,0,0,0
2026-08-29 00:58:11.35826,3000.00,BALANCE,0,0,0
2026-08-29 00:16:16.21011,4300.00,card,0,0,0
2026-08-29 00:12:52.067104,7200.00,BALANCE,0,0,0
2026-08-28 22:55:03.604371,4300.00,merchant001,0,0,0
2026-08-28 22:47:48.967377,1900.00,BALANCE,0,0,0
2026-08-28 22:43:41.849887,7200.00,reptiloid,0,0,0
2026-08-28 22:29:48.312024,3200.00,reptiloid,0,0,0
2026-08-28 22:13:06.569263,4300.00,reptiloid,0,0,0
2026-08-28 22:09:56.356371,4200.00,BALANCE,0,0,0
2026-08-28 22:02:43.818156,4300.00,reptiloid,0,0,0
2026-08-28 21:59:44.082994,4300.00,reptiloid,0,0,0
2026-08-28 21:55:34.783057,4300.00,reptiloid,0,0,0
2026-08-28 21:45:53.702858,1900.00,reptiloid,0,0,0
2026-08-28 21:39:46.46425,3225.0000,USDT,0,0,42.888000
2026-08-28 21:27:37.478335,4300.00,merchant001,0,0,0
2026-08-28 21:14:31.648484,4300.00,reptiloid,0,0,0
2026-08-28 20:36:14.488626,0.00,BALANCE,0,0,0
2026-08-28 20:18:56.314844,4300.00,merchant001,0,0,0
2026-08-28 20:18:04.710429,7200.00,reptiloid,0,0,0
2026-08-28 20:13:09.92416,4300.00,reptiloid,0,0,0
2026-08-28 20:11:55.71607,4300.00,merchant001,0,0,0
2026-08-28 20:05:24.252307,7200.00,merchant001,0,0,0
2026-08-28 19:50:12.791052,0.00,BALANCE,0,0,0
2026-08-28 19:36:58.367222,4300.00,reptiloid,0,0,0
2026-08-28 19:24:24.474537,4300.00,reptiloid,0,0,0
2026-08-28 19:22:18.691112,1300.00,BALANCE,0,0,0
2026-08-28 19:15:24.345235,1900.00,reptiloid,0,0,0
2026-08-28 19:13:15.0354,7200.00,reptiloid,0,0,0
2026-08-28 19:12:41.135997,4300.00,reptiloid,0,0,0
2026-08-28 19:11:04.430554,7200.00,reptiloid,0,0,0
2026-08-28 19:08:48.527307,7200.00,reptiloid,0,0,0
2026-08-28 19:05:26.376717,0.00,BALANCE,0,0,0
2026-08-28 19:02:58.401586,3000.00,reptiloid,0,0,0
2026-08-28 18:59:39.117865,1300.00,BALANCE,0,0,0
2026-08-28 18:55:41.666551,0.00,BALANCE,0,0,0
2026-08-28 18:50:58.179806,4400.00,reptiloid,0,0,0
2026-08-28 18:43:21.533022,4300.00,reptiloid,0,0,0
2026-08-28 18:41:28.201773,7200.00,reptiloid,0,0,0
2026-08-28 18:41:23.103104,1300.00,BALANCE,0,0,0
2026-08-28 18:38:40.032786,7200.00,reptiloid,0,0,0
2026-08-28 18:29:44.556254,4300.00,reptiloid,0,0,0
2026-08-28 18:16:20.279347,0.00,BALANCE,0,0,0
2026-08-28 17:50:34.621229,1300.00,BALANCE,0,0,0
2026-08-28 17:43:18.47939,4300.00,reptiloid,0,0,0
2026-08-28 17:40:30.730272,0.00,BALANCE,0,0,0
2026-08-28 17:37:18.631395,4300.00,reptiloid,0,0,0
2026-08-28 17:35:55.12077,3000.00,BALANCE,0,0,0
2026-08-28 17:31:05.536245,4300.00,BALANCE,0,0,0
2026-08-28 17:25:15.780212,3300.0000,USDT,0,0,43.886000
2026-08-28 17:24:32.63522,4400.00,merchant001,0,0,0
2026-08-28 17:23:58.79038,1900.00,reptiloid,0,0,0
2026-08-28 17:23:29.407569,4300.00,reptiloid,0,0,0
2026-08-28 17:16:17.585345,1900.00,reptiloid,0,0,0
2026-08-28 17:14:05.490483,1900.00,reptiloid,0,0,0
2026-08-28 16:57:24.499053,3655.0000,LTC,0,1.02671728,0
2026-08-28 16:56:54.010123,3200.00,reptiloid,0,0,0
2026-08-28 16:47:56.176537,7200.00,reptiloid,0,0,0
2026-08-28 16:43:24.260634,7200.00,reptiloid,0,0,0
2026-08-28 16:38:59.243159,4300.00,nirvana,0,0,0
2026-08-28 16:37:49.892412,7200.00,reptiloid,0,0,0
2026-08-28 16:30:42.241803,7200.00,reptiloid,0,0,0
2026-08-28 16:29:10.415323,4300.00,BALANCE,0,0,0
2026-08-28 16:27:12.422177,4300.00,reptiloid,0,0,0
2026-08-28 16:25:56.104636,4300.00,reptiloid,0,0,0
2026-08-28 16:16:17.857639,4300.00,reptiloid,0,0,0
2026-08-28 16:12:06.476984,4300.00,reptiloid,0,0,0
2026-08-28 16:04:43.254245,4300.00,merchant001,0,0,0
2026-08-28 15:57:36.372694,1400.00,BALANCE,0,0,0
2026-08-28 15:54:49.731951,4300.00,merchant001,0,0,0
2026-08-28 15:54:10.355776,7200.00,reptiloid,0,0,0
2026-08-28 15:39:45.771977,7200.00,reptiloid,0,0,0
2026-08-28 15:29:42.29244,7200.00,reptiloid,0,0,0
2026-08-28 15:29:40.38141,4300.00,reptiloid,0,0,0
2026-08-28 15:24:22.898845,4300.00,reptiloid,0,0,0
2026-08-28 15:24:03.231217,7200.00,reptiloid,0,0,0
2026-08-28 15:21:22.034364,1400.00,BALANCE,0,0,0
2026-08-28 15:19:43.491377,7200.00,reptiloid,0,0,0
2026-08-28 15:09:42.524885,4400.00,BALANCE,0,0,0
2026-08-28 14:47:09.498999,7200.00,reptiloid,0,0,0
2026-08-28 14:38:33.291663,1300.00,BALANCE,0,0,0
2026-08-28 14:33:38.686083,1425.0000,USDT,0,0,18.951000
2026-08-28 14:31:50.90303,4300.00,reptiloid,0,0,0
2026-08-28 14:30:57.367659,2150.00,BALANCE,0,0,0
2026-08-28 14:13:57.414907,7200.00,merchant001,0,0,0
2026-08-28 14:12:49.597063,4300.00,merchant001,0,0,0
2026-08-28 14:10:05.309894,4300.00,reptiloid,0,0,0
2026-08-28 13:54:06.842167,4300.00,reptiloid,0,0,0
2026-08-28 13:48:15.384267,2300.00,BALANCE,0,0,0
2026-08-28 12:48:49.152515,1900.00,BALANCE,0,0,0
2026-08-28 12:36:11.280123,3200.00,reptiloid,0,0,0
2026-08-28 12:33:02.523625,3200.00,reptiloid,0,0,0
2026-08-28 12:26:17.630852,3200.00,card,0,0,0
2026-08-28 11:57:53.786022,3200.00,card,0,0,0
2026-08-28 10:35:00.111493,1900.00,BALANCE,0,0,0
2026-08-28 10:34:56.119022,1900.00,card,0,0,0
2026-08-28 10:31:57.354716,4300.00,reptiloid,0,0,0
2026-08-28 09:59:30.985438,4300.00,reptiloid,0,0,0
2026-08-28 09:49:04.206393,4400.00,reptiloid,0,0,0
2026-08-28 08:58:51.918051,4300.00,reptiloid,0,0,0
2026-08-28 08:58:39.129025,4400.00,reptiloid,0,0,0
2026-08-28 08:57:45.465151,4300.00,reptiloid,0,0,0
2026-08-28 08:44:20.115526,4300.00,reptiloid,0,0,0
2026-08-28 08:38:26.65291,1900.00,card,0,0,0
2026-08-28 07:18:40.066189,4300.00,reptiloid,0,0,0
2026-08-28 05:21:33.639623,3225.0000,USDT,0,0,42.888000
2026-08-28 05:10:25.952499,4400.00,nirvana,0,0,0
2026-08-28 05:06:09.113652,0.00,BALANCE,0,0,0
2026-08-28 05:04:10.590612,4300.00,BALANCE,0,0,0
2026-08-28 03:59:50.303141,4300.00,reptiloid,0,0,0
2026-08-28 03:54:41.520443,3225.0000,USDT,0,0,42.888000
2026-08-28 03:50:00.340596,4300.00,reptiloid,0,0,0
2026-08-28 03:25:31.713953,4300.00,card,0,0,0
2026-08-28 03:20:24.216032,1900.00,reptiloid,0,0,0
2026-08-28 02:57:19.532995,3300.0000,USDT,0,0,43.886000
2026-08-28 02:36:18.938219,4300.00,reptiloid,0,0,0
2026-08-28 02:24:34.875327,3225.0000,USDT,0,0,42.888000
2026-08-28 02:18:27.611353,4300.00,reptiloid,0,0,0
2026-08-28 02:10:02.149589,1900.00,merchant001,0,0,0
2026-08-28 02:08:47.822082,4300.00,reptiloid,0,0,0
2026-08-28 02:03:44.927231,3000.00,card,0,0,0
2026-08-28 01:51:32.283468,4300.00,reptiloid,0,0,0
2026-08-28 01:28:15.327706,4300.00,reptiloid,0,0,0
2026-08-28 01:23:17.197802,4300.00,BALANCE,0,0,0
2026-08-28 01:09:37.622109,4300.00,card,0,0,0
2026-08-28 01:09:09.111198,4300.00,card,0,0,0
2026-08-28 01:04:19.037434,4300.00,BALANCE,0,0,0
2026-08-28 00:55:39.226342,4300.00,reptiloid,0,0,0
2026-08-28 00:46:56.744204,4300.00,reptiloid,0,0,0
2026-08-28 00:39:22.225717,4300.00,reptiloid,0,0,0
2026-08-28 00:28:51.100461,4300.00,merchant001,0,0,0
2026-08-28 00:26:15.817855,4300.00,card,0,0,0
2026-08-28 00:14:57.375879,3200.00,card,0,0,0
2026-08-28 00:03:50.755743,4300.00,reptiloid,0,0,0
2026-08-27 23:24:17.304868,3000.00,card,0,0,0
2026-08-27 23:00:58.043519,1900.00,reptiloid,0,0,0
2026-08-27 22:55:56.735598,0.00,BALANCE,0,0,0
2026-08-27 22:51:29.007895,1300.00,BALANCE,0,0,0
2026-08-27 22:38:11.328405,4300.00,reptiloid,0,0,0
2026-08-27 21:32:41.59364,1900.00,card,0,0,0
2026-08-27 21:14:45.600895,4300.00,card,0,0,0
2026-08-27 20:46:32.393113,4300.00,merchant001,0,0,0
2026-08-27 20:21:53.968003,4300.00,reptiloid,0,0,0
2026-08-27 20:20:34.375136,4300.00,reptiloid,0,0,0
2026-08-27 20:16:49.351704,4300.00,reptiloid,0,0,0
2026-08-27 20:15:40.04125,4300.00,card,0,0,0
2026-08-27 20:03:29.582231,1300.00,BALANCE,0,0,0
2026-08-27 19:22:43.145737,3200.00,reptiloid,0,0,0
2026-08-27 18:44:56.7329,3000.00,reptiloid,0,0,0
2026-08-27 17:46:27.146138,1900.00,reptiloid,0,0,0
2026-08-27 17:35:33.602872,3200.00,BALANCE,0,0,0
2026-08-27 17:30:21.672643,4300.00,BALANCE,0,0,0
2026-08-27 17:13:20.661422,4300.00,reptiloid,0,0,0
2026-08-27 16:51:09.201115,4300.00,reptiloid,0,0,0
2026-08-27 16:50:48.148113,4300.00,card,0,0,0
2026-08-27 16:26:14.428061,4300.00,BALANCE,0,0,0
2026-08-27 16:25:05.656936,4300.00,reptiloid,0,0,0
2026-08-27 16:22:58.95415,4300.00,reptiloid,0,0,0
2026-08-27 16:19:39.864688,4300.00,reptiloid,0,0,0
2026-08-27 16:13:22.576159,4300.00,reptiloid,0,0,0
2026-08-27 16:12:26.971303,3600.00,BALANCE,0,0,0
2026-08-27 16:02:16.179329,4300.00,merchant001,0,0,0
2026-08-27 15:57:03.521226,4300.00,reptiloid,0,0,0
2026-08-27 15:55:40.373638,2300.00,BALANCE,0,0,0
2026-08-27 15:54:26.257763,3225.0000,USDT,0,0,42.888000
2026-08-27 15:52:27.779798,3200.00,reptiloid,0,0,0
2026-08-27 15:43:31.427996,3300.00,BALANCE,0,0,0
2026-08-27 15:39:22.630655,1300.00,BALANCE,0,0,0
2026-08-27 15:36:29.157782,4300.00,reptiloid,0,0,0
2026-08-27 15:33:43.751325,1300.00,BALANCE,0,0,0
2026-08-27 15:26:08.162806,4300.00,reptiloid,0,0,0
2026-08-27 15:00:44.405273,3000.00,card,0,0,0
2026-08-27 14:37:13.082222,4300.00,reptiloid,0,0,0
2026-08-27 14:33:45.782411,4300.00,reptiloid,0,0,0
2026-08-27 14:29:03.272344,4300.00,reptiloid,0,0,0
2026-08-27 14:13:25.947698,4300.00,card,0,0,0
2026-08-27 14:02:10.156533,1900.00,merchant001,0,0,0
2026-08-27 13:54:20.711011,1900.00,reptiloid,0,0,0
2026-08-27 13:47:25.219421,4300.00,BALANCE,0,0,0
2026-08-27 13:39:41.116048,3200.00,reptiloid,0,0,0
2026-08-27 13:34:53.886679,4300.00,reptiloid,0,0,0
2026-08-27 13:33:30.052848,4300.00,reptiloid,0,0,0
2026-08-27 13:26:57.797446,0.00,BALANCE,0,0,0
2026-08-27 13:25:58.324501,4300.00,merchant001,0,0,0
2026-08-27 13:16:24.609126,3300.0000,USDT,0,0,43.886000
2026-08-27 13:16:12.94469,4300.00,reptiloid,0,0,0
2026-08-27 13:02:51.423887,4300.00,card,0,0,0
2026-08-27 13:01:43.401232,4300.00,reptiloid,0,0,0
2026-08-27 12:42:22.485048,4300.00,card,0,0,0
2026-08-27 12:40:38.209239,4300.00,reptiloid,0,0,0
2026-08-27 12:21:26.907325,4300.00,card,0,0,0
2026-08-27 12:13:31.708035,4300.00,reptiloid,0,0,0
2026-08-27 11:16:23.770662,3200.00,reptiloid,0,0,0
2026-08-27 09:22:00.475398,4300.00,reptiloid,0,0,0
2026-08-27 09:05:44.197657,4300.00,reptiloid,0,0,0
2026-08-27 08:32:01.854469,4300.00,merchant001,0,0,0
2026-08-27 07:40:41.916491,4300.00,reptiloid,0,0,0
2026-08-27 06:48:58.813808,4300.00,reptiloid,0,0,0
2026-08-27 06:01:05.391146,4300.00,merchant001,0,0,0
2026-08-27 05:34:40.163416,4300.00,reptiloid,0,0,0
2026-08-27 04:55:04.355589,4300.00,reptiloid,0,0,0
2026-08-27 04:47:39.920677,4300.00,reptiloid,0,0,0
2026-08-27 04:27:10.312404,4300.00,merchant001,0,0,0
2026-08-27 04:07:38.864228,4300.00,card,0,0,0
2026-08-27 03:30:45.991774,7200.00,reptiloid,0,0,0
2026-08-27 03:09:02.351259,4300.00,reptiloid,0,0,0
2026-08-27 02:54:27.040407,4300.00,reptiloid,0,0,0
2026-08-27 02:31:01.105273,7200.00,merchant001,0,0,0
2026-08-27 02:25:55.418632,1900.00,reptiloid,0,0,0
2026-08-27 02:21:38.03155,3200.00,card,0,0,0
2026-08-27 01:43:23.518254,4400.00,card,0,0,0
2026-08-27 01:37:06.176386,4300.00,card,0,0,0
2026-08-27 01:31:04.153757,1900.00,BALANCE,0,0,0
2026-08-27 01:11:08.28546,1900.00,reptiloid,0,0,0
2026-08-27 01:01:40.951716,4400.00,reptiloid,0,0,0
2026-08-27 00:42:27.808729,5200.00,BALANCE,0,0,0
2026-08-27 00:41:07.768165,7200.00,reptiloid,0,0,0
2026-08-27 00:29:09.585258,7200.00,reptiloid,0,0,0
2026-08-27 00:20:57.438976,4200.00,BALANCE,0,0,0
2026-08-26 23:24:55.064131,7200.00,reptiloid,0,0,0
2026-08-26 23:17:22.563509,7200.00,reptiloid,0,0,0
2026-08-26 23:09:04.457254,4400.00,reptiloid,0,0,0
2026-08-26 22:59:17.305103,7200.00,reptiloid,0,0,0
2026-08-26 22:49:25.763965,7200.00,card,0,0,0
2026-08-26 22:47:09.201882,4400.00,card,0,0,0
2026-08-26 22:41:09.664655,4400.00,card,0,0,0
2026-08-26 22:38:54.659773,1900.00,card,0,0,0
2026-08-26 22:37:27.833467,3000.00,card,0,0,0
2026-08-26 22:16:34.870948,4300.00,card,0,0,0
2026-08-26 21:55:54.639867,0.00,BALANCE,0,0,0
2026-08-26 21:43:31.926284,3000.00,card,0,0,0
2026-08-26 21:21:27.96242,1900.00,reptiloid,0,0,0
2026-08-26 21:01:36.385034,4300.00,reptiloid,0,0,0
2026-08-26 20:59:21.056494,1900.00,reptiloid,0,0,0
2026-08-26 20:59:20.31123,3000.00,reptiloid,0,0,0
2026-08-26 20:55:33.904214,1900.00,reptiloid,0,0,0
2026-08-26 20:37:09.938673,3000.00,card,0,0,0
2026-08-26 20:27:48.557252,4400.00,merchant001,0,0,0
2026-08-26 20:26:14.636361,3000.00,reptiloid,0,0,0
2026-08-26 20:14:48.844934,4400.00,card,0,0,0
2026-08-26 20:10:34.033439,4400.00,reptiloid,0,0,0
2026-08-26 20:04:09.310841,3000.00,card,0,0,0
2026-08-26 19:44:59.885168,1900.00,reptiloid,0,0,0
2026-08-26 19:40:49.301578,1900.00,merchant001,0,0,0
2026-08-26 19:37:13.48158,4300.00,reptiloid,0,0,0
2026-08-26 19:23:58.338188,4300.00,reptiloid,0,0,0
2026-08-26 18:50:40.886947,3500.00,reptiloid,0,0,0
2026-08-26 18:27:00.160782,3200.00,reptiloid,0,0,0
2026-08-26 18:25:37.811115,4400.00,card,0,0,0
2026-08-26 18:05:44.055995,4400.00,reptiloid,0,0,0
2026-08-26 18:01:53.41599,4300.00,card,0,0,0
2026-08-26 18:01:07.668707,7200.00,reptiloid,0,0,0
2026-08-26 17:52:53.50949,3000.00,BALANCE,0,0,0
2026-08-26 17:39:37.969633,4300.00,reptiloid,0,0,0
2026-08-26 17:34:46.281539,3000.00,reptiloid,0,0,0
2026-08-26 17:34:32.599912,4300.00,reptiloid,0,0,0
2026-08-26 17:32:45.510453,4300.00,merchant001,0,0,0
2026-08-26 17:22:49.404399,3500.00,reptiloid,0,0,0
2026-08-26 17:06:04.737761,1900.00,reptiloid,0,0,0
2026-08-26 17:02:38.106883,3800.00,BALANCE,0,0,0
2026-08-26 16:56:47.24867,4300.00,BALANCE,0,0,0
2026-08-26 16:56:13.073418,7200.00,reptiloid,0,0,0
2026-08-26 16:55:33.313559,4300.00,reptiloid,0,0,0
2026-08-26 16:33:25.571479,3200.00,reptiloid,0,0,0
2026-08-26 16:33:08.348991,0.00,BALANCE,0,0,0
2026-08-26 16:33:01.189084,4400.00,reptiloid,0,0,0
2026-08-26 16:18:46.09558,1300.00,BALANCE,0,0,0
2026-08-26 16:17:32.46336,4400.00,merchant001,0,0,0
2026-08-26 16:14:12.075488,4300.00,card,0,0,0
2026-08-26 16:12:21.996343,3200.00,nirvana,0,0,0
2026-08-26 16:02:26.471072,3200.00,reptiloid,0,0,0
2026-08-26 15:54:26.64127,4300.00,card,0,0,0
2026-08-26 15:52:26.819667,3000.00,reptiloid,0,0,0
2026-08-26 15:50:22.064106,7200.00,BALANCE,0,0,0
2026-08-26 15:39:00.171488,7200.00,BALANCE,0,0,0
2026-08-26 15:32:12.692275,4300.00,reptiloid,0,0,0
2026-08-26 15:29:31.0139,3300.0000,USDT,0,0,43.886000
2026-08-26 15:18:20.431173,7200.00,reptiloid,0,0,0
2026-08-26 15:10:40.356675,7200.00,nirvana,0,0,0
2026-08-26 14:54:23.208219,3200.00,nirvana,0,0,0
2026-08-26 14:31:13.064956,4300.00,reptiloid,0,0,0
2026-08-26 14:26:40.439998,1900.00,reptiloid,0,0,0
2026-08-26 14:25:18.467748,4300.00,reptiloid,0,0,0
2026-08-26 14:17:19.4094,7200.00,reptiloid,0,0,0
2026-08-26 13:53:15.197147,1300.00,BALANCE,0,0,0
2026-08-26 13:34:33.187464,7200.00,card,0,0,0
2026-08-26 13:33:54.868596,4300.00,card,0,0,0
2026-08-26 13:30:34.46636,4300.00,reptiloid,0,0,0
2026-08-26 13:01:03.876297,4200.00,BALANCE,0,0,0
2026-08-26 12:53:15.086329,4300.00,reptiloid,0,0,0
2026-08-26 12:43:21.485155,1900.00,reptiloid,0,0,0
2026-08-26 12:03:51.124092,1700.00,BALANCE,0,0,0
2026-08-26 11:47:22.64327,7200.00,reptiloid,0,0,0
2026-08-26 11:29:56.045228,4300.00,reptiloid,0,0,0
2026-08-26 11:22:38.456844,4300.00,reptiloid,0,0,0
2026-08-26 10:39:26.703176,7200.00,reptiloid,0,0,0
2026-08-26 09:17:31.488035,4300.00,reptiloid,0,0,0
2026-08-26 09:04:12.990731,0.00,BALANCE,0,0,0
2026-08-26 07:57:32.733876,4300.00,reptiloid,0,0,0
2026-08-26 05:36:24.633181,7200.00,reptiloid,0,0,0
2026-08-26 04:47:22.5816,7200.00,reptiloid,0,0,0
2026-08-26 01:26:25.751987,4300.00,reptiloid,0,0,0
2026-08-26 00:46:12.916823,1100.00,BALANCE,0,0,0
2026-08-26 00:22:19.686365,4300.00,reptiloid,0,0,0
2026-08-25 23:19:54.72415,7200.00,reptiloid,0,0,0
2026-08-25 23:19:31.971508,7200.00,nirvana,0,0,0
2026-08-25 23:12:35.541949,4300.00,merchant001,0,0,0
2026-08-25 23:10:50.679286,3000.00,reptiloid,0,0,0
2026-08-25 22:55:56.838221,7200.00,reptiloid,0,0,0
2026-08-25 22:35:58.714031,7200.00,reptiloid,0,0,0
2026-08-25 22:32:56.561247,4300.00,reptiloid,0,0,0
2026-08-25 22:23:35.666491,1900.00,reptiloid,0,0,0
2026-08-25 21:45:04.105229,7200.00,reptiloid,0,0,0
2026-08-25 21:15:31.13925,1300.00,BALANCE,0,0,0
2026-08-25 20:34:11.159761,1900.00,reptiloid,0,0,0
2026-08-25 20:26:07.621944,0.00,BALANCE,0,0,0
2026-08-25 20:23:48.693635,0.00,BALANCE,0,0,0
2026-08-25 20:21:36.629794,7200.00,reptiloid,0,0,0
2026-08-25 20:10:10.095393,4300.00,reptiloid,0,0,0
2026-08-25 20:09:35.245998,7200.00,BALANCE,0,0,0
2026-08-25 20:06:01.169137,3000.00,BALANCE,0,0,0
2026-08-25 20:03:42.139671,1300.00,BALANCE,0,0,0
2026-08-25 20:03:40.74672,0.00,BALANCE,0,0,0
2026-08-25 19:39:18.543906,4300.00,reptiloid,0,0,0
2026-08-25 19:24:29.234596,7200.00,reptiloid,0,0,0
2026-08-25 19:16:57.494524,7200.00,reptiloid,0,0,0
2026-08-25 19:12:54.432722,4300.00,reptiloid,0,0,0
2026-08-25 19:03:18.356329,4300.00,BALANCE,0,0,0
2026-08-25 19:01:02.183292,0.00,BALANCE,0,0,0
2026-08-25 18:57:45.013849,7200.00,reptiloid,0,0,0
2026-08-25 18:56:34.766127,4300.00,reptiloid,0,0,0
2026-08-25 18:53:51.895334,4300.00,reptiloid,0,0,0
2026-08-25 18:52:21.663202,4300.00,reptiloid,0,0,0
2026-08-25 18:48:16.117767,7200.00,reptiloid,0,0,0
2026-08-25 18:43:54.863572,7200.00,merchant001,0,0,0
2026-08-25 18:43:20.961299,4300.00,card,0,0,0
2026-08-25 18:39:25.302851,4300.00,reptiloid,0,0,0
2026-08-25 18:27:33.472781,4300.00,card,0,0,0
2026-08-25 18:24:25.307862,4300.00,card,0,0,0
2026-08-25 18:16:06.804054,4300.00,reptiloid,0,0,0
2026-08-25 18:11:49.848448,3225.0000,USDT,0,0,42.888000
2026-08-25 17:55:54.47441,4300.00,BALANCE,0,0,0
2026-08-25 17:55:14.396317,4300.00,merchant001,0,0,0
2026-08-25 17:29:54.461218,7200.00,reptiloid,0,0,0
2026-08-25 17:27:21.895175,1900.00,reptiloid,0,0,0
2026-08-25 17:21:16.345729,3225.0000,USDT,0,0,42.888000
2026-08-25 17:18:33.282301,4300.00,reptiloid,0,0,0
2026-08-25 17:15:23.184624,4300.00,reptiloid,0,0,0
2026-08-25 16:42:14.106753,0.00,BALANCE,0,0,0
2026-08-25 16:26:00.921005,7200.00,reptiloid,0,0,0
2026-08-25 16:21:37.558333,4300.00,card,0,0,0
2026-08-25 16:15:55.903634,1100.00,BALANCE,0,0,0
2026-08-25 13:59:42.769238,7200.00,reptiloid,0,0,0
2026-08-25 13:58:03.135336,3200.00,reptiloid,0,0,0
2026-08-25 13:38:35.169924,7200.00,reptiloid,0,0,0
2026-08-25 13:23:55.316836,4300.00,reptiloid,0,0,0
2026-08-25 12:46:05.56569,7200.00,reptiloid,0,0,0
2026-08-25 12:25:15.924749,0.00,BALANCE,0,0,0
2026-08-25 12:24:12.442663,1900.00,reptiloid,0,0,0
2026-08-25 12:23:48.964089,4300.00,BALANCE,0,0,0
2026-08-25 12:20:33.555902,0.00,BALANCE,0,0,0
2026-08-25 11:40:45.983862,7200.00,reptiloid,0,0,0
2026-08-25 11:36:14.840982,1300.00,BALANCE,0,0,0
2026-08-25 11:26:14.924437,4300.00,reptiloid,0,0,0
2026-08-25 11:12:22.714239,7200.00,reptiloid,0,0,0
2026-08-25 10:42:08.384028,1900.00,reptiloid,0,0,0
2026-08-25 10:20:57.103022,1900.00,reptiloid,0,0,0
2026-08-25 10:09:29.576939,4300.00,BALANCE,0,0,0
2026-08-25 09:59:48.328578,4300.00,card,0,0,0
2026-08-25 09:48:03.083766,7200.00,card,0,0,0
2026-08-25 09:36:56.708217,7200.00,reptiloid,0,0,0
2026-08-25 09:23:36.867469,3000.00,BALANCE,0,0,0
2026-08-25 08:41:36.575318,5400.0000,USDT,0,0,71.813000
2026-08-25 08:29:54.036211,1900.00,card,0,0,0
2026-08-25 08:24:27.1245,4300.00,reptiloid,0,0,0
2026-08-25 07:07:44.5833,7200.00,card,0,0,0
2026-08-25 05:31:06.255257,1900.00,BALANCE,0,0,0
2026-08-25 04:30:41.569305,4300.00,reptiloid,0,0,0
2026-08-25 04:03:28.47007,4300.00,reptiloid,0,0,0
2026-08-25 02:23:31.255886,4200.00,BALANCE,0,0,0
2026-08-25 02:07:22.518113,4300.00,card,0,0,0
2026-08-25 01:11:22.117565,1900.00,BALANCE,0,0,0
2026-08-25 00:17:50.089704,1300.00,BALANCE,0,0,0
2026-08-25 00:17:18.369125,4300.00,reptiloid,0,0,0
2026-08-24 23:07:39.578379,3200.00,card,0,0,0
2026-08-24 22:40:40.607607,4200.00,BALANCE,0,0,0
2026-08-24 22:19:31.031224,7200.00,merchant001,0,0,0
2026-08-24 22:19:14.75434,4300.00,BALANCE,0,0,0
2026-08-24 22:04:37.217558,2600.00,BALANCE,0,0,0
2026-08-24 21:28:13.726537,7200.00,BALANCE,0,0,0
2026-08-24 21:20:12.472945,7200.00,nirvana,0,0,0
2026-08-24 21:14:00.837865,4400.00,BALANCE,0,0,0
2026-08-24 21:02:42.524059,4300.00,card,0,0,0
2026-08-24 20:48:10.202542,7200.00,reptiloid,0,0,0
2026-08-24 20:47:51.458682,4400.00,nirvana,0,0,0
2026-08-24 20:33:39.374576,4400.00,BALANCE,0,0,0
2026-08-24 20:22:13.460986,4300.00,reptiloid,0,0,0
2026-08-24 20:18:06.089251,4300.00,card,0,0,0
2026-08-24 20:02:50.391744,4300.00,reptiloid,0,0,0
2026-08-24 20:01:38.754723,4400.00,reptiloid,0,0,0
2026-08-24 19:44:58.041358,1400.00,BALANCE,0,0,0
2026-08-24 19:42:36.529545,1300.00,BALANCE,0,0,0
2026-08-24 19:36:15.3345,4400.00,BALANCE,0,0,0
2026-08-24 19:27:38.204781,4300.00,reptiloid,0,0,0
2026-08-24 19:22:41.875616,3225.0000,USDT,0,0,42.888000
2026-08-24 18:55:12.706043,4300.00,reptiloid,0,0,0
2026-08-24 18:54:43.224493,4300.00,reptiloid,0,0,0
2026-08-24 18:53:12.802433,7200.00,reptiloid,0,0,0
2026-08-24 18:51:26.202926,1900.00,BALANCE,0,0,0
2026-08-24 18:47:12.81866,4300.00,BALANCE,0,0,0
2026-08-24 18:39:29.617601,4300.00,card,0,0,0
2026-08-24 18:39:11.347681,4400.00,card,0,0,0
2026-08-24 18:32:39.318823,4300.00,reptiloid,0,0,0
2026-08-24 18:25:09.714136,7200.00,reptiloid,0,0,0
2026-08-24 18:22:29.462066,4300.00,reptiloid,0,0,0
2026-08-24 18:19:14.755585,4300.00,card,0,0,0
2026-08-24 18:06:52.344111,4300.00,card,0,0,0
2026-08-24 17:38:17.71139,4300.00,merchant001,0,0,0
2026-08-24 17:35:29.05086,4300.00,card,0,0,0
2026-08-24 17:25:01.98636,4400.00,merchant001,0,0,0
2026-08-24 17:21:24.981228,1300.00,BALANCE,0,0,0
2026-08-24 17:18:51.108429,4300.00,reptiloid,0,0,0
2026-08-24 17:06:52.497016,4300.00,card,0,0,0
2026-08-24 16:22:55.170095,4300.00,reptiloid,0,0,0
2026-08-24 16:18:30.048759,7200.00,reptiloid,0,0,0
2026-08-24 16:14:22.825476,1900.00,BALANCE,0,0,0
2026-08-24 16:06:03.050366,3200.00,BALANCE,0,0,0
2026-08-24 15:59:00.490183,4300.00,card,0,0,0
2026-08-24 15:57:11.457531,4300.00,reptiloid,0,0,0
2026-08-24 15:33:41.285985,2400.00,reptiloid,0,0,0
2026-08-24 15:32:50.831104,1900.00,reptiloid,0,0,0
2026-08-24 15:32:49.068142,1900.00,merchant001,0,0,0
2026-08-24 15:27:02.367478,4300.00,reptiloid,0,0,0
2026-08-24 15:26:36.83657,4300.00,reptiloid,0,0,0
2026-08-24 15:20:01.319395,4300.00,reptiloid,0,0,0
2026-08-24 15:16:16.437516,1900.00,BALANCE,0,0,0
2026-08-24 15:11:03.73419,3200.00,BALANCE,0,0,0
2026-08-24 15:05:30.78255,7200.00,reptiloid,0,0,0
2026-08-24 14:59:06.960799,4300.00,reptiloid,0,0,0
2026-08-24 14:48:51.091239,1300.00,BALANCE,0,0,0
2026-08-24 14:45:50.157761,4300.00,card,0,0,0
2026-08-24 14:43:16.791844,4300.00,card,0,0,0
2026-08-24 14:41:50.689806,2720.0000,LTC,0,0.73120659,0
2026-08-24 14:41:32.667104,4300.00,reptiloid,0,0,0
2026-08-24 14:27:42.746833,4300.00,card,0,0,0
2026-08-24 14:25:45.808188,3200.00,reptiloid,0,0,0
2026-08-24 14:21:04.9332,4300.00,reptiloid,0,0,0
2026-08-24 14:05:57.427758,4300.00,reptiloid,0,0,0
2026-08-24 14:00:43.191753,4300.00,merchant001,0,0,0
2026-08-24 13:54:22.626355,4200.00,BALANCE,0,0,0
2026-08-24 13:47:24.167063,4300.00,BALANCE,0,0,0
2026-08-24 13:38:00.51171,4300.00,reptiloid,0,0,0
2026-08-24 13:33:28.30785,4300.00,BALANCE,0,0,0
2026-08-24 13:31:31.698918,4300.00,reptiloid,0,0,0
2026-08-24 13:24:49.702056,3225.0000,USDT,0,0,42.888000
2026-08-24 13:13:43.564834,3225.0000,USDT,0,0,42.888000
2026-08-24 13:10:08.273101,4400.00,card,0,0,0
2026-08-24 12:56:17.78283,4300.00,reptiloid,0,0,0
2026-08-24 12:44:52.596213,1300.00,BALANCE,0,0,0
2026-08-24 12:41:54.541483,4300.00,merchant001,0,0,0
2026-08-24 12:39:51.931112,1900.00,BALANCE,0,0,0
2026-08-24 12:35:25.818743,4300.00,BALANCE,0,0,0
2026-08-24 12:29:46.913068,4300.00,card,0,0,0
2026-08-24 12:25:49.628511,4300.00,BALANCE,0,0,0
2026-08-24 12:25:18.685169,4300.00,BALANCE,0,0,0
2026-08-24 12:24:09.505296,4300.00,card,0,0,0
2026-08-24 12:00:01.305688,1615.0000,LTC,0,0.44189514,0
2026-08-24 11:22:33.414076,7200.00,merchant001,0,0,0
2026-08-24 10:38:53.63756,4300.00,BALANCE,0,0,0
2026-08-24 10:35:57.686709,1900.00,merchant001,0,0,0
2026-08-24 09:09:36.261324,3200.00,reptiloid,0,0,0
2026-08-24 08:28:56.412691,4300.00,reptiloid,0,0,0
2026-08-24 07:20:07.586432,4300.00,merchant001,0,0,0
2026-08-24 06:45:50.259529,7200.00,card,0,0,0
2026-08-24 06:27:09.693235,4300.00,card,0,0,0
2026-08-24 05:40:50.145381,4300.00,card,0,0,0
2026-08-24 03:27:22.473974,1900.00,reptiloid,0,0,0
2026-08-24 03:10:39.338558,4300.00,merchant001,0,0,0
2026-08-24 02:23:48.005,1900.00,reptiloid,0,0,0
