date_time,amount,method,btc,ltc,usdt
2026-09-01 22:44:45.880892,2160.00,BALANCE,0,0,0
2026-09-01 22:44:30.897421,3715.00,BALANCE,0,0,0
2026-09-01 22:38:34.950549,2660.00,BALANCE,0,0,0
2026-09-01 22:37:18.600565,4500.00,reptiloid,0,0,0
2026-09-01 22:17:16.167126,4285.00,BALANCE,0,0,0
2026-09-01 21:57:14.833527,4500.00,transa,0,0,0
2026-09-01 21:53:31.351852,4500.00,reptiloid,0,0,0
2026-09-01 21:35:25.217713,2120.00,BALANCE,0,0,0
2026-09-01 21:17:57.780452,2380.00,BALANCE,0,0,0
2026-09-01 21:14:27.327239,1520.00,BALANCE,0,0,0
2026-09-01 20:46:24.814746,2800.00,reptiloid,0,0,0
2026-09-01 20:38:13.981331,2387.50,BALANCE,0,0,0
2026-09-01 20:34:22.092001,4287.50,BALANCE,0,0,0
2026-09-01 20:27:43.209348,4500.00,card,0,0,0
2026-09-01 20:22:11.194446,4346.50,BALANCE,0,0,0
2026-09-01 20:21:09.490191,3200.00,reptiloid,0,0,0
2026-09-01 20:09:42.512943,4500.00,card,0,0,0
2026-09-01 19:33:24.848028,2499.00,BALANCE,0,0,0
2026-09-01 18:56:53.251857,4500.00,BALANCE,0,0,0
2026-09-01 18:56:30.149653,4500.00,BALANCE,0,0,0
2026-09-01 18:56:01.818678,3850.00,BALANCE,0,0,0
2026-09-01 18:52:15.483988,4500.00,transa,0,0,0
2026-09-01 18:47:38.979598,4500.00,BALANCE,0,0,0
2026-09-01 18:47:14.481326,4075.00,BALANCE,0,0,0
2026-09-01 18:45:50.863843,2375.00,BALANCE,0,0,0
2026-09-01 18:45:22.68728,4500.00,BALANCE,0,0,0
2026-09-01 18:44:57.125081,4075.00,BALANCE,0,0,0
2026-09-01 18:30:33.01161,2800.00,reptiloid,0,0,0
2026-09-01 18:13:41.290312,3050.00,BALANCE,0,0,0
2026-09-01 18:09:08.535573,1085.00,BALANCE,0,0,0
2026-09-01 18:04:17.539627,4500.00,reptiloid,0,0,0
2026-09-01 18:00:31.097486,2800.00,card,0,0,0
2026-09-01 17:54:55.317032,1910.00,BALANCE,0,0,0
2026-09-01 17:50:56.583076,2385.00,BALANCE,0,0,0
2026-09-01 17:48:38.97061,4500.00,reptiloid,0,0,0
2026-09-01 17:46:08.196113,1140.00,BALANCE,0,0,0
2026-09-01 17:36:47.445647,4295.00,BALANCE,0,0,0
2026-09-01 17:26:36.93704,2165.00,BALANCE,0,0,0
2026-09-01 17:22:23.296758,2165.00,BALANCE,0,0,0
2026-09-01 17:19:28.896414,2800.00,reptiloid,0,0,0
2026-09-01 17:09:38.869119,4500.00,card,0,0,0
2026-09-01 17:08:18.012479,2386.00,BALANCE,0,0,0
2026-09-01 16:57:51.347152,4500.00,transa,0,0,0
2026-09-01 16:57:51.316779,2800.00,BALANCE,0,0,0
2026-09-01 16:50:24.839999,2385.00,BALANCE,0,0,0
2026-09-01 16:41:34.196705,2385.00,BALANCE,0,0,0
2026-09-01 16:37:32.247755,2347.50,BALANCE,0,0,0
2026-09-01 16:36:47.434482,1260.00,BALANCE,0,0,0
2026-09-01 16:32:15.165961,4285.00,BALANCE,0,0,0
2026-09-01 16:29:34.358237,4310.00,BALANCE,0,0,0
2026-09-01 16:28:30.527637,4500.00,reptiloid,0,0,0
2026-09-01 16:24:45.461477,4060.00,BALANCE,0,0,0
2026-09-01 16:22:46.535164,4285.00,BALANCE,0,0,0
2026-09-01 16:16:25.675861,4500.00,BALANCE,0,0,0
2026-09-01 16:11:39.974795,4500.00,transa,0,0,0
2026-09-01 16:02:57.224406,4275.00,BALANCE,0,0,0
2026-09-01 16:01:10.120257,3045.00,BALANCE,0,0,0
2026-09-01 15:56:31.474345,2385.00,BALANCE,0,0,0
2026-09-01 15:45:55.238658,4285.00,BALANCE,0,0,0
2026-09-01 15:45:12.423528,4285.00,BALANCE,0,0,0
2026-09-01 15:36:51.128214,4500.00,BALANCE,0,0,0
2026-09-01 15:36:18.006898,925.00,BALANCE,0,0,0
2026-09-01 15:33:08.249557,4500.00,reptiloid,0,0,0
2026-09-01 15:32:53.246466,3200.00,card,0,0,0
2026-09-01 14:42:02.268375,4500.00,reptiloid,0,0,0
2026-09-01 14:32:19.216927,2800.00,card,0,0,0
2026-09-01 14:17:04.485912,4500.00,card,0,0,0
2026-09-01 14:13:20.754817,2666.00,BALANCE,0,0,0
2026-09-01 14:12:25.75073,4067.50,BALANCE,0,0,0
2026-09-01 13:56:48.237886,4500.00,reptiloid,0,0,0
2026-09-01 13:40:44.296803,4265.00,BALANCE,0,0,0
2026-09-01 13:20:52.816253,4275.00,BALANCE,0,0,0
2026-09-01 13:12:29.668502,3170.00,BALANCE,0,0,0
2026-09-01 13:10:56.943133,4500.00,reptiloid,0,0,0
2026-09-01 13:00:51.169268,3847.50,BALANCE,0,0,0
2026-09-01 12:53:24.41625,4287.50,BALANCE,0,0,0
2026-09-01 12:46:21.790223,3912.50,BALANCE,0,0,0
2026-09-01 12:26:10.445778,4275.00,BALANCE,0,0,0
2026-09-01 12:25:15.589594,4285.75,BALANCE,0,0,0
2026-09-01 12:20:41.198511,4295.00,BALANCE,0,0,0
2026-09-01 12:02:36.79225,3200.00,card,0,0,0
2026-09-01 12:01:04.267245,2385.00,BALANCE,0,0,0
2026-09-01 12:00:29.138799,2800.00,card,0,0,0
2026-09-01 11:58:11.031845,2850.00,BALANCE,0,0,0
2026-09-01 11:42:45.49323,4075.00,BALANCE,0,0,0
2026-09-01 11:32:04.976808,630.50,BALANCE,0,0,0
2026-09-01 11:17:28.514046,4500.00,reptiloid,0,0,0
2026-09-01 10:55:17.988344,2380.00,BALANCE,0,0,0
2026-09-01 10:29:46.730171,4500.00,reptiloid,0,0,0
2026-09-01 10:22:47.265089,4500.00,reptiloid,0,0,0
2026-09-01 10:22:31.382772,4500.00,reptiloid,0,0,0
2026-09-01 09:53:48.596724,4285.00,BALANCE,0,0,0
2026-09-01 09:48:20.85529,4275.00,BALANCE,0,0,0
2026-09-01 07:45:01.45534,2370.00,BALANCE,0,0,0
2026-09-01 07:22:36.074421,4500.00,reptiloid,0,0,0
2026-09-01 07:06:07.024607,4500.00,reptiloid,0,0,0
2026-09-01 06:41:56.034328,0.00,BALANCE,0,0,0
2026-09-01 03:11:30.195925,4288.50,BALANCE,0,0,0
2026-09-01 02:19:34.005307,4280.00,BALANCE,0,0,0
2026-09-01 02:18:38.851786,3800.00,BALANCE,0,0,0
2026-09-01 02:06:27.352236,4500.00,transa,0,0,0
2026-09-01 00:32:38.100862,4405.00,BALANCE,0,0,0
2026-09-01 00:13:24.035562,4500.00,transa,0,0,0
2026-09-01 00:08:02.602176,4287.50,BALANCE,0,0,0
2026-08-31 23:54:16.240812,4500.00,card,0,0,0
2026-08-31 23:37:13.0307,3057.65,BALANCE,0,0,0
2026-08-31 23:36:52.110333,4295.00,BALANCE,0,0,0
2026-08-31 23:18:19.700313,4305.00,BALANCE,0,0,0
2026-08-31 22:37:05.037562,4500.00,reptiloid,0,0,0
2026-08-31 22:18:42.64395,2385.00,BALANCE,0,0,0
2026-08-31 21:59:34.123194,4500.00,reptiloid,0,0,0
2026-08-31 21:14:58.878435,4282.50,BALANCE,0,0,0
2026-08-31 21:14:12.931472,2385.00,BALANCE,0,0,0
2026-08-31 21:03:34.183438,4290.00,BALANCE,0,0,0
2026-08-31 20:58:32.365258,2390.00,BALANCE,0,0,0
2026-08-31 20:57:05.258363,4500.00,transa,0,0,0
2026-08-31 20:49:47.488615,2380.00,BALANCE,0,0,0
2026-08-31 20:44:47.801239,1950.00,BALANCE,0,0,0
2026-08-31 20:20:02.367245,4500.00,reptiloid,0,0,0
2026-08-31 20:18:58.707152,4500.00,transa,0,0,0
2026-08-31 20:15:12.814779,4500.00,reptiloid,0,0,0
2026-08-31 20:07:53.38817,4500.00,reptiloid,0,0,0
2026-08-31 20:06:36.804117,4275.00,BALANCE,0,0,0
2026-08-31 19:58:54.397197,1315.00,BALANCE,0,0,0
2026-08-31 19:37:04.430194,4500.00,reptiloid,0,0,0
2026-08-31 19:28:45.712629,4287.50,BALANCE,0,0,0
2026-08-31 19:08:57.043602,2030.000,USDT,0,0,27.627000
2026-08-31 18:50:02.608601,4285.00,BALANCE,0,0,0
2026-08-31 18:19:14.202048,2170.00,BALANCE,0,0,0
2026-08-31 18:04:51.33091,2900.00,card,0,0,0
2026-08-31 18:00:45.19911,4285.70,BALANCE,0,0,0
2026-08-31 17:49:42.199685,4500.00,reptiloid,0,0,0
2026-08-31 17:45:41.585632,1825.00,BALANCE,0,0,0
2026-08-31 17:42:18.192717,4072.50,BALANCE,0,0,0
2026-08-31 17:38:23.042613,4287.50,BALANCE,0,0,0
2026-08-31 17:31:17.78166,4500.00,reptiloid,0,0,0
2026-08-31 17:26:09.408155,4292.50,BALANCE,0,0,0
2026-08-31 17:25:04.089326,4275.00,BALANCE,0,0,0
2026-08-31 17:24:44.17133,4500.00,card,0,0,0
2026-08-31 16:53:13.930459,4450.00,BALANCE,0,0,0
2026-08-31 16:45:16.434352,4275.00,BALANCE,0,0,0
2026-08-31 16:43:29.632774,4500.00,card,0,0,0
2026-08-31 16:25:04.852928,2670.00,BALANCE,0,0,0
2026-08-31 16:13:56.561053,4285.00,BALANCE,0,0,0
2026-08-31 16:11:42.96158,4280.90,BALANCE,0,0,0
2026-08-31 16:11:28.05285,4500.00,reptiloid,0,0,0
2026-08-31 15:49:17.628016,3200.00,transa,0,0,0
2026-08-31 15:45:27.737728,3200.00,card,0,0,0
2026-08-31 15:30:01.402372,2900.00,nirvana,0,0,0
2026-08-31 15:29:30.857537,4290.00,BALANCE,0,0,0
2026-08-31 15:25:04.358884,4285.00,BALANCE,0,0,0
2026-08-31 15:20:27.52521,4295.00,BALANCE,0,0,0
2026-08-31 15:19:36.794353,4060.00,BALANCE,0,0,0
2026-08-31 15:16:05.172886,4287.50,BALANCE,0,0,0
2026-08-31 15:13:30.305806,0.00,BALANCE,0,0,0
2026-08-31 15:10:18.368785,0.00,BALANCE,0,0,0
2026-08-31 15:03:23.005828,4500.00,BALANCE,0,0,0
2026-08-31 14:31:10.459161,4500.00,reptiloid,0,0,0
2026-08-31 14:17:50.29013,2387.50,BALANCE,0,0,0
2026-08-31 14:17:28.289558,765.00,BALANCE,0,0,0
2026-08-31 13:16:42.716121,4050.00,BALANCE,0,0,0
2026-08-31 13:15:36.414172,4500.00,transa,0,0,0
2026-08-31 13:10:38.40351,4500.00,transa,0,0,0
2026-08-31 13:10:12.257501,4500.00,reptiloid,0,0,0
2026-08-31 13:10:01.261885,2800.00,reptiloid,0,0,0
2026-08-31 12:45:05.200622,4500.00,card,0,0,0
2026-08-31 12:35:10.673215,4275.00,BALANCE,0,0,0
2026-08-31 12:33:55.078635,2382.50,BALANCE,0,0,0
2026-08-31 12:32:45.998424,4500.00,card,0,0,0
2026-08-31 12:31:08.807028,4275.00,BALANCE,0,0,0
2026-08-31 12:29:53.935244,4067.50,BALANCE,0,0,0
2026-08-31 12:15:07.709268,4500.00,reptiloid,0,0,0
2026-08-31 12:09:49.458159,4500.00,BALANCE,0,0,0
2026-08-31 12:06:35.968023,4500.00,reptiloid,0,0,0
2026-08-31 11:57:09.982206,1140.00,BALANCE,0,0,0
2026-08-31 11:47:05.382494,4275.00,BALANCE,0,0,0
2026-08-31 11:28:03.884576,2397.50,BALANCE,0,0,0
2026-08-31 11:27:18.330246,4285.00,BALANCE,0,0,0
2026-08-31 10:52:12.589135,2620.00,BALANCE,0,0,0
2026-08-31 10:19:30.090382,4065.00,BALANCE,0,0,0
2026-08-31 09:51:08.038664,3200.00,reptiloid,0,0,0
2026-08-31 09:17:31.551308,2800.00,card,0,0,0
2026-08-31 08:53:06.483459,4500.00,transa,0,0,0
2026-08-31 08:28:20.944688,2375.00,BALANCE,0,0,0
2026-08-31 03:01:05.427798,4075.00,BALANCE,0,0,0
2026-08-31 01:47:31.846382,4287.00,BALANCE,0,0,0
2026-08-31 00:48:00.451899,4500.00,transa,0,0,0
2026-08-31 00:46:56.038559,3610.00,BALANCE,0,0,0
2026-08-30 22:42:38.671463,4280.00,BALANCE,0,0,0
2026-08-30 22:37:36.96037,3100.00,reptiloid,0,0,0
2026-08-30 22:17:39.220083,4500.00,reptiloid,0,0,0
2026-08-30 21:38:32.345006,4500.00,card,0,0,0
2026-08-30 21:35:32.530944,4285.00,BALANCE,0,0,0
2026-08-30 20:47:38.107479,4500.00,reptiloid,0,0,0
2026-08-30 20:32:31.392851,4075.00,BALANCE,0,0,0
2026-08-30 20:01:50.100394,2800.00,BALANCE,0,0,0
2026-08-30 19:58:26.457677,4500.00,reptiloid,0,0,0
2026-08-30 19:51:23.0818,250.00,BALANCE,0,0,0
2026-08-30 19:41:16.797273,4065.00,BALANCE,0,0,0
2026-08-30 19:20:50.52833,2360.00,BALANCE,0,0,0
2026-08-30 19:10:17.459458,2375.00,BALANCE,0,0,0
2026-08-30 18:59:02.537544,3100.00,reptiloid,0,0,0
2026-08-30 18:30:18.619204,3810.00,BALANCE,0,0,0
2026-08-30 18:17:04.846441,2387.50,BALANCE,0,0,0
2026-08-30 18:16:45.528051,2385.00,BALANCE,0,0,0
2026-08-30 18:13:13.107361,4500.00,card,0,0,0
2026-08-30 17:48:24.244338,4500.00,reptiloid,0,0,0
2026-08-30 17:45:47.233587,3100.00,card,0,0,0
2026-08-30 17:44:47.261089,4500.00,reptiloid,0,0,0
2026-08-30 17:36:35.53306,800.00,BALANCE,0,0,0
2026-08-30 17:26:46.295682,4500.00,reptiloid,0,0,0
2026-08-30 17:22:17.778702,3212.50,BALANCE,0,0,0
2026-08-30 17:05:34.544268,4280.00,BALANCE,0,0,0
2026-08-30 16:55:35.228679,4500.00,BALANCE,0,0,0
2026-08-30 16:51:17.723422,1950.00,BALANCE,0,0,0
2026-08-30 16:45:19.746072,4500.00,reptiloid,0,0,0
2026-08-30 16:42:32.461932,4500.00,BALANCE,0,0,0
2026-08-30 16:35:47.169729,4500.00,reptiloid,0,0,0
2026-08-30 16:35:05.501954,4070.00,BALANCE,0,0,0
2026-08-30 16:34:42.186946,2975.00,BALANCE,0,0,0
2026-08-30 16:29:42.575153,2385.50,BALANCE,0,0,0
2026-08-30 16:29:12.20792,2387.50,BALANCE,0,0,0
2026-08-30 16:13:08.28794,4285.00,BALANCE,0,0,0
2026-08-30 16:13:05.484482,2800.00,BALANCE,0,0,0
2026-08-30 16:11:43.905874,2667.50,BALANCE,0,0,0
2026-08-30 16:07:28.365679,4325.00,BALANCE,0,0,0
2026-08-30 16:06:58.8802,4500.00,card,0,0,0
2026-08-30 16:06:47.919123,4500.00,transa,0,0,0
2026-08-30 16:06:01.206026,4285.00,BALANCE,0,0,0
2026-08-30 15:23:46.888899,1300.00,BALANCE,0,0,0
2026-08-30 15:22:10.094026,4500.00,card,0,0,0
2026-08-30 15:13:18.91865,4500.00,reptiloid,0,0,0
2026-08-30 14:59:29.056022,2807.50,BALANCE,0,0,0
2026-08-30 14:44:40.147044,2800.00,reptiloid,0,0,0
2026-08-30 14:37:09.267645,4285.00,BALANCE,0,0,0
2026-08-30 14:20:09.538549,4285.90,BALANCE,0,0,0
2026-08-30 14:09:57.636608,4500.00,card,0,0,0
2026-08-30 14:03:59.037574,2665.00,BALANCE,0,0,0
2026-08-30 14:00:20.34218,4500.00,card,0,0,0
2026-08-30 13:57:06.437611,2397.50,BALANCE,0,0,0
2026-08-30 13:53:21.603874,3100.00,card,0,0,0
2026-08-30 13:51:43.76971,4300.00,BALANCE,0,0,0
2026-08-30 13:34:59.437577,4500.00,reptiloid,0,0,0
2026-08-30 13:32:37.531784,4282.50,BALANCE,0,0,0
2026-08-30 13:23:40.633314,4275.00,BALANCE,0,0,0
2026-08-30 13:18:58.743707,4500.00,card,0,0,0
2026-08-30 13:14:59.891549,2500.00,BALANCE,0,0,0
2026-08-30 13:12:42.789154,4500.00,reptiloid,0,0,0
2026-08-30 12:40:57.537094,4500.00,transa,0,0,0
2026-08-30 12:38:54.57934,3825.0000,LTC,0,1.06622646,0
2026-08-30 12:36:57.602977,4065.00,BALANCE,0,0,0
2026-08-30 12:28:41.763947,3100.00,reptiloid,0,0,0
2026-08-30 12:01:32.392729,4275.00,BALANCE,0,0,0
2026-08-30 11:57:45.849562,4500.00,reptiloid,0,0,0
2026-08-30 11:56:56.70918,4500.00,reptiloid,0,0,0
2026-08-30 11:51:51.979637,4500.00,reptiloid,0,0,0
2026-08-30 11:47:25.314909,2800.00,card,0,0,0
2026-08-30 11:33:49.416561,4500.00,reptiloid,0,0,0
2026-08-30 11:31:20.25495,770.00,BALANCE,0,0,0
2026-08-30 11:16:04.072373,2800.00,reptiloid,0,0,0
2026-08-30 11:04:56.707434,2758.50,BALANCE,0,0,0
2026-08-30 11:03:18.168297,2762.00,BALANCE,0,0,0
2026-08-30 10:59:48.858157,2390.00,BALANCE,0,0,0
2026-08-30 10:45:35.168058,4500.00,card,0,0,0
2026-08-30 10:33:25.057381,3100.00,card,0,0,0
2026-08-30 10:10:59.89922,3825.0000,LTC,0,1.07305031,0
2026-08-30 09:56:32.029584,4500.00,reptiloid,0,0,0
2026-08-30 09:46:28.087318,2515.00,BALANCE,0,0,0
2026-08-30 09:40:24.861844,4280.00,BALANCE,0,0,0
2026-08-30 09:28:33.025568,0.00,BALANCE,0,0,0
2026-08-30 09:08:30.172071,2900.00,reptiloid,0,0,0
2026-08-30 08:59:16.867171,4075.00,BALANCE,0,0,0
2026-08-30 08:22:21.007977,2385.00,BALANCE,0,0,0
2026-08-30 07:33:18.733225,2389.75,BALANCE,0,0,0
2026-08-30 06:47:37.991556,4500.00,reptiloid,0,0,0
2026-08-30 04:18:50.899942,4500.00,reptiloid,0,0,0
2026-08-30 04:16:32.989986,2380.00,BALANCE,0,0,0
2026-08-30 03:58:54.195135,4500.00,reptiloid,0,0,0
2026-08-30 03:25:43.839566,2380.0000,LTC,0,0.6725434,0
2026-08-30 01:21:53.864294,2800.00,reptiloid,0,0,0
2026-08-30 01:06:26.59056,4285.00,BALANCE,0,0,0
2026-08-30 00:22:13.224893,1770.00,BALANCE,0,0,0
2026-08-30 00:03:11.511332,4285.00,BALANCE,0,0,0
2026-08-29 23:56:47.337919,2375.00,BALANCE,0,0,0
2026-08-29 23:42:40.818312,4275.00,BALANCE,0,0,0
2026-08-29 23:37:26.685381,4289.00,BALANCE,0,0,0
2026-08-29 22:51:36.041816,4285.00,BALANCE,0,0,0
2026-08-29 22:27:31.985437,4500.00,nirvana,0,0,0
2026-08-29 22:26:21.425402,2385.00,BALANCE,0,0,0
2026-08-29 22:21:58.476677,4280.00,BALANCE,0,0,0
2026-08-29 22:01:05.279321,1750.00,BALANCE,0,0,0
2026-08-29 21:55:16.079675,4281.50,BALANCE,0,0,0
2026-08-29 21:47:15.553924,4287.50,BALANCE,0,0,0
2026-08-29 21:33:16.03002,4275.00,BALANCE,0,0,0
2026-08-29 21:21:03.941844,4500.00,reptiloid,0,0,0
2026-08-29 21:09:59.149583,4285.00,BALANCE,0,0,0
2026-08-29 21:09:58.685901,1200.00,BALANCE,0,0,0
2026-08-29 21:08:45.272368,4500.00,reptiloid,0,0,0
2026-08-29 21:08:05.315308,4280.00,BALANCE,0,0,0
2026-08-29 21:05:40.099568,4075.00,BALANCE,0,0,0
2026-08-29 20:59:38.02358,2375.00,BALANCE,0,0,0
2026-08-29 20:50:20.064054,2375.00,BALANCE,0,0,0
2026-08-29 20:46:07.07956,4500.00,reptiloid,0,0,0
2026-08-29 19:48:28.397595,4500.00,BALANCE,0,0,0
2026-08-29 19:38:48.878697,2855.00,BALANCE,0,0,0
2026-08-29 19:38:23.160604,4282.00,BALANCE,0,0,0
2026-08-29 19:27:30.111794,4500.00,reptiloid,0,0,0
2026-08-29 19:19:20.92778,4500.00,card,0,0,0
2026-08-29 18:48:09.607366,4282.50,BALANCE,0,0,0
2026-08-29 18:37:33.967727,3100.00,reptiloid,0,0,0
2026-08-29 18:30:18.393886,3100.00,reptiloid,0,0,0
2026-08-29 18:12:04.11073,2695.00,BALANCE,0,0,0
2026-08-29 17:55:19.080675,4500.00,reptiloid,0,0,0
2026-08-29 17:46:24.536342,4500.00,reptiloid,0,0,0
2026-08-29 17:35:29.431554,4500.00,reptiloid,0,0,0
2026-08-29 17:35:22.203677,4290.00,BALANCE,0,0,0
2026-08-29 17:31:39.076462,855.00,BALANCE,0,0,0
2026-08-29 17:28:41.484378,3042.50,BALANCE,0,0,0
2026-08-29 17:24:45.853811,4310.00,BALANCE,0,0,0
2026-08-29 17:19:49.655835,2265.00,BALANCE,0,0,0
2026-08-29 17:17:06.435648,4500.00,card,0,0,0
2026-08-29 17:09:45.670722,4285.00,BALANCE,0,0,0
2026-08-29 17:06:05.073796,3100.00,reptiloid,0,0,0
2026-08-29 17:04:14.744481,4285.95,BALANCE,0,0,0
2026-08-29 16:47:20.727611,4500.00,reptiloid,0,0,0
2026-08-29 16:41:43.537418,4500.00,reptiloid,0,0,0
2026-08-29 16:39:43.483957,4275.00,BALANCE,0,0,0
2026-08-29 16:38:36.335243,3100.00,reptiloid,0,0,0
2026-08-29 16:24:46.605282,4500.00,reptiloid,0,0,0
2026-08-29 16:08:49.742461,3200.00,BALANCE,0,0,0
2026-08-29 16:04:08.221813,4500.00,transa,0,0,0
2026-08-29 15:53:41.790353,4285.00,BALANCE,0,0,0
2026-08-29 15:41:40.716405,1800.00,BALANCE,0,0,0
2026-08-29 15:35:25.49915,1150.00,BALANCE,0,0,0
2026-08-29 15:33:13.058882,3200.00,card,0,0,0
2026-08-29 15:31:59.858732,3832.50,BALANCE,0,0,0
2026-08-29 15:29:15.890451,4500.00,transa,0,0,0
2026-08-29 15:27:02.342352,4290.00,BALANCE,0,0,0
2026-08-29 15:20:32.372537,915.00,BALANCE,0,0,0
2026-08-29 15:08:29.665317,1732.50,BALANCE,0,0,0
2026-08-29 15:07:57.570387,4287.50,BALANCE,0,0,0
2026-08-29 15:07:30.074562,4500.00,nirvana,0,0,0
2026-08-29 15:02:43.439693,4080.50,BALANCE,0,0,0
2026-08-29 14:59:19.946969,2375.00,BALANCE,0,0,0
2026-08-29 14:58:43.996998,3200.00,reptiloid,0,0,0
2026-08-29 14:55:21.582417,4500.00,transa,0,0,0
2026-08-29 14:23:55.252452,4290.00,BALANCE,0,0,0
2026-08-29 14:22:14.845657,2500.00,BALANCE,0,0,0
2026-08-29 14:18:53.87957,2385.00,BALANCE,0,0,0
2026-08-29 14:02:32.472143,2050.00,BALANCE,0,0,0
2026-08-29 13:56:49.165287,4500.00,reptiloid,0,0,0
2026-08-29 13:56:00.155986,4285.00,BALANCE,0,0,0
2026-08-29 13:49:47.289271,4500.00,reptiloid,0,0,0
2026-08-29 13:45:28.055143,4500.00,reptiloid,0,0,0
2026-08-29 13:39:15.417756,3200.00,reptiloid,0,0,0
2026-08-29 13:38:03.166916,900.00,BALANCE,0,0,0
2026-08-29 13:29:07.702535,4500.00,reptiloid,0,0,0
2026-08-29 13:25:07.758598,4280.00,BALANCE,0,0,0
2026-08-29 13:04:51.356859,4500.00,card,0,0,0
2026-08-29 12:07:36.385201,4500.00,reptiloid,0,0,0
2026-08-29 12:01:00.555873,2170.00,BALANCE,0,0,0
2026-08-29 11:43:10.685034,4061.25,BALANCE,0,0,0
2026-08-29 11:42:29.040698,860.00,BALANCE,0,0,0
2026-08-29 11:25:50.705566,3860.00,BALANCE,0,0,0
2026-08-29 11:25:29.449226,2375.00,BALANCE,0,0,0
2026-08-29 10:46:26.299729,4295.00,BALANCE,0,0,0
2026-08-29 10:44:41.431771,4500.00,reptiloid,0,0,0
2026-08-29 10:14:03.374595,3850.00,BALANCE,0,0,0
2026-08-29 09:09:27.280504,4500.00,reptiloid,0,0,0
2026-08-29 08:46:14.172242,1730.00,BALANCE,0,0,0
2026-08-29 08:44:34.19138,4275.00,BALANCE,0,0,0
2026-08-29 08:02:03.461303,4500.00,BALANCE,0,0,0
2026-08-29 07:59:38.854584,175.00,BALANCE,0,0,0
2026-08-29 05:36:30.524193,4285.00,BALANCE,0,0,0
2026-08-29 04:59:57.167685,4375.00,BALANCE,0,0,0
2026-08-29 04:37:46.82055,4500.00,reptiloid,0,0,0
2026-08-29 04:20:55.641223,4500.00,transa,0,0,0
2026-08-29 03:48:49.415798,3855.00,BALANCE,0,0,0
2026-08-29 00:38:18.790749,4500.00,reptiloid,0,0,0
2026-08-29 00:13:01.216669,1860.00,BALANCE,0,0,0
2026-08-29 00:09:49.887224,4285.00,BALANCE,0,0,0
2026-08-28 23:57:05.346888,2499.00,BALANCE,0,0,0
2026-08-28 23:48:45.968923,4500.00,reptiloid,0,0,0
2026-08-28 23:15:02.216632,1582.50,BALANCE,0,0,0
2026-08-28 23:12:35.739893,4500.00,reptiloid,0,0,0
2026-08-28 22:27:15.80612,4275.00,BALANCE,0,0,0
2026-08-28 22:22:08.400472,4500.00,reptiloid,0,0,0
2026-08-28 22:21:06.139557,4500.00,reptiloid,0,0,0
2026-08-28 22:11:32.266169,2385.00,BALANCE,0,0,0
2026-08-28 21:57:36.208303,2390.00,BALANCE,0,0,0
2026-08-28 21:29:57.025681,4500.00,reptiloid,0,0,0
2026-08-28 21:23:56.772631,4500.00,reptiloid,0,0,0
2026-08-28 21:03:54.471646,2382.50,BALANCE,0,0,0
2026-08-28 20:40:02.715364,3042.45,BALANCE,0,0,0
2026-08-28 20:38:12.374235,4500.00,reptiloid,0,0,0
2026-08-28 20:32:25.067898,4298.00,BALANCE,0,0,0
2026-08-28 20:30:02.987939,2390.00,BALANCE,0,0,0
2026-08-28 20:28:28.116443,4500.00,reptiloid,0,0,0
2026-08-28 20:27:46.365029,4287.50,BALANCE,0,0,0
2026-08-28 20:16:26.36808,4500.00,reptiloid,0,0,0
2026-08-28 20:13:43.449314,4500.00,reptiloid,0,0,0
2026-08-28 20:13:21.95309,3047.50,BALANCE,0,0,0
2026-08-28 20:11:20.360451,1520.00,BALANCE,0,0,0
2026-08-28 20:02:32.51838,4285.00,BALANCE,0,0,0
2026-08-28 19:54:33.44235,4290.00,BALANCE,0,0,0
2026-08-28 19:54:16.596175,2385.00,BALANCE,0,0,0
2026-08-28 19:52:59.109124,4500.00,reptiloid,0,0,0
2026-08-28 19:49:41.933548,4275.00,BALANCE,0,0,0
2026-08-28 19:44:56.844484,2900.00,BALANCE,0,0,0
2026-08-28 19:44:41.179355,4285.50,BALANCE,0,0,0
2026-08-28 19:42:57.654405,4500.00,reptiloid,0,0,0
2026-08-28 19:31:50.310726,4280.00,BALANCE,0,0,0
2026-08-28 19:30:44.728603,2385.00,BALANCE,0,0,0
2026-08-28 19:25:23.109043,4466.50,BALANCE,0,0,0
2026-08-28 19:20:02.09801,500.00,BALANCE,0,0,0
2026-08-28 19:06:03.449473,4305.00,BALANCE,0,0,0
2026-08-28 18:57:29.643948,4275.00,BALANCE,0,0,0
2026-08-28 18:54:22.545417,4500.00,reptiloid,0,0,0
2026-08-28 18:40:04.787755,2177.50,BALANCE,0,0,0
2026-08-28 18:26:01.565698,4285.00,BALANCE,0,0,0
2026-08-28 18:06:04.392454,960.00,BALANCE,0,0,0
2026-08-28 18:00:23.074595,2375.00,BALANCE,0,0,0
2026-08-28 17:59:55.792835,4290.00,BALANCE,0,0,0
2026-08-28 17:58:41.580954,3200.00,reptiloid,0,0,0
2026-08-28 17:50:57.623805,4280.00,BALANCE,0,0,0
2026-08-28 17:18:14.867397,4500.00,reptiloid,0,0,0
2026-08-28 17:04:59.193366,4500.00,transa,0,0,0
2026-08-28 16:33:42.111365,4380.00,BALANCE,0,0,0
2026-08-28 16:22:58.595416,4500.00,reptiloid,0,0,0
2026-08-28 16:13:14.233344,4500.00,reptiloid,0,0,0
2026-08-28 16:09:19.463935,4500.00,reptiloid,0,0,0
2026-08-28 16:06:35.349426,4500.00,reptiloid,0,0,0
2026-08-28 15:43:15.951736,3055.00,BALANCE,0,0,0
2026-08-28 15:39:19.747584,4275.00,BALANCE,0,0,0
2026-08-28 15:20:19.110205,3200.00,reptiloid,0,0,0
2026-08-28 15:04:09.768137,4500.00,reptiloid,0,0,0
2026-08-28 14:57:22.739942,4274.95,BALANCE,0,0,0
2026-08-28 14:43:09.201314,4500.00,reptiloid,0,0,0
2026-08-28 14:30:56.98399,2385.00,BALANCE,0,0,0
2026-08-28 14:08:26.866127,4500.00,reptiloid,0,0,0
2026-08-28 13:58:49.380783,0.00,BALANCE,0,0,0
2026-08-28 13:55:44.496725,4500.00,reptiloid,0,0,0
2026-08-28 13:39:46.176248,3065.00,BALANCE,0,0,0
2026-08-28 13:33:35.65617,4280.00,BALANCE,0,0,0
2026-08-28 13:28:56.324707,4500.00,transa,0,0,0
2026-08-28 12:40:51.11367,100.00,BALANCE,0,0,0
2026-08-28 12:14:56.416696,3200.00,reptiloid,0,0,0
2026-08-28 12:08:08.119179,4500.00,reptiloid,0,0,0
2026-08-28 11:56:28.957548,4500.00,reptiloid,0,0,0
2026-08-28 11:30:34.386299,4500.00,BALANCE,0,0,0
2026-08-28 11:14:20.308098,1336.50,BALANCE,0,0,0
2026-08-28 11:08:55.906152,4500.00,reptiloid,0,0,0
2026-08-28 10:53:46.168343,4285.00,BALANCE,0,0,0
2026-08-28 10:51:05.963855,3065.00,BALANCE,0,0,0
2026-08-28 10:45:14.094135,4285.00,BALANCE,0,0,0
2026-08-28 10:44:46.093544,3825.00,BALANCE,0,0,0
2026-08-28 10:44:12.154137,1145.00,BALANCE,0,0,0
2026-08-28 10:42:58.904142,4500.00,reptiloid,0,0,0
2026-08-28 10:33:19.108163,4500.00,reptiloid,0,0,0
2026-08-28 10:28:38.499129,4500.00,reptiloid,0,0,0
2026-08-28 10:25:13.143702,4500.00,reptiloid,0,0,0
2026-08-28 10:19:41.28073,4500.00,reptiloid,0,0,0
2026-08-28 07:14:31.51384,4500.00,reptiloid,0,0,0
2026-08-28 06:04:06.327002,4500.00,card,0,0,0
2026-08-28 04:30:18.58036,4500.00,transa,0,0,0
2026-08-28 01:42:08.540675,2171.50,BALANCE,0,0,0
2026-08-28 01:38:45.275717,4500.00,transa,0,0,0
2026-08-28 00:27:56.061238,2500.00,BALANCE,0,0,0
2026-08-28 00:22:15.341422,4500.00,reptiloid,0,0,0
2026-08-27 23:49:15.664052,1525.00,BALANCE,0,0,0
2026-08-27 23:13:52.641139,4500.00,reptiloid,0,0,0
2026-08-27 22:24:15.093678,4500.00,transa,0,0,0
2026-08-27 22:12:49.298948,2900.00,card,0,0,0
2026-08-27 22:02:31.260306,4500.00,transa,0,0,0
2026-08-27 21:45:13.711951,4500.00,transa,0,0,0
2026-08-27 21:32:37.315942,2375.00,BALANCE,0,0,0
2026-08-27 21:24:27.836536,3200.00,reptiloid,0,0,0
2026-08-27 21:24:17.778487,4500.00,reptiloid,0,0,0
2026-08-27 21:23:16.103073,1200.00,BALANCE,0,0,0
2026-08-27 21:10:11.512196,4500.00,transa,0,0,0
2026-08-27 21:05:34.219628,3125.00,BALANCE,0,0,0
2026-08-27 20:51:11.112369,4500.00,reptiloid,0,0,0
2026-08-27 20:49:14.542349,4500.00,reptiloid,0,0,0
2026-08-27 20:41:18.831418,3200.00,reptiloid,0,0,0
2026-08-27 20:35:55.192823,4500.00,BALANCE,0,0,0
2026-08-27 20:35:29.272403,4207.50,BALANCE,0,0,0
2026-08-27 20:25:13.991032,4275.00,BALANCE,0,0,0
2026-08-27 20:22:49.545279,4285.00,BALANCE,0,0,0
2026-08-27 20:21:18.286452,3200.00,card,0,0,0
2026-08-27 20:15:08.112057,475.00,BALANCE,0,0,0
2026-08-27 20:08:16.494226,3200.00,card,0,0,0
2026-08-27 19:58:51.388266,2395.00,BALANCE,0,0,0
2026-08-27 19:48:06.301056,3200.00,card,0,0,0
2026-08-27 19:45:38.949632,3200.00,reptiloid,0,0,0
2026-08-27 19:30:10.70922,4285.00,BALANCE,0,0,0
2026-08-27 19:17:05.093953,1169.60,BALANCE,0,0,0
2026-08-27 19:16:37.112748,2900.00,card,0,0,0
2026-08-27 19:13:11.957078,3200.00,reptiloid,0,0,0
2026-08-27 19:12:49.7489,2161.25,BALANCE,0,0,0
2026-08-27 19:12:24.334179,3064.50,BALANCE,0,0,0
2026-08-27 18:50:09.022049,3200.00,reptiloid,0,0,0
2026-08-27 18:48:18.501071,3200.00,card,0,0,0
2026-08-27 18:48:00.02194,2380.00,BALANCE,0,0,0
2026-08-27 18:38:17.554059,3025.00,BALANCE,0,0,0
2026-08-27 18:30:14.596289,4285.50,BALANCE,0,0,0
2026-08-27 18:21:53.455753,4070.00,BALANCE,0,0,0
2026-08-27 18:20:56.615591,1132.50,BALANCE,0,0,0
2026-08-27 18:19:29.907172,4500.00,reptiloid,0,0,0
2026-08-27 18:16:18.106756,9200.00,reptiloid,0,0,0
2026-08-27 18:14:08.911739,9200.00,reptiloid,0,0,0
2026-08-27 18:09:17.1003,4286.00,BALANCE,0,0,0
2026-08-27 18:08:36.571605,4500.00,card,0,0,0
2026-08-27 18:01:51.897718,4287.00,BALANCE,0,0,0
2026-08-27 18:01:08.421698,4295.00,BALANCE,0,0,0
2026-08-27 17:58:15.699169,4280.00,BALANCE,0,0,0
2026-08-27 17:57:12.62661,3200.00,reptiloid,0,0,0
2026-08-27 17:56:41.949722,4285.00,BALANCE,0,0,0
2026-08-27 17:52:52.149894,0.00,BALANCE,0,0,0
2026-08-27 17:12:28.391202,4287.50,BALANCE,0,0,0
2026-08-27 17:07:08.187658,9200.00,reptiloid,0,0,0
2026-08-27 17:03:35.365455,2900.00,card,0,0,0
2026-08-27 17:00:26.608309,3475.00,BALANCE,0,0,0
2026-08-27 16:48:42.317542,4280.00,BALANCE,0,0,0
2026-08-27 16:04:49.937424,4287.50,BALANCE,0,0,0
2026-08-27 16:03:41.757992,2386.40,BALANCE,0,0,0
2026-08-27 15:58:47.208372,1945.00,BALANCE,0,0,0
2026-08-27 15:54:10.044089,4055.00,BALANCE,0,0,0
2026-08-27 15:39:52.208995,4500.00,reptiloid,0,0,0
2026-08-27 15:38:18.621162,1425.00,BALANCE,0,0,0
2026-08-27 15:30:53.468093,4285.70,BALANCE,0,0,0
2026-08-27 15:30:45.881459,9200.00,reptiloid,0,0,0
2026-08-27 15:28:17.210137,4500.00,reptiloid,0,0,0
2026-08-27 15:27:28.298089,9200.00,reptiloid,0,0,0
2026-08-27 15:26:34.896444,4285.00,BALANCE,0,0,0
2026-08-27 15:15:38.116883,9200.00,reptiloid,0,0,0
2026-08-27 15:14:53.707244,2379.50,BALANCE,0,0,0
2026-08-27 15:10:21.445897,4500.00,BALANCE,0,0,0
2026-08-27 15:03:06.68785,4297.50,BALANCE,0,0,0
2026-08-27 14:56:09.016843,4500.00,reptiloid,0,0,0
2026-08-27 14:51:47.009263,4500.00,transa,0,0,0
2026-08-27 14:24:45.313596,4500.00,reptiloid,0,0,0
2026-08-27 14:14:19.236475,4275.00,BALANCE,0,0,0
2026-08-27 14:04:03.18418,4500.00,reptiloid,0,0,0
2026-08-27 14:03:04.640138,1720.00,BALANCE,0,0,0
2026-08-27 13:48:44.413679,4500.00,reptiloid,0,0,0
2026-08-27 13:43:53.503295,4500.00,transa,0,0,0
2026-08-27 13:38:27.79827,4290.00,BALANCE,0,0,0
2026-08-27 13:35:07.163461,4290.00,BALANCE,0,0,0
2026-08-27 13:28:33.202248,4500.00,reptiloid,0,0,0
2026-08-27 13:08:18.30206,4500.00,transa,0,0,0
2026-08-27 12:54:26.686055,4275.00,BALANCE,0,0,0
2026-08-27 12:22:22.919784,2385.00,BALANCE,0,0,0
2026-08-27 11:57:20.388066,2755.00,BALANCE,0,0,0
2026-08-27 11:53:44.081864,4500.00,reptiloid,0,0,0
2026-08-27 11:23:03.156581,4289.50,BALANCE,0,0,0
2026-08-27 11:20:12.026587,4500.00,reptiloid,0,0,0
2026-08-27 10:37:40.108757,4285.70,BALANCE,0,0,0
2026-08-27 10:37:03.662661,4285.00,BALANCE,0,0,0
2026-08-27 10:32:36.613279,4500.00,BALANCE,0,0,0
2026-08-27 10:28:29.71046,4286.00,BALANCE,0,0,0
2026-08-27 09:54:24.654414,4500.00,reptiloid,0,0,0
2026-08-27 09:41:09.851913,4284.65,BALANCE,0,0,0
2026-08-27 09:31:08.602421,9200.00,reptiloid,0,0,0
2026-08-27 09:27:10.549111,4500.00,reptiloid,0,0,0
2026-08-27 08:54:04.47082,9200.00,reptiloid,0,0,0
2026-08-27 08:35:19.264443,2345.00,BALANCE,0,0,0
2026-08-27 08:25:38.654167,0.00,BALANCE,0,0,0
2026-08-27 08:23:15.878734,0.00,BALANCE,0,0,0
2026-08-27 08:22:25.26397,0.00,BALANCE,0,0,0
2026-08-27 08:21:45.03343,0.00,BALANCE,0,0,0
2026-08-27 08:17:14.850973,0.00,BALANCE,0,0,0
2026-08-27 07:28:21.078376,4286.50,BALANCE,0,0,0
2026-08-27 07:15:50.276994,4292.50,BALANCE,0,0,0
2026-08-27 06:56:06.204395,4500.00,reptiloid,0,0,0
2026-08-27 05:36:27.810167,4500.00,BALANCE,0,0,0
2026-08-27 00:40:45.899672,4500.00,reptiloid,0,0,0
2026-08-27 00:32:33.625866,4500.00,reptiloid,0,0,0
2026-08-27 00:05:50.724167,4286.00,BALANCE,0,0,0
2026-08-26 23:43:27.483972,4500.00,reptiloid,0,0,0
2026-08-26 23:27:04.682393,2959.00,BALANCE,0,0,0
2026-08-26 23:19:29.518634,2150.00,BALANCE,0,0,0
2026-08-26 23:11:22.692669,4280.00,BALANCE,0,0,0
2026-08-26 22:41:14.294184,4300.00,BALANCE,0,0,0
2026-08-26 22:34:45.695232,3850.00,BALANCE,0,0,0
2026-08-26 22:15:21.346842,2900.00,card,0,0,0
2026-08-26 22:10:54.202767,0.00,BALANCE,0,0,0
2026-08-26 22:09:41.933289,4500.00,card,0,0,0
2026-08-26 21:07:03.444254,4275.00,BALANCE,0,0,0
2026-08-26 21:04:31.302541,4500.00,reptiloid,0,0,0
2026-08-26 20:59:26.440656,4300.25,BALANCE,0,0,0
2026-08-26 20:59:01.927147,4275.00,BALANCE,0,0,0
2026-08-26 20:35:52.5059,4500.00,reptiloid,0,0,0
2026-08-26 20:35:31.268849,4500.00,transa,0,0,0
2026-08-26 20:27:19.656775,4286.00,BALANCE,0,0,0
2026-08-26 20:13:44.821116,4500.00,transa,0,0,0
2026-08-26 20:06:59.804367,4500.00,transa,0,0,0
2026-08-26 19:54:09.322425,4500.00,card,0,0,0
2026-08-26 19:50:37.082904,2900.00,card,0,0,0
2026-08-26 19:46:46.988091,4462.50,BALANCE,0,0,0
2026-08-26 19:42:28.954834,4500.00,BALANCE,0,0,0
2026-08-26 19:42:02.41208,2000.00,BALANCE,0,0,0
2026-08-26 19:32:04.396269,2375.00,BALANCE,0,0,0
2026-08-26 19:13:35.267857,3633.75,BALANCE,0,0,0
2026-08-26 19:05:08.870556,4500.00,reptiloid,0,0,0
2026-08-26 19:04:15.087659,2900.00,reptiloid,0,0,0
2026-08-26 19:03:18.017202,4275.00,BALANCE,0,0,0
2026-08-26 18:49:41.049485,4500.00,card,0,0,0
2026-08-26 18:48:53.583012,4500.00,card,0,0,0
2026-08-26 18:37:21.625068,4285.00,BALANCE,0,0,0
2026-08-26 18:36:06.328314,4500.00,reptiloid,0,0,0
2026-08-26 18:32:25.637623,0.00,BALANCE,0,0,0
2026-08-26 18:17:57.382246,2400.00,BALANCE,0,0,0
2026-08-26 18:17:03.462188,4500.00,transa,0,0,0
2026-08-26 18:14:36.278454,4285.00,BALANCE,0,0,0
2026-08-26 18:12:06.011483,2900.00,card,0,0,0
2026-08-26 18:10:37.032918,4500.00,BALANCE,0,0,0
2026-08-26 18:06:15.885718,4500.00,transa,0,0,0
2026-08-26 17:53:32.066859,4500.00,BALANCE,0,0,0
2026-08-26 17:52:34.114815,4286.00,BALANCE,0,0,0
2026-08-26 17:50:10.132189,4070.00,BALANCE,0,0,0
2026-08-26 17:20:00.451134,4285.00,BALANCE,0,0,0
2026-08-26 17:12:03.269451,4285.00,BALANCE,0,0,0
2026-08-26 17:03:00.101439,4500.00,transa,0,0,0
2026-08-26 16:56:31.068621,4500.00,reptiloid,0,0,0
2026-08-26 16:43:53.230844,2100.00,BALANCE,0,0,0
2026-08-26 16:41:50.148183,4061.00,BALANCE,0,0,0
2026-08-26 16:37:21.064843,4080.00,BALANCE,0,0,0
2026-08-26 16:30:35.743482,4500.00,BALANCE,0,0,0
2026-08-26 16:26:37.646932,4500.00,reptiloid,0,0,0
2026-08-26 16:24:47.116407,4500.00,BALANCE,0,0,0
2026-08-26 16:24:11.637705,4050.00,BALANCE,0,0,0
2026-08-26 16:24:06.212391,4500.00,reptiloid,0,0,0
2026-08-26 16:21:10.283063,4285.00,BALANCE,0,0,0
2026-08-26 16:17:47.101424,4445.00,BALANCE,0,0,0
2026-08-26 16:09:50.758886,3200.00,card,0,0,0
2026-08-26 15:37:13.047791,4500.00,reptiloid,0,0,0
2026-08-26 15:27:53.025907,1151.00,BALANCE,0,0,0
2026-08-26 15:25:49.876825,4500.00,reptiloid,0,0,0
2026-08-26 15:12:57.809594,4500.00,transa,0,0,0
2026-08-26 15:03:32.908283,4500.00,transa,0,0,0
2026-08-26 14:59:53.63946,3855.00,BALANCE,0,0,0
2026-08-26 14:55:49.831934,1000.00,BALANCE,0,0,0
2026-08-26 14:55:37.807817,4500.00,card,0,0,0
2026-08-26 14:31:52.665497,4500.00,transa,0,0,0
2026-08-26 14:28:08.719935,4500.00,transa,0,0,0
2026-08-26 14:07:14.247473,4500.00,card,0,0,0
2026-08-26 13:59:40.552416,0.00,BALANCE,0,0,0
2026-08-26 13:26:37.867431,4500.00,reptiloid,0,0,0
2026-08-26 13:13:42.21767,4290.00,BALANCE,0,0,0
2026-08-26 13:05:35.724589,4285.00,BALANCE,0,0,0
2026-08-26 12:59:50.987653,770.00,BALANCE,0,0,0
2026-08-26 12:46:53.213847,4295.00,BALANCE,0,0,0
2026-08-26 12:39:45.679684,2385.00,BALANCE,0,0,0
2026-08-26 12:38:08.886912,4280.70,BALANCE,0,0,0
2026-08-26 12:28:17.650174,4287.25,BALANCE,0,0,0
2026-08-26 11:15:56.65027,2900.00,reptiloid,0,0,0
2026-08-26 10:37:23.717188,4280.00,BALANCE,0,0,0
2026-08-26 10:20:42.232065,4282.50,BALANCE,0,0,0
2026-08-26 10:10:53.045396,4285.00,BALANCE,0,0,0
2026-08-26 10:03:23.471205,2391.00,BALANCE,0,0,0
2026-08-26 09:25:42.324118,1395.00,BALANCE,0,0,0
2026-08-26 08:58:07.790367,4500.00,reptiloid,0,0,0
2026-08-26 08:51:06.490083,4500.00,BALANCE,0,0,0
2026-08-26 07:55:17.033084,2500.00,BALANCE,0,0,0
2026-08-26 06:23:45.664338,2713.45,BALANCE,0,0,0
2026-08-26 06:07:50.059535,4288.50,BALANCE,0,0,0
2026-08-26 05:48:55.08972,4285.00,BALANCE,0,0,0
2026-08-26 04:57:59.604069,4072.00,BALANCE,0,0,0
2026-08-26 04:42:22.177177,4135.00,BALANCE,0,0,0
2026-08-26 03:59:21.863841,4275.00,BALANCE,0,0,0
2026-08-26 03:37:14.82839,4275.00,BALANCE,0,0,0
2026-08-26 02:09:49.749166,2900.00,reptiloid,0,0,0
2026-08-25 23:55:42.082256,4500.00,reptiloid,0,0,0
2026-08-25 23:46:32.855503,2755.00,BALANCE,0,0,0
2026-08-25 23:13:49.147,2960.00,BALANCE,0,0,0
2026-08-25 23:13:03.762695,4500.00,reptiloid,0,0,0
2026-08-25 23:10:53.727705,4285.00,BALANCE,0,0,0
2026-08-25 23:02:57.105732,4287.50,BALANCE,0,0,0
2026-08-25 23:01:16.089258,4500.00,reptiloid,0,0,0
2026-08-25 23:00:26.510849,4500.00,reptiloid,0,0,0
2026-08-25 22:53:54.219378,4283.00,BALANCE,0,0,0
2026-08-25 22:22:31.97582,4065.00,BALANCE,0,0,0
2026-08-25 22:19:20.408379,4450.00,BALANCE,0,0,0
2026-08-25 22:15:04.597347,4285.00,BALANCE,0,0,0
2026-08-25 21:52:06.138774,4280.00,BALANCE,0,0,0
2026-08-25 21:45:55.603586,4070.00,BALANCE,0,0,0
2026-08-25 21:34:24.230467,4500.00,transa,0,0,0
2026-08-25 21:33:10.557109,4285.00,BALANCE,0,0,0
2026-08-25 21:31:07.913453,4280.00,BALANCE,0,0,0
2026-08-25 20:59:21.991285,2385.00,BALANCE,0,0,0
2026-08-25 20:35:47.668087,2384.25,BALANCE,0,0,0
2026-08-25 20:27:44.305538,9200.00,reptiloid,0,0,0
2026-08-25 20:11:45.490223,4285.70,BALANCE,0,0,0
2026-08-25 20:02:00.721665,4500.00,reptiloid,0,0,0
2026-08-25 19:55:06.412288,4500.00,reptiloid,0,0,0
2026-08-25 19:51:27.012635,4285.00,BALANCE,0,0,0
2026-08-25 19:51:01.786263,4500.00,card,0,0,0
2026-08-25 19:45:27.998993,9200.00,reptiloid,0,0,0
2026-08-25 19:36:39.767614,2900.00,card,0,0,0
2026-08-25 19:31:22.870435,4275.00,BALANCE,0,0,0
2026-08-25 19:26:31.790532,4500.00,reptiloid,0,0,0
2026-08-25 19:14:32.051221,4500.00,reptiloid,0,0,0
2026-08-25 19:08:21.497378,4286.40,BALANCE,0,0,0
2026-08-25 19:02:14.293436,2174.50,BALANCE,0,0,0
2026-08-25 19:00:01.65336,9200.00,reptiloid,0,0,0
2026-08-25 18:44:46.80473,2375.00,BALANCE,0,0,0
2026-08-25 18:42:15.519298,2385.00,BALANCE,0,0,0
2026-08-25 18:38:37.205249,2390.00,BALANCE,0,0,0
2026-08-25 18:24:37.191384,4500.00,card,0,0,0
2026-08-25 18:20:25.183033,0.00,BALANCE,0,0,0
2026-08-25 18:17:23.701699,0.00,BALANCE,0,0,0
2026-08-25 18:07:11.626494,2390.00,BALANCE,0,0,0
2026-08-25 18:04:52.138067,4500.00,nirvana,0,0,0
2026-08-25 18:00:45.42485,4280.00,BALANCE,0,0,0
2026-08-25 17:56:15.751894,3150.000,USDT,0,0,42.870000
2026-08-25 17:55:23.514835,4500.00,reptiloid,0,0,0
2026-08-25 17:42:29.036791,4285.00,BALANCE,0,0,0
2026-08-25 17:33:15.634446,4285.00,BALANCE,0,0,0
2026-08-25 17:13:02.46045,0.00,BALANCE,0,0,0
2026-08-25 16:43:36.354255,2030.000,USDT,0,0,27.627000
2026-08-25 16:39:44.773917,6850.00,BALANCE,0,0,0
2026-08-25 16:32:37.299972,4500.00,reptiloid,0,0,0
2026-08-25 16:28:28.609495,2900.00,reptiloid,0,0,0
2026-08-25 16:22:42.938563,2385.00,BALANCE,0,0,0
2026-08-25 16:20:13.49017,4500.00,reptiloid,0,0,0
2026-08-25 15:58:52.338307,4500.00,reptiloid,0,0,0
2026-08-25 15:51:27.692021,4085.00,BALANCE,0,0,0
2026-08-25 15:41:51.971678,2900.00,reptiloid,0,0,0
2026-08-25 15:34:55.301874,4500.00,BALANCE,0,0,0
2026-08-25 15:24:09.418696,2385.00,BALANCE,0,0,0
2026-08-25 15:18:46.271323,1947.50,BALANCE,0,0,0
2026-08-25 15:06:21.074123,4285.00,BALANCE,0,0,0
2026-08-25 14:54:58.241173,2900.00,card,0,0,0
2026-08-25 14:41:07.851212,2900.00,reptiloid,0,0,0
2026-08-25 13:58:46.290814,2382.50,BALANCE,0,0,0
2026-08-25 13:44:08.958916,4287.50,BALANCE,0,0,0
2026-08-25 13:33:32.994869,4500.00,BALANCE,0,0,0
2026-08-25 13:30:02.2683,4275.00,BALANCE,0,0,0
2026-08-25 13:23:16.249436,4275.00,BALANCE,0,0,0
2026-08-25 13:18:57.060632,4500.00,BALANCE,0,0,0
2026-08-25 13:12:22.301845,4064.50,BALANCE,0,0,0
2026-08-25 12:59:10.745413,4500.00,BALANCE,0,0,0
2026-08-25 12:53:43.063566,4290.00,BALANCE,0,0,0
2026-08-25 12:46:21.69514,2275.00,BALANCE,0,0,0
2026-08-25 12:36:29.454204,4500.00,reptiloid,0,0,0
2026-08-25 12:31:42.058565,2375.00,BALANCE,0,0,0
2026-08-25 11:59:00.646706,1140.00,BALANCE,0,0,0
2026-08-25 11:47:08.402829,4285.00,BALANCE,0,0,0
2026-08-25 11:43:46.76776,4287.50,BALANCE,0,0,0
2026-08-25 11:22:54.574229,4500.00,card,0,0,0
2026-08-25 11:18:40.630424,4275.00,BALANCE,0,0,0
2026-08-25 11:00:53.154333,2375.00,BALANCE,0,0,0
2026-08-25 10:44:03.368639,2900.00,reptiloid,0,0,0
2026-08-25 09:25:11.151366,0.00,BALANCE,0,0,0
2026-08-25 08:53:26.614602,3200.00,reptiloid,0,0,0
2026-08-25 08:41:21.310666,4500.00,card,0,0,0
2026-08-25 08:39:23.088683,4070.00,BALANCE,0,0,0
2026-08-25 08:14:48.883366,4290.00,BALANCE,0,0,0
2026-08-25 08:05:50.919547,4280.00,BALANCE,0,0,0
2026-08-25 07:57:13.658459,2900.00,reptiloid,0,0,0
2026-08-25 07:37:12.084377,4500.00,reptiloid,0,0,0
2026-08-25 05:53:20.336195,4500.00,reptiloid,0,0,0
2026-08-25 05:23:12.266341,4500.00,BALANCE,0,0,0
2026-08-25 05:22:30.412772,4050.00,BALANCE,0,0,0
2026-08-25 04:30:36.435609,4282.50,BALANCE,0,0,0
2026-08-25 03:51:13.104706,2900.00,reptiloid,0,0,0
2026-08-25 03:35:54.024647,4500.00,reptiloid,0,0,0
2026-08-25 02:56:11.496088,4500.00,reptiloid,0,0,0
2026-08-25 02:43:58.040024,2384.75,BALANCE,0,0,0
2026-08-25 02:15:40.347599,1825.00,BALANCE,0,0,0
2026-08-25 01:29:04.906581,4500.00,transa,0,0,0
2026-08-25 01:22:38.614003,4500.00,transa,0,0,0
2026-08-25 00:05:47.313646,4500.00,reptiloid,0,0,0
2026-08-24 23:07:18.823558,4500.00,reptiloid,0,0,0
2026-08-24 22:04:00.070475,2170.00,BALANCE,0,0,0
2026-08-24 21:50:37.140318,4285.00,BALANCE,0,0,0
2026-08-24 21:43:20.775632,4287.50,BALANCE,0,0,0
2026-08-24 21:33:50.266593,4285.00,BALANCE,0,0,0
2026-08-24 21:31:22.556414,3050.00,BALANCE,0,0,0
2026-08-24 21:29:51.583662,4500.00,reptiloid,0,0,0
2026-08-24 21:29:11.910801,4500.00,reptiloid,0,0,0
2026-08-24 21:13:51.29128,2175.00,BALANCE,0,0,0
2026-08-24 20:54:18.362941,4290.00,BALANCE,0,0,0
2026-08-24 20:37:09.422666,4275.00,BALANCE,0,0,0
2026-08-24 20:32:46.60443,1100.00,BALANCE,0,0,0
2026-08-24 20:24:37.188154,3050.00,BALANCE,0,0,0
2026-08-24 20:21:02.535887,4500.00,reptiloid,0,0,0
2026-08-24 20:05:40.922028,3870.00,BALANCE,0,0,0
2026-08-24 20:02:28.500062,4500.00,reptiloid,0,0,0
2026-08-24 19:56:23.566155,4500.00,transa,0,0,0
2026-08-24 19:48:09.820769,4500.00,reptiloid,0,0,0
2026-08-24 19:26:40.450131,4500.00,reptiloid,0,0,0
2026-08-24 19:23:48.00032,4285.00,BALANCE,0,0,0
2026-08-24 19:18:53.476562,3200.00,card,0,0,0
2026-08-24 19:18:11.622563,4285.00,BALANCE,0,0,0
2026-08-24 19:12:21.374169,3639.50,BALANCE,0,0,0
2026-08-24 18:58:47.31862,4500.00,reptiloid,0,0,0
2026-08-24 18:36:59.71161,2900.00,card,0,0,0
2026-08-24 18:34:14.456781,4500.00,card,0,0,0
2026-08-24 18:31:13.700672,3200.00,card,0,0,0
2026-08-24 18:30:00.242132,667.45,BALANCE,0,0,0
2026-08-24 18:17:02.104465,4400.00,BALANCE,0,0,0
2026-08-24 18:14:27.847013,4500.00,reptiloid,0,0,0
2026-08-24 18:10:54.854273,940.00,BALANCE,0,0,0
2026-08-24 17:38:20.93595,4500.00,transa,0,0,0
2026-08-24 17:30:29.225956,4342.50,BALANCE,0,0,0
2026-08-24 17:22:45.338716,200.00,BALANCE,0,0,0
2026-08-24 17:17:16.167295,2385.00,BALANCE,0,0,0
2026-08-24 17:14:16.493119,3200.00,reptiloid,0,0,0
2026-08-24 17:07:17.607682,2050.00,BALANCE,0,0,0
2026-08-24 17:04:48.588808,3410.00,BALANCE,0,0,0
2026-08-24 17:04:08.724341,1145.00,BALANCE,0,0,0
2026-08-24 17:03:09.742609,3055.00,BALANCE,0,0,0
2026-08-24 17:00:22.991813,3200.00,reptiloid,0,0,0
2026-08-24 16:51:03.436174,4305.00,BALANCE,0,0,0
2026-08-24 16:45:41.928363,3132.25,BALANCE,0,0,0
2026-08-24 16:43:11.541162,1535.00,BALANCE,0,0,0
2026-08-24 16:40:09.234701,3200.00,transa,0,0,0
2026-08-24 16:36:45.387943,4350.00,BALANCE,0,0,0
2026-08-24 16:28:07.092991,2281.50,BALANCE,0,0,0
2026-08-24 16:07:39.877437,2167.50,BALANCE,0,0,0
2026-08-24 16:03:44.844974,4500.00,reptiloid,0,0,0
2026-08-24 15:57:16.234212,3200.00,card,0,0,0
2026-08-24 15:55:32.546378,3200.00,transa,0,0,0
2026-08-24 15:50:11.219286,4072.50,BALANCE,0,0,0
2026-08-24 15:45:40.942188,4500.00,card,0,0,0
2026-08-24 15:35:52.181953,1150.00,BALANCE,0,0,0
2026-08-24 15:32:51.902051,1655.00,BALANCE,0,0,0
2026-08-24 15:21:40.468074,3050.00,BALANCE,0,0,0
2026-08-24 15:18:14.24058,4075.00,BALANCE,0,0,0
2026-08-24 15:14:56.009484,2900.00,card,0,0,0
2026-08-24 15:06:41.271604,3200.00,reptiloid,0,0,0
2026-08-24 14:55:14.641713,3200.00,reptiloid,0,0,0
2026-08-24 14:50:56.882568,3200.00,transa,0,0,0
2026-08-24 14:47:29.777625,2987.50,BALANCE,0,0,0
2026-08-24 14:32:02.277686,4275.00,BALANCE,0,0,0
2026-08-24 14:29:04.928645,435.00,BALANCE,0,0,0
2026-08-24 14:16:20.143123,4280.00,BALANCE,0,0,0
2026-08-24 11:11:53.98812,2900.00,BALANCE,0,0,0
2026-08-24 10:52:12.814023,1945.00,BALANCE,0,0,0
2026-08-24 07:08:14.697831,4500.00,reptiloid,0,0,0
2026-08-24 00:50:14.89802,4070.00,BALANCE,0,0,0
2026-08-24 00:12:52.024029,0.00,BALANCE,0,0,0
2026-08-23 23:38:33.224236,2775.00,BALANCE,0,0,0
2026-08-23 22:49:29.570736,4281.00,BALANCE,0,0,0
2026-08-23 22:17:38.032038,4065.00,BALANCE,0,0,0
2026-08-23 21:40:40.631185,4500.00,transa,0,0,0
2026-08-23 21:24:15.733069,2385.00,BALANCE,0,0,0
2026-08-23 21:12:16.88363,2380.00,BALANCE,0,0,0
2026-08-23 20:59:53.9327,3625.00,BALANCE,0,0,0
2026-08-23 20:17:40.817707,4500.00,reptiloid,0,0,0
2026-08-23 19:27:53.989591,4285.00,BALANCE,0,0,0
2026-08-23 19:16:26.571611,4285.00,BALANCE,0,0,0
2026-08-23 18:37:24.572445,2385.00,BALANCE,0,0,0
2026-08-23 18:35:02.085563,4500.00,reptiloid,0,0,0
2026-08-23 18:34:24.295554,4500.00,reptiloid,0,0,0
2026-08-23 18:16:52.450894,4285.00,BALANCE,0,0,0
2026-08-23 17:59:14.811436,3439.00,BALANCE,0,0,0
2026-08-23 17:46:52.479445,4275.00,BALANCE,0,0,0
2026-08-23 17:40:35.315772,4500.00,card,0,0,0
2026-08-23 17:32:51.748432,4285.00,BALANCE,0,0,0
2026-08-23 16:56:18.256159,1735.00,BALANCE,0,0,0
2026-08-23 16:53:03.88497,4287.50,BALANCE,0,0,0
2026-08-23 16:31:53.547186,4500.00,reptiloid,0,0,0
2026-08-23 16:20:44.622083,4305.00,BALANCE,0,0,0
2026-08-23 16:01:12.621137,4285.00,BALANCE,0,0,0
2026-08-23 15:55:21.027544,4500.00,reptiloid,0,0,0
2026-08-23 15:40:14.277421,2500.00,BALANCE,0,0,0
2026-08-23 15:38:16.924268,1955.00,BALANCE,0,0,0
2026-08-23 15:35:30.990353,4060.00,BALANCE,0,0,0
2026-08-23 15:11:14.199227,4285.00,BALANCE,0,0,0
2026-08-23 14:56:44.638246,4287.50,BALANCE,0,0,0
2026-08-23 14:53:53.626099,4500.00,reptiloid,0,0,0
2026-08-23 14:42:41.992655,4500.00,BALANCE,0,0,0
2026-08-23 14:15:23.046534,4295.00,BALANCE,0,0,0
2026-08-23 14:11:03.060211,4075.00,BALANCE,0,0,0
2026-08-23 14:04:21.783203,4300.00,BALANCE,0,0,0
2026-08-23 13:57:42.550483,4500.00,reptiloid,0,0,0
2026-08-23 13:45:45.420444,4500.00,reptiloid,0,0,0
2026-08-23 13:27:03.395364,4285.00,BALANCE,0,0,0
2026-08-23 12:50:23.676616,2345.00,BALANCE,0,0,0
2026-08-23 12:49:19.218961,2385.70,BALANCE,0,0,0
2026-08-23 12:45:42.000454,4500.00,transa,0,0,0
2026-08-23 12:45:20.211984,1950.00,BALANCE,0,0,0
2026-08-23 11:50:26.710869,3325.00,BALANCE,0,0,0
2026-08-23 11:42:15.341998,2385.00,BALANCE,0,0,0
2026-08-23 11:30:36.640789,3100.00,BALANCE,0,0,0
2026-08-23 11:28:15.585583,4500.00,reptiloid,0,0,0
2026-08-23 11:00:32.628943,4287.50,BALANCE,0,0,0
2026-08-23 10:51:29.319021,2395.00,BALANCE,0,0,0
2026-08-23 10:08:49.348764,4286.50,BALANCE,0,0,0
2026-08-23 09:45:10.631896,4500.00,BALANCE,0,0,0
2026-08-23 09:38:21.139953,2900.00,reptiloid,0,0,0
2026-08-23 09:24:13.564472,4452.50,BALANCE,0,0,0
2026-08-23 09:18:42.681743,4500.00,reptiloid,0,0,0
2026-08-23 05:23:04.49215,4500.00,transa,0,0,0
2026-08-23 05:15:57.503093,4500.00,transa,0,0,0
2026-08-23 04:44:28.136697,4500.00,transa,0,0,0
2026-08-23 04:19:57.964857,4500.00,transa,0,0,0
2026-08-23 04:01:27.592737,4500.00,transa,0,0,0
2026-08-23 03:58:49.953416,4500.00,transa,0,0,0
2026-08-23 03:44:34.713677,4500.00,transa,0,0,0
2026-08-23 02:12:14.364096,4285.00,BALANCE,0,0,0
2026-08-23 01:57:15.654698,4500.00,reptiloid,0,0,0
2026-08-23 01:30:24.02842,4500.00,transa,0,0,0
2026-08-23 01:03:16.875859,4245.00,BALANCE,0,0,0
2026-08-23 01:02:18.35482,4500.00,transa,0,0,0
2026-08-22 23:58:49.433609,2030.000,USDT,0,0,27.627000
2026-08-22 23:23:30.75497,4500.00,reptiloid,0,0,0
2026-08-22 22:40:31.775305,4245.00,BALANCE,0,0,0
2026-08-22 22:28:41.297399,4500.00,transa,0,0,0
2026-08-22 21:52:27.297247,2380.00,BALANCE,0,0,0
2026-08-22 21:47:36.255613,4286.50,BALANCE,0,0,0
2026-08-22 21:45:44.136169,4500.00,reptiloid,0,0,0
2026-08-22 21:41:55.863435,4500.00,reptiloid,0,0,0
2026-08-22 21:41:12.918052,2900.00,reptiloid,0,0,0
2026-08-22 21:36:12.274278,4500.00,reptiloid,0,0,0
2026-08-22 21:35:00.779642,3640.00,BALANCE,0,0,0
2026-08-22 21:32:20.074801,3845.00,BALANCE,0,0,0
2026-08-22 21:14:48.846813,4300.00,BALANCE,0,0,0
2026-08-22 20:49:00.768431,4500.00,transa,0,0,0
2026-08-22 20:42:04.060072,4286.00,BALANCE,0,0,0
2026-08-22 20:34:31.866555,3150.000,USDT,0,0,42.870000
2026-08-22 20:26:10.535798,4285.50,BALANCE,0,0,0
2026-08-22 19:57:37.043393,4500.00,reptiloid,0,0,0
2026-08-22 19:50:30.145969,4500.00,reptiloid,0,0,0
2026-08-22 19:38:10.129888,860.00,BALANCE,0,0,0
2026-08-22 19:36:54.233072,4500.00,BALANCE,0,0,0
2026-08-22 19:36:35.022758,2110.00,BALANCE,0,0,0
2026-08-22 19:21:05.451921,2174.50,BALANCE,0,0,0
2026-08-22 19:19:42.817102,2900.00,card,0,0,0
2026-08-22 19:09:37.124873,4290.00,BALANCE,0,0,0
2026-08-22 19:04:21.514565,1737.50,BALANCE,0,0,0
2026-08-22 19:00:05.865386,4500.00,card,0,0,0
2026-08-22 18:58:34.714144,4500.00,card,0,0,0
2026-08-22 18:57:30.520957,0.00,BALANCE,0,0,0
2026-08-22 18:38:26.945417,4280.00,BALANCE,0,0,0
2026-08-22 18:33:19.681126,4500.00,reptiloid,0,0,0
2026-08-22 18:32:59.901976,4280.00,BALANCE,0,0,0
2026-08-22 18:31:32.304775,4285.00,BALANCE,0,0,0
2026-08-22 18:27:10.696627,4500.00,card,0,0,0
2026-08-22 18:16:47.052036,4500.00,card,0,0,0
2026-08-22 18:15:53.656543,4285.00,BALANCE,0,0,0
2026-08-22 18:13:25.131021,1725.00,BALANCE,0,0,0
2026-08-22 18:07:29.807187,4500.00,reptiloid,0,0,0
2026-08-22 18:03:27.256243,850.00,BALANCE,0,0,0
2026-08-22 17:48:59.255566,4285.00,BALANCE,0,0,0
2026-08-22 17:31:44.838382,4500.00,reptiloid,0,0,0
2026-08-22 17:22:53.746816,4065.00,BALANCE,0,0,0
2026-08-22 17:15:46.522821,4285.00,BALANCE,0,0,0
2026-08-22 17:14:42.995421,4500.00,reptiloid,0,0,0
2026-08-22 16:45:51.757423,4500.00,BALANCE,0,0,0
2026-08-22 16:06:00.675296,4500.00,card,0,0,0
2026-08-22 16:04:55.843705,4500.00,BALANCE,0,0,0
2026-08-22 14:48:52.137723,2675.00,BALANCE,0,0,0
2026-08-22 14:45:08.109392,4500.00,BALANCE,0,0,0
2026-08-22 14:40:45.618415,4500.00,nirvana,0,0,0
2026-08-22 14:39:39.754595,4067.50,BALANCE,0,0,0
2026-08-22 13:49:04.422992,4500.00,transa,0,0,0
2026-08-22 13:48:09.474177,4275.00,BALANCE,0,0,0
2026-08-22 13:13:15.976614,4500.00,transa,0,0,0
2026-08-22 12:40:04.490145,3150.000,USDT,0,0,42.870000
2026-08-22 12:34:19.230765,4285.00,BALANCE,0,0,0
2026-08-22 12:20:41.031736,4500.00,BALANCE,0,0,0
2026-08-22 12:15:04.013888,4287.50,BALANCE,0,0,0
2026-08-22 12:03:38.046758,4075.00,BALANCE,0,0,0
2026-08-22 11:52:03.495402,4500.00,reptiloid,0,0,0
2026-08-22 11:19:26.01812,4286.40,BALANCE,0,0,0
2026-08-22 10:58:41.345393,4285.00,BALANCE,0,0,0
2026-08-22 10:50:52.174191,3150.000,USDT,0,0,42.870000
2026-08-22 10:30:46.585818,4275.00,BALANCE,0,0,0
2026-08-22 09:51:21.160359,4500.00,reptiloid,0,0,0
2026-08-22 09:20:44.884241,0.00,BALANCE,0,0,0
2026-08-22 08:48:45.453425,2387.50,BALANCE,0,0,0
2026-08-22 08:45:00.569778,4500.00,transa,0,0,0
2026-08-22 08:27:57.429558,3420.00,BALANCE,0,0,0
2026-08-22 08:19:24.199451,4500.00,reptiloid,0,0,0
2026-08-22 08:14:28.073581,4286.00,BALANCE,0,0,0
2026-08-22 07:16:21.663582,2870.000,USDT,0,0,39.060000
2026-08-22 06:46:03.56755,4500.00,reptiloid,0,0,0
2026-08-22 06:06:20.863354,4500.00,reptiloid,0,0,0
2026-08-22 05:35:35.560264,4500.00,reptiloid,0,0,0
2026-08-22 05:13:41.059665,2385.00,BALANCE,0,0,0
2026-08-22 04:22:39.031198,4500.00,transa,0,0,0
2026-08-22 03:13:51.66316,4500.00,transa,0,0,0
2026-08-22 03:09:21.779667,4500.00,reptiloid,0,0,0
2026-08-22 02:45:17.317855,4500.00,reptiloid,0,0,0
2026-08-22 02:24:03.271143,4500.00,reptiloid,0,0,0
2026-08-22 02:23:42.744353,4500.00,reptiloid,0,0,0
2026-08-22 01:46:52.50436,4281.75,BALANCE,0,0,0
2026-08-22 01:16:02.405624,0.00,BALANCE,0,0,0
2026-08-22 01:12:34.51292,4500.00,reptiloid,0,0,0
2026-08-22 00:50:47.472724,4280.00,BALANCE,0,0,0
2026-08-22 00:17:18.219479,4275.00,BALANCE,0,0,0
2026-08-22 00:13:51.347091,4275.00,BALANCE,0,0,0
2026-08-21 23:42:17.705947,4500.00,reptiloid,0,0,0
2026-08-21 23:38:55.220755,4280.00,BALANCE,0,0,0
2026-08-21 22:50:56.297216,4280.00,BALANCE,0,0,0
2026-08-21 22:45:44.321967,2380.00,BALANCE,0,0,0
2026-08-21 22:43:54.916384,0.00,BALANCE,0,0,0
2026-08-21 22:40:47.245726,4500.00,reptiloid,0,0,0
2026-08-21 22:25:01.142584,2380.00,BALANCE,0,0,0
2026-08-21 22:06:12.853433,0.00,BALANCE,0,0,0
2026-08-21 22:04:39.089782,0.00,BALANCE,0,0,0
2026-08-21 22:02:18.032988,0.00,BALANCE,0,0,0
2026-08-21 21:44:21.159623,4285.00,BALANCE,0,0,0
2026-08-21 21:36:30.215032,4285.00,BALANCE,0,0,0
2026-08-21 21:34:01.669992,4265.00,BALANCE,0,0,0
2026-08-21 21:30:12.08525,4500.00,reptiloid,0,0,0
2026-08-21 21:26:49.010965,4500.00,reptiloid,0,0,0
2026-08-21 21:04:58.916104,3265.00,BALANCE,0,0,0
2026-08-21 20:56:14.492351,2275.00,BALANCE,0,0,0
2026-08-21 20:48:42.117964,4065.00,BALANCE,0,0,0
2026-08-21 20:44:34.026117,9200.00,reptiloid,0,0,0
2026-08-21 20:44:01.816317,4075.00,BALANCE,0,0,0
2026-08-21 20:39:40.06578,9200.00,reptiloid,0,0,0
2026-08-21 20:37:39.193842,4500.00,reptiloid,0,0,0
2026-08-21 20:26:32.110208,9200.00,reptiloid,0,0,0
2026-08-21 20:18:54.526434,2387.50,BALANCE,0,0,0
2026-08-21 20:15:50.828103,4500.00,reptiloid,0,0,0
2026-08-21 19:57:00.183032,4500.00,reptiloid,0,0,0
2026-08-21 19:11:31.438009,1732.50,BALANCE,0,0,0
2026-08-21 19:06:36.25165,9200.00,reptiloid,0,0,0
2026-08-21 18:48:44.069303,4280.00,BALANCE,0,0,0
2026-08-21 18:45:29.223476,4074.95,BALANCE,0,0,0
2026-08-21 18:33:45.908932,4285.00,BALANCE,0,0,0
2026-08-21 18:20:08.617303,4500.00,reptiloid,0,0,0
2026-08-21 18:18:13.374732,2382.50,BALANCE,0,0,0
2026-08-21 18:04:05.726718,4368.65,BALANCE,0,0,0
2026-08-21 18:01:50.800482,9200.00,reptiloid,0,0,0
2026-08-21 17:59:03.730038,9200.00,reptiloid,0,0,0
2026-08-21 17:52:37.72535,9200.00,reptiloid,0,0,0
2026-08-21 17:42:15.99888,2390.00,BALANCE,0,0,0
2026-08-21 17:40:21.07796,9200.00,reptiloid,0,0,0
2026-08-21 17:19:45.633358,4500.00,reptiloid,0,0,0
2026-08-21 17:18:59.157091,4500.00,reptiloid,0,0,0
2026-08-21 17:08:47.529203,9200.00,reptiloid,0,0,0
2026-08-21 17:06:29.028589,9200.00,reptiloid,0,0,0
2026-08-21 16:59:16.29228,9200.00,reptiloid,0,0,0
2026-08-21 16:56:37.286984,4282.50,BALANCE,0,0,0
2026-08-21 16:52:59.307774,4285.00,BALANCE,0,0,0
2026-08-21 16:49:54.812677,9200.00,reptiloid,0,0,0
2026-08-21 16:49:51.151863,2500.00,BALANCE,0,0,0
2026-08-21 16:37:28.709773,4500.00,reptiloid,0,0,0
2026-08-21 16:37:16.113018,4285.00,BALANCE,0,0,0
2026-08-21 16:01:55.127222,500.00,BALANCE,0,0,0
2026-08-21 15:57:40.161425,1735.00,BALANCE,0,0,0
2026-08-21 15:54:25.160029,1450.00,BALANCE,0,0,0
2026-08-21 15:41:37.923914,0.00,BALANCE,0,0,0
2026-08-21 15:27:38.989509,4300.00,BALANCE,0,0,0
2026-08-21 15:24:12.080318,4287.50,BALANCE,0,0,0
2026-08-21 15:20:02.545432,8200.00,reptiloid,0,0,0
2026-08-21 15:03:46.777104,1520.00,BALANCE,0,0,0
2026-08-21 15:01:08.62529,4290.00,BALANCE,0,0,0
2026-08-21 14:53:13.184388,4500.00,reptiloid,0,0,0
2026-08-21 14:44:52.039283,4500.00,reptiloid,0,0,0
2026-08-21 14:31:06.348877,3850.00,BALANCE,0,0,0
2026-08-21 14:25:08.377826,4275.00,BALANCE,0,0,0
2026-08-21 14:19:50.935715,4285.00,BALANCE,0,0,0
2026-08-21 14:19:08.032635,4285.70,BALANCE,0,0,0
2026-08-21 14:13:58.451833,2850.00,BALANCE,0,0,0
2026-08-21 14:03:16.596905,2400.00,BALANCE,0,0,0
2026-08-21 13:55:50.625341,4285.00,BALANCE,0,0,0
2026-08-21 13:40:16.778231,4285.00,BALANCE,0,0,0
2026-08-21 13:30:07.141756,4285.00,BALANCE,0,0,0
2026-08-21 13:29:52.383742,3150.000,USDT,0,0,42.870000
2026-08-21 13:29:25.976218,4285.00,BALANCE,0,0,0
2026-08-21 13:28:50.98613,4500.00,reptiloid,0,0,0
2026-08-21 13:18:47.609535,4500.00,reptiloid,0,0,0
2026-08-21 12:49:35.306212,4500.00,reptiloid,0,0,0
2026-08-21 12:45:18.031788,4500.00,reptiloid,0,0,0
2026-08-21 12:22:22.866271,4500.00,reptiloid,0,0,0
2026-08-21 12:03:29.278576,4500.00,reptiloid,0,0,0
2026-08-21 12:00:05.483416,4270.00,BALANCE,0,0,0
2026-08-21 11:59:56.242691,4280.00,BALANCE,0,0,0
2026-08-21 11:47:44.876769,4500.00,reptiloid,0,0,0
2026-08-21 11:20:54.523795,2760.00,BALANCE,0,0,0
2026-08-21 11:09:21.623459,2500.00,BALANCE,0,0,0
2026-08-21 10:53:45.929572,4080.00,BALANCE,0,0,0
2026-08-21 10:20:44.199747,4500.00,reptiloid,0,0,0
2026-08-21 09:33:44.484058,4500.00,reptiloid,0,0,0
2026-08-21 09:18:07.29399,4500.00,reptiloid,0,0,0
2026-08-21 04:49:47.494976,4292.50,BALANCE,0,0,0
2026-08-21 02:49:53.125953,4060.00,BALANCE,0,0,0
2026-08-21 02:39:53.168496,4500.00,reptiloid,0,0,0
2026-08-21 02:18:00.301733,4500.00,reptiloid,0,0,0
2026-08-21 02:05:34.337159,4500.00,reptiloid,0,0,0
2026-08-21 01:56:20.80598,4500.00,reptiloid,0,0,0
2026-08-21 01:52:50.70728,2900.00,BALANCE,0,0,0
2026-08-21 01:21:52.968655,4500.00,reptiloid,0,0,0
2026-08-20 22:23:18.807073,4290.00,BALANCE,0,0,0
2026-08-20 22:00:04.107621,2275.00,BALANCE,0,0,0
2026-08-20 21:25:19.483546,2397.50,BALANCE,0,0,0
2026-08-20 21:08:43.933735,4290.00,BALANCE,0,0,0
2026-08-20 20:45:15.875848,2395.00,BALANCE,0,0,0
2026-08-20 20:35:56.933796,4500.00,reptiloid,0,0,0
2026-08-20 20:25:50.834531,4275.00,BALANCE,0,0,0
2026-08-20 20:24:22.860595,2386.00,BALANCE,0,0,0
2026-08-20 19:52:32.3584,2387.50,BALANCE,0,0,0
2026-08-20 19:51:58.380213,2175.00,BALANCE,0,0,0
2026-08-20 19:16:12.222621,4285.00,BALANCE,0,0,0
2026-08-20 19:10:00.868948,4500.00,reptiloid,0,0,0
2026-08-20 19:08:06.910419,2385.00,BALANCE,0,0,0
2026-08-20 19:06:23.430615,4500.00,reptiloid,0,0,0
2026-08-20 18:51:12.906668,4500.00,reptiloid,0,0,0
2026-08-20 18:05:19.563987,4280.00,BALANCE,0,0,0
2026-08-20 18:01:59.368247,4500.00,reptiloid,0,0,0
2026-08-20 18:01:37.163909,475.00,BALANCE,0,0,0
2026-08-20 18:00:33.726597,4500.00,reptiloid,0,0,0
2026-08-20 17:58:08.023769,4280.00,BALANCE,0,0,0
2026-08-20 17:35:47.297936,4286.00,BALANCE,0,0,0
2026-08-20 17:12:48.329432,4285.00,BALANCE,0,0,0
2026-08-20 17:10:32.695759,3150.000,USDT,0,0,42.870000
2026-08-20 17:08:38.950109,4287.50,BALANCE,0,0,0
2026-08-20 17:04:15.852797,4500.00,reptiloid,0,0,0
2026-08-20 17:03:51.319151,3332.50,BALANCE,0,0,0
2026-08-20 16:31:38.508333,4285.00,BALANCE,0,0,0
2026-08-20 16:28:36.379652,4500.00,reptiloid,0,0,0
2026-08-20 16:19:45.351177,4285.00,BALANCE,0,0,0
2026-08-20 16:19:00.039629,1710.00,BALANCE,0,0,0
2026-08-20 16:17:30.354421,4500.00,reptiloid,0,0,0
2026-08-20 16:15:19.939644,1545.00,BALANCE,0,0,0
2026-08-20 16:13:09.682346,4500.00,reptiloid,0,0,0
2026-08-20 16:07:54.738049,4500.00,reptiloid,0,0,0
2026-08-20 15:50:35.962177,4275.00,BALANCE,0,0,0
2026-08-20 15:46:44.941999,4500.00,reptiloid,0,0,0
2026-08-20 15:35:07.235755,4500.00,reptiloid,0,0,0
2026-08-20 15:05:17.414805,4290.00,BALANCE,0,0,0
2026-08-20 14:59:38.805266,4285.00,BALANCE,0,0,0
2026-08-20 14:42:17.51163,4275.00,BALANCE,0,0,0
2026-08-20 14:35:23.628176,4500.00,reptiloid,0,0,0
2026-08-20 14:11:46.797543,2390.00,BALANCE,0,0,0
2026-08-20 14:10:16.800207,4500.00,reptiloid,0,0,0
2026-08-20 13:52:37.475835,4289.50,BALANCE,0,0,0
2026-08-20 13:33:49.900051,4300.00,BALANCE,0,0,0
2026-08-20 13:22:55.159655,3265.00,BALANCE,0,0,0
2026-08-20 13:16:59.717895,4285.00,BALANCE,0,0,0
2026-08-20 12:57:13.675903,4500.00,reptiloid,0,0,0
2026-08-20 12:47:36.432035,4295.00,BALANCE,0,0,0
2026-08-20 12:06:36.969014,4050.00,BALANCE,0,0,0
2026-08-20 11:37:32.020751,2175.00,BALANCE,0,0,0
2026-08-20 11:08:07.944382,4365.00,BALANCE,0,0,0
2026-08-20 10:05:33.768537,4500.00,reptiloid,0,0,0
2026-08-20 09:21:34.110764,4282.50,BALANCE,0,0,0
2026-08-20 08:39:19.673564,4500.00,reptiloid,0,0,0
2026-08-20 05:42:49.090539,4475.00,BALANCE,0,0,0
2026-08-20 05:36:09.381313,4395.00,BALANCE,0,0,0
2026-08-20 05:30:02.832122,4500.00,BALANCE,0,0,0
2026-08-20 05:29:07.251217,4500.00,BALANCE,0,0,0
2026-08-20 05:28:15.676156,4500.00,BALANCE,0,0,0
2026-08-20 05:23:32.968706,4500.00,BALANCE,0,0,0
2026-08-20 05:19:35.883073,1775.00,BALANCE,0,0,0
2026-08-20 05:12:43.291354,3750.00,BALANCE,0,0,0
2026-08-20 03:54:49.605667,4287.50,BALANCE,0,0,0
2026-08-20 03:32:27.248465,4275.00,BALANCE,0,0,0
2026-08-20 02:20:29.075025,4500.00,reptiloid,0,0,0
2026-08-20 01:47:33.744331,1950.00,BALANCE,0,0,0
2026-08-19 23:15:43.822761,4100.00,BALANCE,0,0,0
2026-08-19 22:18:45.145204,4285.00,BALANCE,0,0,0
2026-08-19 22:16:24.230058,4287.50,BALANCE,0,0,0
2026-08-19 22:01:37.111491,4500.00,reptiloid,0,0,0
2026-08-19 21:36:22.22983,4500.00,reptiloid,0,0,0
2026-08-19 21:09:55.359034,1995.00,BALANCE,0,0,0
2026-08-19 20:46:39.202064,4285.50,BALANCE,0,0,0
2026-08-19 20:17:27.986182,4285.00,BALANCE,0,0,0
2026-08-19 20:06:55.281899,4300.00,BALANCE,0,0,0
2026-08-19 19:58:13.068501,4500.00,reptiloid,0,0,0
2026-08-19 19:55:56.823701,4500.00,BALANCE,0,0,0
2026-08-19 19:50:46.712065,4390.00,BALANCE,0,0,0
2026-08-19 19:48:07.240334,75.00,BALANCE,0,0,0
2026-08-19 19:28:27.790349,2375.00,BALANCE,0,0,0
2026-08-19 19:09:28.655763,2390.00,BALANCE,0,0,0
2026-08-19 19:04:34.871908,4275.00,BALANCE,0,0,0
2026-08-19 18:31:14.803964,2385.00,BALANCE,0,0,0
2026-08-19 18:15:47.652019,4100.00,card,0,0,0
2026-08-19 18:11:46.988627,4500.00,card,0,0,0
2026-08-19 18:07:16.1918,4500.00,BALANCE,0,0,0
2026-08-19 17:46:22.342246,2385.00,BALANCE,0,0,0
2026-08-19 17:45:57.468928,4282.50,BALANCE,0,0,0
2026-08-19 17:44:07.789625,4500.00,reptiloid,0,0,0
2026-08-19 17:20:10.684451,4070.00,BALANCE,0,0,0
2026-08-19 17:10:26.446206,2500.00,BALANCE,0,0,0
2026-08-19 17:08:14.373771,4500.00,reptiloid,0,0,0
2026-08-19 16:49:07.369074,4075.00,BALANCE,0,0,0
2026-08-19 16:34:22.2887,2385.00,BALANCE,0,0,0
2026-08-19 16:24:30.193713,2375.00,BALANCE,0,0,0
2026-08-19 16:20:44.842991,4500.00,reptiloid,0,0,0
2026-08-19 16:20:27.834888,2050.00,BALANCE,0,0,0
2026-08-19 15:39:45.387636,4100.00,BALANCE,0,0,0
2026-08-19 15:17:13.573412,2375.00,BALANCE,0,0,0
2026-08-19 15:00:52.725572,4270.00,BALANCE,0,0,0
2026-08-19 14:53:08.457432,4500.00,reptiloid,0,0,0
2026-08-19 14:28:06.068279,4500.00,reptiloid,0,0,0
2026-08-19 13:23:35.614067,4500.00,BALANCE,0,0,0
2026-08-19 13:20:03.223225,4275.00,BALANCE,0,0,0
2026-08-19 12:14:54.296059,4302.50,BALANCE,0,0,0
2026-08-19 12:14:47.969875,4280.00,BALANCE,0,0,0
2026-08-19 11:50:55.234398,4500.00,reptiloid,0,0,0
2026-08-19 11:50:32.132012,4500.00,BALANCE,0,0,0
2026-08-19 11:47:53.175199,4500.00,reptiloid,0,0,0
2026-08-19 11:28:21.852944,4500.00,reptiloid,0,0,0
2026-08-19 10:39:42.134424,4500.00,reptiloid,0,0,0
2026-08-19 10:21:55.330152,4500.00,reptiloid,0,0,0
2026-08-19 09:56:08.471337,4285.00,BALANCE,0,0,0
2026-08-19 09:35:48.903506,4500.00,reptiloid,0,0,0
2026-08-19 09:24:59.921941,4500.00,reptiloid,0,0,0
2026-08-19 06:43:13.449898,4500.00,reptiloid,0,0,0
2026-08-19 06:41:49.60639,4500.00,reptiloid,0,0,0
2026-08-19 03:58:31.90859,1375.00,BALANCE,0,0,0
2026-08-19 01:19:22.233819,4295.00,BALANCE,0,0,0
2026-08-19 01:17:55.136878,4286.00,BALANCE,0,0,0
2026-08-19 00:46:59.008169,4280.00,BALANCE,0,0,0
2026-08-18 23:28:23.236137,4070.00,BALANCE,0,0,0
2026-08-18 22:27:00.96266,4285.00,BALANCE,0,0,0
2026-08-18 21:53:00.333138,1200.00,BALANCE,0,0,0
2026-08-18 21:28:55.205681,4500.00,reptiloid,0,0,0
2026-08-18 21:11:03.480599,4500.00,reptiloid,0,0,0
2026-08-18 21:06:59.50703,1365.00,BALANCE,0,0,0
2026-08-18 21:03:15.323808,4500.00,transa,0,0,0
2026-08-18 21:01:57.601838,4500.00,reptiloid,0,0,0
2026-08-18 20:54:07.510685,4285.00,BALANCE,0,0,0
2026-08-18 20:49:10.203903,4500.00,reptiloid,0,0,0
2026-08-18 20:27:55.734096,4285.00,BALANCE,0,0,0
2026-08-18 20:13:43.784666,4500.00,reptiloid,0,0,0
2026-08-18 20:11:49.381608,2375.00,BALANCE,0,0,0
2026-08-18 20:08:30.112874,2165.00,BALANCE,0,0,0
2026-08-18 19:21:22.307071,4285.00,BALANCE,0,0,0
2026-08-18 17:50:11.826748,1337.50,BALANCE,0,0,0
2026-08-18 17:39:19.439142,12500.00,reptiloid,0,0,0
2026-08-18 17:20:20.923774,12500.00,reptiloid,0,0,0
2026-08-18 17:18:49.19039,4275.00,BALANCE,0,0,0
2026-08-18 17:02:46.128803,4500.00,reptiloid,0,0,0
2026-08-18 16:44:13.770757,4280.85,BALANCE,0,0,0
2026-08-18 16:41:54.349741,4500.00,transa,0,0,0
2026-08-18 16:41:00.45388,4100.00,card,0,0,0
2026-08-18 16:38:48.495349,2384.00,BALANCE,0,0,0
2026-08-18 16:27:27.19337,4500.00,reptiloid,0,0,0
2026-08-18 16:26:11.485445,4100.00,reptiloid,0,0,0
2026-08-18 16:19:08.712933,4500.00,reptiloid,0,0,0
2026-08-18 16:05:59.31164,4500.00,reptiloid,0,0,0
2026-08-18 15:59:34.882107,2380.00,BALANCE,0,0,0
2026-08-18 15:53:57.786838,2020.00,BALANCE,0,0,0
2026-08-18 15:35:17.877748,4500.00,reptiloid,0,0,0
2026-08-18 15:31:39.03284,4500.00,card,0,0,0
2026-08-18 15:28:34.18621,4500.00,card,0,0,0
2026-08-18 15:20:18.857445,4500.00,reptiloid,0,0,0
2026-08-18 15:16:06.27426,4305.00,BALANCE,0,0,0
2026-08-18 15:12:29.171395,4500.00,reptiloid,0,0,0
2026-08-18 14:54:34.778065,2390.00,BALANCE,0,0,0
2026-08-18 14:46:19.719302,4275.00,BALANCE,0,0,0
2026-08-18 14:39:16.962771,0.00,BALANCE,0,0,0
2026-08-18 14:32:05.17661,3325.00,BALANCE,0,0,0
2026-08-18 14:14:32.144703,2385.00,BALANCE,0,0,0
2026-08-18 14:08:28.426683,4290.00,BALANCE,0,0,0
2026-08-18 14:05:28.422259,4280.00,BALANCE,0,0,0
2026-08-18 13:54:02.13621,2275.00,BALANCE,0,0,0
2026-08-18 13:30:06.216755,4445.00,BALANCE,0,0,0
2026-08-18 13:05:51.789104,4287.50,BALANCE,0,0,0
2026-08-18 12:54:32.641338,4500.00,reptiloid,0,0,0
2026-08-18 12:38:01.892175,3150.000,USDT,0,0,42.870000
2026-08-18 12:33:00.038862,2165.00,BALANCE,0,0,0
2026-08-18 12:25:32.918055,2390.00,BALANCE,0,0,0
2026-08-18 11:54:10.148318,4500.00,reptiloid,0,0,0
2026-08-18 11:37:42.347732,2160.00,BALANCE,0,0,0
2026-08-18 11:24:22.292617,4500.00,card,0,0,0
2026-08-18 11:05:59.590588,4500.00,reptiloid,0,0,0
2026-08-18 11:02:53.284569,3200.00,BALANCE,0,0,0
2026-08-18 10:48:42.474625,12500.00,reptiloid,0,0,0
2026-08-18 10:37:52.614068,4286.65,BALANCE,0,0,0
2026-08-18 09:37:59.504416,2386.50,BALANCE,0,0,0
2026-08-18 08:51:16.535107,4500.00,reptiloid,0,0,0
2026-08-18 08:15:46.554625,4286.00,BALANCE,0,0,0
2026-08-18 03:41:06.638111,4150.00,BALANCE,0,0,0
2026-08-18 03:25:49.465185,4275.00,BALANCE,0,0,0
2026-08-18 02:30:51.722949,2386.50,BALANCE,0,0,0
2026-08-18 02:16:32.405014,4500.00,reptiloid,0,0,0
2026-08-18 02:09:21.644863,2170.00,BALANCE,0,0,0
2026-08-17 23:22:59.214621,4500.00,reptiloid,0,0,0
2026-08-17 23:08:59.245378,4100.00,BALANCE,0,0,0
2026-08-17 22:15:57.005412,4500.00,reptiloid,0,0,0
2026-08-17 22:15:38.29494,4282.50,BALANCE,0,0,0
2026-08-17 22:01:57.958921,4100.00,reptiloid,0,0,0
2026-08-17 21:39:32.584951,4500.00,BALANCE,0,0,0
2026-08-17 21:35:24.505097,4100.00,BALANCE,0,0,0
2026-08-17 21:33:00.861592,3895.00,BALANCE,0,0,0
2026-08-17 21:25:32.27595,4285.00,BALANCE,0,0,0
2026-08-17 21:07:18.253328,2375.00,BALANCE,0,0,0
2026-08-17 21:06:22.062575,2360.00,BALANCE,0,0,0
2026-08-17 20:55:14.029511,4075.00,BALANCE,0,0,0
2026-08-17 20:39:16.542692,4500.00,reptiloid,0,0,0
2026-08-17 20:14:53.522527,4500.00,reptiloid,0,0,0
2026-08-17 20:03:30.385011,4290.00,BALANCE,0,0,0
2026-08-17 19:52:42.428587,4500.00,reptiloid,0,0,0
2026-08-17 19:37:27.410399,4500.00,transa,0,0,0
2026-08-17 18:57:21.280828,2380.00,BALANCE,0,0,0
2026-08-17 18:48:22.313762,2161.75,BALANCE,0,0,0
2026-08-17 18:41:30.301356,4050.00,BALANCE,0,0,0
2026-08-17 18:31:53.878637,4285.00,BALANCE,0,0,0
2026-08-17 18:26:02.5151,4062.50,BALANCE,0,0,0
2026-08-17 18:22:15.419883,4287.50,BALANCE,0,0,0
2026-08-17 18:21:29.197309,4070.00,BALANCE,0,0,0
2026-08-17 18:14:46.487293,4500.00,BALANCE,0,0,0
2026-08-17 18:12:38.490471,4500.00,BALANCE,0,0,0
2026-08-17 18:09:50.559229,4500.00,transa,0,0,0
2026-08-17 17:59:27.159193,4500.00,reptiloid,0,0,0
2026-08-17 17:54:06.782131,4500.00,transa,0,0,0
2026-08-17 17:47:18.331994,4500.00,BALANCE,0,0,0
2026-08-17 17:47:09.73879,4500.00,BALANCE,0,0,0
2026-08-17 17:19:32.207694,4500.00,reptiloid,0,0,0
2026-08-17 15:26:53.26207,4100.00,reptiloid,0,0,0
2026-08-17 15:06:12.588784,4285.00,BALANCE,0,0,0
2026-08-17 14:58:18.212457,4500.00,reptiloid,0,0,0
2026-08-17 14:33:45.033984,4500.00,card,0,0,0
2026-08-17 14:32:25.593119,2500.00,BALANCE,0,0,0
2026-08-17 14:31:28.537813,4500.00,BALANCE,0,0,0
2026-08-17 14:25:58.344687,4500.00,reptiloid,0,0,0
2026-08-17 14:23:55.010142,4500.00,BALANCE,0,0,0
2026-08-17 14:17:47.994953,2375.00,BALANCE,0,0,0
2026-08-17 14:15:55.091786,2380.50,BALANCE,0,0,0
2026-08-17 14:10:36.702313,4285.00,BALANCE,0,0,0
2026-08-17 14:07:30.081732,4285.70,BALANCE,0,0,0
2026-08-17 13:58:36.933297,4275.00,BALANCE,0,0,0
2026-08-17 13:56:28.847367,4500.00,reptiloid,0,0,0
2026-08-17 13:53:39.077666,4500.00,reptiloid,0,0,0
2026-08-17 13:51:28.739289,0.00,BALANCE,0,0,0
2026-08-17 13:51:15.479676,4500.00,reptiloid,0,0,0
2026-08-17 13:41:08.188378,4500.00,reptiloid,0,0,0
2026-08-17 13:40:02.890602,4500.00,reptiloid,0,0,0
2026-08-17 13:34:43.816121,4065.00,BALANCE,0,0,0
2026-08-17 13:17:57.812765,4285.00,BALANCE,0,0,0
2026-08-17 13:00:39.627793,4500.00,reptiloid,0,0,0
2026-08-17 12:44:07.18424,3150.000,USDT,0,0,42.870000
2026-08-17 12:24:42.251885,4500.00,reptiloid,0,0,0
2026-08-17 12:20:08.419225,4275.00,BALANCE,0,0,0
2026-08-17 11:59:46.1982,2385.00,BALANCE,0,0,0
2026-08-17 11:39:39.016244,4500.00,reptiloid,0,0,0
2026-08-17 11:33:58.171763,4500.00,reptiloid,0,0,0
2026-08-17 11:33:39.088502,4500.00,reptiloid,0,0,0
2026-08-17 11:19:07.279567,4282.95,BALANCE,0,0,0
2026-08-17 11:17:02.407949,4500.00,reptiloid,0,0,0
2026-08-17 11:05:57.640437,4310.00,BALANCE,0,0,0
2026-08-17 10:54:23.664144,4280.00,BALANCE,0,0,0
2026-08-17 10:40:03.213219,4292.50,BALANCE,0,0,0
2026-08-17 09:53:31.239224,3810.00,BALANCE,0,0,0
2026-08-17 08:59:43.921003,3150.000,USDT,0,0,42.870000
2026-08-17 08:40:27.301887,100.00,BALANCE,0,0,0
2026-08-17 07:29:29.65969,4287.50,BALANCE,0,0,0
2026-08-17 06:45:52.198071,4275.00,BALANCE,0,0,0
2026-08-17 06:42:14.534184,4500.00,reptiloid,0,0,0
2026-08-17 06:06:50.266825,4295.00,BALANCE,0,0,0
2026-08-17 03:28:46.914248,4300.00,BALANCE,0,0,0
2026-08-17 02:00:17.309437,4087.50,BALANCE,0,0,0
2026-08-17 00:03:59.247732,4500.00,reptiloid,0,0,0
2026-08-17 00:00:05.750779,4500.00,reptiloid,0,0,0
2026-08-16 23:57:23.320496,4500.00,reptiloid,0,0,0
2026-08-16 23:02:16.28257,4500.00,reptiloid,0,0,0
2026-08-16 22:43:14.368242,4500.00,transa,0,0,0
2026-08-16 22:06:51.45804,4500.00,reptiloid,0,0,0
2026-08-16 21:51:15.96048,3644.75,BALANCE,0,0,0
2026-08-16 21:43:55.633025,4500.00,reptiloid,0,0,0
2026-08-16 21:32:08.679458,4500.00,BALANCE,0,0,0
2026-08-16 21:28:21.448113,4500.00,BALANCE,0,0,0
2026-08-16 21:24:34.469903,4500.00,BALANCE,0,0,0
2026-08-16 21:21:39.153543,3750.00,BALANCE,0,0,0
2026-08-16 21:17:20.261674,2385.00,BALANCE,0,0,0
2026-08-16 21:10:32.640122,4500.00,transa,0,0,0
2026-08-16 20:53:08.101512,4275.00,BALANCE,0,0,0
2026-08-16 20:48:37.747346,1735.00,BALANCE,0,0,0
2026-08-16 20:46:31.555857,4060.00,BALANCE,0,0,0
2026-08-16 20:46:30.973291,4500.00,reptiloid,0,0,0
2026-08-16 20:27:49.652138,4500.00,reptiloid,0,0,0
2026-08-16 20:20:15.177348,4500.00,reptiloid,0,0,0
2026-08-16 19:59:06.505383,4500.00,card,0,0,0
2026-08-16 19:55:53.768481,4280.00,BALANCE,0,0,0
2026-08-16 19:53:38.334616,4500.00,reptiloid,0,0,0
2026-08-16 19:52:09.75225,4500.00,reptiloid,0,0,0
2026-08-16 19:48:53.604032,4065.00,BALANCE,0,0,0
2026-08-16 19:45:18.867573,4500.00,reptiloid,0,0,0
2026-08-16 19:42:54.056779,4275.00,BALANCE,0,0,0
2026-08-16 19:19:20.643232,2160.00,BALANCE,0,0,0
2026-08-16 19:17:46.208288,4285.00,BALANCE,0,0,0
2026-08-16 18:59:06.145265,4500.00,reptiloid,0,0,0
2026-08-16 18:32:36.981215,2500.00,BALANCE,0,0,0
2026-08-16 18:27:56.220594,4305.00,BALANCE,0,0,0
2026-08-16 18:25:20.941395,4390.00,BALANCE,0,0,0
2026-08-16 18:25:01.758263,2375.00,BALANCE,0,0,0
2026-08-16 18:21:09.976064,2120.00,BALANCE,0,0,0
2026-08-16 18:17:13.17299,4500.00,reptiloid,0,0,0
2026-08-16 18:05:52.275543,4500.00,reptiloid,0,0,0
2026-08-16 14:08:20.346581,4285.00,BALANCE,0,0,0
2026-08-16 13:43:56.565806,4500.00,reptiloid,0,0,0
2026-08-16 13:32:48.400152,4500.00,reptiloid,0,0,0
2026-08-16 13:24:56.571648,4285.00,BALANCE,0,0,0
2026-08-16 13:16:32.138435,4500.00,BALANCE,0,0,0
2026-08-16 13:11:38.047831,4500.00,reptiloid,0,0,0
2026-08-16 13:09:47.001762,2165.00,BALANCE,0,0,0
2026-08-16 12:28:06.181984,4275.00,BALANCE,0,0,0
2026-08-16 12:25:20.758073,4500.00,transa,0,0,0
2026-08-16 11:26:54.062889,4500.00,card,0,0,0
2026-08-16 10:33:53.745695,4285.00,BALANCE,0,0,0
2026-08-16 09:42:12.481595,4275.00,BALANCE,0,0,0
2026-08-16 09:30:16.56248,2385.00,BALANCE,0,0,0
2026-08-16 08:15:10.543339,2160.00,BALANCE,0,0,0
2026-08-16 07:48:09.164538,4280.00,BALANCE,0,0,0
2026-08-16 06:18:51.212883,4380.00,BALANCE,0,0,0
2026-08-16 06:17:41.971334,4500.00,reptiloid,0,0,0
2026-08-16 04:29:50.580421,3100.00,reptiloid,0,0,0
2026-08-16 02:56:23.860433,4500.00,reptiloid,0,0,0
2026-08-16 01:50:36.444534,4285.00,BALANCE,0,0,0
2026-08-16 01:50:23.171644,2475.00,BALANCE,0,0,0
2026-08-16 01:31:42.389571,4500.00,reptiloid,0,0,0
2026-08-16 00:20:31.094613,4061.25,BALANCE,0,0,0
2026-08-16 00:02:06.978701,4500.00,reptiloid,0,0,0
2026-08-15 23:33:40.07247,1945.00,BALANCE,0,0,0
2026-08-15 23:28:04.803641,4500.00,reptiloid,0,0,0
2026-08-15 23:22:32.178048,2805.00,BALANCE,0,0,0
2026-08-15 22:55:55.06822,1075.00,BALANCE,0,0,0
2026-08-15 22:33:48.986283,4500.00,reptiloid,0,0,0
2026-08-15 22:19:55.256721,4500.00,BALANCE,0,0,0
2026-08-15 22:15:29.038383,4500.00,BALANCE,0,0,0
2026-08-15 22:09:44.185777,4285.00,BALANCE,0,0,0
2026-08-15 22:06:26.839903,3750.00,BALANCE,0,0,0
2026-08-15 21:58:25.282945,4500.00,reptiloid,0,0,0
2026-08-15 21:45:05.47935,4275.00,BALANCE,0,0,0
2026-08-15 21:23:45.484705,4500.00,reptiloid,0,0,0
2026-08-15 21:15:01.358118,4500.00,reptiloid,0,0,0
2026-08-15 21:02:35.042183,4500.00,BALANCE,0,0,0
2026-08-15 21:01:31.023236,4085.00,BALANCE,0,0,0
2026-08-15 20:54:13.033353,4285.95,BALANCE,0,0,0
2026-08-15 20:40:14.583123,4500.00,BALANCE,0,0,0
2026-08-15 20:37:23.825787,3100.00,reptiloid,0,0,0
2026-08-15 20:35:14.590396,4500.00,transa,0,0,0
2026-08-15 20:32:37.04011,3100.00,reptiloid,0,0,0
2026-08-15 20:28:19.083272,3850.00,BALANCE,0,0,0
2026-08-15 20:22:24.256085,4270.00,BALANCE,0,0,0
2026-08-15 20:10:32.086085,1215.00,BALANCE,0,0,0
2026-08-15 20:06:55.531701,4290.00,BALANCE,0,0,0
2026-08-15 20:01:02.546309,4500.00,reptiloid,0,0,0
2026-08-15 19:53:55.660622,2950.00,BALANCE,0,0,0
2026-08-15 19:27:52.314448,2395.00,BALANCE,0,0,0
2026-08-15 19:26:29.991896,3100.00,reptiloid,0,0,0
2026-08-15 19:19:55.961969,4275.00,BALANCE,0,0,0
2026-08-15 18:51:05.293556,3845.00,BALANCE,0,0,0
2026-08-15 18:50:07.17817,4075.00,BALANCE,0,0,0
2026-08-15 18:08:53.939965,4500.00,reptiloid,0,0,0
2026-08-15 18:00:41.208705,2385.00,BALANCE,0,0,0
2026-08-15 17:53:59.338041,4500.00,reptiloid,0,0,0
2026-08-15 17:53:48.692741,4055.00,BALANCE,0,0,0
2026-08-15 17:49:34.211585,4275.00,BALANCE,0,0,0
2026-08-15 17:34:15.988727,4500.00,reptiloid,0,0,0
2026-08-15 17:27:09.340396,4500.00,reptiloid,0,0,0
2026-08-15 17:21:29.370596,2055.00,BALANCE,0,0,0
2026-08-15 17:17:14.985908,4500.00,reptiloid,0,0,0
2026-08-15 16:48:56.094635,3150.000,USDT,0,0,42.870000
2026-08-15 15:44:12.084566,4500.00,card,0,0,0
2026-08-15 15:44:06.469722,4500.00,reptiloid,0,0,0
2026-08-15 15:43:53.590668,1937.50,BALANCE,0,0,0
2026-08-15 15:08:25.267954,4500.00,reptiloid,0,0,0
2026-08-15 14:33:01.873748,4500.00,card,0,0,0
2026-08-15 14:32:25.690681,4275.00,BALANCE,0,0,0
2026-08-15 14:32:07.409188,3100.00,BALANCE,0,0,0
2026-08-15 14:26:36.366256,2600.00,BALANCE,0,0,0
2026-08-15 13:57:10.049546,4500.00,card,0,0,0
2026-08-15 13:55:31.09676,2387.50,BALANCE,0,0,0
2026-08-15 13:31:18.645503,3100.00,BALANCE,0,0,0
2026-08-15 13:20:16.591296,4285.00,BALANCE,0,0,0
2026-08-15 13:00:55.478916,4500.00,card,0,0,0
2026-08-15 12:54:47.286399,4500.00,reptiloid,0,0,0
2026-08-15 12:46:48.914333,4315.00,BALANCE,0,0,0
2026-08-15 12:36:54.17688,4065.00,BALANCE,0,0,0
2026-08-15 12:33:51.99014,4286.00,BALANCE,0,0,0
2026-08-15 12:21:29.492978,3325.00,BALANCE,0,0,0
2026-08-15 12:20:31.307368,4500.00,transa,0,0,0
2026-08-15 12:20:10.650103,3100.00,reptiloid,0,0,0
2026-08-15 12:13:20.293621,4500.00,transa,0,0,0
2026-08-15 12:06:11.803584,4285.00,BALANCE,0,0,0
2026-08-15 12:00:08.423994,2748.50,BALANCE,0,0,0
2026-08-15 11:51:07.440685,2387.50,BALANCE,0,0,0
2026-08-15 11:46:58.07219,4500.00,reptiloid,0,0,0
2026-08-15 11:42:07.325165,4500.00,transa,0,0,0
2026-08-15 11:32:01.92894,4500.00,reptiloid,0,0,0
2026-08-15 11:23:48.147137,4500.00,reptiloid,0,0,0
2026-08-15 11:17:12.331982,4500.00,reptiloid,0,0,0
2026-08-15 10:57:23.346824,4285.00,BALANCE,0,0,0
2026-08-15 10:54:50.607153,4500.00,reptiloid,0,0,0
2026-08-15 10:47:02.923273,4285.00,BALANCE,0,0,0
2026-08-15 10:02:49.454902,4288.30,BALANCE,0,0,0
2026-08-15 09:22:33.982285,4500.00,reptiloid,0,0,0
2026-08-15 09:15:24.479476,4285.00,BALANCE,0,0,0
2026-08-15 08:57:16.450607,4068.50,BALANCE,0,0,0
2026-08-15 08:52:58.834478,4284.00,BALANCE,0,0,0
2026-08-15 08:44:03.076479,715.00,BALANCE,0,0,0
2026-08-15 08:09:03.932765,4275.00,BALANCE,0,0,0
2026-08-15 07:40:22.750296,4500.00,reptiloid,0,0,0
2026-08-15 07:35:46.393184,4500.00,reptiloid,0,0,0
2026-08-15 06:43:21.354817,4275.00,BALANCE,0,0,0
2026-08-15 06:36:12.484915,4500.00,reptiloid,0,0,0
2026-08-15 05:25:53.142761,4282.50,BALANCE,0,0,0
2026-08-15 05:15:08.343757,4500.00,reptiloid,0,0,0
2026-08-15 02:27:23.394677,4500.00,reptiloid,0,0,0
2026-08-15 02:22:08.45354,4500.00,reptiloid,0,0,0
2026-08-15 02:11:26.275561,4500.00,reptiloid,0,0,0
2026-08-15 01:52:56.672582,3865.00,BALANCE,0,0,0
2026-08-15 01:31:03.917014,4175.00,BALANCE,0,0,0
2026-08-15 01:09:47.679705,2120.00,BALANCE,0,0,0
2026-08-15 00:54:08.048847,4285.00,BALANCE,0,0,0
2026-08-15 00:44:45.319623,4285.00,BALANCE,0,0,0
2026-08-15 00:32:07.789295,2150.00,BALANCE,0,0,0
2026-08-15 00:25:24.13985,2400.00,BALANCE,0,0,0
2026-08-14 23:59:52.521503,4280.00,BALANCE,0,0,0
2026-08-14 23:37:00.468387,4500.00,reptiloid,0,0,0
2026-08-14 23:34:40.5173,4500.00,nirvana,0,0,0
2026-08-14 23:20:14.04485,4500.00,reptiloid,0,0,0
2026-08-14 22:36:49.153115,1795.00,BALANCE,0,0,0
2026-08-14 22:25:01.195295,4500.00,reptiloid,0,0,0
2026-08-14 22:24:32.730997,4500.00,reptiloid,0,0,0
2026-08-14 22:18:39.952819,8200.00,reptiloid,0,0,0
2026-08-14 22:13:21.760555,8200.00,reptiloid,0,0,0
2026-08-14 22:01:17.260628,8200.00,reptiloid,0,0,0
2026-08-14 21:58:10.202986,4500.00,reptiloid,0,0,0
2026-08-14 21:49:01.535168,4500.00,reptiloid,0,0,0
2026-08-14 21:46:39.912421,4289.00,BALANCE,0,0,0
2026-08-14 21:11:04.366151,4133.50,BALANCE,0,0,0
2026-08-14 21:06:55.555748,4500.00,BALANCE,0,0,0
2026-08-14 21:05:47.459875,4070.00,BALANCE,0,0,0
2026-08-14 21:03:44.443661,4296.00,BALANCE,0,0,0
2026-08-14 20:44:01.608539,4300.00,BALANCE,0,0,0
2026-08-14 20:43:28.837547,4287.50,BALANCE,0,0,0
2026-08-14 20:37:03.89979,4500.00,reptiloid,0,0,0
2026-08-14 20:36:35.921396,2385.00,BALANCE,0,0,0
2026-08-14 20:26:17.187559,8200.00,reptiloid,0,0,0
2026-08-14 20:24:02.523084,8200.00,reptiloid,0,0,0
2026-08-14 20:20:37.632156,2420.00,BALANCE,0,0,0
2026-08-14 20:17:59.818421,8200.00,reptiloid,0,0,0
2026-08-14 20:17:33.285193,4500.00,reptiloid,0,0,0
2026-08-14 20:11:08.151571,4500.00,reptiloid,0,0,0
2026-08-14 19:42:12.643347,2380.00,BALANCE,0,0,0
2026-08-14 19:36:39.241418,7800.00,BALANCE,0,0,0
2026-08-14 19:33:42.227059,4500.00,reptiloid,0,0,0
2026-08-14 19:07:43.912872,4500.00,reptiloid,0,0,0
2026-08-14 19:04:33.056429,4500.00,reptiloid,0,0,0
2026-08-14 19:00:01.336136,4315.00,BALANCE,0,0,0
2026-08-14 18:59:50.794595,4297.50,BALANCE,0,0,0
2026-08-14 18:55:53.220854,8200.00,reptiloid,0,0,0
2026-08-14 18:53:11.615344,8200.00,reptiloid,0,0,0
2026-08-14 18:44:42.637159,3150.000,USDT,0,0,42.870000
2026-08-14 18:30:19.090291,4500.00,reptiloid,0,0,0
2026-08-14 18:05:11.38894,4500.00,reptiloid,0,0,0
2026-08-14 18:02:11.048197,4500.00,reptiloid,0,0,0
2026-08-14 17:59:23.229044,8200.00,reptiloid,0,0,0
2026-08-14 17:56:37.077364,4305.00,BALANCE,0,0,0
2026-08-14 17:56:02.314379,4500.00,reptiloid,0,0,0
2026-08-14 17:55:24.017239,4275.00,BALANCE,0,0,0
2026-08-14 17:54:42.73686,3850.00,BALANCE,0,0,0
2026-08-14 17:54:28.311042,4500.00,reptiloid,0,0,0
2026-08-14 17:51:57.80234,4500.00,reptiloid,0,0,0
2026-08-14 17:44:39.476558,4500.00,reptiloid,0,0,0
2026-08-14 17:41:14.234924,2280.00,BALANCE,0,0,0
2026-08-14 17:40:01.105053,4500.00,reptiloid,0,0,0
2026-08-14 17:25:53.76834,4500.00,reptiloid,0,0,0
2026-08-14 17:10:57.602066,4500.00,transa,0,0,0
2026-08-14 17:05:39.808956,4500.00,reptiloid,0,0,0
2026-08-14 16:46:55.182565,4500.00,BALANCE,0,0,0
2026-08-14 16:45:53.904296,2500.00,BALANCE,0,0,0
2026-08-14 16:38:59.398669,4500.00,transa,0,0,0
2026-08-14 16:26:24.4948,2390.00,BALANCE,0,0,0
2026-08-14 16:25:04.20253,4500.00,reptiloid,0,0,0
2026-08-14 16:20:52.083131,4500.00,reptiloid,0,0,0
2026-08-14 16:13:34.112942,4275.00,BALANCE,0,0,0
2026-08-14 16:02:19.441167,4287.50,BALANCE,0,0,0
2026-08-14 15:48:02.872224,1520.00,BALANCE,0,0,0
2026-08-14 15:44:22.5355,4500.00,nirvana,0,0,0
2026-08-14 15:31:42.773319,4500.00,reptiloid,0,0,0
2026-08-14 15:30:29.589424,2010.00,BALANCE,0,0,0
2026-08-14 15:18:27.520628,2387.50,BALANCE,0,0,0
2026-08-14 15:14:47.930764,4500.00,transa,0,0,0
2026-08-14 15:11:09.978585,4500.00,transa,0,0,0
2026-08-14 15:05:47.759606,4250.00,BALANCE,0,0,0
2026-08-14 14:59:33.016953,4275.00,BALANCE,0,0,0
2026-08-14 14:55:38.654791,3150.000,USDT,0,0,42.870000
2026-08-14 14:55:27.635327,4292.50,BALANCE,0,0,0
2026-08-14 14:55:26.052985,4500.00,BALANCE,0,0,0
2026-08-14 14:55:01.769211,4500.00,card,0,0,0
2026-08-14 14:48:10.471131,4287.50,BALANCE,0,0,0
2026-08-14 14:36:31.276467,4500.00,reptiloid,0,0,0
2026-08-14 14:11:07.4733,4280.00,BALANCE,0,0,0
2026-08-14 14:08:11.464671,4280.00,BALANCE,0,0,0
2026-08-14 14:03:25.926293,4500.00,reptiloid,0,0,0
2026-08-14 13:58:15.89963,4275.00,BALANCE,0,0,0
2026-08-14 13:48:21.065483,2375.00,BALANCE,0,0,0
2026-08-14 13:05:21.292263,4390.00,BALANCE,0,0,0
2026-08-14 12:42:01.773427,2405.00,BALANCE,0,0,0
2026-08-14 12:33:05.926165,4500.00,reptiloid,0,0,0
2026-08-14 12:21:39.896386,950.00,BALANCE,0,0,0
2026-08-14 12:15:58.142093,4275.00,BALANCE,0,0,0
2026-08-14 12:02:11.313046,4500.00,reptiloid,0,0,0
2026-08-14 12:01:51.099146,3150.000,USDT,0,0,42.870000
2026-08-14 11:58:01.666088,4500.00,reptiloid,0,0,0
2026-08-14 11:54:28.582436,4275.00,BALANCE,0,0,0
2026-08-14 11:41:39.882621,4500.00,reptiloid,0,0,0
2026-08-14 11:38:51.996669,2380.00,BALANCE,0,0,0
2026-08-14 11:10:47.914863,2360.00,BALANCE,0,0,0
2026-08-14 11:04:51.469789,4500.00,reptiloid,0,0,0
2026-08-14 10:52:58.050891,2390.00,BALANCE,0,0,0
2026-08-14 10:06:28.820158,4500.00,reptiloid,0,0,0
2026-08-14 09:58:53.104905,4287.50,BALANCE,0,0,0
2026-08-14 09:46:41.233218,4500.00,card,0,0,0
2026-08-14 09:39:36.621844,4237.50,BALANCE,0,0,0
2026-08-14 09:37:02.971978,4500.00,reptiloid,0,0,0
2026-08-14 09:26:57.286148,4500.00,card,0,0,0
2026-08-14 07:49:01.175491,4500.00,reptiloid,0,0,0
2026-08-14 07:42:03.103207,4500.00,reptiloid,0,0,0
2026-08-14 07:18:46.62475,1947.50,BALANCE,0,0,0
2026-08-14 07:16:29.766788,4500.00,reptiloid,0,0,0
2026-08-14 06:44:05.651828,4500.00,card,0,0,0
2026-08-14 06:33:23.017041,2385.00,BALANCE,0,0,0
2026-08-14 05:25:26.993872,4290.00,BALANCE,0,0,0
2026-08-14 05:13:29.349123,4500.00,BALANCE,0,0,0
2026-08-14 04:46:14.666238,2005.00,BALANCE,0,0,0
2026-08-14 03:26:39.757633,4500.00,reptiloid,0,0,0
2026-08-14 02:59:15.458,4500.00,transa,0,0,0
2026-08-14 02:15:40.145904,4500.00,reptiloid,0,0,0
2026-08-14 01:14:10.025522,4500.00,reptiloid,0,0,0
2026-08-14 00:39:43.898042,4500.00,reptiloid,0,0,0
2026-08-14 00:32:49.129744,2375.00,BALANCE,0,0,0
2026-08-14 00:30:22.032772,3850.00,BALANCE,0,0,0
2026-08-14 00:20:53.432358,4500.00,reptiloid,0,0,0
2026-08-14 00:20:31.833396,4500.00,reptiloid,0,0,0
2026-08-14 00:08:55.560194,2500.00,BALANCE,0,0,0
2026-08-13 23:59:37.46975,4275.00,BALANCE,0,0,0
2026-08-13 23:36:07.462084,4287.50,BALANCE,0,0,0
2026-08-13 23:05:45.911821,4282.00,BALANCE,0,0,0
2026-08-13 23:02:26.533915,2385.00,BALANCE,0,0,0
2026-08-13 22:56:03.185296,4500.00,transa,0,0,0
2026-08-13 22:45:51.152316,2400.00,BALANCE,0,0,0
2026-08-13 22:40:33.751441,4500.00,reptiloid,0,0,0
2026-08-13 22:39:58.568209,2155.00,BALANCE,0,0,0
2026-08-13 22:18:54.16443,4070.00,BALANCE,0,0,0
2026-08-13 21:21:15.910786,4285.00,BALANCE,0,0,0
2026-08-13 21:17:50.93419,4500.00,reptiloid,0,0,0
2026-08-13 21:05:44.700385,2375.00,BALANCE,0,0,0
2026-08-13 20:45:46.605701,4281.00,BALANCE,0,0,0
2026-08-13 20:40:55.980469,4500.00,reptiloid,0,0,0
2026-08-13 20:28:06.374859,1915.00,BALANCE,0,0,0
2026-08-13 20:19:38.726228,4500.00,transa,0,0,0
2026-08-13 20:05:51.274838,4500.00,reptiloid,0,0,0
2026-08-13 19:31:52.173725,4500.00,reptiloid,0,0,0
2026-08-13 19:23:30.707183,2385.00,BALANCE,0,0,0
2026-08-13 19:20:52.054582,4275.00,BALANCE,0,0,0
2026-08-13 19:06:36.296268,2160.00,BALANCE,0,0,0
2026-08-13 19:04:53.687361,2520.00,BALANCE,0,0,0
2026-08-13 19:03:57.866699,4500.00,reptiloid,0,0,0
2026-08-13 18:57:16.982479,4500.00,card,0,0,0
2026-08-13 18:54:17.10293,4295.00,BALANCE,0,0,0
2026-08-13 18:42:37.608718,4275.00,BALANCE,0,0,0
2026-08-13 18:31:55.813957,4340.00,BALANCE,0,0,0
2026-08-13 18:29:15.332715,2375.00,BALANCE,0,0,0
2026-08-13 18:17:21.370307,4290.00,BALANCE,0,0,0
2026-08-13 18:08:42.986412,4500.00,reptiloid,0,0,0
2026-08-13 18:01:35.436671,2500.00,BALANCE,0,0,0
2026-08-13 17:52:29.410694,4500.00,reptiloid,0,0,0
2026-08-13 17:48:26.020938,2165.00,BALANCE,0,0,0
2026-08-13 17:46:07.835611,2385.00,BALANCE,0,0,0
2026-08-13 17:37:50.070287,2012.50,BALANCE,0,0,0
2026-08-13 17:31:30.551649,4500.00,reptiloid,0,0,0
2026-08-13 17:18:30.088668,4500.00,BALANCE,0,0,0
2026-08-13 17:17:23.972312,4500.00,reptiloid,0,0,0
2026-08-13 17:02:04.328925,4275.00,BALANCE,0,0,0
2026-08-13 17:01:28.23649,4500.00,BALANCE,0,0,0
2026-08-13 17:00:07.142528,4065.00,BALANCE,0,0,0
2026-08-13 16:53:04.141049,2390.00,BALANCE,0,0,0
2026-08-13 16:49:37.540947,2400.00,BALANCE,0,0,0
2026-08-13 16:45:32.262788,4500.00,reptiloid,0,0,0
2026-08-13 16:35:43.011857,4277.50,BALANCE,0,0,0
2026-08-13 16:34:33.065057,2145.00,BALANCE,0,0,0
2026-08-13 16:27:52.10562,4285.00,BALANCE,0,0,0
2026-08-13 16:27:42.937054,4500.00,reptiloid,0,0,0
2026-08-13 16:21:20.608738,2380.00,BALANCE,0,0,0
2026-08-13 16:09:52.0904,4500.00,reptiloid,0,0,0
2026-08-13 16:03:37.671178,4500.00,reptiloid,0,0,0
2026-08-13 16:03:22.986532,3430.00,BALANCE,0,0,0
2026-08-13 15:55:51.264593,3735.00,BALANCE,0,0,0
2026-08-13 15:52:14.425367,3900.00,reptiloid,0,0,0
2026-08-13 15:45:54.016566,4500.00,transa,0,0,0
2026-08-13 15:33:08.905631,4500.00,BALANCE,0,0,0
2026-08-13 15:16:44.872555,4500.00,reptiloid,0,0,0
2026-08-13 15:08:14.409329,2750.00,BALANCE,0,0,0
2026-08-13 15:03:15.359329,1710.00,BALANCE,0,0,0
2026-08-13 14:52:38.304832,4300.00,BALANCE,0,0,0
2026-08-13 14:43:02.130277,4500.00,reptiloid,0,0,0
2026-08-13 14:31:30.975074,4285.00,BALANCE,0,0,0
2026-08-13 14:20:19.258222,3630.00,BALANCE,0,0,0
2026-08-13 14:16:24.898835,4500.00,reptiloid,0,0,0
2026-08-13 13:49:37.056699,2387.50,BALANCE,0,0,0
2026-08-13 13:27:41.378776,4280.00,BALANCE,0,0,0
2026-08-13 13:12:22.441255,4500.00,reptiloid,0,0,0
2026-08-13 13:11:11.209883,4287.50,BALANCE,0,0,0
2026-08-13 13:10:53.279566,4500.00,reptiloid,0,0,0
2026-08-13 13:04:29.266363,4500.00,transa,0,0,0
2026-08-13 13:00:42.785512,3150.000,USDT,0,0,42.870000
2026-08-13 11:22:12.810295,4500.00,card,0,0,0
2026-08-13 10:45:21.637491,4500.00,reptiloid,0,0,0
2026-08-13 10:41:23.140727,3705.00,BALANCE,0,0,0
2026-08-13 10:39:42.499429,3047.50,BALANCE,0,0,0
2026-08-13 10:34:30.830468,2975.00,BALANCE,0,0,0
2026-08-13 10:02:50.969593,4300.00,BALANCE,0,0,0
2026-08-13 08:52:52.668598,4282.50,BALANCE,0,0,0
2026-08-13 08:35:08.373026,4295.00,BALANCE,0,0,0
2026-08-13 08:23:15.636624,4500.00,BALANCE,0,0,0
2026-08-13 07:23:01.223321,3055.00,BALANCE,0,0,0
2026-08-13 05:10:09.057835,3200.00,transa,0,0,0
2026-08-13 05:09:18.357966,4280.00,BALANCE,0,0,0
2026-08-13 02:55:05.679732,3200.00,reptiloid,0,0,0
2026-08-13 02:17:24.814191,2240.000,USDT,0,0,30.485000
2026-08-13 01:47:09.369225,4500.00,reptiloid,0,0,0
2026-08-13 00:56:50.35154,3050.00,BALANCE,0,0,0
2026-08-13 00:34:14.991606,4500.00,reptiloid,0,0,0
2026-08-13 00:14:58.873709,2382.50,BALANCE,0,0,0
2026-08-12 23:52:44.17391,4500.00,reptiloid,0,0,0
2026-08-12 23:06:03.314574,3200.00,reptiloid,0,0,0
2026-08-12 22:59:38.565336,3200.00,reptiloid,0,0,0
2026-08-12 22:31:08.665865,1300.00,BALANCE,0,0,0
2026-08-12 22:19:52.125019,4295.00,BALANCE,0,0,0
2026-08-12 22:16:27.734474,4280.00,BALANCE,0,0,0
2026-08-12 22:12:41.132294,4500.00,reptiloid,0,0,0
2026-08-12 21:50:31.474272,3046.00,BALANCE,0,0,0
2026-08-12 21:49:01.715718,4075.00,BALANCE,0,0,0
2026-08-12 21:32:50.775419,700.00,BALANCE,0,0,0
2026-08-12 21:26:16.747587,3200.00,nirvana,0,0,0
2026-08-12 21:14:04.045041,3040.00,BALANCE,0,0,0
2026-08-12 21:13:54.644281,2900.00,reptiloid,0,0,0
2026-08-12 20:51:49.183696,0.00,BALANCE,0,0,0
2026-08-12 20:37:20.871217,4500.00,card,0,0,0
2026-08-12 20:31:04.251422,3200.00,reptiloid,0,0,0
2026-08-12 20:28:50.819087,4500.00,transa,0,0,0
2026-08-12 20:23:34.022193,2390.00,BALANCE,0,0,0
2026-08-12 20:23:24.604025,4500.00,reptiloid,0,0,0
2026-08-12 20:19:39.18379,4295.00,BALANCE,0,0,0
2026-08-12 20:19:19.655938,4500.00,reptiloid,0,0,0
2026-08-12 20:12:22.136742,2850.00,BALANCE,0,0,0
2026-08-12 20:00:19.061507,2397.00,BALANCE,0,0,0
2026-08-12 19:52:27.846116,2410.00,BALANCE,0,0,0
2026-08-12 19:46:50.519644,4285.00,BALANCE,0,0,0
2026-08-12 19:43:08.295577,4500.00,BALANCE,0,0,0
2026-08-12 19:42:44.193118,4500.00,BALANCE,0,0,0
2026-08-12 19:42:21.361278,3825.00,BALANCE,0,0,0
2026-08-12 19:41:58.996707,2400.90,BALANCE,0,0,0
2026-08-12 19:36:32.499293,4500.00,reptiloid,0,0,0
2026-08-12 19:35:29.728786,4275.00,BALANCE,0,0,0
2026-08-12 19:28:15.512481,4500.00,reptiloid,0,0,0
2026-08-12 19:25:40.267279,3040.00,BALANCE,0,0,0
2026-08-12 19:21:02.372051,4500.00,reptiloid,0,0,0
2026-08-12 19:20:34.090745,4275.00,BALANCE,0,0,0
2026-08-12 19:18:10.782268,3150.000,USDT,0,0,42.870000
2026-08-12 19:17:47.639112,2380.00,BALANCE,0,0,0
2026-08-12 18:41:10.534312,4500.00,reptiloid,0,0,0
2026-08-12 18:40:30.334268,2975.00,BALANCE,0,0,0
2026-08-12 18:38:17.319869,3705.00,BALANCE,0,0,0
2026-08-12 18:16:34.104943,4500.00,reptiloid,0,0,0
2026-08-12 18:14:56.451929,3700.00,BALANCE,0,0,0
2026-08-12 18:00:39.545707,3200.00,reptiloid,0,0,0
2026-08-12 17:37:50.366558,3200.00,reptiloid,0,0,0
2026-08-12 17:34:56.237175,3050.00,BALANCE,0,0,0
2026-08-12 17:26:19.720543,4500.00,reptiloid,0,0,0
2026-08-12 17:14:39.933568,4500.00,reptiloid,0,0,0
2026-08-12 17:08:37.521407,3050.00,BALANCE,0,0,0
2026-08-12 17:04:55.003992,3200.00,reptiloid,0,0,0
2026-08-12 16:56:35.528931,4285.00,BALANCE,0,0,0
2026-08-12 16:54:07.95317,4280.00,BALANCE,0,0,0
2026-08-12 16:40:34.335718,2900.00,reptiloid,0,0,0
2026-08-12 16:32:15.756413,4070.00,BALANCE,0,0,0
2026-08-12 16:26:37.670761,4060.00,BALANCE,0,0,0
2026-08-12 16:15:26.569129,4500.00,reptiloid,0,0,0
2026-08-12 16:07:07.524917,4285.00,BALANCE,0,0,0
2026-08-12 16:04:50.604434,3200.00,reptiloid,0,0,0
2026-08-12 16:02:28.762739,3200.00,reptiloid,0,0,0
2026-08-12 15:46:48.711224,3050.00,BALANCE,0,0,0
2026-08-12 15:10:43.682726,2385.00,BALANCE,0,0,0
2026-08-12 15:04:33.824626,3200.00,reptiloid,0,0,0
2026-08-12 14:57:11.490837,4275.00,BALANCE,0,0,0
2026-08-12 14:56:53.396294,4275.00,BALANCE,0,0,0
2026-08-12 14:53:14.255141,3974.00,BALANCE,0,0,0
2026-08-12 14:53:03.787024,2940.00,BALANCE,0,0,0
2026-08-12 14:48:59.327142,3040.00,BALANCE,0,0,0
2026-08-12 14:18:33.228028,3050.00,BALANCE,0,0,0
2026-08-12 14:17:47.886545,3900.00,reptiloid,0,0,0
2026-08-12 14:04:58.727014,4500.00,reptiloid,0,0,0
2026-08-12 13:56:54.086158,2430.00,BALANCE,0,0,0
2026-08-12 13:47:53.152221,4500.00,reptiloid,0,0,0
2026-08-12 13:46:24.441167,4500.00,reptiloid,0,0,0
2026-08-12 13:44:07.690262,2500.00,BALANCE,0,0,0
2026-08-12 13:41:51.349287,4500.00,BALANCE,0,0,0
2026-08-12 13:40:26.196723,3840.00,BALANCE,0,0,0
2026-08-12 13:04:24.31732,4500.00,transa,0,0,0
2026-08-12 12:51:16.689999,4500.00,reptiloid,0,0,0
2026-08-12 12:35:11.388275,4285.00,BALANCE,0,0,0
2026-08-12 12:09:53.704369,3050.00,BALANCE,0,0,0
2026-08-12 12:02:41.305279,4290.00,BALANCE,0,0,0
2026-08-12 11:59:42.115308,4500.00,reptiloid,0,0,0
2026-08-12 11:58:02.010714,4500.00,reptiloid,0,0,0
2026-08-12 11:57:09.416999,4500.00,transa,0,0,0
2026-08-12 11:54:13.662901,4350.00,BALANCE,0,0,0
2026-08-12 11:45:17.558702,4500.00,reptiloid,0,0,0
2026-08-12 11:43:51.922024,4500.00,reptiloid,0,0,0
2026-08-12 11:41:14.608338,1200.00,BALANCE,0,0,0
2026-08-12 11:34:31.154313,2377.50,BALANCE,0,0,0
2026-08-12 11:30:51.262922,3045.00,BALANCE,0,0,0
2026-08-12 11:27:56.799186,4500.00,BALANCE,0,0,0
2026-08-12 11:20:51.34173,4010.00,BALANCE,0,0,0
2026-08-12 11:10:14.314598,4068.75,BALANCE,0,0,0
2026-08-12 11:02:07.520877,2240.000,USDT,0,0,30.485000
2026-08-12 10:44:28.390847,2387.50,BALANCE,0,0,0
2026-08-12 10:22:41.697663,4275.00,BALANCE,0,0,0
2026-08-12 10:16:11.643744,4500.00,reptiloid,0,0,0
2026-08-12 09:47:37.276452,4500.00,reptiloid,0,0,0
2026-08-12 09:45:54.461593,4500.00,reptiloid,0,0,0
2026-08-12 08:45:22.92086,4284.20,BALANCE,0,0,0
2026-08-12 08:33:36.025562,2900.00,reptiloid,0,0,0
2026-08-12 08:32:52.111395,4500.00,reptiloid,0,0,0
2026-08-12 08:27:27.449666,4500.00,reptiloid,0,0,0
2026-08-12 07:35:00.171991,4305.00,BALANCE,0,0,0
2026-08-12 07:22:02.207584,4500.00,reptiloid,0,0,0
2026-08-12 05:51:10.905302,4500.00,reptiloid,0,0,0
2026-08-12 04:58:25.022671,2385.00,BALANCE,0,0,0
2026-08-12 04:22:22.96895,4500.00,transa,0,0,0
2026-08-12 02:27:18.889172,4275.00,BALANCE,0,0,0
2026-08-12 02:21:24.04227,4500.00,transa,0,0,0
2026-08-12 02:18:30.976179,4500.00,reptiloid,0,0,0
2026-08-12 01:55:27.231589,4500.00,card,0,0,0
2026-08-12 01:49:44.159861,4500.00,reptiloid,0,0,0
2026-08-12 01:36:13.858145,4500.00,reptiloid,0,0,0
2026-08-12 01:33:02.43024,4500.00,reptiloid,0,0,0
2026-08-12 01:32:55.945387,4500.00,reptiloid,0,0,0
2026-08-12 01:22:49.677325,4275.00,BALANCE,0,0,0
2026-08-12 00:32:16.908923,4500.00,reptiloid,0,0,0
2026-08-12 00:12:06.443685,4500.00,card,0,0,0
2026-08-12 00:04:54.889808,4500.00,reptiloid,0,0,0
2026-08-11 23:57:50.856259,4280.00,BALANCE,0,0,0
2026-08-11 23:43:27.215953,4500.00,reptiloid,0,0,0
2026-08-11 23:21:12.991862,4500.00,reptiloid,0,0,0
2026-08-11 22:43:08.134696,3044.00,BALANCE,0,0,0
2026-08-11 22:40:50.829526,4500.00,reptiloid,0,0,0
2026-08-11 22:31:26.366486,4500.00,reptiloid,0,0,0
2026-08-11 22:26:24.894286,4500.00,reptiloid,0,0,0
2026-08-11 22:16:26.889287,4500.00,reptiloid,0,0,0
2026-08-11 22:12:40.276543,8200.00,reptiloid,0,0,0
2026-08-11 22:10:46.218567,8200.00,reptiloid,0,0,0
2026-08-11 22:08:48.262593,8200.00,reptiloid,0,0,0
2026-08-11 22:06:57.573245,8200.00,reptiloid,0,0,0
2026-08-11 22:05:23.388885,8200.00,reptiloid,0,0,0
2026-08-11 22:03:34.846686,8200.00,reptiloid,0,0,0
2026-08-11 22:01:20.122414,8200.00,reptiloid,0,0,0
2026-08-11 22:01:12.375625,4060.00,BALANCE,0,0,0
2026-08-11 22:00:58.888622,4275.00,BALANCE,0,0,0
2026-08-11 21:59:40.250194,2960.00,BALANCE,0,0,0
2026-08-11 21:59:34.874493,8200.00,reptiloid,0,0,0
2026-08-11 21:57:46.638401,8200.00,reptiloid,0,0,0
2026-08-11 21:37:02.243105,4275.00,BALANCE,0,0,0
2026-08-11 21:36:08.610833,4275.00,BALANCE,0,0,0
2026-08-11 21:27:51.092266,3200.00,reptiloid,0,0,0
2026-08-11 21:21:59.382601,4500.00,reptiloid,0,0,0
2026-08-11 21:16:46.384754,2385.00,BALANCE,0,0,0
2026-08-11 20:35:19.498906,4500.00,reptiloid,0,0,0
2026-08-11 20:30:19.438609,4285.00,BALANCE,0,0,0
2026-08-11 20:19:34.566629,3040.00,BALANCE,0,0,0
2026-08-11 19:57:28.363055,4500.00,reptiloid,0,0,0
2026-08-11 19:48:35.818793,3170.00,BALANCE,0,0,0
2026-08-11 19:33:50.535147,4500.00,transa,0,0,0
2026-08-11 19:30:37.356954,4500.00,card,0,0,0
2026-08-11 19:22:37.995822,2375.00,BALANCE,0,0,0
2026-08-11 19:17:30.349693,3200.00,reptiloid,0,0,0
2026-08-11 19:14:09.352798,3640.00,BALANCE,0,0,0
2026-08-11 19:13:54.427936,2382.00,BALANCE,0,0,0
2026-08-11 18:52:43.405088,3040.00,BALANCE,0,0,0
2026-08-11 18:40:30.628511,4500.00,reptiloid,0,0,0
2026-08-11 18:16:04.358838,2375.00,BALANCE,0,0,0
2026-08-11 18:00:56.662378,2500.00,BALANCE,0,0,0
2026-08-11 17:58:06.53417,4500.00,reptiloid,0,0,0
2026-08-11 17:50:55.441477,2637.50,BALANCE,0,0,0
2026-08-11 17:41:36.354156,4500.00,card,0,0,0
2026-08-11 17:05:31.560709,4500.00,BALANCE,0,0,0
2026-08-11 17:04:49.963595,3705.00,BALANCE,0,0,0
2026-08-11 17:00:38.526204,4285.00,BALANCE,0,0,0
2026-08-11 16:37:36.801156,4500.00,reptiloid,0,0,0
2026-08-11 16:33:13.639254,3050.00,BALANCE,0,0,0
2026-08-11 16:15:50.541318,3200.00,reptiloid,0,0,0
2026-08-11 16:01:07.561529,3710.00,BALANCE,0,0,0
2026-08-11 16:00:56.183715,4500.00,reptiloid,0,0,0
2026-08-11 15:29:39.526467,1087.50,BALANCE,0,0,0
2026-08-11 15:07:03.300585,4500.00,reptiloid,0,0,0
2026-08-11 15:02:14.132342,4290.00,BALANCE,0,0,0
2026-08-11 15:01:40.508372,3900.00,reptiloid,0,0,0
2026-08-11 14:54:46.80122,4500.00,reptiloid,0,0,0
2026-08-11 14:51:01.704111,4500.00,reptiloid,0,0,0
2026-08-11 14:47:47.359076,3200.00,BALANCE,0,0,0
2026-08-11 14:31:54.680697,3200.00,reptiloid,0,0,0
2026-08-11 14:27:58.126765,2375.00,BALANCE,0,0,0
2026-08-11 14:26:07.921193,4500.00,transa,0,0,0
2026-08-11 14:13:26.346375,3695.50,BALANCE,0,0,0
2026-08-11 13:51:00.674981,4500.00,reptiloid,0,0,0
2026-08-11 13:46:32.227098,4285.00,BALANCE,0,0,0
2026-08-11 13:45:46.874675,4500.00,reptiloid,0,0,0
2026-08-11 13:38:44.259892,4275.00,BALANCE,0,0,0
2026-08-11 13:20:31.845665,3200.00,card,0,0,0
2026-08-11 13:19:40.220587,2900.00,card,0,0,0
2026-08-11 13:12:55.349542,1500.00,BALANCE,0,0,0
2026-08-11 13:06:56.375615,3200.00,transa,0,0,0
2026-08-11 12:58:06.670457,4285.00,BALANCE,0,0,0
2026-08-11 12:56:11.994747,3500.00,card,0,0,0
2026-08-11 12:47:19.810656,4275.00,BALANCE,0,0,0
2026-08-11 12:44:47.532876,3047.50,BALANCE,0,0,0
2026-08-11 12:40:14.981887,3055.00,BALANCE,0,0,0
2026-08-11 12:35:16.462477,4275.00,BALANCE,0,0,0
2026-08-11 12:32:59.792135,1575.00,BALANCE,0,0,0
2026-08-11 12:24:23.672767,4280.00,BALANCE,0,0,0
2026-08-11 12:18:31.88051,2385.00,BALANCE,0,0,0
2026-08-11 12:12:32.471884,4285.00,BALANCE,0,0,0
2026-08-11 12:09:47.305691,2385.00,BALANCE,0,0,0
2026-08-11 11:37:42.324332,3200.00,BALANCE,0,0,0
2026-08-11 11:30:06.859028,4500.00,BALANCE,0,0,0
2026-08-11 11:25:51.40246,4500.00,BALANCE,0,0,0
2026-08-11 10:58:33.781226,7800.00,BALANCE,0,0,0
2026-08-11 10:36:19.722217,4500.00,reptiloid,0,0,0
2026-08-11 10:35:50.310661,4287.50,BALANCE,0,0,0
2026-08-11 10:16:56.273545,3200.00,reptiloid,0,0,0
2026-08-11 10:07:29.535472,4275.00,BALANCE,0,0,0
2026-08-11 10:04:38.563451,4337.50,BALANCE,0,0,0
2026-08-11 09:51:27.131376,4500.00,reptiloid,0,0,0
2026-08-11 09:23:43.085628,4287.50,BALANCE,0,0,0
2026-08-11 08:29:46.029062,4500.00,reptiloid,0,0,0
2026-08-11 07:49:58.306853,4280.00,BALANCE,0,0,0
2026-08-11 07:13:46.915827,4500.00,reptiloid,0,0,0
2026-08-11 07:04:25.657764,4275.00,BALANCE,0,0,0
2026-08-11 05:45:31.765972,4245.00,BALANCE,0,0,0
2026-08-11 05:03:13.843532,3900.00,BALANCE,0,0,0
2026-08-11 05:01:35.492825,1900.00,BALANCE,0,0,0
2026-08-11 04:45:56.741011,3710.00,BALANCE,0,0,0
2026-08-11 04:12:13.297372,3135.00,BALANCE,0,0,0
2026-08-11 04:11:21.444462,4115.00,BALANCE,0,0,0
2026-08-11 04:09:29.28919,4500.00,reptiloid,0,0,0
2026-08-11 04:02:10.772756,0.00,BALANCE,0,0,0
2026-08-11 03:44:47.088671,2165.00,BALANCE,0,0,0
2026-08-11 03:21:42.156151,2500.00,BALANCE,0,0,0
2026-08-11 03:14:34.535149,1615.00,BALANCE,0,0,0
2026-08-11 02:50:43.039457,3040.00,BALANCE,0,0,0
2026-08-11 01:34:47.649979,3200.00,reptiloid,0,0,0
2026-08-11 00:56:44.076787,4290.00,BALANCE,0,0,0
2026-08-11 00:55:41.970799,1475.00,BALANCE,0,0,0
2026-08-11 00:44:58.941894,4275.00,BALANCE,0,0,0
2026-08-11 00:21:53.346211,3047.50,BALANCE,0,0,0
2026-08-11 00:13:11.644046,2375.00,BALANCE,0,0,0
2026-08-10 23:55:03.852818,4282.50,BALANCE,0,0,0
2026-08-10 23:45:10.498707,3200.00,reptiloid,0,0,0
2026-08-10 23:44:55.667799,0.00,BALANCE,0,0,0
2026-08-10 23:39:10.778345,4500.00,reptiloid,0,0,0
2026-08-10 23:19:59.971276,3900.00,reptiloid,0,0,0
2026-08-10 23:06:08.062465,4050.00,BALANCE,0,0,0
2026-08-10 22:30:55.407554,4275.00,BALANCE,0,0,0
2026-08-10 22:23:56.569006,4285.00,BALANCE,0,0,0
2026-08-10 22:08:10.642035,4282.50,BALANCE,0,0,0
2026-08-10 21:53:58.016588,4275.00,BALANCE,0,0,0
2026-08-10 21:51:39.317546,3040.00,BALANCE,0,0,0
2026-08-10 21:42:01.155915,3200.00,reptiloid,0,0,0
2026-08-10 21:41:08.192292,3040.00,BALANCE,0,0,0
2026-08-10 21:39:50.675597,3048.00,BALANCE,0,0,0
2026-08-10 21:23:04.725964,4500.00,nirvana,0,0,0
2026-08-10 21:19:58.886563,4500.00,reptiloid,0,0,0
2026-08-10 21:15:43.11864,4500.00,reptiloid,0,0,0
2026-08-10 20:56:45.003067,4070.00,BALANCE,0,0,0
2026-08-10 20:53:07.98966,4280.00,BALANCE,0,0,0
2026-08-10 20:51:58.673759,3200.00,reptiloid,0,0,0
2026-08-10 20:46:14.638508,4285.00,BALANCE,0,0,0
2026-08-10 20:42:19.986655,4500.00,reptiloid,0,0,0
2026-08-10 20:35:07.835837,4060.00,BALANCE,0,0,0
2026-08-10 20:23:42.871171,3065.00,BALANCE,0,0,0
2026-08-10 20:13:05.756504,4500.00,reptiloid,0,0,0
2026-08-10 20:08:06.016828,4062.50,BALANCE,0,0,0
2026-08-10 19:32:54.103864,4500.00,reptiloid,0,0,0
2026-08-10 19:19:29.56227,3040.00,BALANCE,0,0,0
2026-08-10 19:07:01.51217,2240.000,USDT,0,0,30.485000
2026-08-10 19:04:35.071965,4500.00,reptiloid,0,0,0
2026-08-10 18:53:05.164773,2375.00,BALANCE,0,0,0
2026-08-10 18:48:43.178644,4500.00,reptiloid,0,0,0
2026-08-10 18:46:49.930881,2380.00,BALANCE,0,0,0
2026-08-10 18:43:01.641728,3200.00,reptiloid,0,0,0
2026-08-10 18:38:56.680695,375.00,BALANCE,0,0,0
2026-08-10 18:37:38.269914,3040.00,BALANCE,0,0,0
2026-08-10 18:34:10.823872,4500.00,reptiloid,0,0,0
2026-08-10 18:17:35.437606,4500.00,reptiloid,0,0,0
2026-08-10 18:15:32.700859,4500.00,reptiloid,0,0,0
2026-08-10 18:12:34.478046,400.00,BALANCE,0,0,0
2026-08-10 17:54:26.823136,3900.00,reptiloid,0,0,0
2026-08-10 17:49:45.709477,4275.00,BALANCE,0,0,0
2026-08-10 17:42:08.198058,4275.00,BALANCE,0,0,0
2026-08-10 17:41:59.252316,3900.00,reptiloid,0,0,0
2026-08-10 17:40:02.855007,4135.00,BALANCE,0,0,0
2026-08-10 17:38:47.596094,4295.00,BALANCE,0,0,0
2026-08-10 17:11:41.443989,1400.00,BALANCE,0,0,0
2026-08-10 17:10:27.624889,4275.00,BALANCE,0,0,0
2026-08-10 16:54:11.3058,2275.00,BALANCE,0,0,0
2026-08-10 16:53:49.243232,4500.00,reptiloid,0,0,0
2026-08-10 16:51:23.607418,2380.00,BALANCE,0,0,0
2026-08-10 16:44:17.726624,3200.00,reptiloid,0,0,0
2026-08-10 16:41:48.383691,4500.00,reptiloid,0,0,0
2026-08-10 16:37:28.625459,4500.00,BALANCE,0,0,0
2026-08-10 16:37:24.435986,4280.00,BALANCE,0,0,0
2026-08-10 16:36:46.244022,3715.00,BALANCE,0,0,0
2026-08-10 16:32:34.603126,4500.00,BALANCE,0,0,0
2026-08-10 16:30:08.822013,3200.00,reptiloid,0,0,0
2026-08-10 16:29:01.04644,3200.00,card,0,0,0
2026-08-10 16:20:15.52771,3200.00,reptiloid,0,0,0
2026-08-10 16:17:47.021062,4275.00,BALANCE,0,0,0
2026-08-10 16:14:42.575646,4500.00,reptiloid,0,0,0
2026-08-10 16:14:07.927077,1580.00,BALANCE,0,0,0
2026-08-10 16:08:48.395356,1700.00,BALANCE,0,0,0
2026-08-10 15:58:45.232062,3200.00,reptiloid,0,0,0
2026-08-10 15:57:49.945168,3200.00,card,0,0,0
2026-08-10 15:55:00.743392,4275.00,BALANCE,0,0,0
2026-08-10 15:50:04.359616,4500.00,reptiloid,0,0,0
2026-08-10 15:39:24.932339,4500.00,reptiloid,0,0,0
2026-08-10 15:28:08.163404,1122.25,BALANCE,0,0,0
2026-08-10 15:18:30.196325,4500.00,reptiloid,0,0,0
2026-08-10 15:16:35.501893,3847.50,BALANCE,0,0,0
2026-08-10 15:15:20.754886,1090.00,BALANCE,0,0,0
2026-08-10 15:00:22.326866,1148.75,BALANCE,0,0,0
2026-08-10 14:58:05.676481,3705.00,BALANCE,0,0,0
2026-08-10 14:48:21.418011,4275.00,BALANCE,0,0,0
2026-08-10 14:40:38.448132,1520.00,BALANCE,0,0,0
2026-08-10 14:36:27.750851,1750.00,BALANCE,0,0,0
2026-08-10 14:15:03.29996,3200.00,reptiloid,0,0,0
2026-08-10 14:00:26.870763,0.00,BALANCE,0,0,0
2026-08-10 13:55:59.156375,3200.00,reptiloid,0,0,0
2026-08-10 13:51:15.460043,3047.85,BALANCE,0,0,0
2026-08-10 13:44:08.534944,1160.00,BALANCE,0,0,0
2026-08-10 13:40:33.110048,3200.00,reptiloid,0,0,0
2026-08-10 13:20:54.632007,3200.00,reptiloid,0,0,0
2026-08-10 12:59:52.247805,3685.00,BALANCE,0,0,0
2026-08-10 12:58:05.115334,4500.00,reptiloid,0,0,0
2026-08-10 12:44:58.624756,3050.00,BALANCE,0,0,0
2026-08-10 12:24:36.897818,3200.00,reptiloid,0,0,0
2026-08-10 12:20:05.709587,2826.25,BALANCE,0,0,0
2026-08-10 12:17:16.423649,1140.00,BALANCE,0,0,0
2026-08-10 12:13:54.212848,3200.00,reptiloid,0,0,0
2026-08-10 12:06:26.384443,1900.00,BALANCE,0,0,0
2026-08-10 12:04:00.313193,3050.00,BALANCE,0,0,0
2026-08-10 12:00:52.775815,3200.00,reptiloid,0,0,0
2026-08-10 11:51:25.380734,4285.00,BALANCE,0,0,0
2026-08-10 11:46:22.586382,1040.00,BALANCE,0,0,0
2026-08-10 11:41:52.828064,3050.00,BALANCE,0,0,0
2026-08-10 11:33:55.935868,3900.00,reptiloid,0,0,0
2026-08-10 10:49:29.635007,4500.00,reptiloid,0,0,0
2026-08-10 10:23:15.009618,4500.00,BALANCE,0,0,0
2026-08-10 10:15:38.032967,4500.00,reptiloid,0,0,0
2026-08-10 10:14:23.835437,1010.00,BALANCE,0,0,0
2026-08-10 09:37:02.893117,4500.00,reptiloid,0,0,0
2026-08-10 09:33:06.008143,14000.00,reptiloid,0,0,0
2026-08-10 09:07:23.999888,3900.00,reptiloid,0,0,0
2026-08-10 09:06:15.727671,4275.00,BALANCE,0,0,0
2026-08-10 08:40:28.66454,2375.00,BALANCE,0,0,0
2026-08-10 07:41:16.755411,4500.00,BALANCE,0,0,0
2026-08-10 06:13:30.899846,3200.00,reptiloid,0,0,0
2026-08-10 03:44:01.476326,4500.00,reptiloid,0,0,0
2026-08-10 02:23:53.16614,0.00,BALANCE,0,0,0
2026-08-10 02:23:01.125163,3200.00,reptiloid,0,0,0
2026-08-10 02:22:56.984812,4065.00,BALANCE,0,0,0
2026-08-10 01:45:37.103453,4500.00,reptiloid,0,0,0
2026-08-10 01:22:24.545645,4275.00,BALANCE,0,0,0
2026-08-10 00:47:09.461258,3610.00,BALANCE,0,0,0
2026-08-10 00:36:00.634578,1160.00,BALANCE,0,0,0
2026-08-10 00:17:50.191979,4275.00,BALANCE,0,0,0
2026-08-10 00:00:30.958758,4500.00,reptiloid,0,0,0
2026-08-09 23:58:53.764147,4500.00,card,0,0,0
2026-08-09 23:34:28.356219,3845.00,BALANCE,0,0,0
2026-08-09 23:17:35.618462,2392.00,BALANCE,0,0,0
2026-08-09 22:42:17.102578,3047.50,BALANCE,0,0,0
2026-08-09 22:13:39.440904,4500.00,reptiloid,0,0,0
2026-08-09 21:40:36.378818,1140.00,BALANCE,0,0,0
2026-08-09 21:15:18.755867,3900.00,reptiloid,0,0,0
2026-08-09 21:11:50.089628,4500.00,reptiloid,0,0,0
2026-08-09 20:59:10.210309,3040.00,BALANCE,0,0,0
2026-08-09 20:57:59.038607,4275.00,BALANCE,0,0,0
2026-08-09 20:55:09.832235,4500.00,reptiloid,0,0,0
2026-08-09 20:52:27.767674,3047.50,BALANCE,0,0,0
2026-08-09 20:30:29.993863,2165.00,BALANCE,0,0,0
2026-08-09 20:28:07.556195,4285.00,BALANCE,0,0,0
2026-08-09 20:26:21.593037,3500.00,reptiloid,0,0,0
2026-08-09 19:36:59.753253,2375.00,BALANCE,0,0,0
2026-08-09 19:33:45.001268,4500.00,BALANCE,0,0,0
2026-08-09 19:23:52.780595,0.00,BALANCE,0,0,0
2026-08-09 19:19:38.813356,3900.00,reptiloid,0,0,0
2026-08-09 19:16:04.206188,1685.00,BALANCE,0,0,0
2026-08-09 19:14:44.388396,3045.00,BALANCE,0,0,0
2026-08-09 19:10:28.534932,4500.00,card,0,0,0
2026-08-09 19:05:34.261011,2500.00,BALANCE,0,0,0
2026-08-09 18:51:10.42074,4500.00,card,0,0,0
2026-08-09 18:42:16.348097,3900.00,card,0,0,0
2026-08-09 18:06:56.18886,4500.00,BALANCE,0,0,0
2026-08-09 17:53:58.033339,2830.00,BALANCE,0,0,0
2026-08-09 17:53:11.04354,2250.00,BALANCE,0,0,0
2026-08-09 17:43:08.534684,4500.00,BALANCE,0,0,0
2026-08-09 17:42:45.745252,4500.00,reptiloid,0,0,0
2026-08-09 17:41:34.102827,4500.00,BALANCE,0,0,0
2026-08-09 17:28:40.217574,4500.00,reptiloid,0,0,0
2026-08-09 17:07:32.510534,4500.00,reptiloid,0,0,0
2026-08-09 17:06:33.084128,4500.00,reptiloid,0,0,0
2026-08-09 17:00:55.620406,4500.00,card,0,0,0
2026-08-09 16:57:01.665499,4500.00,transa,0,0,0
2026-08-09 16:46:30.484177,14000.00,reptiloid,0,0,0
2026-08-09 16:16:22.662403,4500.00,transa,0,0,0
2026-08-09 16:10:47.544701,500.00,BALANCE,0,0,0
2026-08-09 16:10:46.556237,14000.00,BALANCE,0,0,0
2026-08-09 16:00:06.751237,3200.00,BALANCE,0,0,0
2026-08-09 15:43:57.84923,4500.00,reptiloid,0,0,0
2026-08-09 15:31:24.612616,3200.00,reptiloid,0,0,0
2026-08-09 15:27:05.129621,4500.00,reptiloid,0,0,0
2026-08-09 15:22:22.776739,4500.00,BALANCE,0,0,0
2026-08-09 15:08:26.382584,1055.00,BALANCE,0,0,0
2026-08-09 15:04:16.627233,2500.00,BALANCE,0,0,0
2026-08-09 14:57:59.135948,4500.00,BALANCE,0,0,0
2026-08-09 14:42:50.169533,4500.00,reptiloid,0,0,0
2026-08-09 14:42:31.280731,2500.00,BALANCE,0,0,0
2026-08-09 14:29:53.319355,4500.00,card,0,0,0
2026-08-09 14:23:18.828848,4500.00,BALANCE,0,0,0
2026-08-09 14:17:57.976838,4500.00,BALANCE,0,0,0
2026-08-09 14:03:58.964382,4500.00,BALANCE,0,0,0
2026-08-09 13:34:42.362795,4500.00,reptiloid,0,0,0
2026-08-09 13:09:21.411317,4500.00,transa,0,0,0
2026-08-09 12:47:32.267148,4500.00,BALANCE,0,0,0
2026-08-09 12:26:34.392059,4500.00,BALANCE,0,0,0
2026-08-09 11:47:55.501294,4500.00,reptiloid,0,0,0
2026-08-09 11:46:50.897872,3900.00,reptiloid,0,0,0
2026-08-09 11:38:18.07523,2500.00,BALANCE,0,0,0
2026-08-09 11:07:04.864539,4500.00,reptiloid,0,0,0
2026-08-09 11:04:34.212401,12000.00,BALANCE,0,0,0
2026-08-09 10:56:33.201364,4500.00,reptiloid,0,0,0
2026-08-09 10:49:55.001905,4500.00,reptiloid,0,0,0
2026-08-09 10:44:40.358631,4500.00,BALANCE,0,0,0
2026-08-09 10:32:26.06556,4500.00,reptiloid,0,0,0
2026-08-09 10:20:23.000645,4500.00,reptiloid,0,0,0
2026-08-09 09:54:29.532858,4500.00,BALANCE,0,0,0
2026-08-09 09:30:46.605332,2500.00,BALANCE,0,0,0
2026-08-09 08:15:47.484467,4500.00,reptiloid,0,0,0
2026-08-09 08:15:37.971496,2500.00,BALANCE,0,0,0
2026-08-09 07:50:34.378624,4500.00,transa,0,0,0
2026-08-09 07:30:21.520019,4500.00,reptiloid,0,0,0
2026-08-09 07:22:50.133485,4500.00,reptiloid,0,0,0
2026-08-09 06:17:00.770822,4500.00,reptiloid,0,0,0
2026-08-09 05:56:01.623429,4500.00,reptiloid,0,0,0
2026-08-09 02:53:35.659626,4500.00,transa,0,0,0
2026-08-09 02:44:37.713948,4500.00,reptiloid,0,0,0
2026-08-09 02:05:36.282835,4500.00,BALANCE,0,0,0
2026-08-09 02:04:25.359262,2500.00,BALANCE,0,0,0
2026-08-09 02:02:19.33381,2275.00,BALANCE,0,0,0
2026-08-09 01:22:15.877917,4500.00,reptiloid,0,0,0
2026-08-09 00:22:50.97243,3900.00,reptiloid,0,0,0
2026-08-09 00:03:24.839738,4500.00,reptiloid,0,0,0
2026-08-08 23:31:43.874104,4500.00,BALANCE,0,0,0
2026-08-08 23:02:27.846634,4500.00,reptiloid,0,0,0
2026-08-08 22:18:23.971142,4500.00,transa,0,0,0
2026-08-08 21:39:41.166785,4500.00,reptiloid,0,0,0
2026-08-08 21:29:39.080017,4500.00,reptiloid,0,0,0
2026-08-08 21:19:59.718619,4500.00,transa,0,0,0
2026-08-08 21:15:20.186171,1275.00,BALANCE,0,0,0
2026-08-08 21:01:47.521295,4500.00,reptiloid,0,0,0
2026-08-08 20:51:22.554781,2275.00,BALANCE,0,0,0
2026-08-08 20:35:01.502354,4500.00,reptiloid,0,0,0
2026-08-08 19:41:41.774949,8200.00,BALANCE,0,0,0
2026-08-08 19:35:51.919064,2500.00,BALANCE,0,0,0
2026-08-08 19:16:29.68286,2500.00,BALANCE,0,0,0
2026-08-08 19:13:27.646005,4050.00,BALANCE,0,0,0
2026-08-08 19:04:24.84532,4500.00,reptiloid,0,0,0
2026-08-08 18:51:06.547256,4500.00,reptiloid,0,0,0
2026-08-08 18:31:20.405576,4500.00,BALANCE,0,0,0
2026-08-08 18:29:43.370276,4500.00,BALANCE,0,0,0
2026-08-08 18:15:44.18845,4500.00,BALANCE,0,0,0
2026-08-08 18:08:17.287332,4415.00,BALANCE,0,0,0
2026-08-08 17:32:12.831658,4500.00,transa,0,0,0
2026-08-08 17:24:41.635222,4500.00,BALANCE,0,0,0
2026-08-08 17:13:53.417726,3900.00,reptiloid,0,0,0
2026-08-08 17:09:27.781134,9800.000,USDT,0,0,139.637000
2026-08-08 16:58:44.623772,4500.00,reptiloid,0,0,0
2026-08-08 16:57:13.376867,4500.00,reptiloid,0,0,0
2026-08-08 16:31:36.897767,4500.00,reptiloid,0,0,0
2026-08-08 16:24:17.361852,4500.00,reptiloid,0,0,0
2026-08-08 15:47:34.236666,4500.00,reptiloid,0,0,0
2026-08-08 15:43:40.13104,2275.00,BALANCE,0,0,0
2026-08-08 15:34:02.633341,4500.00,reptiloid,0,0,0
2026-08-08 15:28:06.433609,4500.00,reptiloid,0,0,0
2026-08-08 15:21:20.66424,4500.00,BALANCE,0,0,0
2026-08-08 15:20:40.805036,1960.000,USDT,0,0,27.927000
2026-08-08 15:16:41.217053,4500.00,transa,0,0,0
2026-08-08 15:13:36.883073,4500.00,reptiloid,0,0,0
2026-08-08 14:59:09.453171,1300.00,BALANCE,0,0,0
2026-08-08 14:58:40.43403,8200.00,reptiloid,0,0,0
2026-08-08 14:58:21.107216,4500.00,reptiloid,0,0,0
2026-08-08 14:56:49.034736,8200.00,reptiloid,0,0,0
2026-08-08 14:56:14.995599,4500.00,reptiloid,0,0,0
2026-08-08 14:54:29.100801,8200.00,reptiloid,0,0,0
2026-08-08 14:52:15.539586,8200.00,reptiloid,0,0,0
2026-08-08 14:50:24.538827,8200.00,reptiloid,0,0,0
2026-08-08 14:49:10.958855,2500.00,BALANCE,0,0,0
2026-08-08 14:48:42.411902,8200.00,reptiloid,0,0,0
2026-08-08 14:41:33.227127,4500.00,reptiloid,0,0,0
2026-08-08 14:09:42.581217,2590.00,BALANCE,0,0,0
2026-08-08 13:55:32.545308,4500.00,reptiloid,0,0,0
2026-08-08 13:50:47.433768,4500.00,BALANCE,0,0,0
2026-08-08 13:50:24.871583,4500.00,BALANCE,0,0,0
2026-08-08 13:32:54.843794,4500.00,reptiloid,0,0,0
2026-08-08 13:23:50.145202,14000.00,reptiloid,0,0,0
2026-08-08 11:54:09.587835,4500.00,reptiloid,0,0,0
2026-08-08 11:52:11.777333,4500.00,BALANCE,0,0,0
2026-08-08 11:28:58.599545,4500.00,reptiloid,0,0,0
2026-08-08 11:19:52.012135,4500.00,BALANCE,0,0,0
2026-08-08 11:09:47.217739,14000.00,BALANCE,0,0,0
2026-08-08 11:08:34.038654,1300.00,BALANCE,0,0,0
2026-08-08 10:57:29.066751,4500.00,BALANCE,0,0,0
2026-08-08 10:56:06.06862,4500.00,transa,0,0,0
2026-08-08 10:28:23.825651,4500.00,reptiloid,0,0,0
2026-08-08 09:38:39.832389,3900.00,reptiloid,0,0,0
2026-08-08 09:37:48.832397,2500.00,BALANCE,0,0,0
2026-08-08 08:58:12.1548,4500.00,BALANCE,0,0,0
2026-08-08 08:47:41.797502,900.00,BALANCE,0,0,0
2026-08-08 07:54:09.340658,1375.00,BALANCE,0,0,0
2026-08-08 06:43:43.677627,4500.00,BALANCE,0,0,0
2026-08-08 05:56:32.41276,6200.00,BALANCE,0,0,0
2026-08-08 05:43:06.95117,4500.00,BALANCE,0,0,0
2026-08-08 04:10:13.083682,2500.00,BALANCE,0,0,0
2026-08-08 03:25:03.065036,1900.00,BALANCE,0,0,0
2026-08-08 03:12:55.392669,4500.00,reptiloid,0,0,0
2026-08-08 01:47:14.814699,4500.00,reptiloid,0,0,0
2026-08-08 01:42:06.211331,4500.00,BALANCE,0,0,0
2026-08-08 00:19:42.680588,4500.00,reptiloid,0,0,0
2026-08-07 23:47:10.043054,4500.00,reptiloid,0,0,0
2026-08-07 23:27:05.14366,2500.00,BALANCE,0,0,0
2026-08-07 22:28:12.95658,4275.00,BALANCE,0,0,0
2026-08-07 21:38:26.69783,4500.00,BALANCE,0,0,0
2026-08-07 21:25:05.814837,1600.00,BALANCE,0,0,0
2026-08-07 21:21:24.980011,3900.00,reptiloid,0,0,0
2026-08-07 21:09:45.861767,4500.00,BALANCE,0,0,0
2026-08-07 21:05:33.364386,4500.00,reptiloid,0,0,0
2026-08-07 20:22:09.062054,2800.00,reptiloid,0,0,0
2026-08-07 20:18:29.307869,0.00,BALANCE,0,0,0
2026-08-07 20:10:22.651077,4500.00,BALANCE,0,0,0
2026-08-07 20:08:37.315777,4500.00,reptiloid,0,0,0
2026-08-07 19:56:37.574602,2500.00,BALANCE,0,0,0
2026-08-07 19:47:56.391708,2500.00,BALANCE,0,0,0
2026-08-07 19:45:16.331934,4500.00,reptiloid,0,0,0
2026-08-07 19:38:05.727838,4500.00,reptiloid,0,0,0
2026-08-07 19:31:58.176085,4500.00,BALANCE,0,0,0
2026-08-07 19:15:12.237271,3900.00,reptiloid,0,0,0
2026-08-07 18:59:27.898097,3890.00,BALANCE,0,0,0
2026-08-07 18:58:39.72814,999.00,BALANCE,0,0,0
2026-08-07 18:32:22.734028,4000.00,BALANCE,0,0,0
2026-08-07 18:29:45.953994,4500.00,reptiloid,0,0,0
2026-08-07 18:25:04.311234,4500.00,reptiloid,0,0,0
2026-08-07 18:06:11.176464,4000.00,BALANCE,0,0,0
2026-08-07 18:04:57.929372,4500.00,BALANCE,0,0,0
2026-08-07 17:43:08.519307,2500.00,BALANCE,0,0,0
2026-08-07 17:26:43.885375,3675.00,BALANCE,0,0,0
2026-08-07 17:22:39.368671,4500.00,card,0,0,0
2026-08-07 17:05:45.641607,4500.00,BALANCE,0,0,0
2026-08-07 16:43:22.428888,4500.00,reptiloid,0,0,0
2026-08-07 16:43:18.423162,2500.00,BALANCE,0,0,0
2026-08-07 16:33:43.415438,4500.00,reptiloid,0,0,0
2026-08-07 16:16:05.72067,3900.00,reptiloid,0,0,0
2026-08-07 16:11:29.852724,600.00,BALANCE,0,0,0
2026-08-07 15:53:26.569775,4500.00,reptiloid,0,0,0
2026-08-07 15:22:25.734294,4500.00,reptiloid,0,0,0
2026-08-07 15:17:35.580415,4500.00,reptiloid,0,0,0
2026-08-07 15:15:52.399901,4500.00,BALANCE,0,0,0
2026-08-07 15:14:18.785482,4500.00,reptiloid,0,0,0
2026-08-07 15:10:44.092626,4500.00,BALANCE,0,0,0
2026-08-07 15:10:29.949681,4500.00,reptiloid,0,0,0
2026-08-07 15:07:48.591503,4500.00,BALANCE,0,0,0
2026-08-07 15:07:06.368937,4500.00,BALANCE,0,0,0
2026-08-07 14:56:20.305491,4500.00,BALANCE,0,0,0
2026-08-07 14:55:02.752392,4500.00,reptiloid,0,0,0
2026-08-07 14:54:42.035506,4500.00,BALANCE,0,0,0
2026-08-07 14:42:57.136415,2275.00,BALANCE,0,0,0
2026-08-07 14:40:55.347259,4500.00,reptiloid,0,0,0
2026-08-07 14:24:11.84243,3900.00,BALANCE,0,0,0
2026-08-07 14:22:23.686195,4500.00,reptiloid,0,0,0
2026-08-07 14:15:55.956059,4500.00,reptiloid,0,0,0
2026-08-07 14:08:38.16511,14000.00,reptiloid,0,0,0
2026-08-07 13:30:47.70511,4500.00,reptiloid,0,0,0
2026-08-07 13:10:14.82322,2499.00,BALANCE,0,0,0
2026-08-07 12:47:05.588215,4500.00,reptiloid,0,0,0
2026-08-07 12:43:19.968081,4500.00,BALANCE,0,0,0
2026-08-07 12:22:57.638875,4275.00,BALANCE,0,0,0
2026-08-07 12:04:37.591113,2500.00,BALANCE,0,0,0
2026-08-07 12:04:08.836371,2500.00,BALANCE,0,0,0
2026-08-07 11:43:09.609282,4500.00,BALANCE,0,0,0
2026-08-07 11:28:02.500498,4500.00,BALANCE,0,0,0
2026-08-07 11:23:23.145884,4500.00,reptiloid,0,0,0
2026-08-07 11:02:52.169323,1825.00,BALANCE,0,0,0
2026-08-07 10:18:30.706087,4500.00,reptiloid,0,0,0
2026-08-07 10:14:28.897213,4500.00,BALANCE,0,0,0
2026-08-07 10:09:08.251348,4500.00,reptiloid,0,0,0
2026-08-07 10:01:27.73007,4500.00,card,0,0,0
2026-08-07 09:54:37.403768,4500.00,reptiloid,0,0,0
2026-08-07 06:10:19.3257,4500.00,reptiloid,0,0,0
2026-08-07 04:48:27.150642,4500.00,reptiloid,0,0,0
2026-08-07 03:52:53.362412,4500.00,reptiloid,0,0,0
2026-08-07 02:35:09.297851,4500.00,BALANCE,0,0,0
2026-08-06 23:58:21.54486,3150.00,BALANCE,0,0,0
2026-08-06 23:22:04.993674,3100.00,reptiloid,0,0,0
2026-08-06 23:10:49.942203,4275.00,BALANCE,0,0,0
2026-08-06 22:42:34.808978,4050.00,BALANCE,0,0,0
2026-08-06 22:39:13.256594,4500.00,card,0,0,0
2026-08-06 21:26:52.484704,4500.00,reptiloid,0,0,0
2026-08-06 20:46:44.035806,1315.00,BALANCE,0,0,0
2026-08-06 20:36:43.917706,1730.00,BALANCE,0,0,0
2026-08-06 20:34:05.072991,4500.00,paritypay,0,0,0
2026-08-06 20:33:29.048084,4500.00,paritypay,0,0,0
2026-08-06 20:17:07.170065,4325.00,BALANCE,0,0,0
2026-08-06 20:12:38.821387,2165.00,BALANCE,0,0,0
2026-08-06 20:10:12.821698,4500.00,paritypay,0,0,0
2026-08-06 20:07:54.377416,2640.00,BALANCE,0,0,0
2026-08-06 20:05:31.042289,4285.00,BALANCE,0,0,0
2026-08-06 20:01:29.119649,4280.00,BALANCE,0,0,0
2026-08-06 19:59:04.120619,2800.00,nirvana,0,0,0
2026-08-06 19:53:34.794094,14000.00,paritypay,0,0,0
2026-08-06 19:18:35.924234,765.00,BALANCE,0,0,0
2026-08-06 19:13:22.846765,4280.00,BALANCE,0,0,0
2026-08-06 18:56:26.114824,4500.00,paritypay,0,0,0
2026-08-06 18:56:03.91519,2389.00,BALANCE,0,0,0
2026-08-06 18:28:46.267427,2385.00,BALANCE,0,0,0
2026-08-06 18:26:48.784442,2382.50,BALANCE,0,0,0
2026-08-06 18:02:43.37762,495.00,BALANCE,0,0,0
2026-08-06 18:02:06.352975,1047.00,BALANCE,0,0,0
2026-08-06 17:20:12.805614,3100.00,paritypay,0,0,0
2026-08-06 17:03:55.791898,1200.00,BALANCE,0,0,0
2026-08-06 16:56:30.48276,4285.70,BALANCE,0,0,0
2026-08-06 16:56:26.974574,4500.00,paritypay,0,0,0
2026-08-06 16:52:05.590937,2800.00,card,0,0,0
2026-08-06 16:19:37.448755,0.00,BALANCE,0,0,0
2026-08-06 16:07:50.644253,4500.00,BALANCE,0,0,0
2026-08-06 16:04:56.743485,2274.00,BALANCE,0,0,0
2026-08-06 15:56:37.863375,4500.00,paritypay,0,0,0
2026-08-06 15:50:18.94769,4290.00,BALANCE,0,0,0
2026-08-06 15:44:55.667651,11550.00,BALANCE,0,0,0
2026-08-06 15:38:11.345026,3100.00,paritypay,0,0,0
2026-08-06 14:54:24.234103,4282.50,BALANCE,0,0,0
2026-08-06 14:28:33.225214,4500.00,paritypay,0,0,0
2026-08-06 14:26:32.553797,2730.00,BALANCE,0,0,0
2026-08-06 14:25:13.886176,3100.00,paritypay,0,0,0
2026-08-06 14:17:04.217852,4350.00,BALANCE,0,0,0
2026-08-06 14:10:30.707894,500.00,BALANCE,0,0,0
2026-08-06 14:09:22.300662,4285.00,BALANCE,0,0,0
2026-08-06 14:08:34.880849,4290.00,BALANCE,0,0,0
2026-08-06 14:06:28.916802,4285.00,BALANCE,0,0,0
2026-08-06 13:50:11.322863,4500.00,BALANCE,0,0,0
2026-08-06 12:47:51.120031,3100.00,paritypay,0,0,0
2026-08-06 11:27:49.225255,2890.00,BALANCE,0,0,0
2026-08-06 10:56:37.151021,4500.00,paritypay,0,0,0
2026-08-06 10:49:31.813167,4500.00,paritypay,0,0,0
2026-08-06 10:40:10.676792,4067.50,BALANCE,0,0,0
2026-08-06 10:33:21.422166,2650.00,BALANCE,0,0,0
2026-08-06 10:27:12.304304,4500.00,BALANCE,0,0,0
2026-08-06 09:50:18.092119,4275.00,BALANCE,0,0,0
2026-08-06 09:44:43.124265,4275.00,BALANCE,0,0,0
2026-08-06 08:59:59.829622,4500.00,paritypay,0,0,0
2026-08-06 08:07:21.676081,1955.00,BALANCE,0,0,0
2026-08-06 07:45:54.404753,2745.00,BALANCE,0,0,0
2026-08-06 05:50:43.221362,2800.00,paritypay,0,0,0
2026-08-06 03:42:37.218144,14000.00,paritypay,0,0,0
2026-08-06 03:41:27.041868,2650.00,BALANCE,0,0,0
2026-08-06 03:41:02.747806,4290.00,BALANCE,0,0,0
2026-08-06 02:59:39.389225,4500.00,card,0,0,0
2026-08-06 02:31:06.135195,4500.00,transa,0,0,0
2026-08-06 01:38:01.848919,4500.00,paritypay,0,0,0
2026-08-06 01:12:11.967115,4500.00,card,0,0,0
2026-08-06 01:10:05.146573,4500.00,paritypay,0,0,0
2026-08-06 00:15:54.928502,4500.00,paritypay,0,0,0
2026-08-06 00:07:18.242513,4500.00,paritypay,0,0,0
2026-08-06 00:04:30.063308,4500.00,paritypay,0,0,0
2026-08-06 00:00:21.767962,4300.00,BALANCE,0,0,0
2026-08-05 23:57:47.912582,1099.00,BALANCE,0,0,0
2026-08-05 23:44:03.638711,4500.00,paritypay,0,0,0
2026-08-05 23:16:03.282113,4500.00,paritypay,0,0,0
2026-08-05 22:24:34.639575,4500.00,paritypay,0,0,0
2026-08-05 22:07:58.152961,2667.50,BALANCE,0,0,0
2026-08-05 22:05:31.357252,4500.00,paritypay,0,0,0
2026-08-05 21:48:50.507431,3100.00,paritypay,0,0,0
2026-08-05 21:31:48.6248,8850.00,BALANCE,0,0,0
2026-08-05 21:30:40.393542,2365.00,BALANCE,0,0,0
2026-08-05 21:26:57.683198,13345.05,BALANCE,0,0,0
2026-08-05 20:54:31.720955,1360.00,BALANCE,0,0,0
2026-08-05 20:50:46.43242,4286.00,BALANCE,0,0,0
2026-08-05 20:39:46.87563,4285.75,BALANCE,0,0,0
2026-08-05 20:34:44.490936,4500.00,paritypay,0,0,0
2026-08-05 20:33:44.975322,2658.00,BALANCE,0,0,0
2026-08-05 20:19:21.415028,3100.00,paritypay,0,0,0
2026-08-05 20:11:31.736673,4500.00,paritypay,0,0,0
2026-08-05 20:03:50.165661,4275.00,BALANCE,0,0,0
2026-08-05 19:02:49.825997,4500.00,reptiloid,0,0,0
2026-08-05 18:49:01.296319,4500.00,paritypay,0,0,0
2026-08-05 18:46:01.399048,4500.00,paritypay,0,0,0
2026-08-05 18:25:53.712766,0.00,BALANCE,0,0,0
2026-08-05 18:25:36.497195,4050.00,BALANCE,0,0,0
2026-08-05 18:17:16.021122,2955.00,BALANCE,0,0,0
2026-08-05 17:51:31.499743,4500.00,paritypay,0,0,0
2026-08-05 17:43:28.270901,4275.00,BALANCE,0,0,0
2026-08-05 17:01:51.179278,4205.00,BALANCE,0,0,0
2026-08-05 16:45:18.654692,1052.50,BALANCE,0,0,0
2026-08-05 16:41:08.231348,4275.00,BALANCE,0,0,0
2026-08-05 16:37:09.164462,2165.00,BALANCE,0,0,0
2026-08-05 16:34:49.321004,4500.00,paritypay,0,0,0
2026-08-05 16:20:47.032665,2800.00,paritypay,0,0,0
2026-08-05 16:18:26.829856,895.00,BALANCE,0,0,0
2026-08-05 16:15:11.708453,4500.00,paritypay,0,0,0
2026-08-05 15:58:34.402527,4345.00,BALANCE,0,0,0
2026-08-05 15:18:56.63511,4299.75,BALANCE,0,0,0
2026-08-05 15:08:56.429956,3100.00,paritypay,0,0,0
2026-08-05 15:07:40.773486,4070.00,BALANCE,0,0,0
2026-08-05 14:44:45.196425,4287.50,BALANCE,0,0,0
2026-08-05 14:25:39.881028,3640.00,BALANCE,0,0,0
2026-08-05 14:23:57.448656,4500.00,reptiloid,0,0,0
2026-08-05 14:23:40.915811,3637.50,BALANCE,0,0,0
2026-08-05 14:22:39.458491,2365.00,BALANCE,0,0,0
2026-08-05 14:16:45.03546,4500.00,paritypay,0,0,0
2026-08-05 14:01:04.114032,4500.00,paritypay,0,0,0
2026-08-05 13:01:41.972992,4285.00,BALANCE,0,0,0
2026-08-05 12:59:00.529389,2800.00,paritypay,0,0,0
2026-08-05 12:57:31.386172,4285.00,BALANCE,0,0,0
2026-08-05 12:38:59.258792,2385.00,BALANCE,0,0,0
2026-08-05 12:33:40.998822,0.00,BALANCE,0,0,0
2026-08-05 12:30:23.977452,4500.00,paritypay,0,0,0
2026-08-05 12:16:25.127185,4500.00,paritypay,0,0,0
2026-08-05 11:58:26.007743,4500.00,paritypay,0,0,0
2026-08-05 11:52:51.186254,2530.00,BALANCE,0,0,0
2026-08-05 11:44:39.065242,4500.00,paritypay,0,0,0
2026-08-05 11:43:53.536733,14000.00,paritypay,0,0,0
2026-08-05 11:15:26.325713,4500.00,paritypay,0,0,0
2026-08-05 10:53:06.599866,4500.00,reptiloid,0,0,0
2026-08-05 09:43:46.279308,4275.00,BALANCE,0,0,0
2026-08-05 08:41:44.518169,4500.00,card,0,0,0
2026-08-05 07:48:08.216912,4500.00,paritypay,0,0,0
2026-08-05 06:29:10.33463,4500.00,paritypay,0,0,0
2026-08-05 05:27:33.93208,4500.00,reptiloid,0,0,0
2026-08-05 04:24:21.076331,13525.00,BALANCE,0,0,0
2026-08-05 04:18:41.866265,3100.00,paritypay,0,0,0
2026-08-05 04:13:12.868841,11250.00,BALANCE,0,0,0
2026-08-05 03:39:49.948588,2382.00,BALANCE,0,0,0
2026-08-05 02:32:26.637698,4500.00,paritypay,0,0,0
2026-08-05 02:09:56.762872,4500.00,paritypay,0,0,0
2026-08-05 01:59:33.863103,4500.00,paritypay,0,0,0
2026-08-05 01:55:45.401923,4500.00,reptiloid,0,0,0
2026-08-05 01:35:05.571006,4500.00,paritypay,0,0,0
2026-08-05 00:06:54.628074,3100.00,paritypay,0,0,0
2026-08-04 23:40:42.631424,4500.00,paritypay,0,0,0
2026-08-04 23:14:24.22188,14000.00,paritypay,0,0,0
2026-08-04 23:01:30.080431,2265.00,BALANCE,0,0,0
2026-08-04 22:38:30.244478,2385.00,BALANCE,0,0,0
2026-08-04 22:30:05.67345,4500.00,paritypay,0,0,0
2026-08-04 22:06:20.556581,4500.00,paritypay,0,0,0
2026-08-04 21:57:23.855144,4285.00,BALANCE,0,0,0
2026-08-04 21:23:06.07368,4290.00,BALANCE,0,0,0
2026-08-04 21:10:40.86458,2992.50,BALANCE,0,0,0
2026-08-04 21:08:34.833949,3100.00,paritypay,0,0,0
2026-08-04 20:43:26.678053,4500.00,paritypay,0,0,0
2026-08-04 20:28:35.409942,2377.50,BALANCE,0,0,0
2026-08-04 20:23:00.8319,4500.00,paritypay,0,0,0
2026-08-04 20:14:54.829279,2500.00,BALANCE,0,0,0
2026-08-04 20:09:48.004561,2393.35,BALANCE,0,0,0
2026-08-04 20:00:49.342127,4500.00,reptiloid,0,0,0
2026-08-04 19:57:10.826309,4260.00,BALANCE,0,0,0
2026-08-04 19:38:55.518409,2500.00,BALANCE,0,0,0
2026-08-04 19:21:24.137329,3100.00,card,0,0,0
2026-08-04 19:04:54.779881,4500.00,paritypay,0,0,0
2026-08-04 19:02:07.1081,250.00,BALANCE,0,0,0
2026-08-04 18:51:40.459873,2386.50,BALANCE,0,0,0
2026-08-04 18:41:51.187886,4275.00,BALANCE,0,0,0
2026-08-04 18:12:49.484268,4500.00,paritypay,0,0,0
2026-08-04 17:58:38.39533,4300.00,BALANCE,0,0,0
2026-08-04 17:49:37.456375,3100.00,paritypay,0,0,0
2026-08-04 17:48:33.895157,14000.00,paritypay,0,0,0
2026-08-04 17:47:11.89192,4500.00,paritypay,0,0,0
2026-08-04 17:14:32.501654,4280.00,BALANCE,0,0,0
2026-08-04 17:02:04.977811,4500.00,paritypay,0,0,0
2026-08-04 16:47:18.970196,2500.00,BALANCE,0,0,0
2026-08-04 16:21:15.752662,2386.50,BALANCE,0,0,0
2026-08-04 16:08:04.237279,2500.00,BALANCE,0,0,0
2026-08-04 15:08:48.646957,6700.00,BALANCE,0,0,0
2026-08-04 14:52:35.843176,4287.00,BALANCE,0,0,0
2026-08-04 13:15:48.270939,4275.00,BALANCE,0,0,0
2026-08-04 13:04:59.126635,999.00,BALANCE,0,0,0
2026-08-04 13:04:17.473258,4500.00,paritypay,0,0,0
2026-08-04 13:02:25.437252,2367.50,BALANCE,0,0,0
2026-08-04 13:02:11.276097,14000.00,BALANCE,0,0,0
2026-08-04 12:34:28.296362,4275.00,BALANCE,0,0,0
2026-08-04 12:28:49.732937,2385.00,BALANCE,0,0,0
2026-08-04 11:33:23.525308,4295.00,BALANCE,0,0,0
2026-08-04 09:45:12.377888,4280.00,BALANCE,0,0,0
2026-08-04 08:32:55.74039,8500.00,reptiloid,0,0,0
2026-08-04 06:31:32.366263,2384.00,BALANCE,0,0,0
2026-08-04 06:25:25.282598,4285.00,BALANCE,0,0,0
2026-08-04 04:32:53.975806,750.00,BALANCE,0,0,0
2026-08-04 02:11:25.26502,4500.00,reptiloid,0,0,0
2026-08-04 00:51:36.118131,2385.00,BALANCE,0,0,0
2026-08-04 00:33:25.335557,4280.00,BALANCE,0,0,0
2026-08-04 00:23:25.80401,8500.00,reptiloid,0,0,0
2026-08-04 00:10:51.039067,14000.00,reptiloid,0,0,0
2026-08-04 00:09:30.862927,4500.00,reptiloid,0,0,0
2026-08-04 00:04:09.521723,8500.00,reptiloid,0,0,0
2026-08-03 23:45:32.952445,4500.00,paritypay,0,0,0
2026-08-03 22:48:34.009308,2500.00,BALANCE,0,0,0
2026-08-03 22:13:43.368191,4287.50,BALANCE,0,0,0
2026-08-03 21:54:39.312555,4500.00,paritypay,0,0,0
2026-08-03 21:45:01.712115,4050.00,BALANCE,0,0,0
2026-08-03 21:38:01.896479,4310.00,BALANCE,0,0,0
2026-08-03 21:22:20.187903,21000.00,BALANCE,0,0,0
2026-08-03 21:13:02.794699,2940.00,BALANCE,0,0,0
2026-08-03 21:08:44.744586,12500.00,reptiloid,0,0,0
2026-08-03 20:17:01.189345,4280.00,BALANCE,0,0,0
2026-08-03 20:13:02.304249,800.00,BALANCE,0,0,0
2026-08-03 19:48:26.439094,2380.00,BALANCE,0,0,0
2026-08-03 19:42:16.47915,8500.00,paritypay,0,0,0
2026-08-03 19:24:04.294231,4285.65,BALANCE,0,0,0
2026-08-03 19:18:32.582765,4310.00,BALANCE,0,0,0
2026-08-03 19:15:28.651428,4075.00,BALANCE,0,0,0
2026-08-03 18:56:41.55119,4500.00,BALANCE,0,0,0
2026-08-03 18:56:16.99782,775.00,BALANCE,0,0,0
2026-08-03 18:55:58.252734,2300.00,BALANCE,0,0,0
2026-08-03 18:54:46.669817,2800.00,paritypay,0,0,0
2026-08-03 18:52:26.063502,4500.00,paritypay,0,0,0
2026-08-03 18:48:30.861568,4272.50,BALANCE,0,0,0
2026-08-03 18:46:16.807157,3110.00,BALANCE,0,0,0
2026-08-03 18:38:32.541185,2385.00,BALANCE,0,0,0
2026-08-03 18:30:22.971506,4500.00,paritypay,0,0,0
2026-08-03 18:16:02.18062,3100.00,paritypay,0,0,0
2026-08-03 18:14:33.69075,4500.00,reptiloid,0,0,0
2026-08-03 18:04:26.856926,13300.00,BALANCE,0,0,0
2026-08-03 17:04:27.28347,4500.00,paritypay,0,0,0
2026-08-03 17:04:16.925664,2385.00,BALANCE,0,0,0
2026-08-03 16:54:51.533129,4500.00,BALANCE,0,0,0
2026-08-03 16:35:32.749274,4500.00,card,0,0,0
2026-08-03 16:04:33.162671,4500.00,paritypay,0,0,0
2026-08-03 15:58:16.226906,4295.00,BALANCE,0,0,0
2026-08-03 15:32:50.039144,2380.00,BALANCE,0,0,0
2026-08-03 15:18:51.686845,4500.00,paritypay,0,0,0
2026-08-03 15:12:18.954425,2320.00,BALANCE,0,0,0
2026-08-03 15:09:48.232548,2800.00,card,0,0,0
2026-08-03 14:55:09.529148,4500.00,paritypay,0,0,0
2026-08-03 14:50:06.825532,4070.00,BALANCE,0,0,0
2026-08-03 14:41:42.558113,4500.00,paritypay,0,0,0
2026-08-03 14:08:33.192149,4295.00,BALANCE,0,0,0
2026-08-03 13:57:01.747467,4500.00,paritypay,0,0,0
2026-08-03 13:35:04.80238,4500.00,card,0,0,0
2026-08-03 13:32:44.279217,4500.00,paritypay,0,0,0
2026-08-03 13:14:30.137402,1725.00,BALANCE,0,0,0
2026-08-03 13:13:28.269579,4500.00,paritypay,0,0,0
2026-08-03 13:12:38.016555,4500.00,paritypay,0,0,0
2026-08-03 13:07:44.393563,100.00,BALANCE,0,0,0
2026-08-03 13:02:13.158571,4290.00,BALANCE,0,0,0
2026-08-03 13:01:09.028303,4285.00,BALANCE,0,0,0
2026-08-03 12:34:41.49696,2800.00,reptiloid,0,0,0
2026-08-03 12:21:13.172359,4287.50,BALANCE,0,0,0
2026-08-03 12:10:00.252499,4500.00,paritypay,0,0,0
2026-08-03 11:58:58.989149,3835.00,BALANCE,0,0,0
2026-08-03 11:54:14.174366,4500.00,paritypay,0,0,0
2026-08-03 11:29:16.266103,3150.000,USDT,0,0,44.883000
2026-08-03 11:25:12.394575,3100.00,paritypay,0,0,0
2026-08-03 11:13:07.640466,4500.00,paritypay,0,0,0
2026-08-03 10:58:24.480043,14000.00,paritypay,0,0,0
2026-08-03 10:54:01.053632,2380.00,BALANCE,0,0,0
2026-08-03 10:46:18.444719,14000.00,paritypay,0,0,0
2026-08-03 10:45:22.964998,3100.00,paritypay,0,0,0
2026-08-03 10:41:41.53286,0.00,BALANCE,0,0,0
2026-08-03 10:26:16.613923,4277.50,BALANCE,0,0,0
2026-08-03 09:38:45.637854,4500.00,paritypay,0,0,0
2026-08-03 09:23:52.072216,4385.00,BALANCE,0,0,0
2026-08-03 08:06:31.473072,4275.00,BALANCE,0,0,0
2026-08-03 07:39:46.486996,2385.00,BALANCE,0,0,0
2026-08-03 06:40:35.109357,4287.50,BALANCE,0,0,0
2026-08-03 06:30:58.318967,4277.50,BALANCE,0,0,0
2026-08-03 03:24:57.990599,4500.00,BALANCE,0,0,0
2026-08-03 03:13:08.785976,4285.00,BALANCE,0,0,0
2026-08-03 02:55:09.124313,4500.00,paritypay,0,0,0
2026-08-03 02:14:09.689093,2385.00,BALANCE,0,0,0
2026-08-03 01:16:20.156962,14000.00,paritypay,0,0,0
2026-08-03 00:53:55.337491,4500.00,BALANCE,0,0,0
2026-08-02 23:52:20.017032,4275.00,BALANCE,0,0,0
2026-08-02 23:30:18.348759,4294.00,BALANCE,0,0,0
2026-08-02 23:26:55.504459,2800.00,card,0,0,0
2026-08-02 23:02:26.673975,4500.00,paritypay,0,0,0
2026-08-02 22:08:39.692384,14000.00,paritypay,0,0,0
2026-08-02 21:43:11.756169,4500.00,paritypay,0,0,0
2026-08-02 21:11:32.687505,950.00,BALANCE,0,0,0
2026-08-02 20:59:42.151337,4500.00,paritypay,0,0,0
2026-08-02 20:57:35.643834,9800.000,USDT,0,0,139.637000
2026-08-02 20:22:23.752209,4025.00,BALANCE,0,0,0
2026-08-02 20:05:00.869407,1335.00,BALANCE,0,0,0
2026-08-02 20:03:17.157111,4285.00,BALANCE,0,0,0
2026-08-02 19:48:24.074364,4500.00,paritypay,0,0,0
2026-08-02 19:39:04.332947,2956.00,BALANCE,0,0,0
2026-08-02 19:34:55.859987,3100.00,reptiloid,0,0,0
2026-08-02 19:06:41.227972,2800.00,paritypay,0,0,0
2026-08-02 18:54:21.027576,4475.00,BALANCE,0,0,0
2026-08-02 18:48:14.537367,4500.00,paritypay,0,0,0
2026-08-02 18:28:10.897452,4285.85,BALANCE,0,0,0
2026-08-02 18:26:56.333962,2645.00,BALANCE,0,0,0
2026-08-02 18:20:51.453505,2285.00,BALANCE,0,0,0
2026-08-02 17:45:49.341363,4285.00,BALANCE,0,0,0
2026-08-02 17:33:31.206793,4500.00,paritypay,0,0,0
2026-08-02 17:21:22.867764,4288.00,BALANCE,0,0,0
2026-08-02 17:11:12.591953,1060.00,BALANCE,0,0,0
2026-08-02 17:05:57.642925,4500.00,paritypay,0,0,0
2026-08-02 16:51:56.81902,12500.00,paritypay,0,0,0
2026-08-02 16:11:30.523294,2800.00,BALANCE,0,0,0
2026-08-02 16:05:15.12694,4500.00,paritypay,0,0,0
2026-08-02 15:55:33.278005,4285.00,BALANCE,0,0,0
2026-08-02 15:53:24.672748,2240.000,USDT,0,0,31.917000
2026-08-02 15:35:20.854027,4286.00,BALANCE,0,0,0
2026-08-02 15:06:17.262044,3200.00,paritypay,0,0,0
2026-08-02 14:26:32.73547,4500.00,paritypay,0,0,0
2026-08-02 14:23:26.854882,4500.00,paritypay,0,0,0
2026-08-02 14:15:23.23704,2500.00,BALANCE,0,0,0
2026-08-02 14:11:25.212437,4285.75,BALANCE,0,0,0
2026-08-02 13:56:21.299207,3200.00,paritypay,0,0,0
2026-08-02 13:39:10.229182,4315.00,BALANCE,0,0,0
2026-08-02 13:33:29.077035,4500.00,card,0,0,0
2026-08-02 13:33:08.884952,4500.00,paritypay,0,0,0
2026-08-02 13:30:19.152703,2388.50,BALANCE,0,0,0
2026-08-02 13:27:59.84681,3050.00,BALANCE,0,0,0
2026-08-02 13:19:55.177456,2385.00,BALANCE,0,0,0
2026-08-02 12:41:49.547998,4270.00,BALANCE,0,0,0
2026-08-02 12:32:14.792603,3022.50,BALANCE,0,0,0
2026-08-02 12:28:40.609255,4500.00,paritypay,0,0,0
2026-08-02 12:27:16.108421,4500.00,card,0,0,0
2026-08-02 12:21:27.058779,4500.00,paritypay,0,0,0
2026-08-02 12:14:00.537788,4285.00,BALANCE,0,0,0
2026-08-02 11:50:46.67268,4500.00,card,0,0,0
2026-08-02 11:47:59.754637,692.50,BALANCE,0,0,0
2026-08-02 11:26:03.225153,4285.00,BALANCE,0,0,0
2026-08-02 10:06:29.979731,3862.50,BALANCE,0,0,0
2026-08-02 09:49:38.013853,4067.50,BALANCE,0,0,0
2026-08-02 09:03:00.335233,2387.50,BALANCE,0,0,0
2026-08-02 08:57:26.078474,1200.00,BALANCE,0,0,0
2026-08-02 08:43:32.516357,0.00,BALANCE,0,0,0
2026-08-02 08:09:30.466791,3051.00,BALANCE,0,0,0
2026-08-02 07:40:14.80573,4285.00,BALANCE,0,0,0
2026-08-02 07:28:24.966872,1166.75,BALANCE,0,0,0
2026-08-02 06:08:02.901495,4500.00,paritypay,0,0,0
2026-08-02 05:08:04.538912,2500.00,BALANCE,0,0,0
2026-08-02 04:57:51.910806,4500.00,paritypay,0,0,0
2026-08-02 04:27:02.575511,0.00,BALANCE,0,0,0
2026-08-02 03:56:20.08889,3200.00,card,0,0,0
2026-08-02 03:33:01.587005,3845.00,BALANCE,0,0,0
2026-08-02 03:30:32.644721,4500.00,paritypay,0,0,0
2026-08-02 03:26:29.428757,3845.00,BALANCE,0,0,0
2026-08-02 00:52:21.5406,2800.00,paritypay,0,0,0
2026-08-02 00:48:53.810598,4287.50,BALANCE,0,0,0
2026-08-02 00:41:37.67873,4285.00,BALANCE,0,0,0
2026-08-02 00:40:55.626787,4285.00,BALANCE,0,0,0
2026-08-02 00:33:47.021751,2400.00,BALANCE,0,0,0
2026-08-02 00:27:57.945033,0.00,BALANCE,0,0,0
2026-08-02 00:22:50.812895,3200.00,card,0,0,0
2026-08-02 00:03:04.142848,4500.00,paritypay,0,0,0
2026-08-02 00:00:33.59697,4500.00,paritypay,0,0,0
2026-08-01 23:40:27.674761,4065.00,BALANCE,0,0,0
2026-08-01 23:12:53.142921,4500.00,paritypay,0,0,0
2026-08-01 22:40:22.770295,3047.50,BALANCE,0,0,0
2026-08-01 22:39:40.008597,4500.00,paritypay,0,0,0
2026-08-01 22:37:39.272265,4500.00,paritypay,0,0,0
2026-08-01 22:35:55.708549,3200.00,card,0,0,0
2026-08-01 22:27:40.546349,4275.00,BALANCE,0,0,0
2026-08-01 21:41:59.41569,3100.00,reptiloid,0,0,0
2026-08-01 21:37:51.549506,3052.50,BALANCE,0,0,0
2026-08-01 21:33:50.483628,2385.00,BALANCE,0,0,0
2026-08-01 21:33:49.122723,3020.00,BALANCE,0,0,0
2026-08-01 21:31:52.239216,2400.00,BALANCE,0,0,0
2026-08-01 21:25:50.76051,2000.00,BALANCE,0,0,0
2026-08-01 21:21:21.794891,1150.00,BALANCE,0,0,0
2026-08-01 21:17:36.660964,4285.00,BALANCE,0,0,0
2026-08-01 21:04:08.0892,3200.00,paritypay,0,0,0
2026-08-01 21:00:10.784942,2385.00,BALANCE,0,0,0
2026-08-01 20:57:49.218022,4500.00,paritypay,0,0,0
2026-08-01 20:44:08.929874,4500.00,paritypay,0,0,0
2026-08-01 20:42:03.91472,3200.00,BALANCE,0,0,0
2026-08-01 20:22:28.838882,3200.00,paritypay,0,0,0
2026-08-01 20:20:51.485802,4275.00,BALANCE,0,0,0
2026-08-01 20:20:32.589074,4500.00,paritypay,0,0,0
2026-08-01 20:20:04.233356,3200.00,paritypay,0,0,0
2026-08-01 20:17:23.196668,3015.00,BALANCE,0,0,0
2026-08-01 20:09:41.466636,4285.00,BALANCE,0,0,0
2026-08-01 19:59:53.417864,3050.00,BALANCE,0,0,0
2026-08-01 19:53:49.546974,3200.00,paritypay,0,0,0
2026-08-01 19:24:46.985173,4500.00,paritypay,0,0,0
2026-08-01 19:11:18.814291,4070.00,BALANCE,0,0,0
2026-08-01 19:08:57.804979,4275.00,BALANCE,0,0,0
2026-08-01 19:07:29.485206,4300.00,BALANCE,0,0,0
2026-08-01 19:05:40.646388,4500.00,paritypay,0,0,0
2026-08-01 18:58:54.508869,4500.00,paritypay,0,0,0
2026-08-01 18:57:55.697991,375.00,BALANCE,0,0,0
2026-08-01 18:54:24.867845,3200.00,paritypay,0,0,0
2026-08-01 18:48:59.45405,4500.00,paritypay,0,0,0
2026-08-01 18:41:16.886333,2375.00,BALANCE,0,0,0
2026-08-01 18:33:51.687105,2190.00,BALANCE,0,0,0
2026-08-01 18:12:01.578882,2275.00,BALANCE,0,0,0
2026-08-01 18:01:20.507874,4500.00,paritypay,0,0,0
2026-08-01 17:55:27.821511,3200.00,paritypay,0,0,0
2026-08-01 17:47:22.040366,4500.00,paritypay,0,0,0
2026-08-01 17:43:36.643497,4285.00,BALANCE,0,0,0
2026-08-01 17:39:40.561583,4500.00,paritypay,0,0,0
2026-08-01 17:38:53.917239,2800.00,reptiloid,0,0,0
2026-08-01 17:35:43.531342,1200.00,BALANCE,0,0,0
2026-08-01 17:28:26.843589,12500.00,paritypay,0,0,0
2026-08-01 17:24:39.336565,12500.00,paritypay,0,0,0
2026-08-01 17:19:06.612308,2455.00,BALANCE,0,0,0
2026-08-01 16:03:46.640868,1953.20,BALANCE,0,0,0
2026-08-01 16:01:15.907455,2800.00,paritypay,0,0,0
2026-08-01 15:55:46.709297,4315.00,BALANCE,0,0,0
2026-08-01 15:55:06.278561,4061.25,BALANCE,0,0,0
2026-08-01 15:47:46.088546,4287.50,BALANCE,0,0,0
2026-08-01 15:41:31.110646,4500.00,BALANCE,0,0,0
2026-08-01 15:40:12.647526,300.00,BALANCE,0,0,0
2026-08-01 15:25:43.390118,4500.00,card,0,0,0
2026-08-01 14:54:20.091873,4285.00,BALANCE,0,0,0
2026-08-01 14:52:11.99583,100.00,BALANCE,0,0,0
2026-08-01 14:50:01.568623,90.00,BALANCE,0,0,0
2026-08-01 14:43:59.691045,0.00,BALANCE,0,0,0
2026-08-01 14:41:29.687772,4275.00,BALANCE,0,0,0
2026-08-01 14:41:27.61964,0.00,BALANCE,0,0,0
2026-08-01 14:40:16.918807,4275.00,BALANCE,0,0,0
2026-08-01 14:05:51.728352,2650.00,BALANCE,0,0,0
2026-08-01 14:02:17.878991,4500.00,paritypay,0,0,0
2026-08-01 13:52:23.520751,4280.00,BALANCE,0,0,0
2026-08-01 13:40:02.983783,4500.00,paritypay,0,0,0
2026-08-01 13:38:23.537709,760.00,BALANCE,0,0,0
2026-08-01 13:28:43.672316,2800.00,BALANCE,0,0,0
2026-08-01 13:11:27.47214,4500.00,paritypay,0,0,0
2026-08-01 13:02:46.686841,0.00,BALANCE,0,0,0
2026-08-01 13:01:32.605218,4500.00,paritypay,0,0,0
2026-08-01 12:47:21.811436,2170.00,BALANCE,0,0,0
2026-08-01 12:43:22.024396,930.00,BALANCE,0,0,0
2026-08-01 12:39:31.484318,0.00,BALANCE,0,0,0
2026-08-01 12:01:15.031189,4500.00,paritypay,0,0,0
2026-08-01 11:58:36.409655,2670.00,BALANCE,0,0,0
2026-08-01 11:53:31.346141,4500.00,paritypay,0,0,0
2026-08-01 11:38:16.488172,2375.00,BALANCE,0,0,0
2026-08-01 11:31:45.40539,4281.45,BALANCE,0,0,0
2026-08-01 10:31:07.433203,3200.00,paritypay,0,0,0
2026-08-01 10:25:01.335532,4500.00,BALANCE,0,0,0
2026-08-01 10:00:40.85808,4500.00,paritypay,0,0,0
2026-08-01 09:22:27.346193,2387.00,BALANCE,0,0,0
2026-08-01 09:17:44.953023,4500.00,paritypay,0,0,0
2026-08-01 07:53:07.392778,3049.00,BALANCE,0,0,0
2026-08-01 07:14:11.31268,0.00,BALANCE,0,0,0
2026-08-01 06:40:08.182279,4500.00,paritypay,0,0,0
2026-08-01 06:20:52.458587,3100.00,BALANCE,0,0,0
2026-08-01 04:38:08.44282,2385.00,BALANCE,0,0,0
2026-08-01 04:21:14.550072,3200.00,BALANCE,0,0,0
2026-08-01 04:07:11.525411,2875.00,BALANCE,0,0,0
2026-08-01 02:50:15.185505,3850.00,BALANCE,0,0,0
2026-08-01 02:46:52.845809,4500.00,paritypay,0,0,0
2026-08-01 02:19:07.478484,4285.00,BALANCE,0,0,0
2026-08-01 02:12:10.797374,4500.00,paritypay,0,0,0
2026-08-01 01:46:01.070194,4075.00,BALANCE,0,0,0
2026-08-01 01:12:54.136668,3200.00,paritypay,0,0,0
2026-08-01 00:38:38.418412,4500.00,paritypay,0,0,0
2026-07-31 23:49:07.102775,1145.00,BALANCE,0,0,0
2026-07-31 23:48:38.592639,3200.00,paritypay,0,0,0
2026-07-31 23:36:14.075417,1150.00,BALANCE,0,0,0
2026-07-31 23:06:07.239655,4500.00,paritypay,0,0,0
2026-07-31 22:53:29.256027,3047.50,BALANCE,0,0,0
2026-07-31 22:53:15.745093,4075.00,BALANCE,0,0,0
2026-07-31 22:39:37.262489,3040.00,BALANCE,0,0,0
2026-07-31 22:07:57.192757,4500.00,paritypay,0,0,0
2026-07-31 22:07:17.007944,3100.00,paritypay,0,0,0
2026-07-31 22:02:10.887938,2387.50,BALANCE,0,0,0
2026-07-31 21:58:03.563789,2200.00,BALANCE,0,0,0
2026-07-31 21:47:45.766108,4285.00,BALANCE,0,0,0
2026-07-31 21:43:38.441253,4275.00,BALANCE,0,0,0
2026-07-31 21:41:05.421316,3048.00,BALANCE,0,0,0
2026-07-31 21:39:00.825541,4500.00,paritypay,0,0,0
2026-07-31 21:32:23.874229,4285.00,BALANCE,0,0,0
2026-07-31 21:20:52.440709,4500.00,paritypay,0,0,0
2026-07-31 21:14:27.771169,4285.00,BALANCE,0,0,0
2026-07-31 21:09:44.389123,1435.00,BALANCE,0,0,0
2026-07-31 21:09:36.975926,4500.00,BALANCE,0,0,0
2026-07-31 21:09:29.866833,4275.00,BALANCE,0,0,0
2026-07-31 20:12:14.781702,4500.00,paritypay,0,0,0
2026-07-31 20:08:10.028211,2385.00,BALANCE,0,0,0
2026-07-31 19:52:23.244082,3200.00,card,0,0,0
2026-07-31 19:51:11.035408,4287.50,BALANCE,0,0,0
2026-07-31 19:36:36.561313,4500.00,BALANCE,0,0,0
2026-07-31 19:18:51.591102,4500.00,paritypay,0,0,0
2026-07-31 19:05:32.84768,2730.00,BALANCE,0,0,0
2026-07-31 19:03:20.202412,2660.00,BALANCE,0,0,0
2026-07-31 18:46:05.567865,4500.00,paritypay,0,0,0
2026-07-31 18:32:20.739915,4500.00,paritypay,0,0,0
2026-07-31 18:29:29.669894,4500.00,paritypay,0,0,0
2026-07-31 18:08:52.994627,4275.00,BALANCE,0,0,0
2026-07-31 17:56:57.24623,4281.00,BALANCE,0,0,0
2026-07-31 17:54:29.510234,4285.00,BALANCE,0,0,0
2026-07-31 17:42:20.568903,3200.00,card,0,0,0
2026-07-31 17:38:54.902277,3042.50,BALANCE,0,0,0
2026-07-31 17:33:22.084283,3200.00,BALANCE,0,0,0
2026-07-31 17:24:52.857398,2800.00,reptiloid,0,0,0
2026-07-31 17:14:41.411551,4500.00,card,0,0,0
2026-07-31 17:04:21.715176,1525.00,BALANCE,0,0,0
2026-07-31 16:56:51.797526,3200.00,paritypay,0,0,0
2026-07-31 16:40:29.905366,2500.00,BALANCE,0,0,0
2026-07-31 16:38:26.113211,3200.00,paritypay,0,0,0
2026-07-31 16:26:20.666186,3045.00,BALANCE,0,0,0
2026-07-31 16:24:36.011524,0.00,BALANCE,0,0,0
2026-07-31 16:22:18.3339,3200.00,paritypay,0,0,0
2026-07-31 15:39:41.082772,1140.00,BALANCE,0,0,0
2026-07-31 15:22:35.451529,4287.50,BALANCE,0,0,0
2026-07-31 15:17:31.015805,2375.00,BALANCE,0,0,0
2026-07-31 15:11:17.414985,3100.00,paritypay,0,0,0
2026-07-31 15:08:49.848998,4500.00,paritypay,0,0,0
2026-07-31 15:08:11.417441,3200.00,BALANCE,0,0,0
2026-07-31 14:29:38.34138,4285.00,BALANCE,0,0,0
2026-07-31 14:23:00.270864,4475.00,BALANCE,0,0,0
2026-07-31 14:20:11.209001,2170.00,BALANCE,0,0,0
2026-07-31 14:14:42.289579,4500.00,paritypay,0,0,0
2026-07-31 14:03:52.584481,4285.00,BALANCE,0,0,0
2026-07-31 14:03:48.378813,2420.00,BALANCE,0,0,0
2026-07-31 13:51:55.086239,4500.00,paritypay,0,0,0
2026-07-31 13:45:06.776899,3047.50,BALANCE,0,0,0
2026-07-31 13:28:06.13366,4500.00,paritypay,0,0,0
2026-07-31 13:24:32.687242,3327.50,BALANCE,0,0,0
2026-07-31 13:15:46.26719,4500.00,paritypay,0,0,0
2026-07-31 12:52:03.264476,4500.00,BALANCE,0,0,0
2026-07-31 12:46:35.153014,3875.00,BALANCE,0,0,0
2026-07-31 11:59:17.451543,2165.00,BALANCE,0,0,0
2026-07-31 11:35:10.905953,545.00,BALANCE,0,0,0
2026-07-31 11:31:37.57982,3200.00,BALANCE,0,0,0
2026-07-31 11:28:31.175457,3200.00,BALANCE,0,0,0
2026-07-31 11:25:57.37704,2570.00,BALANCE,0,0,0
2026-07-31 10:52:16.317498,2600.00,BALANCE,0,0,0
2026-07-31 10:45:30.99246,4280.00,BALANCE,0,0,0
2026-07-31 10:16:00.521492,3200.00,card,0,0,0
2026-07-31 10:09:04.419589,2800.00,paritypay,0,0,0
2026-07-31 09:36:15.098667,4287.50,BALANCE,0,0,0
2026-07-31 09:34:37.22217,4500.00,paritypay,0,0,0
2026-07-31 08:26:02.210161,4500.00,card,0,0,0
2026-07-31 07:18:37.237555,4287.00,BALANCE,0,0,0
2026-07-31 06:36:22.261643,4500.00,paritypay,0,0,0
2026-07-31 05:34:00.273381,4500.00,paritypay,0,0,0
2026-07-31 02:58:45.643492,2800.00,reptiloid,0,0,0
2026-07-31 02:44:37.928906,4500.00,card,0,0,0
2026-07-31 00:53:51.282551,3035.00,BALANCE,0,0,0
2026-07-31 00:43:57.408608,2385.00,BALANCE,0,0,0
2026-07-31 00:16:40.640612,3200.00,BALANCE,0,0,0
2026-07-31 00:11:50.1415,3047.50,BALANCE,0,0,0
2026-07-30 23:55:50.730652,4500.00,card,0,0,0
2026-07-30 23:55:05.719538,4500.00,BALANCE,0,0,0
2026-07-30 23:43:29.910234,2392.50,BALANCE,0,0,0
2026-07-30 23:21:49.134909,4282.50,BALANCE,0,0,0
2026-07-30 23:14:39.168352,3200.00,paritypay,0,0,0
2026-07-30 22:35:43.98256,2800.00,paritypay,0,0,0
2026-07-30 22:30:57.829602,990.00,BALANCE,0,0,0
2026-07-30 22:17:22.251732,3200.00,BALANCE,0,0,0
2026-07-30 22:15:53.443798,2895.00,BALANCE,0,0,0
2026-07-30 21:44:51.864053,4500.00,paritypay,0,0,0
2026-07-30 21:34:17.232627,4500.00,paritypay,0,0,0
2026-07-30 21:31:40.821292,3200.00,paritypay,0,0,0
2026-07-30 21:23:22.418609,1100.00,BALANCE,0,0,0
2026-07-30 21:18:50.166232,0.00,BALANCE,0,0,0
2026-07-30 21:12:51.851912,4285.00,BALANCE,0,0,0
2026-07-30 21:02:58.531303,4500.00,paritypay,0,0,0
2026-07-30 21:01:10.440968,4300.00,BALANCE,0,0,0
2026-07-30 21:00:53.456022,1955.00,BALANCE,0,0,0
2026-07-30 20:48:00.283382,3200.00,BALANCE,0,0,0
2026-07-30 20:31:54.238588,4280.00,BALANCE,0,0,0
2026-07-30 20:17:33.830252,3047.50,BALANCE,0,0,0
2026-07-30 20:13:49.004893,990.00,BALANCE,0,0,0
2026-07-30 20:08:02.06889,3200.00,paritypay,0,0,0
2026-07-30 20:02:00.685917,3050.00,BALANCE,0,0,0
2026-07-30 19:57:09.157833,4230.00,BALANCE,0,0,0
2026-07-30 19:42:44.063684,4500.00,nirvana,0,0,0
2026-07-30 19:30:19.873778,2390.00,BALANCE,0,0,0
2026-07-30 19:16:16.2938,4500.00,card,0,0,0
2026-07-30 19:03:14.273625,3200.00,paritypay,0,0,0
2026-07-30 18:55:32.530637,4500.00,paritypay,0,0,0
2026-07-30 18:53:25.491096,3845.00,BALANCE,0,0,0
2026-07-30 18:52:48.112184,12500.00,BALANCE,0,0,0
2026-07-30 18:52:17.380496,21000.00,BALANCE,0,0,0
2026-07-30 18:44:03.727398,2175.00,BALANCE,0,0,0
2026-07-30 18:32:45.153498,3810.00,BALANCE,0,0,0
2026-07-30 18:20:40.811194,3050.00,BALANCE,0,0,0
2026-07-30 18:15:53.810264,4282.50,BALANCE,0,0,0
2026-07-30 18:12:37.614754,4500.00,paritypay,0,0,0
2026-07-30 17:55:47.073083,4285.00,BALANCE,0,0,0
2026-07-30 17:42:37.246386,3200.00,BALANCE,0,0,0
2026-07-30 17:34:08.81828,4302.50,BALANCE,0,0,0
2026-07-30 17:33:43.068774,4275.00,BALANCE,0,0,0
2026-07-30 17:13:06.934629,4275.00,BALANCE,0,0,0
2026-07-30 17:09:23.007162,2385.00,BALANCE,0,0,0
2026-07-30 17:08:01.351096,4280.00,BALANCE,0,0,0
2026-07-30 17:04:26.671625,4500.00,card,0,0,0
2026-07-30 16:58:46.696236,3045.00,BALANCE,0,0,0
2026-07-30 16:47:28.732829,4275.00,BALANCE,0,0,0
2026-07-30 16:43:53.147476,2195.00,BALANCE,0,0,0
2026-07-30 16:08:33.550364,3050.00,BALANCE,0,0,0
2026-07-30 16:05:46.620038,3100.00,paritypay,0,0,0
2026-07-30 16:04:13.718777,3047.50,BALANCE,0,0,0
2026-07-30 15:22:58.033107,3200.00,card,0,0,0
2026-07-30 15:20:30.345673,3045.00,BALANCE,0,0,0
2026-07-30 15:17:44.203337,4292.25,BALANCE,0,0,0
2026-07-30 15:17:25.118163,2150.00,BALANCE,0,0,0
2026-07-30 15:02:56.648244,4285.00,BALANCE,0,0,0
2026-07-30 14:51:04.736458,2890.00,BALANCE,0,0,0
2026-07-30 14:26:31.737702,4285.00,BALANCE,0,0,0
2026-07-30 13:58:15.685711,3200.00,paritypay,0,0,0
2026-07-30 13:57:36.709059,3100.00,card,0,0,0
2026-07-30 13:54:28.181345,4070.00,BALANCE,0,0,0
2026-07-30 13:37:18.544322,3200.00,card,0,0,0
2026-07-30 13:20:15.311642,4285.00,BALANCE,0,0,0
2026-07-30 13:11:29.463005,2385.00,BALANCE,0,0,0
2026-07-30 13:10:36.243731,4285.00,BALANCE,0,0,0
2026-07-30 12:57:38.250279,3200.00,paritypay,0,0,0
2026-07-30 12:52:46.478901,3825.0000,LTC,0,1.25567282,0
2026-07-30 11:57:42.991712,3200.00,card,0,0,0
2026-07-30 11:21:22.03319,2382.50,BALANCE,0,0,0
2026-07-30 10:50:54.110569,4290.00,BALANCE,0,0,0
2026-07-30 10:22:03.632265,1520.00,BALANCE,0,0,0
2026-07-30 10:20:53.268239,4285.00,BALANCE,0,0,0
2026-07-30 10:10:23.800889,4500.00,paritypay,0,0,0
2026-07-30 09:58:41.097486,4500.00,card,0,0,0
2026-07-30 09:34:22.513384,3047.50,BALANCE,0,0,0
2026-07-30 08:53:48.587689,1149.00,BALANCE,0,0,0
2026-07-30 08:51:30.897619,3045.00,BALANCE,0,0,0
2026-07-30 06:48:36.666921,0.00,BALANCE,0,0,0
2026-07-30 06:33:43.1965,3200.00,paritypay,0,0,0
2026-07-30 05:55:45.692802,3200.00,paritypay,0,0,0
2026-07-30 05:53:45.274522,4100.00,BALANCE,0,0,0
2026-07-30 05:51:50.133592,4460.00,BALANCE,0,0,0
2026-07-30 05:45:08.084633,4500.00,paritypay,0,0,0
2026-07-30 04:59:33.276964,3925.00,BALANCE,0,0,0
2026-07-30 03:20:56.828532,4500.00,paritypay,0,0,0
2026-07-30 01:55:59.862357,4500.00,paritypay,0,0,0
2026-07-30 01:42:22.935096,3200.00,BALANCE,0,0,0
2026-07-30 01:40:13.147762,2890.00,BALANCE,0,0,0
2026-07-30 00:36:03.091439,3200.00,paritypay,0,0,0
2026-07-29 23:22:17.43127,4305.00,BALANCE,0,0,0
2026-07-29 23:03:29.280297,4500.00,card,0,0,0
2026-07-29 22:54:28.524199,4500.00,paritypay,0,0,0
2026-07-29 22:32:43.693504,4290.00,BALANCE,0,0,0
2026-07-29 22:23:22.04732,4500.00,card,0,0,0
2026-07-29 22:11:55.516157,4500.00,paritypay,0,0,0
2026-07-29 22:11:28.81429,4500.00,paritypay,0,0,0
2026-07-29 22:00:07.6265,1200.00,BALANCE,0,0,0
2026-07-29 21:57:06.977901,3047.50,BALANCE,0,0,0
2026-07-29 21:28:58.392718,1950.00,BALANCE,0,0,0
2026-07-29 21:11:06.272049,3042.00,BALANCE,0,0,0
2026-07-29 21:00:21.774979,4275.00,BALANCE,0,0,0
2026-07-29 20:36:11.719596,3044.50,BALANCE,0,0,0
2026-07-29 20:19:27.629777,4500.00,paritypay,0,0,0
2026-07-29 20:13:03.081108,1490.00,BALANCE,0,0,0
2026-07-29 20:05:11.42132,3200.00,card,0,0,0
2026-07-29 19:45:00.573584,3045.00,BALANCE,0,0,0
2026-07-29 19:27:05.00927,3050.00,BALANCE,0,0,0
2026-07-29 18:55:57.287676,2295.00,BALANCE,0,0,0
2026-07-29 18:49:34.728703,4285.00,BALANCE,0,0,0
2026-07-29 18:44:56.395892,3200.00,paritypay,0,0,0
2026-07-29 18:44:53.801031,2290.00,BALANCE,0,0,0
2026-07-29 18:35:59.348164,4500.00,card,0,0,0
2026-07-29 18:33:17.868836,4500.00,BALANCE,0,0,0
2026-07-29 18:28:38.322664,4500.00,BALANCE,0,0,0
2026-07-29 18:06:01.711263,0.00,BALANCE,0,0,0
2026-07-29 17:56:13.618786,2175.00,BALANCE,0,0,0
2026-07-29 17:51:41.355846,4500.00,card,0,0,0
2026-07-29 17:44:29.290681,0.00,BALANCE,0,0,0
2026-07-29 17:30:26.480354,3860.00,BALANCE,0,0,0
2026-07-29 17:17:16.026766,1833.50,BALANCE,0,0,0
2026-07-29 17:16:40.16341,4265.00,BALANCE,0,0,0
2026-07-29 17:14:54.378949,3200.00,paritypay,0,0,0
2026-07-29 17:12:10.970796,1145.00,BALANCE,0,0,0
2026-07-29 17:10:59.615618,4275.00,BALANCE,0,0,0
2026-07-29 17:03:13.193549,12500.00,paritypay,0,0,0
2026-07-29 16:59:29.732479,12500.00,paritypay,0,0,0
2026-07-29 16:58:21.256496,2382.00,BALANCE,0,0,0
2026-07-29 16:57:33.495665,4280.00,BALANCE,0,0,0
2026-07-29 16:53:28.508612,3200.00,paritypay,0,0,0
2026-07-29 16:19:44.768024,4285.00,BALANCE,0,0,0
2026-07-29 15:57:09.663861,3150.000,USDT,0,0,44.883000
2026-07-29 15:53:41.914898,2387.50,BALANCE,0,0,0
2026-07-29 15:52:38.541407,4500.00,card,0,0,0
2026-07-29 15:31:57.686316,4500.00,paritypay,0,0,0
2026-07-29 15:27:11.173616,4500.00,paritypay,0,0,0
2026-07-29 15:10:55.943423,4500.00,paritypay,0,0,0
2026-07-29 14:48:37.790016,3635.00,BALANCE,0,0,0
2026-07-29 14:13:33.980635,4287.00,BALANCE,0,0,0
2026-07-29 14:12:59.369301,4275.00,BALANCE,0,0,0
2026-07-29 13:47:10.986223,4280.00,BALANCE,0,0,0
2026-07-29 13:44:00.408488,500.00,BALANCE,0,0,0
2026-07-29 13:19:21.253852,3150.000,USDT,0,0,44.883000
2026-07-29 12:26:17.687296,3200.00,card,0,0,0
2026-07-29 12:22:51.037674,1900.00,BALANCE,0,0,0
2026-07-29 12:16:49.250651,2240.000,USDT,0,0,31.917000
2026-07-29 11:41:44.894712,4500.00,paritypay,0,0,0
2026-07-29 11:35:51.321878,4500.00,paritypay,0,0,0
2026-07-29 11:33:17.59549,4280.00,BALANCE,0,0,0
2026-07-29 11:26:58.548199,2888.00,BALANCE,0,0,0
2026-07-29 11:08:40.378155,2590.00,BALANCE,0,0,0
2026-07-29 11:02:56.299462,4500.00,card,0,0,0
