date_time,amount,method,btc,ltc,usdt
2026-09-02 00:26:04.477642,2800.00,BALANCE,0,0,0
2026-09-02 00:11:05.179854,7200.00,merchant001,0,0,0
2026-09-02 00:10:21.470488,0.00,BALANCE,0,0,0
2026-09-02 00:07:02.913153,2300.00,BALANCE,0,0,0
2026-09-01 23:47:16.843401,4300.00,card,0,0,0
2026-09-01 23:43:32.113576,4300.00,card,0,0,0
2026-09-01 23:37:47.321496,7200.00,BALANCE,0,0,0
2026-09-01 23:35:33.974773,3200.00,card,0,0,0
2026-09-01 23:35:29.752139,4300.00,BALANCE,0,0,0
2026-09-01 23:03:07.145965,7200.00,reptiloid,0,0,0
2026-09-01 22:56:59.482667,4200.00,BALANCE,0,0,0
2026-09-01 22:54:07.726734,3200.00,nirvana,0,0,0
2026-09-01 22:45:00.484678,7200.00,reptiloid,0,0,0
2026-09-01 22:39:21.675781,4300.00,merchant001,0,0,0
2026-09-01 22:33:22.286839,7700.00,card,0,0,0
2026-09-01 22:18:01.227272,4300.00,reptiloid,0,0,0
2026-09-01 22:10:16.006705,3200.00,reptiloid,0,0,0
2026-09-01 22:09:21.519013,3300.00,BALANCE,0,0,0
2026-09-01 21:56:36.87975,3200.00,nirvana,0,0,0
2026-09-01 21:54:33.16993,3200.00,reptiloid,0,0,0
2026-09-01 21:28:11.272019,7200.00,reptiloid,0,0,0
2026-09-01 21:26:47.015011,7200.00,reptiloid,0,0,0
2026-09-01 21:13:24.624722,3300.00,BALANCE,0,0,0
2026-09-01 20:20:45.339153,3300.00,BALANCE,0,0,0
2026-09-01 20:17:53.685812,7500.00,BALANCE,0,0,0
2026-09-01 20:13:00.559812,3000.00,BALANCE,0,0,0
2026-09-01 19:59:55.125142,7200.00,reptiloid,0,0,0
2026-09-01 19:38:10.46441,3200.00,reptiloid,0,0,0
2026-09-01 19:14:57.110083,900.00,BALANCE,0,0,0
2026-09-01 19:14:28.08273,3200.00,BALANCE,0,0,0
2026-09-01 19:02:11.232701,4300.00,reptiloid,0,0,0
2026-09-01 19:01:48.989769,3200.00,card,0,0,0
2026-09-01 18:54:26.310646,7200.00,reptiloid,0,0,0
2026-09-01 18:46:54.604744,1400.00,BALANCE,0,0,0
2026-09-01 18:42:47.322508,4300.00,card,0,0,0
2026-09-01 18:23:55.195077,1900.00,reptiloid,0,0,0
2026-09-01 18:12:15.063895,1900.00,card,0,0,0
2026-09-01 18:09:18.040367,5040.000,USDT,0,0,71.813000
2026-09-01 17:55:30.890095,7200.00,reptiloid,0,0,0
2026-09-01 17:45:31.529553,4300.00,card,0,0,0
2026-09-01 17:43:30.172364,3400.00,BALANCE,0,0,0
2026-09-01 17:43:03.809338,7200.00,BALANCE,0,0,0
2026-09-01 17:40:34.392788,4300.00,reptiloid,0,0,0
2026-09-01 17:38:04.930564,4300.00,merchant001,0,0,0
2026-09-01 17:33:09.211922,7200.00,reptiloid,0,0,0
2026-09-01 17:32:31.199593,1900.00,reptiloid,0,0,0
2026-09-01 17:29:12.985875,3200.00,reptiloid,0,0,0
2026-09-01 17:19:28.332424,1900.00,reptiloid,0,0,0
2026-09-01 17:18:34.992241,3200.00,reptiloid,0,0,0
2026-09-01 17:02:38.373524,4300.00,reptiloid,0,0,0
2026-09-01 16:57:56.372166,7700.00,BALANCE,0,0,0
2026-09-01 16:50:50.671669,0.00,BALANCE,0,0,0
2026-09-01 16:32:19.33406,0.00,BALANCE,0,0,0
2026-09-01 16:17:30.908948,7200.00,card,0,0,0
2026-09-01 16:11:02.298337,4300.00,reptiloid,0,0,0
2026-09-01 15:35:40.364122,4300.00,reptiloid,0,0,0
2026-09-01 15:18:53.190563,4300.00,card,0,0,0
2026-09-01 15:02:08.246689,1900.00,card,0,0,0
2026-09-01 14:59:33.213884,4300.00,reptiloid,0,0,0
2026-09-01 14:09:23.940462,10500.00,merchant001,0,0,0
2026-09-01 14:08:25.547684,10500.00,BALANCE,0,0,0
2026-09-01 14:06:13.115064,1300.00,BALANCE,0,0,0
2026-09-01 14:04:10.829485,4300.00,reptiloid,0,0,0
2026-09-01 14:02:55.18583,10500.00,reptiloid,0,0,0
2026-09-01 14:02:41.611434,4300.00,card,0,0,0
2026-09-01 13:32:24.389913,1900.00,reptiloid,0,0,0
2026-09-01 13:25:44.795984,4300.00,card,0,0,0
2026-09-01 13:18:55.710459,0.00,BALANCE,0,0,0
2026-09-01 13:15:28.351595,4300.00,card,0,0,0
2026-09-01 13:02:55.586137,1300.00,BALANCE,0,0,0
2026-09-01 12:50:46.42801,7200.00,merchant001,0,0,0
2026-09-01 12:45:01.42018,7200.00,BALANCE,0,0,0
2026-09-01 12:44:11.263564,4300.00,reptiloid,0,0,0
2026-09-01 12:42:48.33881,7200.00,reptiloid,0,0,0
2026-09-01 12:42:36.281396,7200.00,reptiloid,0,0,0
2026-09-01 12:41:54.262892,7200.00,reptiloid,0,0,0
2026-09-01 12:38:37.340072,4300.00,reptiloid,0,0,0
2026-09-01 12:33:35.769908,1300.00,BALANCE,0,0,0
2026-09-01 12:33:17.748262,1900.00,card,0,0,0
2026-09-01 12:26:42.935332,1900.00,reptiloid,0,0,0
2026-09-01 12:25:19.330833,1900.00,card,0,0,0
2026-09-01 11:53:56.272656,1900.00,card,0,0,0
2026-09-01 10:36:38.482608,4300.00,reptiloid,0,0,0
2026-09-01 09:31:37.488138,4300.00,reptiloid,0,0,0
2026-09-01 09:09:19.425443,4300.00,card,0,0,0
2026-09-01 08:40:37.863461,4300.00,reptiloid,0,0,0
2026-09-01 08:17:10.056765,1300.00,BALANCE,0,0,0
2026-09-01 07:49:58.684301,3200.00,reptiloid,0,0,0
2026-09-01 06:32:35.323324,3800.00,BALANCE,0,0,0
2026-09-01 06:21:42.050248,4300.00,reptiloid,0,0,0
2026-09-01 06:04:12.056537,1400.00,BALANCE,0,0,0
2026-09-01 05:06:35.904432,4300.00,reptiloid,0,0,0
2026-09-01 04:47:06.13315,4300.00,reptiloid,0,0,0
2026-09-01 03:59:41.59139,4300.00,card,0,0,0
2026-09-01 03:58:45.724083,1900.00,merchant001,0,0,0
2026-09-01 03:57:15.208075,4300.00,reptiloid,0,0,0
2026-09-01 02:08:00.421407,1900.00,reptiloid,0,0,0
2026-09-01 02:02:11.620083,4300.00,BALANCE,0,0,0
2026-09-01 01:45:51.782265,4300.00,BALANCE,0,0,0
2026-09-01 00:50:22.920007,4300.00,reptiloid,0,0,0
2026-09-01 00:29:46.408588,4300.00,card,0,0,0
2026-08-31 23:12:54.727158,0.00,BALANCE,0,0,0
2026-08-31 23:07:25.549571,3000.00,card,0,0,0
2026-08-31 22:46:02.703943,1900.00,reptiloid,0,0,0
2026-08-31 22:42:05.132474,3000.00,reptiloid,0,0,0
2026-08-31 22:37:45.448014,1900.00,reptiloid,0,0,0
2026-08-31 22:20:40.250794,4300.00,reptiloid,0,0,0
2026-08-31 22:17:51.725353,3200.00,reptiloid,0,0,0
2026-08-31 22:10:00.133024,3200.00,BALANCE,0,0,0
2026-08-31 21:22:24.478391,1300.00,BALANCE,0,0,0
2026-08-31 20:25:17.380563,1900.00,reptiloid,0,0,0
2026-08-31 19:33:44.538916,4300.00,merchant001,0,0,0
2026-08-31 19:25:29.717175,4300.00,card,0,0,0
2026-08-31 19:23:08.722427,0.00,BALANCE,0,0,0
2026-08-31 19:19:29.652096,900.00,BALANCE,0,0,0
2026-08-31 19:09:30.071012,4300.00,reptiloid,0,0,0
2026-08-31 18:45:02.371886,4300.00,merchant001,0,0,0
2026-08-31 18:42:56.990383,1900.00,card,0,0,0
2026-08-31 18:33:29.658323,3300.00,BALANCE,0,0,0
2026-08-31 18:22:50.914315,0.00,BALANCE,0,0,0
2026-08-31 18:13:08.636626,1900.00,reptiloid,0,0,0
2026-08-31 18:03:44.915535,7200.00,merchant001,0,0,0
2026-08-31 17:53:41.818378,4300.00,reptiloid,0,0,0
2026-08-31 17:41:58.892438,4300.00,reptiloid,0,0,0
2026-08-31 17:40:59.204819,4300.00,card,0,0,0
2026-08-31 17:12:02.742522,2900.00,BALANCE,0,0,0
2026-08-31 17:00:09.20644,10500.00,merchant001,0,0,0
2026-08-31 16:54:30.702346,2900.00,card,0,0,0
2026-08-31 16:41:01.545479,3200.00,reptiloid,0,0,0
2026-08-31 16:28:25.749051,1900.00,BALANCE,0,0,0
2026-08-31 16:28:03.342486,0.00,BALANCE,0,0,0
2026-08-31 16:26:30.463988,2750.00,BALANCE,0,0,0
2026-08-31 16:21:14.763419,3200.00,reptiloid,0,0,0
2026-08-31 15:54:10.876852,3200.00,card,0,0,0
2026-08-31 15:53:41.943142,7500.00,BALANCE,0,0,0
2026-08-31 15:45:16.862714,10500.00,reptiloid,0,0,0
2026-08-31 15:31:28.424428,7200.00,nirvana,0,0,0
2026-08-31 15:27:47.369418,3200.00,reptiloid,0,0,0
2026-08-31 15:27:19.181768,6500.00,BALANCE,0,0,0
2026-08-31 15:16:51.919162,4200.00,BALANCE,0,0,0
2026-08-31 15:12:33.485476,1900.00,reptiloid,0,0,0
2026-08-31 14:54:36.905128,7200.00,BALANCE,0,0,0
2026-08-31 14:53:45.567132,7200.00,reptiloid,0,0,0
2026-08-31 14:53:32.517462,1900.00,BALANCE,0,0,0
2026-08-31 14:42:58.982941,7200.00,card,0,0,0
2026-08-31 14:35:37.667791,7200.00,BALANCE,0,0,0
2026-08-31 14:33:52.527159,10500.00,BALANCE,0,0,0
2026-08-31 14:29:26.079376,7200.00,merchant001,0,0,0
2026-08-31 14:23:17.975744,10500.00,reptiloid,0,0,0
2026-08-31 14:22:07.198917,7200.00,reptiloid,0,0,0
2026-08-31 14:09:22.472438,1900.00,reptiloid,0,0,0
2026-08-31 14:01:00.536428,3200.00,reptiloid,0,0,0
2026-08-31 14:00:50.86176,7200.00,reptiloid,0,0,0
2026-08-31 13:58:33.366357,1900.00,reptiloid,0,0,0
2026-08-31 13:57:31.406297,7200.00,card,0,0,0
2026-08-31 13:46:30.828357,10500.00,nirvana,0,0,0
2026-08-31 13:42:43.349351,7200.00,reptiloid,0,0,0
2026-08-31 13:28:41.954201,1900.00,reptiloid,0,0,0
2026-08-31 13:24:12.247013,10500.00,reptiloid,0,0,0
2026-08-31 13:14:25.771001,1900.00,reptiloid,0,0,0
2026-08-31 13:12:08.011685,7200.00,reptiloid,0,0,0
2026-08-31 13:05:07.860764,1900.00,card,0,0,0
2026-08-31 04:52:07.180162,4200.00,BALANCE,0,0,0
2026-08-31 04:44:47.927354,1900.00,reptiloid,0,0,0
2026-08-31 03:52:51.624107,3200.00,card,0,0,0
2026-08-31 03:36:05.049054,7200.00,reptiloid,0,0,0
2026-08-31 02:54:54.414093,4200.00,BALANCE,0,0,0
2026-08-31 02:31:20.564011,1900.00,reptiloid,0,0,0
2026-08-31 02:26:27.558522,1900.00,nirvana,0,0,0
2026-08-31 02:20:45.636096,7200.00,reptiloid,0,0,0
2026-08-31 02:11:28.127431,7200.00,reptiloid,0,0,0
2026-08-31 01:11:14.234677,7200.00,BALANCE,0,0,0
2026-08-31 00:54:04.242396,2900.00,BALANCE,0,0,0
2026-08-31 00:53:40.182466,7200.00,reptiloid,0,0,0
2026-08-31 00:45:02.35414,1900.00,reptiloid,0,0,0
2026-08-31 00:21:23.505244,2900.00,reptiloid,0,0,0
2026-08-31 00:03:17.584328,1400.00,BALANCE,0,0,0
2026-08-30 23:56:00.110062,1900.00,reptiloid,0,0,0
2026-08-30 23:55:17.986724,1900.00,reptiloid,0,0,0
2026-08-30 22:50:49.302567,3200.00,reptiloid,0,0,0
2026-08-30 21:46:36.400551,1500.00,BALANCE,0,0,0
2026-08-30 21:42:41.311025,3200.00,reptiloid,0,0,0
2026-08-30 21:35:37.541154,1900.00,reptiloid,0,0,0
2026-08-30 21:30:38.076434,4300.00,card,0,0,0
2026-08-30 21:21:06.531411,3200.00,BALANCE,0,0,0
2026-08-30 21:17:09.141343,10500.00,reptiloid,0,0,0
2026-08-30 21:01:27.450266,1300.00,BALANCE,0,0,0
2026-08-30 20:58:44.575598,1900.00,reptiloid,0,0,0
2026-08-30 20:52:46.529083,4300.00,reptiloid,0,0,0
2026-08-30 20:47:00.360621,10500.00,BALANCE,0,0,0
2026-08-30 20:31:50.910183,4300.00,card,0,0,0
2026-08-30 20:27:07.040445,3200.00,reptiloid,0,0,0
2026-08-30 20:20:52.129992,4300.00,card,0,0,0
2026-08-30 20:09:20.261971,4300.00,card,0,0,0
2026-08-30 19:57:03.049949,2800.00,BALANCE,0,0,0
2026-08-30 19:49:37.598742,3200.00,card,0,0,0
2026-08-30 19:26:15.379597,1900.00,card,0,0,0
2026-08-30 19:25:39.597531,1900.00,reptiloid,0,0,0
2026-08-30 19:25:19.713563,10500.00,reptiloid,0,0,0
2026-08-30 19:15:38.633752,4300.00,reptiloid,0,0,0
2026-08-30 18:55:03.456012,4300.00,reptiloid,0,0,0
2026-08-30 18:47:25.601483,4300.00,reptiloid,0,0,0
2026-08-30 18:40:44.7598,4300.00,reptiloid,0,0,0
2026-08-30 18:33:38.433392,3200.00,BALANCE,0,0,0
2026-08-30 18:25:27.720794,3200.00,BALANCE,0,0,0
2026-08-30 18:22:40.361585,10500.00,reptiloid,0,0,0
2026-08-30 18:07:26.365482,4300.00,reptiloid,0,0,0
2026-08-30 17:48:57.734492,1300.00,BALANCE,0,0,0
2026-08-30 17:48:47.27205,0.00,BALANCE,0,0,0
2026-08-30 17:32:47.57987,4300.00,reptiloid,0,0,0
2026-08-30 17:31:14.905879,4300.00,reptiloid,0,0,0
2026-08-30 17:24:35.450856,4300.00,card,0,0,0
2026-08-30 17:05:52.508487,4300.00,card,0,0,0
2026-08-30 16:49:12.952217,10500.00,reptiloid,0,0,0
2026-08-30 16:17:11.170493,10500.00,reptiloid,0,0,0
2026-08-30 16:12:03.218925,10500.00,BALANCE,0,0,0
2026-08-30 15:46:36.089027,0.00,BALANCE,0,0,0
2026-08-30 15:40:26.507736,4300.00,reptiloid,0,0,0
2026-08-30 15:31:00.471661,4300.00,card,0,0,0
2026-08-30 15:27:59.183401,3500.00,reptiloid,0,0,0
2026-08-30 15:19:54.792916,3500.00,reptiloid,0,0,0
2026-08-30 15:09:08.332319,10500.00,reptiloid,0,0,0
2026-08-30 15:06:31.156226,9650.00,BALANCE,0,0,0
2026-08-30 14:59:01.431517,2300.00,BALANCE,0,0,0
2026-08-30 14:53:34.341064,4300.00,reptiloid,0,0,0
2026-08-30 14:38:35.696012,4300.00,merchant001,0,0,0
2026-08-30 14:32:40.19183,4300.00,BALANCE,0,0,0
2026-08-30 14:30:43.861067,4300.00,card,0,0,0
2026-08-30 14:27:45.250979,10500.00,BALANCE,0,0,0
2026-08-30 14:25:42.9764,1900.00,BALANCE,0,0,0
2026-08-30 14:23:21.927817,4300.00,card,0,0,0
2026-08-30 14:18:45.531625,4300.00,BALANCE,0,0,0
2026-08-30 13:33:54.042815,4300.00,card,0,0,0
2026-08-30 13:25:22.987794,1900.00,card,0,0,0
2026-08-30 13:22:36.985945,4300.00,BALANCE,0,0,0
2026-08-30 13:22:24.606957,1300.00,BALANCE,0,0,0
2026-08-30 13:12:07.8412,4300.00,reptiloid,0,0,0
2026-08-30 13:09:39.710555,4300.00,card,0,0,0
2026-08-30 12:46:43.537899,3200.00,reptiloid,0,0,0
2026-08-30 12:16:16.313825,1900.00,BALANCE,0,0,0
2026-08-30 12:10:26.299428,0.00,BALANCE,0,0,0
2026-08-30 11:07:00.95623,3200.00,reptiloid,0,0,0
2026-08-30 11:02:06.184034,7200.00,reptiloid,0,0,0
2026-08-30 10:37:15.38862,4300.00,reptiloid,0,0,0
2026-08-30 09:52:47.969586,4300.00,BALANCE,0,0,0
2026-08-30 09:42:59.461246,4300.00,reptiloid,0,0,0
2026-08-30 09:38:45.290221,3000.00,BALANCE,0,0,0
2026-08-30 09:10:01.417015,7200.00,reptiloid,0,0,0
2026-08-30 08:15:56.588391,1900.00,reptiloid,0,0,0
2026-08-30 08:04:26.488431,4300.00,merchant001,0,0,0
2026-08-30 07:30:50.548328,6120.0000,LTC,0,1.72387208,0
2026-08-30 06:43:05.300388,7200.00,reptiloid,0,0,0
2026-08-30 06:24:35.077629,7200.00,BALANCE,0,0,0
2026-08-30 06:15:31.136321,7200.00,reptiloid,0,0,0
2026-08-30 05:53:00.523821,7200.00,reptiloid,0,0,0
2026-08-30 04:46:11.765186,3200.00,reptiloid,0,0,0
2026-08-30 04:45:31.737033,7200.00,BALANCE,0,0,0
2026-08-30 04:44:32.772525,7200.00,reptiloid,0,0,0
2026-08-30 04:17:39.94574,7200.00,reptiloid,0,0,0
2026-08-30 03:52:24.957921,7200.00,card,0,0,0
2026-08-30 03:49:10.993209,5200.00,BALANCE,0,0,0
2026-08-30 02:06:48.477249,3000.00,BALANCE,0,0,0
2026-08-30 02:00:04.098281,1900.00,reptiloid,0,0,0
2026-08-30 01:09:05.60988,4300.00,reptiloid,0,0,0
2026-08-30 00:59:11.744504,4300.00,merchant001,0,0,0
2026-08-30 00:10:24.735402,4300.00,reptiloid,0,0,0
2026-08-30 00:03:06.579362,4300.00,BALANCE,0,0,0
2026-08-29 23:54:26.217566,4300.00,card,0,0,0
2026-08-29 23:33:03.582768,4300.00,BALANCE,0,0,0
2026-08-29 23:29:24.353594,2150.00,BALANCE,0,0,0
2026-08-29 22:47:33.095147,1900.00,reptiloid,0,0,0
2026-08-29 22:34:37.986272,4300.00,BALANCE,0,0,0
2026-08-29 22:23:47.489878,4300.00,card,0,0,0
2026-08-29 22:20:40.034268,3200.00,reptiloid,0,0,0
2026-08-29 22:10:36.763628,3200.00,reptiloid,0,0,0
2026-08-29 22:08:02.798483,4300.00,BALANCE,0,0,0
2026-08-29 22:02:28.649575,3000.00,reptiloid,0,0,0
2026-08-29 22:01:31.429434,4300.00,card,0,0,0
2026-08-29 20:27:30.299847,900.00,BALANCE,0,0,0
2026-08-29 20:20:00.740778,4300.00,BALANCE,0,0,0
2026-08-29 20:08:41.955771,4300.00,reptiloid,0,0,0
2026-08-29 20:02:26.213629,3200.00,reptiloid,0,0,0
2026-08-29 20:01:50.740211,4300.00,BALANCE,0,0,0
2026-08-29 19:59:20.816129,4300.00,reptiloid,0,0,0
2026-08-29 19:58:55.312016,4300.00,reptiloid,0,0,0
2026-08-29 19:29:30.73758,4300.00,card,0,0,0
2026-08-29 19:29:01.718684,4300.00,reptiloid,0,0,0
2026-08-29 19:16:42.966847,4300.00,reptiloid,0,0,0
2026-08-29 19:10:48.890684,4300.00,BALANCE,0,0,0
2026-08-29 19:05:59.847404,4300.00,reptiloid,0,0,0
2026-08-29 19:05:29.1667,4300.00,card,0,0,0
2026-08-29 18:35:03.711875,4300.00,reptiloid,0,0,0
2026-08-29 18:31:21.280754,4300.00,card,0,0,0
2026-08-29 18:30:53.448154,4300.00,reptiloid,0,0,0
2026-08-29 18:28:08.104104,3200.00,card,0,0,0
2026-08-29 18:27:57.066369,4300.00,merchant001,0,0,0
2026-08-29 18:27:10.749948,4300.00,reptiloid,0,0,0
2026-08-29 18:26:59.303377,3200.00,card,0,0,0
2026-08-29 18:24:54.506143,4300.00,reptiloid,0,0,0
2026-08-29 18:03:49.31638,4300.00,card,0,0,0
2026-08-29 17:35:58.86448,7200.00,reptiloid,0,0,0
2026-08-29 16:55:25.102414,4300.00,reptiloid,0,0,0
2026-08-29 16:52:22.215867,4300.00,reptiloid,0,0,0
2026-08-29 16:50:29.756541,3000.00,reptiloid,0,0,0
2026-08-29 16:47:04.649908,4300.00,reptiloid,0,0,0
2026-08-29 16:35:54.062211,4300.00,merchant001,0,0,0
2026-08-29 16:34:18.541991,4300.00,BALANCE,0,0,0
2026-08-29 16:33:52.907383,4300.00,reptiloid,0,0,0
2026-08-29 16:16:14.245973,4300.00,reptiloid,0,0,0
2026-08-29 16:09:48.661117,3200.00,BALANCE,0,0,0
2026-08-29 16:02:30.980163,4300.00,reptiloid,0,0,0
2026-08-29 15:57:04.664341,4300.00,reptiloid,0,0,0
2026-08-29 15:50:37.488359,1300.00,BALANCE,0,0,0
2026-08-29 15:40:38.49678,4300.00,reptiloid,0,0,0
2026-08-29 15:38:13.937231,4300.00,reptiloid,0,0,0
2026-08-29 15:28:24.876736,3200.00,reptiloid,0,0,0
2026-08-29 15:24:38.059201,4300.00,card,0,0,0
2026-08-29 15:21:02.523279,4300.00,nirvana,0,0,0
2026-08-29 15:16:10.65779,3655.0000,LTC,0,1.02462438,0
2026-08-29 15:14:51.946995,4300.00,reptiloid,0,0,0
2026-08-29 15:05:03.812931,4300.00,reptiloid,0,0,0
2026-08-29 15:01:48.727696,4300.00,BALANCE,0,0,0
2026-08-29 14:58:43.788086,4300.00,reptiloid,0,0,0
2026-08-29 14:54:49.363953,0.00,BALANCE,0,0,0
2026-08-29 14:49:51.83635,3010.000,USDT,0,0,42.888000
2026-08-29 14:48:43.199374,3000.00,BALANCE,0,0,0
2026-08-29 14:45:17.859272,4300.00,BALANCE,0,0,0
2026-08-29 14:45:08.286977,4300.00,reptiloid,0,0,0
2026-08-29 14:41:33.164751,1900.00,BALANCE,0,0,0
2026-08-29 14:30:47.234081,3200.00,card,0,0,0
2026-08-29 14:30:24.740973,7200.00,reptiloid,0,0,0
2026-08-29 14:23:41.802872,4100.00,BALANCE,0,0,0
2026-08-29 14:05:35.995206,4300.00,reptiloid,0,0,0
2026-08-29 14:04:48.499168,7200.00,BALANCE,0,0,0
2026-08-29 14:02:00.550057,7200.00,reptiloid,0,0,0
2026-08-29 13:55:59.758003,4300.00,BALANCE,0,0,0
2026-08-29 13:53:09.791302,4300.00,reptiloid,0,0,0
2026-08-29 13:42:57.887159,3300.00,BALANCE,0,0,0
2026-08-29 13:38:36.660779,7200.00,reptiloid,0,0,0
2026-08-29 13:25:36.093184,1900.00,BALANCE,0,0,0
2026-08-29 13:22:21.057316,4300.00,reptiloid,0,0,0
2026-08-29 13:20:23.361453,4300.00,reptiloid,0,0,0
2026-08-29 13:19:48.22705,4300.00,card,0,0,0
2026-08-29 13:11:32.998999,4300.00,reptiloid,0,0,0
2026-08-29 13:09:05.28902,4300.00,card,0,0,0
2026-08-29 13:06:50.50841,7200.00,card,0,0,0
2026-08-29 13:03:54.586388,7200.00,reptiloid,0,0,0
2026-08-29 12:50:29.800472,4300.00,reptiloid,0,0,0
2026-08-29 12:49:01.179161,7200.00,reptiloid,0,0,0
2026-08-29 12:06:42.597387,4300.00,BALANCE,0,0,0
2026-08-29 11:40:37.998085,3200.00,reptiloid,0,0,0
2026-08-29 10:17:45.303396,4300.00,reptiloid,0,0,0
2026-08-29 09:59:37.05264,4300.00,card,0,0,0
2026-08-29 09:31:57.572871,4300.00,reptiloid,0,0,0
2026-08-29 09:12:23.743224,900.00,BALANCE,0,0,0
2026-08-29 08:48:54.669051,4300.00,reptiloid,0,0,0
2026-08-29 08:13:07.019187,3200.00,reptiloid,0,0,0
2026-08-29 08:11:07.513474,7200.00,reptiloid,0,0,0
2026-08-29 07:28:01.314822,4300.00,reptiloid,0,0,0
2026-08-29 06:00:43.376939,400.00,BALANCE,0,0,0
2026-08-29 04:51:56.421474,1900.00,reptiloid,0,0,0
2026-08-29 03:14:10.074154,2300.00,BALANCE,0,0,0
2026-08-29 02:39:32.674318,7200.00,reptiloid,0,0,0
2026-08-29 02:24:22.600793,4300.00,reptiloid,0,0,0
2026-08-29 01:44:39.036801,7200.00,reptiloid,0,0,0
2026-08-29 00:58:11.35826,3000.00,BALANCE,0,0,0
2026-08-29 00:16:16.21011,4300.00,card,0,0,0
2026-08-29 00:12:52.067104,7200.00,BALANCE,0,0,0
2026-08-28 22:55:03.604371,4300.00,merchant001,0,0,0
2026-08-28 22:47:48.967377,1900.00,BALANCE,0,0,0
2026-08-28 22:43:41.849887,7200.00,reptiloid,0,0,0
2026-08-28 22:29:48.312024,3200.00,reptiloid,0,0,0
2026-08-28 22:13:06.569263,4300.00,reptiloid,0,0,0
2026-08-28 22:09:56.356371,4200.00,BALANCE,0,0,0
2026-08-28 22:02:43.818156,4300.00,reptiloid,0,0,0
2026-08-28 21:59:44.082994,4300.00,reptiloid,0,0,0
2026-08-28 21:55:34.783057,4300.00,reptiloid,0,0,0
2026-08-28 21:45:53.702858,1900.00,reptiloid,0,0,0
2026-08-28 21:39:46.46425,3010.000,USDT,0,0,42.888000
2026-08-28 21:27:37.478335,4300.00,merchant001,0,0,0
2026-08-28 21:14:31.648484,4300.00,reptiloid,0,0,0
2026-08-28 20:36:14.488626,0.00,BALANCE,0,0,0
2026-08-28 20:18:56.314844,4300.00,merchant001,0,0,0
2026-08-28 20:18:04.710429,7200.00,reptiloid,0,0,0
2026-08-28 20:13:09.92416,4300.00,reptiloid,0,0,0
2026-08-28 20:11:55.71607,4300.00,merchant001,0,0,0
2026-08-28 20:05:24.252307,7200.00,merchant001,0,0,0
2026-08-28 19:50:12.791052,0.00,BALANCE,0,0,0
2026-08-28 19:36:58.367222,4300.00,reptiloid,0,0,0
2026-08-28 19:24:24.474537,4300.00,reptiloid,0,0,0
2026-08-28 19:22:18.691112,1300.00,BALANCE,0,0,0
2026-08-28 19:15:24.345235,1900.00,reptiloid,0,0,0
2026-08-28 19:13:15.0354,7200.00,reptiloid,0,0,0
2026-08-28 19:12:41.135997,4300.00,reptiloid,0,0,0
2026-08-28 19:11:04.430554,7200.00,reptiloid,0,0,0
2026-08-28 19:08:48.527307,7200.00,reptiloid,0,0,0
2026-08-28 19:05:26.376717,0.00,BALANCE,0,0,0
2026-08-28 19:02:58.401586,3000.00,reptiloid,0,0,0
2026-08-28 18:59:39.117865,1300.00,BALANCE,0,0,0
2026-08-28 18:55:41.666551,0.00,BALANCE,0,0,0
2026-08-28 18:50:58.179806,4400.00,reptiloid,0,0,0
2026-08-28 18:43:21.533022,4300.00,reptiloid,0,0,0
2026-08-28 18:41:28.201773,7200.00,reptiloid,0,0,0
2026-08-28 18:41:23.103104,1300.00,BALANCE,0,0,0
2026-08-28 18:38:40.032786,7200.00,reptiloid,0,0,0
2026-08-28 18:29:44.556254,4300.00,reptiloid,0,0,0
2026-08-28 18:16:20.279347,0.00,BALANCE,0,0,0
2026-08-28 17:50:34.621229,1300.00,BALANCE,0,0,0
2026-08-28 17:43:18.47939,4300.00,reptiloid,0,0,0
2026-08-28 17:40:30.730272,0.00,BALANCE,0,0,0
2026-08-28 17:37:18.631395,4300.00,reptiloid,0,0,0
2026-08-28 17:35:55.12077,3000.00,BALANCE,0,0,0
2026-08-28 17:31:05.536245,4300.00,BALANCE,0,0,0
2026-08-28 17:25:15.780212,3080.000,USDT,0,0,43.886000
2026-08-28 17:24:32.63522,4400.00,merchant001,0,0,0
2026-08-28 17:23:58.79038,1900.00,reptiloid,0,0,0
2026-08-28 17:23:29.407569,4300.00,reptiloid,0,0,0
2026-08-28 17:16:17.585345,1900.00,reptiloid,0,0,0
2026-08-28 17:14:05.490483,1900.00,reptiloid,0,0,0
2026-08-28 16:57:24.499053,3655.0000,LTC,0,1.02671728,0
2026-08-28 16:56:54.010123,3200.00,reptiloid,0,0,0
2026-08-28 16:47:56.176537,7200.00,reptiloid,0,0,0
2026-08-28 16:43:24.260634,7200.00,reptiloid,0,0,0
2026-08-28 16:38:59.243159,4300.00,nirvana,0,0,0
2026-08-28 16:37:49.892412,7200.00,reptiloid,0,0,0
2026-08-28 16:30:42.241803,7200.00,reptiloid,0,0,0
2026-08-28 16:29:10.415323,4300.00,BALANCE,0,0,0
2026-08-28 16:27:12.422177,4300.00,reptiloid,0,0,0
2026-08-28 16:25:56.104636,4300.00,reptiloid,0,0,0
2026-08-28 16:16:17.857639,4300.00,reptiloid,0,0,0
2026-08-28 16:12:06.476984,4300.00,reptiloid,0,0,0
2026-08-28 16:04:43.254245,4300.00,merchant001,0,0,0
2026-08-28 15:57:36.372694,1400.00,BALANCE,0,0,0
2026-08-28 15:54:49.731951,4300.00,merchant001,0,0,0
2026-08-28 15:54:10.355776,7200.00,reptiloid,0,0,0
2026-08-28 15:39:45.771977,7200.00,reptiloid,0,0,0
2026-08-28 15:29:42.29244,7200.00,reptiloid,0,0,0
2026-08-28 15:29:40.38141,4300.00,reptiloid,0,0,0
2026-08-28 15:24:22.898845,4300.00,reptiloid,0,0,0
2026-08-28 15:24:03.231217,7200.00,reptiloid,0,0,0
2026-08-28 15:21:22.034364,1400.00,BALANCE,0,0,0
2026-08-28 15:19:43.491377,7200.00,reptiloid,0,0,0
2026-08-28 15:09:42.524885,4400.00,BALANCE,0,0,0
2026-08-28 14:47:09.498999,7200.00,reptiloid,0,0,0
2026-08-28 14:38:33.291663,1300.00,BALANCE,0,0,0
2026-08-28 14:33:38.686083,1330.000,USDT,0,0,18.951000
2026-08-28 14:31:50.90303,4300.00,reptiloid,0,0,0
2026-08-28 14:30:57.367659,2150.00,BALANCE,0,0,0
2026-08-28 14:13:57.414907,7200.00,merchant001,0,0,0
2026-08-28 14:12:49.597063,4300.00,merchant001,0,0,0
2026-08-28 14:10:05.309894,4300.00,reptiloid,0,0,0
2026-08-28 13:54:06.842167,4300.00,reptiloid,0,0,0
2026-08-28 13:48:15.384267,2300.00,BALANCE,0,0,0
2026-08-28 12:48:49.152515,1900.00,BALANCE,0,0,0
2026-08-28 12:36:11.280123,3200.00,reptiloid,0,0,0
2026-08-28 12:33:02.523625,3200.00,reptiloid,0,0,0
2026-08-28 12:26:17.630852,3200.00,card,0,0,0
2026-08-28 11:57:53.786022,3200.00,card,0,0,0
2026-08-28 10:35:00.111493,1900.00,BALANCE,0,0,0
2026-08-28 10:34:56.119022,1900.00,card,0,0,0
2026-08-28 10:31:57.354716,4300.00,reptiloid,0,0,0
2026-08-28 09:59:30.985438,4300.00,reptiloid,0,0,0
2026-08-28 09:49:04.206393,4400.00,reptiloid,0,0,0
2026-08-28 08:58:51.918051,4300.00,reptiloid,0,0,0
2026-08-28 08:58:39.129025,4400.00,reptiloid,0,0,0
2026-08-28 08:57:45.465151,4300.00,reptiloid,0,0,0
2026-08-28 08:44:20.115526,4300.00,reptiloid,0,0,0
2026-08-28 08:38:26.65291,1900.00,card,0,0,0
2026-08-28 07:18:40.066189,4300.00,reptiloid,0,0,0
2026-08-28 05:21:33.639623,3010.000,USDT,0,0,42.888000
2026-08-28 05:10:25.952499,4400.00,nirvana,0,0,0
2026-08-28 05:06:09.113652,0.00,BALANCE,0,0,0
2026-08-28 05:04:10.590612,4300.00,BALANCE,0,0,0
2026-08-28 03:59:50.303141,4300.00,reptiloid,0,0,0
2026-08-28 03:54:41.520443,3010.000,USDT,0,0,42.888000
2026-08-28 03:50:00.340596,4300.00,reptiloid,0,0,0
2026-08-28 03:25:31.713953,4300.00,card,0,0,0
2026-08-28 03:20:24.216032,1900.00,reptiloid,0,0,0
2026-08-28 02:57:19.532995,3080.000,USDT,0,0,43.886000
2026-08-28 02:36:18.938219,4300.00,reptiloid,0,0,0
2026-08-28 02:24:34.875327,3010.000,USDT,0,0,42.888000
2026-08-28 02:18:27.611353,4300.00,reptiloid,0,0,0
2026-08-28 02:10:02.149589,1900.00,merchant001,0,0,0
2026-08-28 02:08:47.822082,4300.00,reptiloid,0,0,0
2026-08-28 02:03:44.927231,3000.00,card,0,0,0
2026-08-28 01:51:32.283468,4300.00,reptiloid,0,0,0
2026-08-28 01:28:15.327706,4300.00,reptiloid,0,0,0
2026-08-28 01:23:17.197802,4300.00,BALANCE,0,0,0
2026-08-28 01:09:37.622109,4300.00,card,0,0,0
2026-08-28 01:09:09.111198,4300.00,card,0,0,0
2026-08-28 01:04:19.037434,4300.00,BALANCE,0,0,0
2026-08-28 00:55:39.226342,4300.00,reptiloid,0,0,0
2026-08-28 00:46:56.744204,4300.00,reptiloid,0,0,0
2026-08-28 00:39:22.225717,4300.00,reptiloid,0,0,0
2026-08-28 00:28:51.100461,4300.00,merchant001,0,0,0
2026-08-28 00:26:15.817855,4300.00,card,0,0,0
2026-08-28 00:14:57.375879,3200.00,card,0,0,0
2026-08-28 00:03:50.755743,4300.00,reptiloid,0,0,0
2026-08-27 23:24:17.304868,3000.00,card,0,0,0
2026-08-27 23:00:58.043519,1900.00,reptiloid,0,0,0
2026-08-27 22:55:56.735598,0.00,BALANCE,0,0,0
2026-08-27 22:51:29.007895,1300.00,BALANCE,0,0,0
2026-08-27 22:38:11.328405,4300.00,reptiloid,0,0,0
2026-08-27 21:32:41.59364,1900.00,card,0,0,0
2026-08-27 21:14:45.600895,4300.00,card,0,0,0
2026-08-27 20:46:32.393113,4300.00,merchant001,0,0,0
2026-08-27 20:21:53.968003,4300.00,reptiloid,0,0,0
2026-08-27 20:20:34.375136,4300.00,reptiloid,0,0,0
2026-08-27 20:16:49.351704,4300.00,reptiloid,0,0,0
2026-08-27 20:15:40.04125,4300.00,card,0,0,0
2026-08-27 20:03:29.582231,1300.00,BALANCE,0,0,0
2026-08-27 19:22:43.145737,3200.00,reptiloid,0,0,0
2026-08-27 18:44:56.7329,3000.00,reptiloid,0,0,0
2026-08-27 17:46:27.146138,1900.00,reptiloid,0,0,0
2026-08-27 17:35:33.602872,3200.00,BALANCE,0,0,0
2026-08-27 17:30:21.672643,4300.00,BALANCE,0,0,0
2026-08-27 17:13:20.661422,4300.00,reptiloid,0,0,0
2026-08-27 16:51:09.201115,4300.00,reptiloid,0,0,0
2026-08-27 16:50:48.148113,4300.00,card,0,0,0
2026-08-27 16:26:14.428061,4300.00,BALANCE,0,0,0
2026-08-27 16:25:05.656936,4300.00,reptiloid,0,0,0
2026-08-27 16:22:58.95415,4300.00,reptiloid,0,0,0
2026-08-27 16:19:39.864688,4300.00,reptiloid,0,0,0
2026-08-27 16:13:22.576159,4300.00,reptiloid,0,0,0
2026-08-27 16:12:26.971303,3600.00,BALANCE,0,0,0
2026-08-27 16:02:16.179329,4300.00,merchant001,0,0,0
2026-08-27 15:57:03.521226,4300.00,reptiloid,0,0,0
2026-08-27 15:55:40.373638,2300.00,BALANCE,0,0,0
2026-08-27 15:54:26.257763,3010.000,USDT,0,0,42.888000
2026-08-27 15:52:27.779798,3200.00,reptiloid,0,0,0
2026-08-27 15:43:31.427996,3300.00,BALANCE,0,0,0
2026-08-27 15:39:22.630655,1300.00,BALANCE,0,0,0
2026-08-27 15:36:29.157782,4300.00,reptiloid,0,0,0
2026-08-27 15:33:43.751325,1300.00,BALANCE,0,0,0
2026-08-27 15:26:08.162806,4300.00,reptiloid,0,0,0
2026-08-27 15:00:44.405273,3000.00,card,0,0,0
2026-08-27 14:37:13.082222,4300.00,reptiloid,0,0,0
2026-08-27 14:33:45.782411,4300.00,reptiloid,0,0,0
2026-08-27 14:29:03.272344,4300.00,reptiloid,0,0,0
2026-08-27 14:13:25.947698,4300.00,card,0,0,0
2026-08-27 14:02:10.156533,1900.00,merchant001,0,0,0
2026-08-27 13:54:20.711011,1900.00,reptiloid,0,0,0
2026-08-27 13:47:25.219421,4300.00,BALANCE,0,0,0
2026-08-27 13:39:41.116048,3200.00,reptiloid,0,0,0
2026-08-27 13:34:53.886679,4300.00,reptiloid,0,0,0
2026-08-27 13:33:30.052848,4300.00,reptiloid,0,0,0
2026-08-27 13:26:57.797446,0.00,BALANCE,0,0,0
2026-08-27 13:25:58.324501,4300.00,merchant001,0,0,0
2026-08-27 13:16:24.609126,3080.000,USDT,0,0,43.886000
2026-08-27 13:16:12.94469,4300.00,reptiloid,0,0,0
2026-08-27 13:02:51.423887,4300.00,card,0,0,0
2026-08-27 13:01:43.401232,4300.00,reptiloid,0,0,0
2026-08-27 12:42:22.485048,4300.00,card,0,0,0
2026-08-27 12:40:38.209239,4300.00,reptiloid,0,0,0
2026-08-27 12:21:26.907325,4300.00,card,0,0,0
2026-08-27 12:13:31.708035,4300.00,reptiloid,0,0,0
2026-08-27 11:16:23.770662,3200.00,reptiloid,0,0,0
2026-08-27 09:22:00.475398,4300.00,reptiloid,0,0,0
2026-08-27 09:05:44.197657,4300.00,reptiloid,0,0,0
2026-08-27 08:32:01.854469,4300.00,merchant001,0,0,0
2026-08-27 07:40:41.916491,4300.00,reptiloid,0,0,0
2026-08-27 06:48:58.813808,4300.00,reptiloid,0,0,0
2026-08-27 06:01:05.391146,4300.00,merchant001,0,0,0
2026-08-27 05:34:40.163416,4300.00,reptiloid,0,0,0
2026-08-27 04:55:04.355589,4300.00,reptiloid,0,0,0
2026-08-27 04:47:39.920677,4300.00,reptiloid,0,0,0
2026-08-27 04:27:10.312404,4300.00,merchant001,0,0,0
2026-08-27 04:07:38.864228,4300.00,card,0,0,0
2026-08-27 03:30:45.991774,7200.00,reptiloid,0,0,0
2026-08-27 03:09:02.351259,4300.00,reptiloid,0,0,0
2026-08-27 02:54:27.040407,4300.00,reptiloid,0,0,0
2026-08-27 02:31:01.105273,7200.00,merchant001,0,0,0
2026-08-27 02:25:55.418632,1900.00,reptiloid,0,0,0
2026-08-27 02:21:38.03155,3200.00,card,0,0,0
2026-08-27 01:43:23.518254,4400.00,card,0,0,0
2026-08-27 01:37:06.176386,4300.00,card,0,0,0
2026-08-27 01:31:04.153757,1900.00,BALANCE,0,0,0
2026-08-27 01:11:08.28546,1900.00,reptiloid,0,0,0
2026-08-27 01:01:40.951716,4400.00,reptiloid,0,0,0
2026-08-27 00:42:27.808729,5200.00,BALANCE,0,0,0
2026-08-27 00:41:07.768165,7200.00,reptiloid,0,0,0
2026-08-27 00:29:09.585258,7200.00,reptiloid,0,0,0
2026-08-27 00:20:57.438976,4200.00,BALANCE,0,0,0
2026-08-26 23:24:55.064131,7200.00,reptiloid,0,0,0
2026-08-26 23:17:22.563509,7200.00,reptiloid,0,0,0
2026-08-26 23:09:04.457254,4400.00,reptiloid,0,0,0
2026-08-26 22:59:17.305103,7200.00,reptiloid,0,0,0
2026-08-26 22:49:25.763965,7200.00,card,0,0,0
2026-08-26 22:47:09.201882,4400.00,card,0,0,0
2026-08-26 22:41:09.664655,4400.00,card,0,0,0
2026-08-26 22:38:54.659773,1900.00,card,0,0,0
2026-08-26 22:37:27.833467,3000.00,card,0,0,0
2026-08-26 22:16:34.870948,4300.00,card,0,0,0
2026-08-26 21:55:54.639867,0.00,BALANCE,0,0,0
2026-08-26 21:43:31.926284,3000.00,card,0,0,0
2026-08-26 21:21:27.96242,1900.00,reptiloid,0,0,0
2026-08-26 21:01:36.385034,4300.00,reptiloid,0,0,0
2026-08-26 20:59:21.056494,1900.00,reptiloid,0,0,0
2026-08-26 20:59:20.31123,3000.00,reptiloid,0,0,0
2026-08-26 20:55:33.904214,1900.00,reptiloid,0,0,0
2026-08-26 20:37:09.938673,3000.00,card,0,0,0
2026-08-26 20:27:48.557252,4400.00,merchant001,0,0,0
2026-08-26 20:26:14.636361,3000.00,reptiloid,0,0,0
2026-08-26 20:14:48.844934,4400.00,card,0,0,0
2026-08-26 20:10:34.033439,4400.00,reptiloid,0,0,0
2026-08-26 20:04:09.310841,3000.00,card,0,0,0
2026-08-26 19:44:59.885168,1900.00,reptiloid,0,0,0
2026-08-26 19:40:49.301578,1900.00,merchant001,0,0,0
2026-08-26 19:37:13.48158,4300.00,reptiloid,0,0,0
2026-08-26 19:23:58.338188,4300.00,reptiloid,0,0,0
2026-08-26 18:50:40.886947,3500.00,reptiloid,0,0,0
2026-08-26 18:27:00.160782,3200.00,reptiloid,0,0,0
2026-08-26 18:25:37.811115,4400.00,card,0,0,0
2026-08-26 18:05:44.055995,4400.00,reptiloid,0,0,0
2026-08-26 18:01:53.41599,4300.00,card,0,0,0
2026-08-26 18:01:07.668707,7200.00,reptiloid,0,0,0
2026-08-26 17:52:53.50949,3000.00,BALANCE,0,0,0
2026-08-26 17:39:37.969633,4300.00,reptiloid,0,0,0
2026-08-26 17:34:46.281539,3000.00,reptiloid,0,0,0
2026-08-26 17:34:32.599912,4300.00,reptiloid,0,0,0
2026-08-26 17:32:45.510453,4300.00,merchant001,0,0,0
2026-08-26 17:22:49.404399,3500.00,reptiloid,0,0,0
2026-08-26 17:06:04.737761,1900.00,reptiloid,0,0,0
2026-08-26 17:02:38.106883,3800.00,BALANCE,0,0,0
2026-08-26 16:56:47.24867,4300.00,BALANCE,0,0,0
2026-08-26 16:56:13.073418,7200.00,reptiloid,0,0,0
2026-08-26 16:55:33.313559,4300.00,reptiloid,0,0,0
2026-08-26 16:33:25.571479,3200.00,reptiloid,0,0,0
2026-08-26 16:33:08.348991,0.00,BALANCE,0,0,0
2026-08-26 16:33:01.189084,4400.00,reptiloid,0,0,0
2026-08-26 16:18:46.09558,1300.00,BALANCE,0,0,0
2026-08-26 16:17:32.46336,4400.00,merchant001,0,0,0
2026-08-26 16:14:12.075488,4300.00,card,0,0,0
2026-08-26 16:12:21.996343,3200.00,nirvana,0,0,0
2026-08-26 16:02:26.471072,3200.00,reptiloid,0,0,0
2026-08-26 15:54:26.64127,4300.00,card,0,0,0
2026-08-26 15:52:26.819667,3000.00,reptiloid,0,0,0
2026-08-26 15:50:22.064106,7200.00,BALANCE,0,0,0
2026-08-26 15:39:00.171488,7200.00,BALANCE,0,0,0
2026-08-26 15:32:12.692275,4300.00,reptiloid,0,0,0
2026-08-26 15:29:31.0139,3080.000,USDT,0,0,43.886000
2026-08-26 15:18:20.431173,7200.00,reptiloid,0,0,0
2026-08-26 15:10:40.356675,7200.00,nirvana,0,0,0
2026-08-26 14:54:23.208219,3200.00,nirvana,0,0,0
2026-08-26 14:31:13.064956,4300.00,reptiloid,0,0,0
2026-08-26 14:26:40.439998,1900.00,reptiloid,0,0,0
2026-08-26 14:25:18.467748,4300.00,reptiloid,0,0,0
2026-08-26 14:17:19.4094,7200.00,reptiloid,0,0,0
2026-08-26 13:53:15.197147,1300.00,BALANCE,0,0,0
2026-08-26 13:34:33.187464,7200.00,card,0,0,0
2026-08-26 13:33:54.868596,4300.00,card,0,0,0
2026-08-26 13:30:34.46636,4300.00,reptiloid,0,0,0
2026-08-26 13:01:03.876297,4200.00,BALANCE,0,0,0
2026-08-26 12:53:15.086329,4300.00,reptiloid,0,0,0
2026-08-26 12:43:21.485155,1900.00,reptiloid,0,0,0
2026-08-26 12:03:51.124092,1700.00,BALANCE,0,0,0
2026-08-26 11:47:22.64327,7200.00,reptiloid,0,0,0
2026-08-26 11:29:56.045228,4300.00,reptiloid,0,0,0
2026-08-26 11:22:38.456844,4300.00,reptiloid,0,0,0
2026-08-26 10:39:26.703176,7200.00,reptiloid,0,0,0
2026-08-26 09:17:31.488035,4300.00,reptiloid,0,0,0
2026-08-26 09:04:12.990731,0.00,BALANCE,0,0,0
2026-08-26 07:57:32.733876,4300.00,reptiloid,0,0,0
2026-08-26 05:36:24.633181,7200.00,reptiloid,0,0,0
2026-08-26 04:47:22.5816,7200.00,reptiloid,0,0,0
2026-08-26 01:26:25.751987,4300.00,reptiloid,0,0,0
2026-08-26 00:46:12.916823,1100.00,BALANCE,0,0,0
2026-08-26 00:22:19.686365,4300.00,reptiloid,0,0,0
2026-08-25 23:19:54.72415,7200.00,reptiloid,0,0,0
2026-08-25 23:19:31.971508,7200.00,nirvana,0,0,0
2026-08-25 23:12:35.541949,4300.00,merchant001,0,0,0
2026-08-25 23:10:50.679286,3000.00,reptiloid,0,0,0
2026-08-25 22:55:56.838221,7200.00,reptiloid,0,0,0
2026-08-25 22:35:58.714031,7200.00,reptiloid,0,0,0
2026-08-25 22:32:56.561247,4300.00,reptiloid,0,0,0
2026-08-25 22:23:35.666491,1900.00,reptiloid,0,0,0
2026-08-25 21:45:04.105229,7200.00,reptiloid,0,0,0
2026-08-25 21:15:31.13925,1300.00,BALANCE,0,0,0
2026-08-25 20:34:11.159761,1900.00,reptiloid,0,0,0
2026-08-25 20:26:07.621944,0.00,BALANCE,0,0,0
2026-08-25 20:23:48.693635,0.00,BALANCE,0,0,0
2026-08-25 20:21:36.629794,7200.00,reptiloid,0,0,0
2026-08-25 20:10:10.095393,4300.00,reptiloid,0,0,0
2026-08-25 20:09:35.245998,7200.00,BALANCE,0,0,0
2026-08-25 20:06:01.169137,3000.00,BALANCE,0,0,0
2026-08-25 20:03:42.139671,1300.00,BALANCE,0,0,0
2026-08-25 20:03:40.74672,0.00,BALANCE,0,0,0
2026-08-25 19:39:18.543906,4300.00,reptiloid,0,0,0
2026-08-25 19:24:29.234596,7200.00,reptiloid,0,0,0
2026-08-25 19:16:57.494524,7200.00,reptiloid,0,0,0
2026-08-25 19:12:54.432722,4300.00,reptiloid,0,0,0
2026-08-25 19:03:18.356329,4300.00,BALANCE,0,0,0
2026-08-25 19:01:02.183292,0.00,BALANCE,0,0,0
2026-08-25 18:57:45.013849,7200.00,reptiloid,0,0,0
2026-08-25 18:56:34.766127,4300.00,reptiloid,0,0,0
2026-08-25 18:53:51.895334,4300.00,reptiloid,0,0,0
2026-08-25 18:52:21.663202,4300.00,reptiloid,0,0,0
2026-08-25 18:48:16.117767,7200.00,reptiloid,0,0,0
2026-08-25 18:43:54.863572,7200.00,merchant001,0,0,0
2026-08-25 18:43:20.961299,4300.00,card,0,0,0
2026-08-25 18:39:25.302851,4300.00,reptiloid,0,0,0
2026-08-25 18:27:33.472781,4300.00,card,0,0,0
2026-08-25 18:24:25.307862,4300.00,card,0,0,0
2026-08-25 18:16:06.804054,4300.00,reptiloid,0,0,0
2026-08-25 18:11:49.848448,3010.000,USDT,0,0,42.888000
2026-08-25 17:55:54.47441,4300.00,BALANCE,0,0,0
2026-08-25 17:55:14.396317,4300.00,merchant001,0,0,0
2026-08-25 17:29:54.461218,7200.00,reptiloid,0,0,0
2026-08-25 17:27:21.895175,1900.00,reptiloid,0,0,0
2026-08-25 17:21:16.345729,3010.000,USDT,0,0,42.888000
2026-08-25 17:18:33.282301,4300.00,reptiloid,0,0,0
2026-08-25 17:15:23.184624,4300.00,reptiloid,0,0,0
2026-08-25 16:42:14.106753,0.00,BALANCE,0,0,0
2026-08-25 16:26:00.921005,7200.00,reptiloid,0,0,0
2026-08-25 16:21:37.558333,4300.00,card,0,0,0
2026-08-25 16:15:55.903634,1100.00,BALANCE,0,0,0
2026-08-25 13:59:42.769238,7200.00,reptiloid,0,0,0
2026-08-25 13:58:03.135336,3200.00,reptiloid,0,0,0
2026-08-25 13:38:35.169924,7200.00,reptiloid,0,0,0
2026-08-25 13:23:55.316836,4300.00,reptiloid,0,0,0
2026-08-25 12:46:05.56569,7200.00,reptiloid,0,0,0
2026-08-25 12:25:15.924749,0.00,BALANCE,0,0,0
2026-08-25 12:24:12.442663,1900.00,reptiloid,0,0,0
2026-08-25 12:23:48.964089,4300.00,BALANCE,0,0,0
2026-08-25 12:20:33.555902,0.00,BALANCE,0,0,0
2026-08-25 11:40:45.983862,7200.00,reptiloid,0,0,0
2026-08-25 11:36:14.840982,1300.00,BALANCE,0,0,0
2026-08-25 11:26:14.924437,4300.00,reptiloid,0,0,0
2026-08-25 11:12:22.714239,7200.00,reptiloid,0,0,0
2026-08-25 10:42:08.384028,1900.00,reptiloid,0,0,0
2026-08-25 10:20:57.103022,1900.00,reptiloid,0,0,0
2026-08-25 10:09:29.576939,4300.00,BALANCE,0,0,0
2026-08-25 09:59:48.328578,4300.00,card,0,0,0
2026-08-25 09:48:03.083766,7200.00,card,0,0,0
2026-08-25 09:36:56.708217,7200.00,reptiloid,0,0,0
2026-08-25 09:23:36.867469,3000.00,BALANCE,0,0,0
2026-08-25 08:41:36.575318,5040.000,USDT,0,0,71.813000
2026-08-25 08:29:54.036211,1900.00,card,0,0,0
2026-08-25 08:24:27.1245,4300.00,reptiloid,0,0,0
2026-08-25 07:07:44.5833,7200.00,card,0,0,0
2026-08-25 05:31:06.255257,1900.00,BALANCE,0,0,0
2026-08-25 04:30:41.569305,4300.00,reptiloid,0,0,0
2026-08-25 04:03:28.47007,4300.00,reptiloid,0,0,0
2026-08-25 02:23:31.255886,4200.00,BALANCE,0,0,0
2026-08-25 02:07:22.518113,4300.00,card,0,0,0
2026-08-25 01:11:22.117565,1900.00,BALANCE,0,0,0
2026-08-25 00:17:50.089704,1300.00,BALANCE,0,0,0
2026-08-25 00:17:18.369125,4300.00,reptiloid,0,0,0
2026-08-24 23:07:39.578379,3200.00,card,0,0,0
2026-08-24 22:40:40.607607,4200.00,BALANCE,0,0,0
2026-08-24 22:19:31.031224,7200.00,merchant001,0,0,0
2026-08-24 22:19:14.75434,4300.00,BALANCE,0,0,0
2026-08-24 22:04:37.217558,2600.00,BALANCE,0,0,0
2026-08-24 21:28:13.726537,7200.00,BALANCE,0,0,0
2026-08-24 21:20:12.472945,7200.00,nirvana,0,0,0
2026-08-24 21:14:00.837865,4400.00,BALANCE,0,0,0
2026-08-24 21:02:42.524059,4300.00,card,0,0,0
2026-08-24 20:48:10.202542,7200.00,reptiloid,0,0,0
2026-08-24 20:47:51.458682,4400.00,nirvana,0,0,0
2026-08-24 20:33:39.374576,4400.00,BALANCE,0,0,0
2026-08-24 20:22:13.460986,4300.00,reptiloid,0,0,0
2026-08-24 20:18:06.089251,4300.00,card,0,0,0
2026-08-24 20:02:50.391744,4300.00,reptiloid,0,0,0
2026-08-24 20:01:38.754723,4400.00,reptiloid,0,0,0
2026-08-24 19:44:58.041358,1400.00,BALANCE,0,0,0
2026-08-24 19:42:36.529545,1300.00,BALANCE,0,0,0
2026-08-24 19:36:15.3345,4400.00,BALANCE,0,0,0
2026-08-24 19:27:38.204781,4300.00,reptiloid,0,0,0
2026-08-24 19:22:41.875616,3010.000,USDT,0,0,42.888000
2026-08-24 18:55:12.706043,4300.00,reptiloid,0,0,0
2026-08-24 18:54:43.224493,4300.00,reptiloid,0,0,0
2026-08-24 18:53:12.802433,7200.00,reptiloid,0,0,0
2026-08-24 18:51:26.202926,1900.00,BALANCE,0,0,0
2026-08-24 18:47:12.81866,4300.00,BALANCE,0,0,0
2026-08-24 18:39:29.617601,4300.00,card,0,0,0
2026-08-24 18:39:11.347681,4400.00,card,0,0,0
2026-08-24 18:32:39.318823,4300.00,reptiloid,0,0,0
2026-08-24 18:25:09.714136,7200.00,reptiloid,0,0,0
2026-08-24 18:22:29.462066,4300.00,reptiloid,0,0,0
2026-08-24 18:19:14.755585,4300.00,card,0,0,0
2026-08-24 18:06:52.344111,4300.00,card,0,0,0
2026-08-24 17:38:17.71139,4300.00,merchant001,0,0,0
2026-08-24 17:35:29.05086,4300.00,card,0,0,0
2026-08-24 17:25:01.98636,4400.00,merchant001,0,0,0
2026-08-24 17:21:24.981228,1300.00,BALANCE,0,0,0
2026-08-24 17:18:51.108429,4300.00,reptiloid,0,0,0
2026-08-24 17:06:52.497016,4300.00,card,0,0,0
2026-08-24 16:22:55.170095,4300.00,reptiloid,0,0,0
2026-08-24 16:18:30.048759,7200.00,reptiloid,0,0,0
2026-08-24 16:14:22.825476,1900.00,BALANCE,0,0,0
2026-08-24 16:06:03.050366,3200.00,BALANCE,0,0,0
2026-08-24 15:59:00.490183,4300.00,card,0,0,0
2026-08-24 15:57:11.457531,4300.00,reptiloid,0,0,0
2026-08-24 15:33:41.285985,2400.00,reptiloid,0,0,0
2026-08-24 15:32:50.831104,1900.00,reptiloid,0,0,0
2026-08-24 15:32:49.068142,1900.00,merchant001,0,0,0
2026-08-24 15:27:02.367478,4300.00,reptiloid,0,0,0
2026-08-24 15:26:36.83657,4300.00,reptiloid,0,0,0
2026-08-24 15:20:01.319395,4300.00,reptiloid,0,0,0
2026-08-24 15:16:16.437516,1900.00,BALANCE,0,0,0
2026-08-24 15:11:03.73419,3200.00,BALANCE,0,0,0
2026-08-24 15:05:30.78255,7200.00,reptiloid,0,0,0
2026-08-24 14:59:06.960799,4300.00,reptiloid,0,0,0
2026-08-24 14:48:51.091239,1300.00,BALANCE,0,0,0
2026-08-24 14:45:50.157761,4300.00,card,0,0,0
2026-08-24 14:43:16.791844,4300.00,card,0,0,0
2026-08-24 14:41:50.689806,2720.0000,LTC,0,0.73120659,0
2026-08-24 14:41:32.667104,4300.00,reptiloid,0,0,0
2026-08-24 14:27:42.746833,4300.00,card,0,0,0
2026-08-24 14:25:45.808188,3200.00,reptiloid,0,0,0
2026-08-24 14:21:04.9332,4300.00,reptiloid,0,0,0
2026-08-24 14:05:57.427758,4300.00,reptiloid,0,0,0
2026-08-24 14:00:43.191753,4300.00,merchant001,0,0,0
2026-08-24 13:54:22.626355,4200.00,BALANCE,0,0,0
2026-08-24 13:47:24.167063,4300.00,BALANCE,0,0,0
2026-08-24 13:38:00.51171,4300.00,reptiloid,0,0,0
2026-08-24 13:33:28.30785,4300.00,BALANCE,0,0,0
2026-08-24 13:31:31.698918,4300.00,reptiloid,0,0,0
2026-08-24 13:24:49.702056,3010.000,USDT,0,0,42.888000
2026-08-24 13:13:43.564834,3010.000,USDT,0,0,42.888000
2026-08-24 13:10:08.273101,4400.00,card,0,0,0
2026-08-24 12:56:17.78283,4300.00,reptiloid,0,0,0
2026-08-24 12:44:52.596213,1300.00,BALANCE,0,0,0
2026-08-24 12:41:54.541483,4300.00,merchant001,0,0,0
2026-08-24 12:39:51.931112,1900.00,BALANCE,0,0,0
2026-08-24 12:35:25.818743,4300.00,BALANCE,0,0,0
2026-08-24 12:29:46.913068,4300.00,card,0,0,0
2026-08-24 12:25:49.628511,4300.00,BALANCE,0,0,0
2026-08-24 12:25:18.685169,4300.00,BALANCE,0,0,0
2026-08-24 12:24:09.505296,4300.00,card,0,0,0
2026-08-24 12:00:01.305688,1615.0000,LTC,0,0.44189514,0
2026-08-24 11:22:33.414076,7200.00,merchant001,0,0,0
2026-08-24 10:38:53.63756,4300.00,BALANCE,0,0,0
2026-08-24 10:35:57.686709,1900.00,merchant001,0,0,0
2026-08-24 09:09:36.261324,3200.00,reptiloid,0,0,0
2026-08-24 08:28:56.412691,4300.00,reptiloid,0,0,0
2026-08-24 07:20:07.586432,4300.00,merchant001,0,0,0
2026-08-24 06:45:50.259529,7200.00,card,0,0,0
2026-08-24 06:27:09.693235,4300.00,card,0,0,0
2026-08-24 05:40:50.145381,4300.00,card,0,0,0
2026-08-24 03:27:22.473974,1900.00,reptiloid,0,0,0
2026-08-24 03:10:39.338558,4300.00,merchant001,0,0,0
2026-08-24 02:23:48.005,1900.00,reptiloid,0,0,0
2026-08-24 00:28:25.566627,3200.00,reptiloid,0,0,0
2026-08-24 00:14:28.863314,3200.00,reptiloid,0,0,0
2026-08-24 00:12:20.017876,4300.00,card,0,0,0
2026-08-23 23:25:11.19158,2400.00,BALANCE,0,0,0
2026-08-23 22:36:45.128758,1900.00,merchant001,0,0,0
2026-08-23 22:22:39.232561,1300.00,BALANCE,0,0,0
2026-08-23 22:20:27.4185,7200.00,merchant001,0,0,0
2026-08-23 21:58:01.182681,1900.00,reptiloid,0,0,0
2026-08-23 21:56:53.235008,1900.00,BALANCE,0,0,0
2026-08-23 21:39:20.375674,5040.000,USDT,0,0,71.813000
2026-08-23 21:36:13.937808,4400.00,nirvana,0,0,0
2026-08-23 21:28:58.537915,7200.00,merchant001,0,0,0
2026-08-23 21:27:20.693925,7200.00,nirvana,0,0,0
2026-08-23 21:26:49.80542,4300.00,reptiloid,0,0,0
2026-08-23 21:25:41.152906,1900.00,card,0,0,0
2026-08-23 21:11:19.561124,7200.00,reptiloid,0,0,0
2026-08-23 21:02:10.598884,7200.00,BALANCE,0,0,0
2026-08-23 21:01:50.965361,3000.00,BALANCE,0,0,0
2026-08-23 20:53:58.921936,4300.00,reptiloid,0,0,0
2026-08-23 20:47:57.428929,7200.00,nirvana,0,0,0
2026-08-23 20:40:20.115802,7200.00,reptiloid,0,0,0
2026-08-23 20:22:28.337729,4300.00,BALANCE,0,0,0
2026-08-23 20:07:56.566728,1300.00,BALANCE,0,0,0
2026-08-23 20:04:15.761495,2400.00,BALANCE,0,0,0
2026-08-23 20:00:49.241309,3200.00,reptiloid,0,0,0
2026-08-23 19:58:17.057853,4300.00,card,0,0,0
2026-08-23 19:54:23.567896,7200.00,card,0,0,0
2026-08-23 19:52:30.872241,2400.00,BALANCE,0,0,0
2026-08-23 19:46:36.387279,7200.00,reptiloid,0,0,0
2026-08-23 19:42:33.681721,3000.00,reptiloid,0,0,0
2026-08-23 19:42:27.370671,4300.00,merchant001,0,0,0
2026-08-23 19:37:57.995586,4300.00,reptiloid,0,0,0
2026-08-23 19:19:15.121009,4400.00,reptiloid,0,0,0
2026-08-23 19:18:27.16976,4300.00,reptiloid,0,0,0
2026-08-23 19:13:57.649895,4300.00,merchant001,0,0,0
2026-08-23 19:12:44.355925,900.00,BALANCE,0,0,0
2026-08-23 18:24:38.657634,4300.00,reptiloid,0,0,0
2026-08-23 18:24:01.921183,7200.00,reptiloid,0,0,0
2026-08-23 18:14:24.956013,4300.00,reptiloid,0,0,0
2026-08-23 18:13:46.25436,4300.00,reptiloid,0,0,0
2026-08-23 18:06:12.270502,4300.00,reptiloid,0,0,0
2026-08-23 17:54:23.81326,2400.00,BALANCE,0,0,0
2026-08-23 17:52:29.812228,1900.00,BALANCE,0,0,0
2026-08-23 17:32:38.413384,1900.00,reptiloid,0,0,0
2026-08-23 17:25:57.213153,1300.00,BALANCE,0,0,0
2026-08-23 17:11:57.788024,3740.0000,LTC,0,1.02010304,0
2026-08-23 17:04:52.719396,4400.00,card,0,0,0
2026-08-23 16:57:21.695301,4300.00,merchant001,0,0,0
2026-08-23 16:54:49.278455,4300.00,reptiloid,0,0,0
2026-08-23 16:53:09.346031,7200.00,reptiloid,0,0,0
2026-08-23 16:22:58.423596,7200.00,BALANCE,0,0,0
2026-08-23 16:20:17.662962,4300.00,card,0,0,0
2026-08-23 16:18:50.553678,4400.00,card,0,0,0
2026-08-23 16:16:49.787982,1900.00,reptiloid,0,0,0
2026-08-23 16:09:12.487508,7200.00,reptiloid,0,0,0
2026-08-23 15:48:08.1366,1900.00,reptiloid,0,0,0
2026-08-23 15:35:55.65307,4400.00,BALANCE,0,0,0
2026-08-23 15:35:36.121616,4300.00,reptiloid,0,0,0
2026-08-23 15:27:39.365111,4400.00,BALANCE,0,0,0
2026-08-23 15:25:46.442231,4300.00,card,0,0,0
2026-08-23 15:25:03.080733,1900.00,reptiloid,0,0,0
2026-08-23 15:17:10.256236,3080.000,USDT,0,0,43.886000
2026-08-23 15:12:24.938191,3500.00,card,0,0,0
2026-08-23 15:02:55.937865,4300.00,reptiloid,0,0,0
2026-08-23 14:48:42.490618,4400.00,merchant001,0,0,0
2026-08-23 14:42:27.845571,4300.00,merchant001,0,0,0
2026-08-23 14:39:05.33632,4300.00,reptiloid,0,0,0
2026-08-23 14:32:38.6792,3200.00,BALANCE,0,0,0
2026-08-23 14:31:48.228258,7200.00,merchant001,0,0,0
2026-08-23 14:24:00.646697,7200.00,card,0,0,0
2026-08-23 13:30:57.242232,4300.00,reptiloid,0,0,0
2026-08-23 13:08:42.545461,3200.00,BALANCE,0,0,0
2026-08-23 13:04:48.223296,4300.00,reptiloid,0,0,0
2026-08-23 12:54:31.980002,1330.000,USDT,0,0,18.951000
2026-08-23 12:54:04.648856,1300.00,BALANCE,0,0,0
2026-08-23 12:48:33.691027,4300.00,reptiloid,0,0,0
2026-08-23 12:44:03.896912,1900.00,reptiloid,0,0,0
2026-08-23 12:42:40.94566,4300.00,BALANCE,0,0,0
2026-08-23 12:16:38.839306,4300.00,card,0,0,0
2026-08-23 11:48:11.975777,7200.00,reptiloid,0,0,0
2026-08-23 11:38:06.044309,4300.00,card,0,0,0
2026-08-23 11:25:47.811419,3010.000,USDT,0,0,42.888000
2026-08-23 11:21:11.350106,7200.00,reptiloid,0,0,0
2026-08-23 11:12:02.026876,7200.00,reptiloid,0,0,0
2026-08-23 10:53:42.734873,7200.00,reptiloid,0,0,0
2026-08-23 10:31:52.401045,3500.00,reptiloid,0,0,0
2026-08-23 10:29:57.076802,4300.00,reptiloid,0,0,0
2026-08-23 09:22:42.825306,4300.00,reptiloid,0,0,0
2026-08-23 09:06:32.373462,1200.00,BALANCE,0,0,0
2026-08-23 08:56:55.356364,4300.00,reptiloid,0,0,0
2026-08-23 07:57:50.713787,1900.00,merchant001,0,0,0
2026-08-23 06:18:32.995167,7200.00,merchant001,0,0,0
2026-08-23 04:48:10.040321,7200.00,merchant001,0,0,0
2026-08-23 04:10:45.384538,1900.00,reptiloid,0,0,0
2026-08-23 03:45:17.009262,4300.00,reptiloid,0,0,0
2026-08-23 03:02:08.425862,1900.00,reptiloid,0,0,0
2026-08-23 01:52:43.794579,4300.00,reptiloid,0,0,0
2026-08-23 01:46:42.803348,4300.00,reptiloid,0,0,0
2026-08-23 01:10:53.73622,4300.00,merchant001,0,0,0
2026-08-23 01:03:50.957497,7200.00,merchant001,0,0,0
2026-08-22 23:56:26.822167,4300.00,card,0,0,0
2026-08-22 23:40:02.435527,4300.00,BALANCE,0,0,0
2026-08-22 23:35:07.380625,4300.00,reptiloid,0,0,0
2026-08-22 22:51:10.81032,1300.00,BALANCE,0,0,0
2026-08-22 21:21:43.249954,0.00,BALANCE,0,0,0
2026-08-22 21:01:37.449683,1900.00,reptiloid,0,0,0
2026-08-22 20:45:24.305637,1300.00,BALANCE,0,0,0
2026-08-22 20:38:45.969,7200.00,merchant001,0,0,0
2026-08-22 20:20:46.398864,3200.00,reptiloid,0,0,0
2026-08-22 20:18:42.132267,4300.00,merchant001,0,0,0
2026-08-22 19:57:17.919211,7200.00,reptiloid,0,0,0
2026-08-22 19:44:56.714724,4300.00,merchant001,0,0,0
2026-08-22 19:43:12.788435,7200.00,reptiloid,0,0,0
2026-08-22 19:23:40.220202,4300.00,reptiloid,0,0,0
2026-08-22 18:53:40.519745,0.00,BALANCE,0,0,0
2026-08-22 18:53:21.532324,7200.00,card,0,0,0
2026-08-22 18:47:32.309684,4300.00,card,0,0,0
2026-08-22 18:45:30.607097,4200.00,BALANCE,0,0,0
2026-08-22 18:43:26.978738,4300.00,card,0,0,0
2026-08-22 18:20:19.053132,3200.00,BALANCE,0,0,0
2026-08-22 18:20:12.520603,4300.00,merchant001,0,0,0
2026-08-22 18:17:08.512098,4300.00,merchant001,0,0,0
2026-08-22 18:13:03.437408,7200.00,merchant001,0,0,0
2026-08-22 18:03:19.880921,4300.00,card,0,0,0
2026-08-22 17:56:42.514945,4300.00,merchant001,0,0,0
2026-08-22 17:54:51.325115,3200.00,BALANCE,0,0,0
2026-08-22 17:52:11.911168,4300.00,nirvana,0,0,0
2026-08-22 17:50:33.034195,1900.00,merchant001,0,0,0
2026-08-22 17:47:59.724417,0.00,BALANCE,0,0,0
2026-08-22 17:38:40.170534,4000.00,BALANCE,0,0,0
2026-08-22 17:29:06.592383,0.00,BALANCE,0,0,0
2026-08-22 17:29:06.355796,1900.00,merchant001,0,0,0
2026-08-22 17:21:26.81228,4300.00,card,0,0,0
2026-08-22 17:12:02.060842,1900.00,merchant001,0,0,0
2026-08-22 17:06:55.064902,4300.00,merchant001,0,0,0
2026-08-22 17:03:32.074744,7200.00,merchant001,0,0,0
2026-08-22 16:59:00.703769,1900.00,card,0,0,0
2026-08-22 16:42:51.536227,4200.00,BALANCE,0,0,0
2026-08-22 16:33:58.533808,4300.00,merchant001,0,0,0
2026-08-22 16:25:36.195939,7200.00,merchant001,0,0,0
2026-08-22 16:06:52.695811,1100.00,BALANCE,0,0,0
2026-08-22 15:49:03.235068,1900.00,merchant001,0,0,0
2026-08-22 15:37:37.207483,7200.00,BALANCE,0,0,0
2026-08-22 15:36:51.503277,4300.00,onlypays,0,0,0
2026-08-22 15:31:12.821346,7200.00,merchant001,0,0,0
2026-08-22 15:23:02.954438,1900.00,BALANCE,0,0,0
2026-08-22 15:15:53.87426,1900.00,BALANCE,0,0,0
2026-08-22 15:10:58.240348,7200.00,BALANCE,0,0,0
2026-08-22 14:47:25.38236,4300.00,reptiloid,0,0,0
2026-08-22 14:43:30.743689,5040.000,USDT,0,0,71.813000
2026-08-22 14:24:19.378464,7200.00,reptiloid,0,0,0
2026-08-22 14:23:19.101301,3000.00,reptiloid,0,0,0
2026-08-22 14:03:17.209834,4300.00,reptiloid,0,0,0
2026-08-22 13:54:58.665594,7200.00,reptiloid,0,0,0
2026-08-22 13:51:48.531957,4300.00,reptiloid,0,0,0
2026-08-22 13:40:10.461851,4300.00,BALANCE,0,0,0
2026-08-22 13:16:50.343846,7200.00,reptiloid,0,0,0
2026-08-22 12:55:48.168932,1900.00,merchant001,0,0,0
2026-08-22 12:31:39.96207,7200.00,reptiloid,0,0,0
2026-08-22 12:23:16.906683,4300.00,reptiloid,0,0,0
2026-08-22 12:09:35.678862,4300.00,reptiloid,0,0,0
2026-08-22 12:05:14.577916,7200.00,reptiloid,0,0,0
2026-08-22 12:04:20.238275,4300.00,reptiloid,0,0,0
2026-08-22 12:00:43.183524,7200.00,nirvana,0,0,0
2026-08-22 11:56:04.092284,3300.00,BALANCE,0,0,0
2026-08-22 11:29:53.896822,4300.00,reptiloid,0,0,0
2026-08-22 11:18:16.955933,4200.00,BALANCE,0,0,0
2026-08-22 11:14:58.700442,4300.00,BALANCE,0,0,0
2026-08-22 10:49:22.308382,4300.00,reptiloid,0,0,0
2026-08-22 10:45:24.631591,4300.00,nirvana,0,0,0
2026-08-22 10:16:13.82723,1900.00,reptiloid,0,0,0
2026-08-22 10:10:37.811974,0.00,BALANCE,0,0,0
2026-08-22 09:48:14.076828,7200.00,reptiloid,0,0,0
2026-08-22 09:22:41.992334,1900.00,reptiloid,0,0,0
2026-08-22 09:10:49.3491,4300.00,reptiloid,0,0,0
2026-08-22 09:09:07.622851,4300.00,reptiloid,0,0,0
2026-08-22 08:59:38.879927,4300.00,reptiloid,0,0,0
2026-08-22 08:30:38.714465,4300.00,reptiloid,0,0,0
2026-08-22 07:53:46.425584,4300.00,merchant001,0,0,0
2026-08-22 06:44:45.809382,4300.00,merchant001,0,0,0
2026-08-22 05:54:03.287755,4300.00,reptiloid,0,0,0
2026-08-22 04:03:15.06478,4300.00,reptiloid,0,0,0
2026-08-22 03:46:01.2381,1900.00,reptiloid,0,0,0
2026-08-22 03:18:13.99646,4300.00,reptiloid,0,0,0
2026-08-22 03:05:41.963245,7200.00,reptiloid,0,0,0
2026-08-22 02:49:21.641514,1900.00,reptiloid,0,0,0
2026-08-22 01:59:14.554278,4300.00,reptiloid,0,0,0
2026-08-22 01:16:19.840249,3010.000,USDT,0,0,42.888000
2026-08-22 01:05:41.596375,1900.00,reptiloid,0,0,0
2026-08-22 00:36:43.290744,1300.00,BALANCE,0,0,0
2026-08-22 00:29:51.299579,1300.00,BALANCE,0,0,0
2026-08-21 23:41:20.3844,4300.00,card,0,0,0
2026-08-21 23:37:52.902029,4300.00,reptiloid,0,0,0
2026-08-21 23:29:58.327615,4300.00,merchant001,0,0,0
2026-08-21 23:17:13.893706,4300.00,reptiloid,0,0,0
2026-08-21 23:08:13.913889,4300.00,reptiloid,0,0,0
2026-08-21 22:54:59.596869,4300.00,reptiloid,0,0,0
2026-08-21 22:53:08.976738,4300.00,card,0,0,0
2026-08-21 22:47:04.238555,4300.00,card,0,0,0
2026-08-21 22:32:54.711354,4300.00,card,0,0,0
2026-08-21 22:23:18.960563,4300.00,reptiloid,0,0,0
2026-08-21 22:14:19.570954,7200.00,reptiloid,0,0,0
2026-08-21 22:12:35.576749,4300.00,reptiloid,0,0,0
2026-08-21 22:03:29.55229,4300.00,merchant001,0,0,0
2026-08-21 22:02:10.610362,4300.00,BALANCE,0,0,0
2026-08-21 21:57:53.610709,7200.00,reptiloid,0,0,0
2026-08-21 21:57:12.43657,1900.00,card,0,0,0
2026-08-21 21:34:32.485873,1300.00,BALANCE,0,0,0
2026-08-21 21:24:22.673152,4300.00,reptiloid,0,0,0
2026-08-21 21:20:30.10802,4300.00,reptiloid,0,0,0
2026-08-21 21:01:17.823225,3010.000,USDT,0,0,42.888000
2026-08-21 20:14:52.16809,4300.00,BALANCE,0,0,0
2026-08-21 20:02:54.036641,1300.00,BALANCE,0,0,0
2026-08-21 20:00:37.679695,4300.00,reptiloid,0,0,0
2026-08-21 19:35:41.104073,3655.0000,LTC,0,1.05040236,0
2026-08-21 19:24:54.634734,4300.00,BALANCE,0,0,0
2026-08-21 18:55:43.092664,3200.00,reptiloid,0,0,0
2026-08-21 18:51:15.124688,1900.00,reptiloid,0,0,0
2026-08-21 18:50:22.215797,7200.00,reptiloid,0,0,0
2026-08-21 18:47:12.331195,3010.000,USDT,0,0,42.888000
2026-08-21 18:39:02.517081,4300.00,reptiloid,0,0,0
2026-08-21 18:21:07.6945,7200.00,reptiloid,0,0,0
2026-08-21 18:17:17.504433,4300.00,reptiloid,0,0,0
2026-08-21 18:14:07.948193,0.00,BALANCE,0,0,0
2026-08-21 18:09:33.421211,4300.00,reptiloid,0,0,0
2026-08-21 18:09:06.281454,4300.00,reptiloid,0,0,0
2026-08-21 18:08:15.670223,3010.000,USDT,0,0,42.888000
2026-08-21 18:02:19.303037,3200.00,reptiloid,0,0,0
2026-08-21 17:55:12.377963,4300.00,reptiloid,0,0,0
2026-08-21 17:50:57.025368,3010.000,USDT,0,0,42.888000
2026-08-21 17:49:46.349842,7200.00,reptiloid,0,0,0
2026-08-21 17:48:22.700709,1300.00,BALANCE,0,0,0
2026-08-21 17:45:05.597384,7200.00,BALANCE,0,0,0
2026-08-21 17:37:07.765866,7200.00,reptiloid,0,0,0
2026-08-21 17:25:20.749406,4300.00,BALANCE,0,0,0
2026-08-21 17:24:47.991083,3000.00,reptiloid,0,0,0
2026-08-21 17:19:02.415386,1300.00,BALANCE,0,0,0
2026-08-21 17:16:17.075253,1300.00,BALANCE,0,0,0
2026-08-21 17:06:07.842725,4300.00,reptiloid,0,0,0
2026-08-21 16:54:07.520375,1900.00,reptiloid,0,0,0
2026-08-21 16:45:33.50589,7200.00,reptiloid,0,0,0
2026-08-21 16:36:00.677589,1400.00,BALANCE,0,0,0
2026-08-21 16:33:56.526308,4300.00,reptiloid,0,0,0
2026-08-21 16:31:33.781712,4300.00,reptiloid,0,0,0
2026-08-21 16:12:57.061936,1900.00,merchant001,0,0,0
2026-08-21 16:11:40.24583,4300.00,BALANCE,0,0,0
2026-08-21 16:08:57.800904,4300.00,nirvana,0,0,0
2026-08-21 16:08:31.327163,4300.00,reptiloid,0,0,0
2026-08-21 15:45:43.623846,7200.00,BALANCE,0,0,0
2026-08-21 15:36:57.304984,4300.00,BALANCE,0,0,0
2026-08-21 15:08:56.403868,3010.000,USDT,0,0,42.888000
2026-08-21 15:08:21.760469,4300.00,reptiloid,0,0,0
2026-08-21 14:55:08.642939,3200.00,reptiloid,0,0,0
2026-08-21 14:47:37.763999,4300.00,BALANCE,0,0,0
2026-08-21 14:46:00.545292,1900.00,reptiloid,0,0,0
2026-08-21 14:41:41.279067,4300.00,reptiloid,0,0,0
2026-08-21 14:38:12.118623,3200.00,BALANCE,0,0,0
2026-08-21 14:29:53.844082,1300.00,BALANCE,0,0,0
2026-08-21 14:21:24.914958,7200.00,reptiloid,0,0,0
2026-08-21 14:21:12.757548,1900.00,merchant001,0,0,0
2026-08-21 14:15:17.432115,4300.00,reptiloid,0,0,0
2026-08-21 14:10:07.00699,4300.00,reptiloid,0,0,0
2026-08-21 14:06:54.389881,1900.00,reptiloid,0,0,0
2026-08-21 13:57:46.229478,4300.00,reptiloid,0,0,0
2026-08-21 13:47:30.744558,7200.00,reptiloid,0,0,0
2026-08-21 13:43:57.505468,0.00,BALANCE,0,0,0
2026-08-21 13:37:16.425825,4300.00,reptiloid,0,0,0
2026-08-21 13:31:59.786157,4300.00,card,0,0,0
2026-08-21 13:27:21.381055,7200.00,reptiloid,0,0,0
2026-08-21 13:26:46.223436,4300.00,card,0,0,0
2026-08-21 13:26:11.016169,4300.00,reptiloid,0,0,0
2026-08-21 13:17:44.844495,3010.000,USDT,0,0,42.888000
2026-08-21 13:16:36.403495,0.00,BALANCE,0,0,0
2026-08-21 13:13:20.184099,7200.00,reptiloid,0,0,0
2026-08-21 13:11:31.775142,1300.00,BALANCE,0,0,0
2026-08-21 12:58:51.678276,7200.00,reptiloid,0,0,0
2026-08-21 12:58:09.094808,7200.00,reptiloid,0,0,0
2026-08-21 12:28:14.177671,1900.00,card,0,0,0
2026-08-21 12:24:12.361095,3000.00,BALANCE,0,0,0
2026-08-21 12:15:37.058515,4300.00,BALANCE,0,0,0
2026-08-21 12:07:18.852231,2200.00,BALANCE,0,0,0
2026-08-21 12:02:17.808698,4300.00,reptiloid,0,0,0
2026-08-21 12:00:12.920075,1330.000,USDT,0,0,18.951000
2026-08-21 10:56:06.537857,3200.00,reptiloid,0,0,0
2026-08-21 10:32:11.8962,4300.00,reptiloid,0,0,0
2026-08-21 10:32:05.132376,3200.00,reptiloid,0,0,0
2026-08-21 10:25:47.290895,4300.00,reptiloid,0,0,0
2026-08-21 10:25:28.996452,4300.00,reptiloid,0,0,0
2026-08-21 09:19:44.487077,4300.00,BALANCE,0,0,0
2026-08-21 08:24:35.395948,4300.00,reptiloid,0,0,0
2026-08-21 08:17:20.819611,4300.00,reptiloid,0,0,0
2026-08-21 07:48:14.404142,1900.00,reptiloid,0,0,0
2026-08-21 07:44:30.640765,3200.00,BALANCE,0,0,0
2026-08-21 07:36:41.091831,4300.00,reptiloid,0,0,0
2026-08-21 06:28:35.727701,4300.00,reptiloid,0,0,0
2026-08-21 05:35:28.572996,3500.00,reptiloid,0,0,0
2026-08-21 05:30:51.533932,4300.00,reptiloid,0,0,0
2026-08-21 05:09:04.820707,7200.00,card,0,0,0
2026-08-21 03:31:17.311966,4300.00,reptiloid,0,0,0
2026-08-21 02:37:36.228821,0.00,BALANCE,0,0,0
2026-08-21 02:30:26.183551,7200.00,reptiloid,0,0,0
2026-08-21 02:12:05.337841,4300.00,reptiloid,0,0,0
2026-08-21 01:45:59.053984,3000.00,card,0,0,0
2026-08-21 01:40:59.163863,4300.00,reptiloid,0,0,0
2026-08-21 01:35:14.098523,4300.00,card,0,0,0
2026-08-21 01:26:58.15582,3000.00,card,0,0,0
2026-08-21 01:12:51.613708,1900.00,card,0,0,0
2026-08-21 00:56:34.738053,4300.00,reptiloid,0,0,0
2026-08-21 00:48:23.767264,1330.000,USDT,0,0,18.951000
2026-08-21 00:43:39.469922,4300.00,reptiloid,0,0,0
2026-08-21 00:29:52.413567,4300.00,BALANCE,0,0,0
2026-08-21 00:22:25.713477,4300.00,reptiloid,0,0,0
2026-08-21 00:14:59.274069,4300.00,card,0,0,0
2026-08-21 00:06:47.814597,4200.00,BALANCE,0,0,0
2026-08-21 00:01:29.316758,7200.00,reptiloid,0,0,0
2026-08-21 00:00:01.929994,4300.00,card,0,0,0
2026-08-20 23:56:03.544731,4300.00,reptiloid,0,0,0
2026-08-20 23:47:32.214597,1300.00,BALANCE,0,0,0
2026-08-20 23:07:42.250394,0.00,BALANCE,0,0,0
2026-08-20 23:02:00.274621,4300.00,card,0,0,0
2026-08-20 22:40:59.941796,4300.00,reptiloid,0,0,0
2026-08-20 22:30:26.023251,7200.00,BALANCE,0,0,0
2026-08-20 22:29:38.154358,4300.00,reptiloid,0,0,0
2026-08-20 22:16:21.732107,7200.00,merchant001,0,0,0
2026-08-20 22:08:48.211124,4300.00,BALANCE,0,0,0
2026-08-20 21:56:14.381907,7200.00,reptiloid,0,0,0
2026-08-20 21:53:49.892905,1300.00,BALANCE,0,0,0
2026-08-20 21:41:33.721197,4300.00,BALANCE,0,0,0
2026-08-20 21:41:07.631193,7200.00,merchant001,0,0,0
2026-08-20 21:38:54.710173,0.00,BALANCE,0,0,0
2026-08-20 21:30:37.800476,4300.00,reptiloid,0,0,0
2026-08-20 21:07:48.665268,5040.000,USDT,0,0,71.813000
2026-08-20 21:01:58.213061,7200.00,card,0,0,0
2026-08-20 20:56:21.157781,1900.00,card,0,0,0
2026-08-20 20:55:06.63942,4300.00,reptiloid,0,0,0
2026-08-20 20:49:47.447239,5040.000,USDT,0,0,71.813000
2026-08-20 20:44:24.230234,4300.00,nirvana,0,0,0
2026-08-20 20:32:41.026766,4300.00,reptiloid,0,0,0
2026-08-20 20:32:17.606416,3010.000,USDT,0,0,42.888000
2026-08-20 20:30:30.156854,4300.00,reptiloid,0,0,0
2026-08-20 20:29:08.044871,7200.00,reptiloid,0,0,0
2026-08-20 20:15:13.541377,4300.00,reptiloid,0,0,0
2026-08-20 20:12:51.31556,1100.00,BALANCE,0,0,0
2026-08-20 20:11:10.991418,4300.00,reptiloid,0,0,0
2026-08-20 18:55:59.493294,3000.00,merchant001,0,0,0
2026-08-20 18:51:32.960037,1300.00,BALANCE,0,0,0
2026-08-20 18:50:11.81796,7200.00,BALANCE,0,0,0
2026-08-20 18:42:55.14993,3010.000,USDT,0,0,42.888000
2026-08-20 18:39:58.526898,4300.00,merchant001,0,0,0
2026-08-20 18:37:51.050073,4300.00,reptiloid,0,0,0
2026-08-20 18:34:48.754055,4300.00,reptiloid,0,0,0
2026-08-20 18:09:46.581445,4300.00,reptiloid,0,0,0
2026-08-20 18:03:57.204754,4300.00,BALANCE,0,0,0
2026-08-20 17:58:37.320416,2700.00,BALANCE,0,0,0
2026-08-20 17:49:51.610059,4300.00,reptiloid,0,0,0
2026-08-20 17:30:13.828222,4300.00,reptiloid,0,0,0
2026-08-20 17:29:52.770253,4300.00,reptiloid,0,0,0
2026-08-20 17:24:43.930665,4300.00,reptiloid,0,0,0
2026-08-20 17:14:21.54753,3500.00,reptiloid,0,0,0
2026-08-20 17:12:30.375901,1900.00,BALANCE,0,0,0
2026-08-20 17:00:17.107663,4300.00,reptiloid,0,0,0
2026-08-20 16:56:38.958391,0.00,BALANCE,0,0,0
2026-08-20 16:34:56.890115,4300.00,reptiloid,0,0,0
2026-08-20 16:18:54.574384,4300.00,card,0,0,0
2026-08-20 16:15:37.459531,7200.00,reptiloid,0,0,0
2026-08-20 16:13:53.595555,3010.000,USDT,0,0,42.888000
2026-08-20 16:06:20.946754,3655.0000,LTC,0,1.11901816,0
2026-08-20 16:04:44.519559,0.00,BALANCE,0,0,0
2026-08-20 15:56:04.126181,400.00,BALANCE,0,0,0
2026-08-20 15:55:37.013821,4300.00,reptiloid,0,0,0
2026-08-20 15:50:42.371997,1900.00,card,0,0,0
2026-08-20 15:45:46.469639,1300.00,BALANCE,0,0,0
2026-08-20 15:40:21.671345,4300.00,reptiloid,0,0,0
2026-08-20 15:24:11.322503,4300.00,card,0,0,0
2026-08-20 15:18:44.65931,7200.00,reptiloid,0,0,0
2026-08-20 15:14:38.868321,1650.00,BALANCE,0,0,0
2026-08-20 15:02:37.723829,4300.00,reptiloid,0,0,0
2026-08-20 14:51:41.627409,3010.000,USDT,0,0,42.888000
2026-08-20 14:47:08.533614,4300.00,reptiloid,0,0,0
2026-08-20 14:26:41.569125,3010.000,USDT,0,0,42.888000
2026-08-20 14:22:25.814869,1900.00,reptiloid,0,0,0
2026-08-20 14:18:36.620704,0.00,BALANCE,0,0,0
2026-08-20 14:05:42.976928,4300.00,reptiloid,0,0,0
2026-08-20 13:57:13.634376,3010.000,USDT,0,0,42.888000
2026-08-20 13:42:44.294503,4300.00,reptiloid,0,0,0
2026-08-20 13:39:05.97478,4300.00,BALANCE,0,0,0
2026-08-20 13:27:33.31507,4300.00,reptiloid,0,0,0
2026-08-20 13:12:31.316731,4300.00,BALANCE,0,0,0
2026-08-20 13:04:57.275135,4300.00,merchant001,0,0,0
2026-08-20 12:37:44.111076,4300.00,reptiloid,0,0,0
2026-08-20 12:35:55.520828,4300.00,BALANCE,0,0,0
2026-08-20 12:31:29.511217,4300.00,merchant001,0,0,0
2026-08-20 12:22:02.040347,1900.00,merchant001,0,0,0
2026-08-20 12:17:07.020489,4300.00,reptiloid,0,0,0
2026-08-20 12:10:05.376751,2200.00,BALANCE,0,0,0
2026-08-20 11:42:12.252896,4300.00,reptiloid,0,0,0
2026-08-20 11:41:36.185345,900.00,BALANCE,0,0,0
2026-08-20 11:08:13.938217,1900.00,card,0,0,0
2026-08-20 10:59:50.916546,4300.00,card,0,0,0
2026-08-20 10:52:37.966296,900.00,BALANCE,0,0,0
2026-08-20 10:31:50.577642,4300.00,reptiloid,0,0,0
2026-08-20 10:19:22.193193,0.00,BALANCE,0,0,0
2026-08-20 10:06:20.383416,3200.00,reptiloid,0,0,0
2026-08-20 09:52:29.762526,4300.00,card,0,0,0
2026-08-20 09:37:34.811907,3000.00,card,0,0,0
2026-08-20 09:37:22.385255,4300.00,BALANCE,0,0,0
2026-08-20 09:07:35.242128,7200.00,reptiloid,0,0,0
2026-08-20 08:49:19.604909,4300.00,card,0,0,0
2026-08-20 08:42:43.9644,3000.00,card,0,0,0
2026-08-20 07:57:01.219727,4300.00,BALANCE,0,0,0
2026-08-20 07:39:03.992924,4300.00,reptiloid,0,0,0
2026-08-20 06:53:48.660527,850.00,BALANCE,0,0,0
2026-08-20 05:19:25.738825,4300.00,BALANCE,0,0,0
2026-08-20 04:42:31.51154,4300.00,reptiloid,0,0,0
2026-08-20 04:16:46.189487,7200.00,merchant001,0,0,0
2026-08-20 04:07:20.568092,3000.00,card,0,0,0
2026-08-20 03:48:51.114306,7200.00,reptiloid,0,0,0
2026-08-20 02:18:58.979764,400.00,BALANCE,0,0,0
2026-08-20 02:07:04.807122,4300.00,card,0,0,0
2026-08-20 01:52:37.609352,4300.00,card,0,0,0
2026-08-20 01:48:22.230458,4300.00,reptiloid,0,0,0
2026-08-20 01:27:29.20131,3000.00,reptiloid,0,0,0
2026-08-20 01:21:26.226605,4300.00,card,0,0,0
2026-08-20 01:17:08.721247,4300.00,card,0,0,0
2026-08-20 01:00:04.605552,4300.00,card,0,0,0
2026-08-20 00:26:00.071629,0.00,BALANCE,0,0,0
2026-08-19 23:58:35.873926,4300.00,BALANCE,0,0,0
2026-08-19 23:52:41.529806,4300.00,BALANCE,0,0,0
2026-08-19 23:47:48.407977,3010.000,USDT,0,0,42.888000
2026-08-19 23:46:33.766918,1300.00,BALANCE,0,0,0
2026-08-19 23:34:09.5885,4300.00,card,0,0,0
2026-08-19 23:32:52.19475,0.00,BALANCE,0,0,0
2026-08-19 23:09:07.37316,1900.00,reptiloid,0,0,0
2026-08-19 22:44:36.911748,1900.00,nirvana,0,0,0
2026-08-19 22:44:20.898012,7200.00,reptiloid,0,0,0
2026-08-19 22:28:26.195222,3200.00,reptiloid,0,0,0
2026-08-19 22:25:11.718883,1200.00,BALANCE,0,0,0
2026-08-19 22:16:49.762441,4300.00,reptiloid,0,0,0
2026-08-19 22:09:31.949946,3000.00,reptiloid,0,0,0
2026-08-19 21:55:37.739088,4300.00,reptiloid,0,0,0
2026-08-19 21:51:00.935224,4300.00,reptiloid,0,0,0
2026-08-19 21:38:29.298479,7200.00,BALANCE,0,0,0
2026-08-19 21:10:21.983976,4300.00,nirvana,0,0,0
2026-08-19 21:04:34.081076,7200.00,reptiloid,0,0,0
2026-08-19 20:58:47.397068,7200.00,BALANCE,0,0,0
2026-08-19 20:58:11.090356,1900.00,BALANCE,0,0,0
2026-08-19 20:48:02.129027,4300.00,BALANCE,0,0,0
2026-08-19 20:42:50.313368,0.00,BALANCE,0,0,0
2026-08-19 20:40:50.912456,7200.00,card,0,0,0
2026-08-19 20:34:43.086905,7200.00,reptiloid,0,0,0
2026-08-19 20:21:01.881606,7200.00,card,0,0,0
2026-08-19 19:35:44.491533,4300.00,reptiloid,0,0,0
2026-08-19 19:35:19.296899,4300.00,card,0,0,0
2026-08-19 19:31:01.213155,4300.00,card,0,0,0
2026-08-19 19:29:14.444782,7200.00,reptiloid,0,0,0
2026-08-19 19:23:35.197785,5040.000,USDT,0,0,71.813000
2026-08-19 19:16:25.984764,4300.00,reptiloid,0,0,0
2026-08-19 19:14:41.205185,1300.00,BALANCE,0,0,0
2026-08-19 19:08:02.136752,4300.00,reptiloid,0,0,0
2026-08-19 19:05:42.058057,7200.00,card,0,0,0
2026-08-19 19:01:53.772054,4300.00,card,0,0,0
2026-08-19 18:59:40.482121,4300.00,card,0,0,0
2026-08-19 18:51:05.230367,4300.00,BALANCE,0,0,0
2026-08-19 18:44:49.360742,4300.00,reptiloid,0,0,0
2026-08-19 18:42:06.557817,4300.00,reptiloid,0,0,0
2026-08-19 18:40:37.234178,3500.00,reptiloid,0,0,0
2026-08-19 18:20:06.208516,7200.00,reptiloid,0,0,0
2026-08-19 18:07:42.049426,4300.00,reptiloid,0,0,0
2026-08-19 17:42:41.713035,4300.00,merchant001,0,0,0
2026-08-19 17:36:53.38692,3000.00,reptiloid,0,0,0
2026-08-19 17:13:27.932157,3500.00,reptiloid,0,0,0
2026-08-19 16:31:16.173133,1900.00,nirvana,0,0,0
2026-08-19 16:15:59.595389,4300.00,reptiloid,0,0,0
2026-08-19 15:21:31.871811,4300.00,reptiloid,0,0,0
2026-08-19 15:19:31.637561,4300.00,reptiloid,0,0,0
2026-08-19 15:19:09.515677,4300.00,reptiloid,0,0,0
2026-08-19 15:16:30.236285,7200.00,BALANCE,0,0,0
2026-08-19 15:06:52.018718,4300.00,reptiloid,0,0,0
2026-08-19 14:48:24.987807,3200.00,reptiloid,0,0,0
2026-08-19 14:40:57.54418,4300.00,BALANCE,0,0,0
2026-08-19 14:39:04.62441,4300.00,BALANCE,0,0,0
2026-08-19 14:34:24.012715,3200.00,BALANCE,0,0,0
2026-08-19 14:32:41.42073,4300.00,BALANCE,0,0,0
2026-08-19 14:22:02.296381,1300.00,BALANCE,0,0,0
2026-08-19 14:21:08.92485,1100.00,BALANCE,0,0,0
2026-08-19 14:09:03.219522,4300.00,card,0,0,0
2026-08-19 14:00:01.386424,0.00,BALANCE,0,0,0
2026-08-19 13:58:09.614234,4300.00,BALANCE,0,0,0
2026-08-19 13:36:08.33247,4300.00,reptiloid,0,0,0
2026-08-19 13:32:09.890203,4300.00,reptiloid,0,0,0
2026-08-19 13:25:49.71556,4300.00,card,0,0,0
2026-08-19 13:08:46.08637,4300.00,card,0,0,0
2026-08-19 13:00:04.905889,4300.00,reptiloid,0,0,0
2026-08-19 12:51:44.892094,4300.00,card,0,0,0
2026-08-19 12:40:16.913463,1300.00,BALANCE,0,0,0
2026-08-19 12:32:19.25921,3500.00,reptiloid,0,0,0
2026-08-19 12:31:39.178967,4300.00,reptiloid,0,0,0
2026-08-19 12:06:07.870719,1900.00,card,0,0,0
2026-08-19 11:34:19.755579,3000.00,card,0,0,0
2026-08-19 11:32:29.360081,2800.00,BALANCE,0,0,0
2026-08-19 10:01:59.813159,3300.00,BALANCE,0,0,0
2026-08-19 09:32:55.415592,4300.00,reptiloid,0,0,0
2026-08-19 09:16:46.49373,4300.00,reptiloid,0,0,0
2026-08-19 09:06:52.643561,4300.00,card,0,0,0
2026-08-19 08:40:53.994882,4300.00,card,0,0,0
2026-08-19 08:33:25.392908,3200.00,reptiloid,0,0,0
2026-08-19 07:39:17.350185,4300.00,BALANCE,0,0,0
2026-08-19 05:56:02.161566,3000.00,reptiloid,0,0,0
2026-08-19 05:54:36.266351,4300.00,reptiloid,0,0,0
2026-08-19 04:27:23.015623,1100.00,BALANCE,0,0,0
2026-08-19 03:52:16.088777,4300.00,reptiloid,0,0,0
2026-08-19 03:33:20.928675,4300.00,reptiloid,0,0,0
2026-08-19 03:14:18.631317,3300.00,BALANCE,0,0,0
2026-08-19 02:15:41.453773,2800.00,BALANCE,0,0,0
2026-08-19 01:35:36.362389,4300.00,card,0,0,0
2026-08-19 01:07:28.688253,1300.00,BALANCE,0,0,0
2026-08-19 00:45:43.223124,7200.00,reptiloid,0,0,0
2026-08-19 00:29:29.664261,4300.00,BALANCE,0,0,0
2026-08-19 00:28:45.334038,3010.000,USDT,0,0,42.888000
2026-08-18 23:57:55.099885,3010.000,USDT,0,0,42.888000
2026-08-18 23:56:51.25838,3010.000,USDT,0,0,42.888000
2026-08-18 23:29:06.980943,7200.00,card,0,0,0
2026-08-18 23:01:15.317211,6120.0000,LTC,0,1.92689305,0
2026-08-18 21:52:35.447438,4300.00,reptiloid,0,0,0
2026-08-18 21:41:41.532104,1900.00,card,0,0,0
2026-08-18 21:41:40.276526,4300.00,nirvana,0,0,0
2026-08-18 21:22:06.629926,7200.00,card,0,0,0
2026-08-18 21:10:43.99214,4300.00,BALANCE,0,0,0
2026-08-18 21:09:42.148092,7200.00,merchant001,0,0,0
2026-08-18 20:40:02.348467,4200.00,BALANCE,0,0,0
2026-08-18 20:27:57.796069,3000.00,reptiloid,0,0,0
2026-08-18 20:26:47.657485,1900.00,card,0,0,0
2026-08-18 20:14:17.198343,7200.00,reptiloid,0,0,0
2026-08-18 20:12:28.384753,4300.00,reptiloid,0,0,0
2026-08-18 20:11:36.858353,1300.00,BALANCE,0,0,0
2026-08-18 20:10:59.543239,4300.00,reptiloid,0,0,0
2026-08-18 20:02:36.753417,4300.00,card,0,0,0
2026-08-18 19:44:47.163091,4300.00,reptiloid,0,0,0
2026-08-18 19:44:18.499473,1100.00,BALANCE,0,0,0
2026-08-18 19:37:47.394244,3010.000,USDT,0,0,42.888000
2026-08-18 19:27:10.226805,1300.00,BALANCE,0,0,0
2026-08-18 19:21:51.825018,7200.00,BALANCE,0,0,0
2026-08-18 19:16:04.497843,3500.00,BALANCE,0,0,0
2026-08-18 19:00:31.087536,7200.00,card,0,0,0
2026-08-18 18:41:52.14229,7200.00,reptiloid,0,0,0
2026-08-18 18:39:45.952343,1900.00,nirvana,0,0,0
2026-08-18 18:27:48.964889,7200.00,card,0,0,0
2026-08-18 18:17:18.230959,4300.00,card,0,0,0
2026-08-18 18:12:25.539633,7200.00,merchant001,0,0,0
2026-08-18 17:37:38.154537,3200.00,card,0,0,0
2026-08-18 17:37:26.34114,7200.00,reptiloid,0,0,0
2026-08-18 16:50:59.332794,7200.00,nirvana,0,0,0
2026-08-18 16:50:25.237265,1300.00,BALANCE,0,0,0
2026-08-18 16:39:52.017941,7200.00,BALANCE,0,0,0
2026-08-18 16:12:18.857282,4200.00,reptiloid,0,0,0
2026-08-18 16:08:29.09531,5040.000,USDT,0,0,71.813000
2026-08-18 16:06:31.811777,7200.00,BALANCE,0,0,0
2026-08-18 15:56:33.620914,5040.000,USDT,0,0,71.813000
2026-08-18 15:52:54.59759,4200.00,reptiloid,0,0,0
2026-08-18 15:51:49.841071,4200.00,reptiloid,0,0,0
2026-08-18 15:51:22.971919,4200.00,BALANCE,0,0,0
2026-08-18 15:48:25.74874,4200.00,reptiloid,0,0,0
2026-08-18 15:44:47.788109,4200.00,reptiloid,0,0,0
2026-08-18 15:42:14.954306,4200.00,BALANCE,0,0,0
2026-08-18 15:40:11.599995,4200.00,reptiloid,0,0,0
2026-08-18 15:33:19.08467,1200.00,BALANCE,0,0,0
2026-08-18 15:32:58.212464,4200.00,reptiloid,0,0,0
2026-08-18 15:31:16.82543,4200.00,BALANCE,0,0,0
2026-08-18 15:19:18.913564,0.00,BALANCE,0,0,0
2026-08-18 15:07:15.685441,3000.00,reptiloid,0,0,0
2026-08-18 12:23:08.011204,2200.00,BALANCE,0,0,0
2026-08-18 12:13:12.480921,1900.00,reptiloid,0,0,0
2026-08-18 11:46:38.221484,700.00,BALANCE,0,0,0
2026-08-18 11:14:51.035521,1900.00,BALANCE,0,0,0
2026-08-18 10:54:24.951392,4200.00,reptiloid,0,0,0
2026-08-18 10:08:39.576621,4200.00,reptiloid,0,0,0
2026-08-18 10:02:56.63521,3500.00,reptiloid,0,0,0
2026-08-18 09:47:05.088096,4200.00,BALANCE,0,0,0
2026-08-18 07:53:15.742474,1900.00,reptiloid,0,0,0
2026-08-18 06:34:35.068232,4200.00,card,0,0,0
2026-08-18 05:48:42.888081,7200.00,reptiloid,0,0,0
2026-08-18 05:27:15.413501,7200.00,reptiloid,0,0,0
2026-08-18 05:09:22.406744,4200.00,reptiloid,0,0,0
2026-08-18 03:37:01.261955,4200.00,BALANCE,0,0,0
2026-08-18 03:32:30.453164,7200.00,card,0,0,0
2026-08-18 03:16:49.584255,1900.00,card,0,0,0
2026-08-18 02:49:06.543218,0.00,BALANCE,0,0,0
2026-08-18 02:19:19.952872,1200.00,BALANCE,0,0,0
2026-08-18 01:37:02.916226,1200.00,BALANCE,0,0,0
2026-08-18 01:03:29.843063,4200.00,reptiloid,0,0,0
2026-08-18 00:56:03.524847,1900.00,card,0,0,0
2026-08-18 00:37:16.275938,4200.00,BALANCE,0,0,0
2026-08-18 00:34:15.246059,4200.00,BALANCE,0,0,0
2026-08-18 00:25:39.983886,4200.00,card,0,0,0
2026-08-18 00:02:15.396091,5040.000,USDT,0,0,71.813000
2026-08-17 23:52:26.932451,4200.00,BALANCE,0,0,0
2026-08-17 23:36:47.986688,1900.00,reptiloid,0,0,0
2026-08-17 23:17:06.456022,4200.00,reptiloid,0,0,0
2026-08-17 23:06:48.555021,7200.00,BALANCE,0,0,0
2026-08-17 23:06:34.81627,1200.00,BALANCE,0,0,0
2026-08-17 23:05:48.022316,4200.00,reptiloid,0,0,0
2026-08-17 23:05:26.485967,7200.00,reptiloid,0,0,0
2026-08-17 22:01:40.753043,2240.000,USDT,0,0,31.917000
2026-08-17 20:57:39.690475,1900.00,reptiloid,0,0,0
2026-08-17 20:33:15.680367,4200.00,card,0,0,0
2026-08-17 20:20:55.43271,1600.00,BALANCE,0,0,0
2026-08-17 20:04:21.087492,3500.00,card,0,0,0
2026-08-17 20:01:47.070802,900.00,BALANCE,0,0,0
2026-08-17 18:48:58.946204,1200.00,BALANCE,0,0,0
2026-08-17 18:43:33.863593,0.00,BALANCE,0,0,0
2026-08-17 18:31:41.692468,3500.00,reptiloid,0,0,0
2026-08-17 18:27:44.631736,7200.00,card,0,0,0
2026-08-17 18:11:06.762282,7200.00,card,0,0,0
2026-08-17 17:55:02.816585,7200.00,BALANCE,0,0,0
2026-08-17 17:46:40.694977,7200.00,card,0,0,0
2026-08-17 17:20:42.84869,7200.00,reptiloid,0,0,0
2026-08-17 16:55:39.670463,4200.00,BALANCE,0,0,0
2026-08-17 16:52:47.542983,7200.00,card,0,0,0
2026-08-17 16:42:07.143255,1900.00,reptiloid,0,0,0
2026-08-17 16:37:40.855405,4200.00,reptiloid,0,0,0
2026-08-17 16:31:29.924764,1200.00,BALANCE,0,0,0
2026-08-17 16:25:55.937882,4200.00,reptiloid,0,0,0
2026-08-17 16:19:48.041447,4200.00,reptiloid,0,0,0
2026-08-17 16:18:33.950548,4200.00,card,0,0,0
2026-08-17 16:08:34.640193,4200.00,BALANCE,0,0,0
2026-08-17 15:51:31.353324,7200.00,reptiloid,0,0,0
2026-08-17 15:48:03.252288,3000.00,BALANCE,0,0,0
2026-08-17 15:28:36.872502,7200.00,reptiloid,0,0,0
2026-08-17 15:26:27.116599,7200.00,reptiloid,0,0,0
2026-08-17 14:50:35.801262,2940.000,USDT,0,0,41.891000
2026-08-17 14:45:22.576629,4200.00,card,0,0,0
2026-08-17 14:43:47.548576,4200.00,reptiloid,0,0,0
2026-08-17 14:36:35.484731,4200.00,reptiloid,0,0,0
2026-08-17 14:23:55.05989,7200.00,reptiloid,0,0,0
2026-08-17 14:07:49.21302,3000.00,reptiloid,0,0,0
2026-08-17 14:05:46.803759,2940.000,USDT,0,0,41.891000
2026-08-17 14:02:11.976301,4200.00,reptiloid,0,0,0
2026-08-17 14:01:34.108937,7200.00,reptiloid,0,0,0
2026-08-17 13:53:02.393527,7200.00,reptiloid,0,0,0
2026-08-17 13:47:35.654943,4200.00,reptiloid,0,0,0
2026-08-17 13:41:50.113714,1900.00,BALANCE,0,0,0
2026-08-17 13:33:13.282834,7200.00,reptiloid,0,0,0
2026-08-17 13:23:11.787709,4200.00,reptiloid,0,0,0
2026-08-17 13:22:11.323113,4200.00,reptiloid,0,0,0
2026-08-17 12:43:34.387057,4200.00,reptiloid,0,0,0
2026-08-17 12:42:16.523465,4200.00,reptiloid,0,0,0
2026-08-17 12:40:04.956563,4200.00,reptiloid,0,0,0
2026-08-17 12:34:49.490378,7200.00,card,0,0,0
2026-08-17 12:29:39.046027,7200.00,reptiloid,0,0,0
2026-08-17 12:22:08.642388,4200.00,reptiloid,0,0,0
2026-08-17 12:21:47.199948,4200.00,card,0,0,0
2026-08-17 12:16:51.810761,4200.00,card,0,0,0
2026-08-17 12:09:13.506997,4200.00,card,0,0,0
2026-08-17 11:22:13.320742,3000.00,reptiloid,0,0,0
2026-08-17 11:16:09.070743,4200.00,reptiloid,0,0,0
2026-08-17 10:33:15.906194,4200.00,BALANCE,0,0,0
2026-08-17 10:11:52.406321,4200.00,reptiloid,0,0,0
2026-08-17 09:31:03.987181,4200.00,reptiloid,0,0,0
2026-08-17 07:13:57.5787,2450.000,USDT,0,0,34.909000
2026-08-17 07:10:42.588075,4200.00,reptiloid,0,0,0
2026-08-17 04:25:03.411016,7200.00,reptiloid,0,0,0
2026-08-17 04:15:24.751374,4200.00,reptiloid,0,0,0
2026-08-17 03:58:06.214602,7200.00,reptiloid,0,0,0
2026-08-17 03:34:27.367701,1600.00,BALANCE,0,0,0
2026-08-17 03:13:15.725535,4200.00,card,0,0,0
2026-08-17 02:56:58.694642,4200.00,BALANCE,0,0,0
2026-08-17 02:42:14.881119,7200.00,card,0,0,0
2026-08-17 02:21:13.831284,2940.000,USDT,0,0,41.891000
2026-08-17 02:14:09.109395,4200.00,reptiloid,0,0,0
2026-08-17 01:40:39.569061,1900.00,card,0,0,0
2026-08-17 01:21:09.203514,4200.00,BALANCE,0,0,0
2026-08-17 01:07:01.64779,4200.00,card,0,0,0
2026-08-17 01:04:41.266334,4200.00,BALANCE,0,0,0
2026-08-17 00:58:27.962083,4200.00,card,0,0,0
2026-08-17 00:35:13.201181,4200.00,reptiloid,0,0,0
2026-08-17 00:02:51.645787,7200.00,reptiloid,0,0,0
2026-08-16 23:59:50.496597,4200.00,card,0,0,0
2026-08-16 23:48:19.015778,4200.00,BALANCE,0,0,0
2026-08-16 23:43:40.691239,3000.00,reptiloid,0,0,0
2026-08-16 23:42:11.175919,2000.00,BALANCE,0,0,0
2026-08-16 23:38:29.12663,7200.00,reptiloid,0,0,0
2026-08-16 23:20:47.14248,7200.00,card,0,0,0
2026-08-16 22:40:19.144968,4200.00,reptiloid,0,0,0
2026-08-16 22:38:59.671472,1900.00,card,0,0,0
2026-08-16 22:35:50.132351,4200.00,BALANCE,0,0,0
2026-08-16 22:25:52.761704,4200.00,BALANCE,0,0,0
2026-08-16 22:03:14.397377,4200.00,reptiloid,0,0,0
2026-08-16 21:51:32.933347,4200.00,reptiloid,0,0,0
2026-08-16 21:31:51.54078,1900.00,BALANCE,0,0,0
2026-08-16 21:16:55.576356,3500.00,BALANCE,0,0,0
2026-08-16 21:11:17.701354,7200.00,BALANCE,0,0,0
2026-08-16 20:47:30.632801,7200.00,reptiloid,0,0,0
2026-08-16 20:46:21.849805,7200.00,reptiloid,0,0,0
2026-08-16 20:39:03.192672,7200.00,reptiloid,0,0,0
2026-08-16 20:37:50.214684,4200.00,card,0,0,0
2026-08-16 19:53:13.481914,4300.00,card,0,0,0
2026-08-16 19:37:52.513402,7200.00,reptiloid,0,0,0
2026-08-16 19:33:51.772739,4200.00,reptiloid,0,0,0
2026-08-16 19:32:55.291716,4200.00,reptiloid,0,0,0
2026-08-16 19:16:35.152079,7200.00,reptiloid,0,0,0
2026-08-16 18:21:26.221913,7200.00,reptiloid,0,0,0
2026-08-16 18:20:52.781575,7200.00,card,0,0,0
2026-08-16 18:20:01.808757,4200.00,card,0,0,0
2026-08-16 18:18:23.392531,7200.00,reptiloid,0,0,0
2026-08-16 18:12:51.208313,7200.00,reptiloid,0,0,0
2026-08-16 18:04:53.594373,7200.00,reptiloid,0,0,0
2026-08-16 18:03:18.668068,4200.00,reptiloid,0,0,0
2026-08-16 17:33:34.930305,7200.00,reptiloid,0,0,0
2026-08-16 17:30:13.6807,1800.00,BALANCE,0,0,0
2026-08-16 17:21:45.766422,4200.00,card,0,0,0
2026-08-16 16:38:34.471007,4300.00,BALANCE,0,0,0
2026-08-16 16:36:26.370442,4200.00,reptiloid,0,0,0
2026-08-16 16:33:50.182885,4200.00,card,0,0,0
2026-08-16 16:31:54.27928,1900.00,reptiloid,0,0,0
2026-08-16 16:24:34.905547,3500.00,BALANCE,0,0,0
2026-08-16 16:22:21.881898,1200.00,BALANCE,0,0,0
2026-08-16 16:20:00.178427,4200.00,reptiloid,0,0,0
2026-08-16 16:15:52.683589,4200.00,reptiloid,0,0,0
2026-08-16 16:01:36.593326,1200.00,BALANCE,0,0,0
2026-08-16 15:55:21.698319,4200.00,reptiloid,0,0,0
2026-08-16 15:48:42.339211,1900.00,card,0,0,0
2026-08-16 15:33:32.370171,4200.00,reptiloid,0,0,0
2026-08-16 15:29:49.442929,4200.00,reptiloid,0,0,0
2026-08-16 15:05:16.093582,4200.00,card,0,0,0
2026-08-16 14:42:19.507392,4200.00,card,0,0,0
2026-08-16 14:30:17.48095,4200.00,card,0,0,0
2026-08-16 14:19:16.668799,4300.00,BALANCE,0,0,0
2026-08-16 13:57:18.056785,0.00,BALANCE,0,0,0
2026-08-16 13:47:33.845267,4200.00,card,0,0,0
2026-08-16 13:45:12.662843,3000.00,reptiloid,0,0,0
2026-08-16 13:42:20.689929,3900.00,BALANCE,0,0,0
2026-08-16 13:32:14.736783,4200.00,BALANCE,0,0,0
2026-08-16 13:30:26.950973,4200.00,reptiloid,0,0,0
2026-08-16 13:29:26.209498,4200.00,reptiloid,0,0,0
2026-08-16 13:28:27.745204,4200.00,reptiloid,0,0,0
2026-08-16 13:28:20.830992,4200.00,reptiloid,0,0,0
2026-08-16 13:27:09.514478,4200.00,reptiloid,0,0,0
2026-08-16 13:25:00.638902,4200.00,reptiloid,0,0,0
2026-08-16 13:18:48.492521,7200.00,reptiloid,0,0,0
2026-08-16 13:10:05.292707,4200.00,reptiloid,0,0,0
2026-08-16 13:08:57.489999,4200.00,reptiloid,0,0,0
2026-08-16 13:07:24.856563,1200.00,BALANCE,0,0,0
2026-08-16 12:58:23.726865,2940.000,USDT,0,0,41.891000
2026-08-16 12:55:01.373867,4200.00,reptiloid,0,0,0
2026-08-16 12:44:05.201119,4200.00,BALANCE,0,0,0
2026-08-16 12:37:46.67759,4200.00,reptiloid,0,0,0
2026-08-16 12:35:27.26934,4200.00,reptiloid,0,0,0
2026-08-16 12:31:38.733706,4200.00,reptiloid,0,0,0
2026-08-16 12:29:41.220912,4200.00,reptiloid,0,0,0
2026-08-16 11:55:33.809561,4200.00,reptiloid,0,0,0
2026-08-16 11:48:40.653182,4200.00,reptiloid,0,0,0
2026-08-16 04:44:36.988585,1900.00,reptiloid,0,0,0
2026-08-16 03:59:49.396632,4200.00,BALANCE,0,0,0
2026-08-16 01:37:06.416882,7200.00,reptiloid,0,0,0
2026-08-16 01:30:13.099759,0.00,BALANCE,0,0,0
2026-08-16 01:26:28.989621,4200.00,BALANCE,0,0,0
2026-08-16 01:06:01.463388,2940.000,USDT,0,0,41.891000
2026-08-16 00:31:54.864304,1200.00,BALANCE,0,0,0
2026-08-16 00:00:07.555327,0.00,BALANCE,0,0,0
2026-08-15 23:59:34.901353,4200.00,BALANCE,0,0,0
2026-08-15 23:58:42.857289,4200.00,BALANCE,0,0,0
2026-08-15 23:28:42.437462,3000.00,reptiloid,0,0,0
2026-08-15 23:00:00.185806,1900.00,BALANCE,0,0,0
2026-08-15 22:52:32.765343,1900.00,BALANCE,0,0,0
2026-08-15 22:46:12.187272,4200.00,reptiloid,0,0,0
2026-08-15 22:43:13.554108,4200.00,reptiloid,0,0,0
2026-08-15 22:38:02.882614,0.00,BALANCE,0,0,0
2026-08-15 22:33:34.93161,4200.00,reptiloid,0,0,0
2026-08-15 22:23:06.606959,4200.00,BALANCE,0,0,0
2026-08-15 21:57:43.901471,4200.00,reptiloid,0,0,0
2026-08-15 21:49:07.477388,4200.00,reptiloid,0,0,0
2026-08-15 21:47:32.923946,3000.00,BALANCE,0,0,0
2026-08-15 21:32:41.580596,4200.00,reptiloid,0,0,0
2026-08-15 21:31:36.345768,7200.00,BALANCE,0,0,0
2026-08-15 21:31:02.42489,2040.0000,LTC,0,0.64673908,0
2026-08-15 21:21:59.962198,4200.00,reptiloid,0,0,0
2026-08-15 21:18:00.652771,0.00,BALANCE,0,0,0
2026-08-15 20:51:56.173763,4200.00,reptiloid,0,0,0
2026-08-15 20:43:40.132893,7200.00,reptiloid,0,0,0
2026-08-15 20:29:46.118284,2940.000,USDT,0,0,41.891000
2026-08-15 19:58:17.718246,4200.00,reptiloid,0,0,0
2026-08-15 19:56:27.156556,7200.00,reptiloid,0,0,0
2026-08-15 19:51:23.88523,2940.000,USDT,0,0,41.891000
2026-08-15 19:49:37.230251,4200.00,reptiloid,0,0,0
2026-08-15 19:45:15.936038,4200.00,reptiloid,0,0,0
2026-08-15 19:05:35.009247,4200.00,nirvana,0,0,0
2026-08-15 19:04:01.976176,4200.00,reptiloid,0,0,0
2026-08-15 19:02:09.449492,4200.00,BALANCE,0,0,0
2026-08-15 18:56:15.63553,4200.00,reptiloid,0,0,0
2026-08-15 18:45:12.68491,4200.00,reptiloid,0,0,0
2026-08-15 18:31:45.284537,4200.00,BALANCE,0,0,0
2026-08-15 18:27:48.56938,4200.00,reptiloid,0,0,0
2026-08-15 18:27:03.062855,3000.00,BALANCE,0,0,0
2026-08-15 18:24:46.483225,0.00,BALANCE,0,0,0
2026-08-15 18:23:45.52732,1900.00,BALANCE,0,0,0
2026-08-15 18:01:21.318561,4200.00,card,0,0,0
2026-08-15 17:45:08.207148,1900.00,card,0,0,0
2026-08-15 17:41:46.624279,7200.00,reptiloid,0,0,0
2026-08-15 17:41:00.493364,4200.00,reptiloid,0,0,0
2026-08-15 17:32:25.369704,1900.00,nirvana,0,0,0
2026-08-15 17:18:20.064268,4200.00,reptiloid,0,0,0
2026-08-15 17:12:20.803929,1200.00,BALANCE,0,0,0
2026-08-15 16:58:40.662878,7200.00,card,0,0,0
2026-08-15 16:58:37.98122,4200.00,card,0,0,0
2026-08-15 16:56:00.881255,4200.00,reptiloid,0,0,0
2026-08-15 16:47:48.803619,3200.00,reptiloid,0,0,0
2026-08-15 16:46:53.91861,7200.00,reptiloid,0,0,0
2026-08-15 16:43:22.518304,1200.00,BALANCE,0,0,0
2026-08-15 16:21:28.866049,7200.00,card,0,0,0
2026-08-15 16:19:42.219793,4200.00,nirvana,0,0,0
2026-08-15 16:15:09.164906,7200.00,card,0,0,0
2026-08-15 16:12:39.90088,4200.00,nirvana,0,0,0
2026-08-15 16:06:26.208632,7200.00,reptiloid,0,0,0
2026-08-15 16:04:50.830145,7200.00,reptiloid,0,0,0
2026-08-15 16:02:06.33662,0.00,BALANCE,0,0,0
2026-08-15 16:01:26.089538,4200.00,reptiloid,0,0,0
2026-08-15 16:01:21.380263,4200.00,reptiloid,0,0,0
2026-08-15 15:57:37.447205,1900.00,card,0,0,0
2026-08-15 15:40:22.786974,0.00,BALANCE,0,0,0
2026-08-15 15:33:06.943889,4200.00,card,0,0,0
2026-08-15 15:07:47.274555,4200.00,nirvana,0,0,0
2026-08-15 14:38:56.24344,4200.00,BALANCE,0,0,0
2026-08-15 14:29:40.489978,4200.00,BALANCE,0,0,0
2026-08-15 14:28:50.05942,4200.00,card,0,0,0
2026-08-15 14:28:34.07709,4200.00,BALANCE,0,0,0
2026-08-15 14:10:26.334292,5040.000,USDT,0,0,71.813000
2026-08-15 14:04:36.081777,3000.00,reptiloid,0,0,0
2026-08-15 13:52:19.8637,1200.00,BALANCE,0,0,0
2026-08-15 13:41:14.296479,7200.00,reptiloid,0,0,0
2026-08-15 13:34:04.051383,4200.00,reptiloid,0,0,0
2026-08-15 13:31:22.848522,7200.00,BALANCE,0,0,0
2026-08-15 13:05:18.795617,4200.00,BALANCE,0,0,0
2026-08-15 12:52:33.35182,4200.00,reptiloid,0,0,0
2026-08-15 12:37:02.991375,2940.000,USDT,0,0,41.891000
2026-08-15 12:35:09.819603,1200.00,BALANCE,0,0,0
2026-08-15 12:27:09.405624,4200.00,reptiloid,0,0,0
2026-08-15 12:22:25.066405,1900.00,reptiloid,0,0,0
2026-08-15 12:21:21.878694,4200.00,reptiloid,0,0,0
2026-08-15 12:16:35.32843,4200.00,reptiloid,0,0,0
2026-08-15 11:01:40.802913,1900.00,nirvana,0,0,0
2026-08-15 10:31:21.470697,0.00,BALANCE,0,0,0
2026-08-15 09:42:41.777088,4200.00,reptiloid,0,0,0
2026-08-15 08:38:37.673589,600.00,BALANCE,0,0,0
2026-08-15 08:03:00.757361,1900.00,nirvana,0,0,0
2026-08-15 04:27:35.310688,4300.00,nirvana,0,0,0
2026-08-15 04:17:08.547122,7200.00,reptiloid,0,0,0
2026-08-15 04:05:51.120919,4200.00,reptiloid,0,0,0
2026-08-15 02:41:20.148455,2940.000,USDT,0,0,41.891000
2026-08-15 02:36:08.946575,2940.000,USDT,0,0,41.891000
2026-08-15 02:32:44.510841,4300.00,BALANCE,0,0,0
2026-08-15 01:39:42.020888,1900.00,reptiloid,0,0,0
2026-08-15 01:20:25.333014,4200.00,reptiloid,0,0,0
2026-08-15 01:14:00.935405,2940.000,USDT,0,0,41.891000
2026-08-15 01:03:05.144766,4200.00,reptiloid,0,0,0
2026-08-15 00:42:14.559477,4200.00,reptiloid,0,0,0
2026-08-15 00:23:01.351066,1200.00,BALANCE,0,0,0
2026-08-14 23:57:19.663553,4200.00,reptiloid,0,0,0
2026-08-14 23:55:00.380739,4200.00,reptiloid,0,0,0
2026-08-14 23:53:48.328736,7200.00,reptiloid,0,0,0
2026-08-14 23:53:30.343348,4200.00,reptiloid,0,0,0
2026-08-14 23:47:42.502455,4300.00,card,0,0,0
2026-08-14 23:42:42.498907,4300.00,reptiloid,0,0,0
2026-08-14 23:29:08.262808,4200.00,reptiloid,0,0,0
2026-08-14 23:05:51.729189,7200.00,reptiloid,0,0,0
2026-08-14 22:49:31.330652,3200.00,BALANCE,0,0,0
2026-08-14 22:41:50.367175,4020.00,BALANCE,0,0,0
2026-08-14 22:28:51.196308,1200.00,BALANCE,0,0,0
2026-08-14 22:25:30.746931,4200.00,BALANCE,0,0,0
2026-08-14 22:20:50.485558,4300.00,card,0,0,0
2026-08-14 22:15:20.279684,4200.00,card,0,0,0
2026-08-14 22:09:35.277154,3500.00,reptiloid,0,0,0
2026-08-14 21:23:42.006935,500.00,BALANCE,0,0,0
2026-08-14 21:15:20.393332,7200.00,BALANCE,0,0,0
2026-08-14 21:14:22.291601,4200.00,reptiloid,0,0,0
2026-08-14 21:12:21.261042,4200.00,reptiloid,0,0,0
2026-08-14 21:01:47.200729,1900.00,reptiloid,0,0,0
2026-08-14 20:58:22.17199,4200.00,reptiloid,0,0,0
2026-08-14 20:54:58.684821,0.00,BALANCE,0,0,0
2026-08-14 20:54:41.720547,4200.00,BALANCE,0,0,0
2026-08-14 20:54:14.344627,4200.00,reptiloid,0,0,0
2026-08-14 20:50:36.861354,1200.00,BALANCE,0,0,0
2026-08-14 20:44:58.395845,4200.00,reptiloid,0,0,0
2026-08-14 20:28:07.006175,4200.00,reptiloid,0,0,0
2026-08-14 20:25:01.953117,4200.00,reptiloid,0,0,0
2026-08-14 19:28:57.91495,2940.000,USDT,0,0,41.891000
2026-08-14 19:18:38.164554,2940.000,USDT,0,0,41.891000
2026-08-14 19:10:19.457501,1680.000,USDT,0,0,23.938000
2026-08-14 18:50:43.792488,1200.00,BALANCE,0,0,0
2026-08-14 18:21:03.6548,2400.00,reptiloid,0,0,0
2026-08-14 17:58:39.412012,4200.00,card,0,0,0
2026-08-14 17:48:30.182489,3500.00,card,0,0,0
2026-08-14 17:31:35.220635,4200.00,BALANCE,0,0,0
2026-08-14 17:06:12.150372,1900.00,nirvana,0,0,0
2026-08-14 16:45:02.894591,4200.00,reptiloid,0,0,0
2026-08-14 16:34:34.137691,1900.00,BALANCE,0,0,0
2026-08-14 16:25:36.877285,4200.00,reptiloid,0,0,0
2026-08-14 16:21:40.003819,4200.00,BALANCE,0,0,0
2026-08-14 16:18:24.386362,4200.00,BALANCE,0,0,0
2026-08-14 15:58:57.646203,4200.00,reptiloid,0,0,0
2026-08-14 15:43:24.301002,1900.00,reptiloid,0,0,0
2026-08-14 15:24:11.594603,2940.000,USDT,0,0,41.891000
2026-08-14 15:22:13.910019,4200.00,merchant001,0,0,0
2026-08-14 14:50:36.198945,4200.00,merchant001,0,0,0
2026-08-14 14:44:12.052202,2940.000,USDT,0,0,41.891000
2026-08-14 14:29:07.895924,4200.00,BALANCE,0,0,0
2026-08-14 14:23:10.487777,0.00,BALANCE,0,0,0
2026-08-14 14:20:44.333966,4200.00,BALANCE,0,0,0
2026-08-14 14:19:36.68673,4200.00,merchant001,0,0,0
2026-08-14 14:18:28.283552,0.00,BALANCE,0,0,0
2026-08-14 14:08:50.113348,4200.00,BALANCE,0,0,0
2026-08-14 14:07:08.611294,4200.00,merchant001,0,0,0
2026-08-14 14:04:53.807992,4200.00,merchant001,0,0,0
2026-08-14 13:57:16.961486,2400.00,merchant001,0,0,0
2026-08-14 13:55:47.781443,4200.00,merchant001,0,0,0
2026-08-14 13:55:04.242116,4200.00,merchant001,0,0,0
2026-08-14 13:49:29.016225,4200.00,merchant001,0,0,0
2026-08-14 13:44:41.065364,4200.00,merchant001,0,0,0
2026-08-14 13:36:08.480116,4200.00,card,0,0,0
2026-08-14 13:20:33.492959,1200.00,BALANCE,0,0,0
2026-08-14 13:19:15.842159,3000.00,card,0,0,0
2026-08-14 13:09:43.600754,4200.00,card,0,0,0
2026-08-14 13:07:33.417743,4200.00,card,0,0,0
2026-08-14 12:43:47.896676,4200.00,merchant001,0,0,0
2026-08-14 12:34:57.3829,4200.00,BALANCE,0,0,0
2026-08-14 12:24:09.118802,4200.00,merchant001,0,0,0
2026-08-14 11:09:32.061718,4200.00,card,0,0,0
2026-08-14 11:06:09.751202,4200.00,card,0,0,0
2026-08-14 10:33:57.956811,2400.00,BALANCE,0,0,0
2026-08-14 08:30:48.735855,4200.00,card,0,0,0
2026-08-14 07:11:13.107431,0.00,BALANCE,0,0,0
2026-08-14 06:57:31.343138,3500.00,merchant001,0,0,0
2026-08-14 05:30:31.138466,1200.00,BALANCE,0,0,0
2026-08-14 02:23:07.012485,7200.00,merchant001,0,0,0
2026-08-14 01:56:55.666969,4200.00,BALANCE,0,0,0
2026-08-14 01:18:38.637538,2400.00,card,0,0,0
2026-08-14 01:06:20.181629,3500.00,card,0,0,0
2026-08-14 00:56:58.924844,0.00,BALANCE,0,0,0
2026-08-14 00:43:40.628196,1500.00,BALANCE,0,0,0
2026-08-14 00:05:48.538852,1680.000,USDT,0,0,23.938000
2026-08-14 00:01:34.751137,200.00,BALANCE,0,0,0
2026-08-13 23:14:33.028807,0.00,BALANCE,0,0,0
2026-08-13 22:59:57.557326,2450.000,USDT,0,0,34.909000
2026-08-13 21:57:42.771993,4200.00,merchant001,0,0,0
2026-08-13 21:55:53.225718,2400.00,nirvana,0,0,0
2026-08-13 21:54:01.74536,4300.00,BALANCE,0,0,0
2026-08-13 21:23:32.676047,7200.00,merchant001,0,0,0
2026-08-13 21:03:32.894444,4200.00,merchant001,0,0,0
2026-08-13 20:52:27.81407,1200.00,BALANCE,0,0,0
2026-08-13 20:37:45.542769,2000.00,BALANCE,0,0,0
2026-08-13 19:23:21.330009,4200.00,card,0,0,0
2026-08-13 19:17:00.502578,4300.00,BALANCE,0,0,0
2026-08-13 19:14:51.905292,4200.00,card,0,0,0
2026-08-13 19:13:35.775223,4200.00,merchant001,0,0,0
2026-08-13 19:07:30.133107,7200.00,merchant001,0,0,0
2026-08-13 19:06:46.266305,2940.000,USDT,0,0,41.891000
2026-08-13 19:02:13.161586,4200.00,BALANCE,0,0,0
2026-08-13 18:21:54.194411,4200.00,merchant001,0,0,0
2026-08-13 18:19:33.129793,4200.00,merchant001,0,0,0
2026-08-13 18:02:37.410428,4200.00,merchant001,0,0,0
2026-08-13 17:41:18.297574,1700.00,BALANCE,0,0,0
2026-08-13 17:36:50.10633,3000.00,BALANCE,0,0,0
2026-08-13 17:29:18.972548,4200.00,card,0,0,0
2026-08-13 17:27:14.10233,4200.00,card,0,0,0
2026-08-13 17:04:11.444574,4200.00,BALANCE,0,0,0
2026-08-13 16:54:19.254198,2400.00,card,0,0,0
2026-08-13 16:49:23.719963,4200.00,merchant001,0,0,0
2026-08-13 16:28:36.003712,2450.000,USDT,0,0,34.909000
2026-08-13 16:24:44.688541,4200.00,merchant001,0,0,0
2026-08-13 16:22:59.514363,4200.00,merchant001,0,0,0
2026-08-13 16:13:22.674719,4200.00,merchant001,0,0,0
2026-08-13 16:04:41.276451,4300.00,BALANCE,0,0,0
2026-08-13 16:02:23.040339,4200.00,merchant001,0,0,0
2026-08-13 15:54:53.473885,4200.00,merchant001,0,0,0
2026-08-13 15:51:00.81301,4200.00,merchant001,0,0,0
2026-08-13 15:49:33.796,4200.00,merchant001,0,0,0
2026-08-13 15:12:59.98972,4200.00,merchant001,0,0,0
2026-08-13 14:55:00.361372,4200.00,merchant001,0,0,0
2026-08-13 14:50:31.370102,7200.00,card,0,0,0
2026-08-13 14:46:01.607767,1900.00,BALANCE,0,0,0
2026-08-13 14:41:09.551771,7200.00,card,0,0,0
2026-08-13 14:37:57.027714,4200.00,merchant001,0,0,0
2026-08-13 14:28:32.881528,4200.00,BALANCE,0,0,0
2026-08-13 14:27:26.493011,4300.00,BALANCE,0,0,0
2026-08-13 14:22:08.711115,1900.00,card,0,0,0
2026-08-13 14:19:14.000817,4200.00,merchant001,0,0,0
2026-08-13 14:17:14.806376,4200.00,card,0,0,0
2026-08-13 14:16:11.428577,4200.00,BALANCE,0,0,0
2026-08-13 13:58:23.526275,2940.000,USDT,0,0,41.891000
2026-08-13 13:57:24.228632,4200.00,merchant001,0,0,0
2026-08-13 13:56:21.137843,4200.00,merchant001,0,0,0
2026-08-13 13:33:43.348099,4200.00,BALANCE,0,0,0
2026-08-13 13:23:55.585334,4200.00,BALANCE,0,0,0
2026-08-13 13:22:23.606532,4200.00,merchant001,0,0,0
2026-08-13 13:20:02.030517,4200.00,card,0,0,0
2026-08-13 13:17:14.126362,2940.000,USDT,0,0,41.891000
2026-08-13 13:17:05.866683,4200.00,merchant001,0,0,0
2026-08-13 12:49:38.169418,4200.00,BALANCE,0,0,0
2026-08-13 12:38:40.982191,4200.00,merchant001,0,0,0
2026-08-13 12:01:25.226273,4200.00,merchant001,0,0,0
2026-08-13 11:29:01.411134,3300.00,BALANCE,0,0,0
2026-08-13 10:02:39.878204,4200.00,merchant001,0,0,0
2026-08-13 09:26:57.180829,4200.00,merchant001,0,0,0
2026-08-13 09:21:12.759481,4200.00,merchant001,0,0,0
2026-08-13 09:17:52.383962,4200.00,merchant001,0,0,0
2026-08-13 09:17:27.251021,4200.00,merchant001,0,0,0
2026-08-13 09:07:26.644048,3570.0000,LTC,0,1.13225334,0
2026-08-13 08:51:36.262588,4200.00,BALANCE,0,0,0
2026-08-13 05:44:31.784448,1200.00,BALANCE,0,0,0
2026-08-13 03:05:17.416718,4200.00,merchant001,0,0,0
2026-08-13 00:30:19.228248,4300.00,nirvana,0,0,0
2026-08-13 00:10:05.217408,4200.00,BALANCE,0,0,0
2026-08-12 23:55:39.729061,4200.00,merchant001,0,0,0
2026-08-12 23:34:31.630735,4200.00,merchant001,0,0,0
2026-08-12 22:47:39.13704,3000.00,BALANCE,0,0,0
2026-08-12 22:31:10.651699,1900.00,merchant001,0,0,0
2026-08-12 22:27:27.38095,5040.000,USDT,0,0,71.813000
2026-08-12 22:24:07.38114,4200.00,card,0,0,0
2026-08-12 22:22:38.786041,7200.00,BALANCE,0,0,0
2026-08-12 22:13:39.428491,4200.00,card,0,0,0
2026-08-12 21:59:52.668163,2450.000,USDT,0,0,34.909000
2026-08-12 21:48:17.497848,4200.00,merchant001,0,0,0
2026-08-12 21:40:54.808325,4200.00,merchant001,0,0,0
2026-08-12 21:14:13.092031,3900.00,BALANCE,0,0,0
2026-08-12 21:13:38.982636,4200.00,BALANCE,0,0,0
2026-08-12 20:59:55.224276,3000.00,BALANCE,0,0,0
2026-08-12 20:53:40.689197,7200.00,BALANCE,0,0,0
2026-08-12 20:45:34.497023,4200.00,merchant001,0,0,0
2026-08-12 20:38:39.852306,4200.00,merchant001,0,0,0
2026-08-12 20:26:16.191487,4200.00,BALANCE,0,0,0
2026-08-12 20:06:34.90831,1200.00,BALANCE,0,0,0
2026-08-12 19:50:04.162344,4200.00,merchant001,0,0,0
2026-08-12 19:47:47.843617,7200.00,merchant001,0,0,0
2026-08-12 19:35:39.615578,4200.00,merchant001,0,0,0
2026-08-12 19:20:34.417622,4200.00,BALANCE,0,0,0
2026-08-12 19:14:36.058432,1200.00,BALANCE,0,0,0
2026-08-12 19:13:36.885037,4200.00,merchant001,0,0,0
2026-08-12 19:10:49.136005,4200.00,BALANCE,0,0,0
2026-08-12 19:06:42.965785,4200.00,BALANCE,0,0,0
2026-08-12 19:04:59.742577,4200.00,BALANCE,0,0,0
2026-08-12 18:57:06.101681,4200.00,merchant001,0,0,0
2026-08-12 18:47:31.426276,4200.00,merchant001,0,0,0
2026-08-12 18:44:59.462709,0.00,BALANCE,0,0,0
2026-08-12 18:37:37.668625,0.00,BALANCE,0,0,0
2026-08-12 18:21:19.408181,4200.00,BALANCE,0,0,0
2026-08-12 18:18:38.442323,4200.00,BALANCE,0,0,0
2026-08-12 18:07:35.158357,4200.00,nirvana,0,0,0
2026-08-12 17:56:12.003067,2940.000,USDT,0,0,41.891000
2026-08-12 17:43:55.349601,0.00,BALANCE,0,0,0
2026-08-12 17:42:26.597195,1200.00,BALANCE,0,0,0
2026-08-12 17:23:08.873361,4200.00,nirvana,0,0,0
2026-08-12 17:20:28.309701,4200.00,nirvana,0,0,0
2026-08-12 17:12:23.732403,4200.00,BALANCE,0,0,0
2026-08-12 17:07:08.741465,3000.00,BALANCE,0,0,0
2026-08-12 16:44:47.515358,0.00,BALANCE,0,0,0
2026-08-12 16:29:52.982268,4200.00,BALANCE,0,0,0
2026-08-12 16:24:31.227618,4200.00,BALANCE,0,0,0
2026-08-12 16:24:20.372004,1330.000,USDT,0,0,18.951000
2026-08-12 16:15:31.654388,4200.00,BALANCE,0,0,0
2026-08-12 16:06:29.519771,3200.00,BALANCE,0,0,0
2026-08-12 15:11:57.798691,3000.00,BALANCE,0,0,0
2026-08-12 14:58:53.633416,4200.00,BALANCE,0,0,0
2026-08-12 14:56:27.374391,4200.00,BALANCE,0,0,0
2026-08-12 14:54:51.031105,4200.00,BALANCE,0,0,0
2026-08-12 14:49:20.690301,4200.00,BALANCE,0,0,0
2026-08-12 14:46:52.893366,0.00,BALANCE,0,0,0
2026-08-12 14:37:07.993602,4200.00,BALANCE,0,0,0
2026-08-12 14:32:06.431217,1200.00,BALANCE,0,0,0
2026-08-12 14:14:32.755125,4200.00,BALANCE,0,0,0
2026-08-12 14:00:16.291599,3000.00,BALANCE,0,0,0
2026-08-12 13:47:53.652548,2940.000,USDT,0,0,41.891000
2026-08-12 13:42:46.790236,4200.00,nirvana,0,0,0
2026-08-12 13:28:49.97904,2940.000,USDT,0,0,41.891000
2026-08-12 13:03:49.970224,2940.000,USDT,0,0,41.891000
2026-08-12 13:01:10.078877,4200.00,nirvana,0,0,0
2026-08-12 12:36:45.429098,2940.000,USDT,0,0,41.891000
2026-08-12 11:36:18.899898,4200.00,card,0,0,0
2026-08-12 11:35:00.720373,4200.00,card,0,0,0
2026-08-12 11:30:44.374556,1900.00,card,0,0,0
2026-08-12 08:25:15.157198,2000.00,BALANCE,0,0,0
2026-08-12 07:52:22.60335,4200.00,card,0,0,0
2026-08-12 07:24:45.03563,3570.0000,BTC,0.00079912,0,0
2026-08-12 07:19:20.810826,4200.00,BALANCE,0,0,0
2026-08-12 04:49:38.3686,3000.00,card,0,0,0
2026-08-12 04:48:59.173878,4200.00,card,0,0,0
2026-08-12 04:06:25.280177,1200.00,BALANCE,0,0,0
2026-08-12 04:05:56.980883,2700.00,BALANCE,0,0,0
2026-08-12 03:23:12.411059,3000.00,BALANCE,0,0,0
2026-08-12 02:34:26.03446,4200.00,BALANCE,0,0,0
2026-08-12 02:10:37.855788,4200.00,nirvana,0,0,0
2026-08-12 01:23:37.447072,4200.00,card,0,0,0
2026-08-12 00:42:02.722257,1900.00,nirvana,0,0,0
2026-08-12 00:32:31.969266,3500.00,nirvana,0,0,0
2026-08-12 00:23:37.504331,2940.000,USDT,0,0,41.891000
2026-08-12 00:10:05.244393,4200.00,BALANCE,0,0,0
2026-08-12 00:08:29.323687,4200.00,BALANCE,0,0,0
2026-08-11 23:57:04.650405,0.00,BALANCE,0,0,0
2026-08-11 23:23:09.372033,4200.00,nirvana,0,0,0
2026-08-11 22:47:26.606313,1900.00,nirvana,0,0,0
2026-08-11 22:35:50.927624,4200.00,nirvana,0,0,0
2026-08-11 22:10:57.673301,2940.000,USDT,0,0,41.891000
2026-08-11 21:34:20.973947,4200.00,BALANCE,0,0,0
2026-08-11 20:42:33.17846,4200.00,BALANCE,0,0,0
2026-08-11 20:32:53.167005,4200.00,card,0,0,0
2026-08-11 20:20:20.166265,2940.000,USDT,0,0,41.891000
2026-08-11 20:08:26.982127,4200.00,card,0,0,0
2026-08-11 19:54:30.183516,4200.00,card,0,0,0
2026-08-11 19:53:22.980838,2940.000,USDT,0,0,41.891000
2026-08-11 19:51:04.82941,4200.00,card,0,0,0
2026-08-11 19:47:49.502511,4200.00,card,0,0,0
2026-08-11 19:42:42.018725,3000.00,BALANCE,0,0,0
2026-08-11 19:39:09.492509,4200.00,card,0,0,0
2026-08-11 19:04:09.608827,4200.00,card,0,0,0
2026-08-11 18:48:33.132855,3200.00,BALANCE,0,0,0
2026-08-11 18:42:56.43817,1200.00,BALANCE,0,0,0
2026-08-11 18:37:05.676012,4200.00,card,0,0,0
2026-08-11 18:24:22.194105,4200.00,BALANCE,0,0,0
2026-08-11 18:23:35.071234,1200.00,BALANCE,0,0,0
2026-08-11 18:16:07.234456,4200.00,card,0,0,0
2026-08-11 18:14:15.70044,1900.00,card,0,0,0
2026-08-11 17:51:56.904423,4200.00,card,0,0,0
2026-08-11 17:41:37.229938,1200.00,BALANCE,0,0,0
2026-08-11 17:30:37.770463,4200.00,card,0,0,0
2026-08-11 17:24:59.535017,4200.00,BALANCE,0,0,0
2026-08-11 17:22:58.363993,4200.00,card,0,0,0
2026-08-11 17:16:54.022253,1900.00,card,0,0,0
2026-08-11 17:16:42.406813,4200.00,card,0,0,0
2026-08-11 17:15:09.171364,2940.000,USDT,0,0,41.891000
2026-08-11 17:06:40.36568,4200.00,BALANCE,0,0,0
2026-08-11 17:05:43.748178,1200.00,BALANCE,0,0,0
2026-08-11 17:00:20.049721,4200.00,card,0,0,0
2026-08-11 16:41:52.921112,4200.00,card,0,0,0
2026-08-11 16:37:03.062327,4200.00,BALANCE,0,0,0
2026-08-11 16:21:31.184635,4200.00,BALANCE,0,0,0
2026-08-11 16:11:02.860798,4200.00,BALANCE,0,0,0
2026-08-11 16:01:07.565698,0.00,BALANCE,0,0,0
2026-08-11 14:42:09.93851,4200.00,card,0,0,0
2026-08-11 14:23:18.661455,4200.00,BALANCE,0,0,0
2026-08-11 13:34:47.091333,4200.00,BALANCE,0,0,0
2026-08-11 13:31:32.218871,4200.00,BALANCE,0,0,0
2026-08-11 13:22:39.46969,0.00,BALANCE,0,0,0
2026-08-11 13:11:11.541497,4200.00,card,0,0,0
2026-08-11 13:08:50.328259,3570.0000,LTC,0,1.12799078,0
2026-08-11 12:56:02.301075,4200.00,BALANCE,0,0,0
2026-08-11 12:52:28.393383,4200.00,BALANCE,0,0,0
2026-08-11 12:42:35.594163,4200.00,nirvana,0,0,0
2026-08-11 12:22:17.864077,3000.00,BALANCE,0,0,0
2026-08-11 12:12:20.828845,4200.00,BALANCE,0,0,0
2026-08-11 12:09:03.845779,4200.00,nirvana,0,0,0
2026-08-11 12:07:04.416088,4200.00,card,0,0,0
2026-08-11 11:56:45.932961,4200.00,card,0,0,0
2026-08-11 11:50:09.998415,4200.00,card,0,0,0
2026-08-11 11:36:43.702021,4200.00,card,0,0,0
2026-08-11 11:01:42.503988,4200.00,card,0,0,0
2026-08-11 10:40:46.500658,4200.00,card,0,0,0
2026-08-11 10:40:33.824271,3000.00,card,0,0,0
2026-08-11 09:56:53.237123,2940.000,USDT,0,0,41.891000
2026-08-11 09:56:04.778905,4200.00,BALANCE,0,0,0
2026-08-11 09:29:35.869218,4200.00,card,0,0,0
2026-08-11 08:44:05.466847,4200.00,card,0,0,0
2026-08-11 07:49:06.058314,4200.00,card,0,0,0
2026-08-11 07:48:53.893874,4200.00,BALANCE,0,0,0
2026-08-11 06:45:28.687536,2940.000,USDT,0,0,41.891000
2026-08-11 05:45:11.930295,2940.000,USDT,0,0,41.891000
2026-08-11 05:35:49.761962,1900.00,onlypays,0,0,0
2026-08-11 05:24:40.441797,4200.00,card,0,0,0
2026-08-11 04:55:45.386902,1900.00,card,0,0,0
2026-08-11 04:20:36.389889,4200.00,BALANCE,0,0,0
2026-08-11 04:15:03.297421,2400.00,card,0,0,0
2026-08-11 04:14:45.097334,0.00,BALANCE,0,0,0
2026-08-11 03:32:04.050098,4200.00,nirvana,0,0,0
2026-08-11 03:18:24.343762,4200.00,BALANCE,0,0,0
2026-08-11 02:43:41.307617,4200.00,card,0,0,0
2026-08-11 02:39:06.013997,3000.00,BALANCE,0,0,0
2026-08-11 02:38:07.310154,2940.000,USDT,0,0,41.891000
2026-08-11 01:43:29.383405,4200.00,card,0,0,0
2026-08-11 00:44:27.095344,4200.00,nirvana,0,0,0
2026-08-11 00:32:55.799349,4200.00,card,0,0,0
2026-08-11 00:04:36.968316,4200.00,card,0,0,0
2026-08-10 23:19:04.028862,4200.00,merchant001,0,0,0
2026-08-10 23:18:03.522057,4200.00,merchant001,0,0,0
2026-08-10 23:11:10.820283,4200.00,card,0,0,0
2026-08-10 23:00:54.587399,2800.00,card,0,0,0
2026-08-10 22:59:01.651029,4200.00,BALANCE,0,0,0
2026-08-10 22:57:35.882233,3000.00,card,0,0,0
2026-08-10 22:47:00.380427,4200.00,card,0,0,0
2026-08-10 22:45:01.842742,4200.00,card,0,0,0
2026-08-10 22:32:24.916988,4200.00,card,0,0,0
2026-08-10 21:55:05.963393,4200.00,merchant001,0,0,0
2026-08-10 21:53:46.933699,4200.00,merchant001,0,0,0
2026-08-10 21:53:38.841818,0.00,BALANCE,0,0,0
2026-08-10 21:48:54.17318,3000.00,nirvana,0,0,0
2026-08-10 21:35:14.373835,2940.000,USDT,0,0,41.891000
2026-08-10 21:34:15.3731,4200.00,merchant001,0,0,0
2026-08-10 21:24:09.214193,4200.00,merchant001,0,0,0
2026-08-10 21:19:38.780701,4200.00,merchant001,0,0,0
2026-08-10 21:18:40.214719,4200.00,merchant001,0,0,0
2026-08-10 21:18:27.369061,2940.000,USDT,0,0,41.891000
2026-08-10 21:11:47.194031,4200.00,merchant001,0,0,0
2026-08-10 21:10:53.785794,4200.00,BALANCE,0,0,0
2026-08-10 21:10:31.981251,4200.00,BALANCE,0,0,0
2026-08-10 20:50:20.923948,0.00,BALANCE,0,0,0
2026-08-10 20:41:13.14186,4200.00,nirvana,0,0,0
2026-08-10 20:31:57.668191,4200.00,BALANCE,0,0,0
2026-08-10 20:27:17.694481,4200.00,BALANCE,0,0,0
2026-08-10 20:26:25.301461,1900.00,BALANCE,0,0,0
2026-08-10 20:16:35.902892,4200.00,BALANCE,0,0,0
2026-08-10 20:16:15.057184,4200.00,BALANCE,0,0,0
2026-08-10 20:15:41.559041,1200.00,BALANCE,0,0,0
2026-08-10 20:09:18.411576,4200.00,BALANCE,0,0,0
2026-08-10 20:00:07.959931,2940.000,USDT,0,0,41.891000
2026-08-10 19:54:28.197834,1200.00,BALANCE,0,0,0
2026-08-10 19:51:14.970357,4200.00,card,0,0,0
2026-08-10 19:46:48.49523,4200.00,BALANCE,0,0,0
2026-08-10 19:46:05.973503,0.00,BALANCE,0,0,0
2026-08-10 19:45:20.884834,4200.00,card,0,0,0
2026-08-10 19:42:02.365528,1200.00,BALANCE,0,0,0
2026-08-10 19:39:45.601694,4200.00,nirvana,0,0,0
2026-08-10 19:35:52.902964,4200.00,BALANCE,0,0,0
2026-08-10 19:34:24.99206,4200.00,BALANCE,0,0,0
2026-08-10 19:31:46.047388,2400.00,BALANCE,0,0,0
2026-08-10 19:30:44.06915,4200.00,card,0,0,0
2026-08-10 19:26:02.210441,2940.000,USDT,0,0,41.891000
2026-08-10 19:23:17.103507,0.00,BALANCE,0,0,0
2026-08-10 19:21:06.821483,4200.00,card,0,0,0
2026-08-10 18:36:30.833916,4200.00,card,0,0,0
2026-08-10 18:34:35.92139,4200.00,card,0,0,0
2026-08-10 18:26:42.873705,0.00,BALANCE,0,0,0
2026-08-10 18:03:02.066965,4200.00,card,0,0,0
2026-08-10 18:01:56.925117,2400.00,card,0,0,0
2026-08-10 17:58:35.463613,4200.00,BALANCE,0,0,0
2026-08-10 17:55:18.775713,4200.00,card,0,0,0
2026-08-10 17:54:16.671735,4200.00,nirvana,0,0,0
2026-08-10 17:45:06.876414,7200.00,card,0,0,0
2026-08-10 17:39:42.741576,4200.00,BALANCE,0,0,0
2026-08-10 17:37:10.603391,4200.00,card,0,0,0
2026-08-10 17:34:01.774624,4200.00,card,0,0,0
2026-08-10 17:22:10.694266,4200.00,card,0,0,0
2026-08-10 17:18:28.131114,2800.00,card,0,0,0
2026-08-10 17:17:59.264438,4200.00,card,0,0,0
2026-08-10 17:13:21.303798,1200.00,BALANCE,0,0,0
2026-08-10 17:09:15.887828,4200.00,card,0,0,0
2026-08-10 17:08:22.680476,7200.00,card,0,0,0
2026-08-10 16:44:13.607105,4200.00,card,0,0,0
2026-08-10 16:42:11.702936,4200.00,card,0,0,0
2026-08-10 16:37:58.850688,4200.00,card,0,0,0
2026-08-10 16:32:19.738845,4200.00,card,0,0,0
2026-08-10 16:27:18.401796,4200.00,card,0,0,0
2026-08-10 16:26:17.645618,4200.00,BALANCE,0,0,0
2026-08-10 16:12:54.977779,4200.00,BALANCE,0,0,0
2026-08-10 16:10:49.539098,4200.00,card,0,0,0
2026-08-10 16:06:37.210004,4200.00,card,0,0,0
2026-08-10 16:04:41.166943,4200.00,card,0,0,0
2026-08-10 16:01:25.846948,4200.00,nirvana,0,0,0
2026-08-10 15:52:30.123272,4200.00,nirvana,0,0,0
2026-08-10 15:29:42.676496,0.00,BALANCE,0,0,0
2026-08-10 15:20:29.076094,2940.000,USDT,0,0,41.891000
2026-08-10 15:17:03.393815,0.00,BALANCE,0,0,0
2026-08-10 15:08:16.679475,1200.00,BALANCE,0,0,0
2026-08-10 14:59:47.189228,0.00,BALANCE,0,0,0
2026-08-10 14:56:41.790866,3570.0000,LTC,0,1.13117561,0
2026-08-10 14:54:18.699737,2940.000,USDT,0,0,41.891000
2026-08-10 14:47:19.781169,3570.0000,LTC,0,1.13117561,0
2026-08-10 14:42:49.416178,2400.00,nirvana,0,0,0
2026-08-10 14:13:45.994061,2100.000,USDT,0,0,29.922000
2026-08-10 14:13:11.696824,2940.000,USDT,0,0,41.891000
2026-08-10 14:07:47.56036,1800.00,BALANCE,0,0,0
2026-08-10 13:27:17.272809,4200.00,BALANCE,0,0,0
2026-08-10 13:21:50.173299,4200.00,nirvana,0,0,0
2026-08-10 13:01:52.834927,4200.00,card,0,0,0
2026-08-10 12:10:55.051928,4200.00,card,0,0,0
2026-08-10 11:52:46.887385,4200.00,card,0,0,0
2026-08-10 11:22:09.228708,1900.00,card,0,0,0
2026-08-10 11:06:24.695156,4200.00,card,0,0,0
2026-08-10 11:05:46.695717,4200.00,card,0,0,0
2026-08-10 10:47:36.557989,4200.00,card,0,0,0
2026-08-10 10:32:53.747175,4200.00,card,0,0,0
2026-08-10 08:08:50.110822,1800.00,BALANCE,0,0,0
2026-08-10 07:44:47.755076,4200.00,BALANCE,0,0,0
2026-08-10 05:40:44.958076,4200.00,card,0,0,0
2026-08-10 03:10:33.93129,2940.000,USDT,0,0,41.891000
2026-08-10 03:08:23.458784,4200.00,card,0,0,0
2026-08-10 01:12:32.45857,3000.00,BALANCE,0,0,0
2026-08-10 00:52:20.46051,1100.00,BALANCE,0,0,0
2026-08-09 22:21:36.153209,1200.00,BALANCE,0,0,0
2026-08-09 21:50:08.211197,2940.000,USDT,0,0,41.891000
2026-08-09 21:48:00.958575,3000.00,BALANCE,0,0,0
2026-08-09 21:31:43.093124,2940.000,USDT,0,0,41.891000
2026-08-09 21:02:21.504105,2000.00,BALANCE,0,0,0
2026-08-09 20:44:55.048374,4200.00,card,0,0,0
2026-08-09 20:28:31.063727,2800.00,card,0,0,0
2026-08-09 20:10:14.449307,4200.00,BALANCE,0,0,0
2026-08-09 20:09:35.923458,4200.00,card,0,0,0
2026-08-09 20:02:35.438526,4200.00,BALANCE,0,0,0
2026-08-09 19:49:09.466464,4200.00,card,0,0,0
2026-08-09 19:47:49.489415,4200.00,BALANCE,0,0,0
2026-08-09 19:47:21.300068,4200.00,BALANCE,0,0,0
2026-08-09 19:43:47.986976,1900.00,BALANCE,0,0,0
2026-08-09 19:41:38.129384,2400.00,BALANCE,0,0,0
2026-08-09 19:04:39.846381,1200.00,BALANCE,0,0,0
2026-08-09 19:01:32.929248,1680.000,USDT,0,0,23.938000
2026-08-09 19:00:07.975563,4200.00,card,0,0,0
2026-08-09 18:11:22.872064,4200.00,card,0,0,0
2026-08-09 18:08:40.549701,4200.00,card,0,0,0
2026-08-09 18:08:06.078504,4200.00,card,0,0,0
2026-08-09 17:42:37.89426,2940.000,USDT,0,0,41.891000
2026-08-09 17:35:34.066205,2940.000,USDT,0,0,41.891000
2026-08-09 17:08:41.217849,4200.00,card,0,0,0
2026-08-09 16:28:27.883672,0.00,BALANCE,0,0,0
2026-08-09 16:27:40.184233,4200.00,card,0,0,0
2026-08-09 16:21:01.305599,0.00,BALANCE,0,0,0
2026-08-09 16:06:55.775281,4200.00,BALANCE,0,0,0
2026-08-09 16:03:42.410533,4200.00,card,0,0,0
2026-08-09 15:55:51.155768,4200.00,BALANCE,0,0,0
2026-08-09 15:21:42.591851,3000.00,card,0,0,0
2026-08-09 15:15:40.051133,4200.00,card,0,0,0
2026-08-09 14:56:29.636171,2940.000,USDT,0,0,41.891000
2026-08-09 14:50:32.760475,2940.000,USDT,0,0,41.891000
2026-08-09 14:36:00.127773,4200.00,nirvana,0,0,0
2026-08-09 14:32:07.079709,4200.00,card,0,0,0
2026-08-09 14:24:16.782309,4200.00,card,0,0,0
2026-08-09 13:58:08.871554,2940.000,USDT,0,0,41.891000
2026-08-09 13:50:45.555239,1900.00,card,0,0,0
2026-08-09 13:36:40.62272,2940.000,USDT,0,0,41.891000
2026-08-09 13:32:57.636139,2940.000,USDT,0,0,41.891000
2026-08-09 13:27:07.168562,4200.00,BALANCE,0,0,0
2026-08-09 13:21:12.657352,2940.000,USDT,0,0,41.891000
2026-08-09 13:19:32.704929,4200.00,BALANCE,0,0,0
2026-08-09 13:12:55.283842,4200.00,card,0,0,0
2026-08-09 12:38:03.929463,4200.00,BALANCE,0,0,0
2026-08-09 12:25:37.974814,4200.00,BALANCE,0,0,0
2026-08-09 12:24:54.772104,4200.00,card,0,0,0
2026-08-09 12:21:07.241983,2940.000,USDT,0,0,41.891000
2026-08-09 12:16:51.562332,1200.00,BALANCE,0,0,0
2026-08-09 12:12:08.094392,5040.000,USDT,0,0,71.813000
2026-08-09 11:46:28.223626,1330.000,USDT,0,0,18.951000
2026-08-09 11:34:53.049074,5040.000,USDT,0,0,71.813000
2026-08-09 11:17:03.791533,1200.00,BALANCE,0,0,0
2026-08-09 11:14:54.215155,1330.000,USDT,0,0,18.951000
2026-08-09 09:51:32.056504,2940.000,USDT,0,0,41.891000
2026-08-09 09:45:17.721608,4200.00,BALANCE,0,0,0
2026-08-09 08:09:32.239433,3000.00,BALANCE,0,0,0
2026-08-09 07:46:51.059866,3570.0000,LTC,0,1.12023333,0
2026-08-09 06:30:10.730195,5040.000,USDT,0,0,71.813000
2026-08-09 05:38:17.128977,5040.000,USDT,0,0,71.813000
2026-08-09 05:35:43.337588,4200.00,BALANCE,0,0,0
2026-08-09 04:46:46.702987,0.00,BALANCE,0,0,0
2026-08-09 04:25:06.718617,7200.00,nirvana,0,0,0
2026-08-09 03:48:04.373959,0.00,BALANCE,0,0,0
2026-08-09 03:13:08.646716,0.00,BALANCE,0,0,0
2026-08-09 02:46:22.938497,4200.00,BALANCE,0,0,0
2026-08-09 02:42:32.442985,0.00,BALANCE,0,0,0
2026-08-09 02:26:02.134849,1200.00,BALANCE,0,0,0
2026-08-09 01:30:26.669202,2940.000,USDT,0,0,41.891000
2026-08-09 01:15:19.506393,2800.00,BALANCE,0,0,0
2026-08-08 23:47:16.119061,7200.00,nirvana,0,0,0
2026-08-08 22:37:43.215956,300.00,BALANCE,0,0,0
2026-08-08 22:17:11.844023,0.00,BALANCE,0,0,0
2026-08-08 22:07:01.671039,4200.00,nirvana,0,0,0
2026-08-08 21:45:38.092295,3000.00,BALANCE,0,0,0
2026-08-08 21:33:06.05007,4200.00,nirvana,0,0,0
2026-08-08 21:29:26.742004,4200.00,nirvana,0,0,0
2026-08-08 21:20:46.191827,4200.00,nirvana,0,0,0
2026-08-08 20:57:16.165242,2100.000,USDT,0,0,29.922000
2026-08-08 20:54:57.309602,4200.00,BALANCE,0,0,0
2026-08-08 20:52:33.264598,2940.000,USDT,0,0,41.891000
2026-08-08 20:44:42.08609,7200.00,nirvana,0,0,0
2026-08-08 20:28:01.376282,2940.000,USDT,0,0,41.891000
2026-08-08 20:26:56.797554,2700.00,BALANCE,0,0,0
2026-08-08 20:16:42.147,4200.00,nirvana,0,0,0
2026-08-08 20:03:05.318167,4200.00,onlypays,0,0,0
2026-08-08 20:00:53.191183,4200.00,nirvana,0,0,0
2026-08-08 19:24:33.932379,3000.00,card,0,0,0
2026-08-08 19:13:18.919181,2940.000,USDT,0,0,41.891000
2026-08-08 18:59:55.756714,4200.00,card,0,0,0
2026-08-08 18:47:55.215867,4200.00,nirvana,0,0,0
2026-08-08 18:27:23.233608,4200.00,card,0,0,0
2026-08-08 18:27:11.37477,1200.00,BALANCE,0,0,0
2026-08-08 18:24:20.008759,3000.00,BALANCE,0,0,0
2026-08-08 18:23:01.318816,1900.00,nirvana,0,0,0
2026-08-08 18:18:07.227332,4200.00,card,0,0,0
2026-08-08 18:03:43.97171,2940.000,USDT,0,0,41.891000
2026-08-08 17:59:24.516077,4200.00,card,0,0,0
2026-08-08 17:54:16.874937,4200.00,nirvana,0,0,0
2026-08-08 17:52:55.397527,4200.00,nirvana,0,0,0
2026-08-08 17:45:40.720804,4200.00,nirvana,0,0,0
2026-08-08 17:43:47.89159,4200.00,nirvana,0,0,0
2026-08-08 17:27:26.322985,2940.000,USDT,0,0,41.891000
2026-08-08 17:14:39.981729,4200.00,nirvana,0,0,0
2026-08-08 17:07:54.668112,2940.000,USDT,0,0,41.891000
2026-08-08 17:06:34.192132,4200.00,nirvana,0,0,0
2026-08-08 16:54:05.632619,4200.00,nirvana,0,0,0
2026-08-08 16:49:53.276729,0.00,BALANCE,0,0,0
2026-08-08 16:33:15.279508,4200.00,nirvana,0,0,0
2026-08-08 16:01:01.391467,4200.00,BALANCE,0,0,0
2026-08-08 15:41:05.516731,4200.00,BALANCE,0,0,0
2026-08-08 15:34:47.544151,4200.00,nirvana,0,0,0
2026-08-08 15:11:19.837987,7200.00,BALANCE,0,0,0
2026-08-08 15:06:50.590641,0.00,BALANCE,0,0,0
2026-08-08 15:06:39.882366,7200.00,BALANCE,0,0,0
2026-08-08 14:54:51.272262,2940.000,USDT,0,0,41.891000
2026-08-08 14:50:18.357983,3000.00,card,0,0,0
2026-08-08 14:49:31.942056,4200.00,nirvana,0,0,0
2026-08-08 14:37:21.512727,1200.00,BALANCE,0,0,0
2026-08-08 14:28:14.196948,4200.00,card,0,0,0
2026-08-08 14:15:35.857201,2940.000,USDT,0,0,41.891000
2026-08-08 14:11:06.155809,1200.00,BALANCE,0,0,0
2026-08-08 14:05:02.814906,4200.00,nirvana,0,0,0
2026-08-08 14:02:33.331931,4200.00,nirvana,0,0,0
2026-08-08 13:51:10.714368,2940.000,USDT,0,0,41.891000
2026-08-08 13:50:25.842397,4200.00,nirvana,0,0,0
2026-08-08 13:48:10.308723,2940.000,USDT,0,0,41.891000
2026-08-08 13:16:37.132155,4200.00,card,0,0,0
2026-08-08 13:08:36.579276,4200.00,card,0,0,0
2026-08-08 13:08:08.778605,7200.00,card,0,0,0
2026-08-08 13:00:07.745203,3000.00,card,0,0,0
2026-08-08 12:41:51.136029,0.00,BALANCE,0,0,0
2026-08-08 12:22:26.900219,4200.00,card,0,0,0
2026-08-08 12:15:57.657906,4200.00,BALANCE,0,0,0
2026-08-08 12:15:16.512159,4200.00,BALANCE,0,0,0
2026-08-08 12:14:40.195823,3000.00,card,0,0,0
2026-08-08 12:06:40.827188,4200.00,card,0,0,0
2026-08-08 11:59:01.589537,4200.00,card,0,0,0
2026-08-08 11:55:28.895902,4200.00,card,0,0,0
2026-08-08 11:54:56.824594,2400.00,card,0,0,0
2026-08-08 11:08:30.685887,4200.00,nirvana,0,0,0
2026-08-08 11:04:00.490337,4200.00,card,0,0,0
2026-08-08 07:28:08.451451,2940.000,USDT,0,0,41.891000
2026-08-08 06:46:13.81511,2940.000,USDT,0,0,41.891000
2026-08-08 06:08:09.651212,2940.000,USDT,0,0,41.891000
2026-08-08 04:34:44.826026,1900.00,nirvana,0,0,0
2026-08-08 04:22:29.975829,3000.00,nirvana,0,0,0
2026-08-08 04:19:27.065589,1330.000,USDT,0,0,18.951000
2026-08-08 04:17:58.944187,2940.000,USDT,0,0,41.891000
2026-08-08 04:08:38.429752,7200.00,BALANCE,0,0,0
2026-08-08 03:52:22.847363,2940.000,USDT,0,0,41.891000
2026-08-08 02:57:32.33196,2940.000,USDT,0,0,41.891000
2026-08-08 02:41:25.339983,2940.000,USDT,0,0,41.891000
2026-08-08 02:34:54.052475,2940.000,USDT,0,0,41.891000
2026-08-08 02:07:16.462768,4200.00,nirvana,0,0,0
2026-08-08 02:03:41.640762,3000.00,nirvana,0,0,0
2026-08-08 02:03:30.806374,4200.00,nirvana,0,0,0
2026-08-08 02:00:14.046534,2940.000,USDT,0,0,41.891000
2026-08-08 01:34:47.884298,4200.00,nirvana,0,0,0
2026-08-08 00:50:54.12087,4200.00,BALANCE,0,0,0
2026-08-08 00:48:56.293842,2100.000,USDT,0,0,29.922000
2026-08-08 00:09:26.073162,4200.00,nirvana,0,0,0
2026-08-07 23:37:20.011243,4200.00,nirvana,0,0,0
2026-08-07 23:18:21.146462,4200.00,nirvana,0,0,0
2026-08-07 22:58:44.722215,3880.00,BALANCE,0,0,0
2026-08-07 22:38:13.1031,4200.00,card,0,0,0
2026-08-07 22:18:32.50048,4200.00,nirvana,0,0,0
2026-08-07 21:55:48.330589,4200.00,card,0,0,0
2026-08-07 21:52:35.807227,2400.00,nirvana,0,0,0
2026-08-07 21:51:50.775264,800.00,BALANCE,0,0,0
2026-08-07 21:45:40.616747,4200.00,BALANCE,0,0,0
2026-08-07 21:44:11.265555,2800.00,BALANCE,0,0,0
2026-08-07 21:41:37.817879,0.00,BALANCE,0,0,0
2026-08-07 21:31:40.079706,4200.00,card,0,0,0
2026-08-07 21:26:20.961751,4200.00,card,0,0,0
2026-08-07 21:18:35.510285,1200.00,BALANCE,0,0,0
2026-08-07 20:56:55.862856,7200.00,merchant001,0,0,0
2026-08-07 20:53:57.169197,2940.000,USDT,0,0,41.891000
2026-08-07 20:50:59.448229,0.00,BALANCE,0,0,0
2026-08-07 20:47:22.913895,1900.00,BALANCE,0,0,0
2026-08-07 20:41:00.092523,4200.00,nirvana,0,0,0
2026-08-07 20:02:27.726661,4200.00,BALANCE,0,0,0
2026-08-07 20:00:22.601827,4200.00,card,0,0,0
2026-08-07 19:59:20.555254,0.00,BALANCE,0,0,0
2026-08-07 19:46:30.982069,4200.00,BALANCE,0,0,0
2026-08-07 19:46:21.708751,3000.00,nirvana,0,0,0
2026-08-07 19:28:05.120159,1200.00,BALANCE,0,0,0
2026-08-07 19:25:25.255998,6200.00,BALANCE,0,0,0
2026-08-07 19:20:41.260297,2040.0000,LTC,0,0.63868176,0
2026-08-07 19:15:15.634592,7200.00,card,0,0,0
2026-08-07 19:09:13.34159,700.00,BALANCE,0,0,0
2026-08-07 18:25:20.863022,4200.00,card,0,0,0
2026-08-07 18:23:03.172614,1200.00,BALANCE,0,0,0
2026-08-07 18:18:18.555913,4200.00,card,0,0,0
2026-08-07 18:03:47.705859,4200.00,card,0,0,0
2026-08-07 17:48:55.553609,4200.00,card,0,0,0
2026-08-07 17:40:34.286027,4200.00,BALANCE,0,0,0
2026-08-07 17:26:43.627996,4200.00,card,0,0,0
2026-08-07 17:15:37.854103,3200.00,BALANCE,0,0,0
2026-08-07 17:11:57.89177,1200.00,BALANCE,0,0,0
2026-08-07 17:00:12.488959,0.00,BALANCE,0,0,0
2026-08-07 16:51:49.596939,2940.000,USDT,0,0,41.891000
2026-08-07 16:42:18.796973,4200.00,nirvana,0,0,0
2026-08-07 16:34:52.449507,4200.00,card,0,0,0
2026-08-07 16:25:06.063663,4200.00,card,0,0,0
2026-08-07 16:15:19.406673,2940.000,USDT,0,0,41.891000
2026-08-07 16:14:58.434803,4200.00,card,0,0,0
2026-08-07 16:05:36.711593,1200.00,BALANCE,0,0,0
2026-08-07 15:57:40.044995,4200.00,nirvana,0,0,0
2026-08-07 15:18:31.220705,2940.000,USDT,0,0,41.891000
2026-08-07 15:03:26.431872,2400.00,nirvana,0,0,0
2026-08-07 15:02:53.415596,4200.00,BALANCE,0,0,0
2026-08-07 14:41:30.86932,4200.00,nirvana,0,0,0
2026-08-07 14:31:48.176242,2700.00,BALANCE,0,0,0
2026-08-07 14:18:56.769222,4200.00,BALANCE,0,0,0
2026-08-07 14:11:08.002509,4200.00,nirvana,0,0,0
2026-08-07 14:05:37.048192,1200.00,BALANCE,0,0,0
2026-08-07 13:54:44.499403,4200.00,card,0,0,0
2026-08-07 13:49:42.799074,4200.00,BALANCE,0,0,0
2026-08-07 13:48:14.938692,4200.00,BALANCE,0,0,0
2026-08-07 13:44:08.316837,4200.00,card,0,0,0
2026-08-07 13:40:39.041872,4200.00,BALANCE,0,0,0
2026-08-07 13:37:14.463852,4200.00,card,0,0,0
2026-08-07 13:35:20.628779,4200.00,BALANCE,0,0,0
2026-08-07 13:02:31.177929,2400.00,card,0,0,0
2026-08-07 12:35:46.372607,4200.00,card,0,0,0
2026-08-07 12:28:55.42717,4200.00,card,0,0,0
2026-08-07 12:19:51.206071,4200.00,card,0,0,0
2026-08-07 12:03:48.851862,1200.00,BALANCE,0,0,0
2026-08-07 11:47:49.148836,4200.00,card,0,0,0
2026-08-07 10:55:11.774831,4200.00,card,0,0,0
2026-08-07 10:55:03.351914,4200.00,card,0,0,0
2026-08-07 10:43:08.250966,4200.00,card,0,0,0
2026-08-07 09:41:18.709777,4200.00,card,0,0,0
2026-08-07 08:24:36.229232,0.00,BALANCE,0,0,0
2026-08-07 06:04:33.099294,4200.00,nirvana,0,0,0
2026-08-07 03:56:17.949694,4200.00,card,0,0,0
2026-08-07 03:31:57.161032,3200.00,BALANCE,0,0,0
2026-08-07 03:28:44.923006,4200.00,BALANCE,0,0,0
2026-08-07 03:23:12.173182,2400.00,BALANCE,0,0,0
2026-08-07 01:39:47.286081,4200.00,card,0,0,0
2026-08-07 01:19:56.002952,4200.00,card,0,0,0
2026-08-07 01:12:04.309012,4200.00,nirvana,0,0,0
2026-08-07 01:00:25.714773,4200.00,nirvana,0,0,0
2026-08-07 00:57:22.152745,4200.00,card,0,0,0
2026-08-07 00:50:01.589225,4200.00,card,0,0,0
2026-08-07 00:21:00.148975,4200.00,BALANCE,0,0,0
2026-08-07 00:20:07.087776,2940.000,USDT,0,0,41.891000
2026-08-06 23:37:16.94515,4200.00,paritypay,0,0,0
2026-08-06 23:10:46.805922,2400.00,BALANCE,0,0,0
2026-08-06 23:03:52.687541,2940.000,USDT,0,0,41.891000
2026-08-06 23:03:00.256568,4200.00,paritypay,0,0,0
2026-08-06 22:54:17.95476,2400.00,paritypay,0,0,0
2026-08-06 22:49:00.384528,4200.00,paritypay,0,0,0
2026-08-06 22:40:48.123266,4200.00,paritypay,0,0,0
2026-08-06 22:38:20.723153,4200.00,paritypay,0,0,0
2026-08-06 22:34:41.886543,4200.00,BALANCE,0,0,0
2026-08-06 22:30:41.482232,4200.00,BALANCE,0,0,0
2026-08-06 21:59:45.012267,4200.00,paritypay,0,0,0
2026-08-06 21:27:02.944745,2940.000,USDT,0,0,41.891000
2026-08-06 21:18:50.180924,4200.00,BALANCE,0,0,0
2026-08-06 20:36:13.436308,1200.00,BALANCE,0,0,0
2026-08-06 20:34:45.532217,4200.00,BALANCE,0,0,0
2026-08-06 20:34:08.037786,3570.0000,LTC,0,1.14058083,0
2026-08-06 20:25:58.737961,4200.00,paritypay,0,0,0
2026-08-06 20:21:15.830065,4200.00,BALANCE,0,0,0
2026-08-06 20:11:27.848401,0.00,BALANCE,0,0,0
2026-08-06 20:03:01.104804,4200.00,paritypay,0,0,0
2026-08-06 19:51:28.295683,3000.00,BALANCE,0,0,0
2026-08-06 19:48:27.680166,0.00,BALANCE,0,0,0
2026-08-06 19:41:50.08926,2400.00,BALANCE,0,0,0
2026-08-06 19:39:38.653713,0.00,BALANCE,0,0,0
2026-08-06 19:39:22.734451,7200.00,BALANCE,0,0,0
2026-08-06 19:32:21.469805,4200.00,card,0,0,0
2026-08-06 19:32:14.57657,4200.00,BALANCE,0,0,0
2026-08-06 19:31:16.366355,4200.00,BALANCE,0,0,0
2026-08-06 19:28:52.819088,1200.00,BALANCE,0,0,0
2026-08-06 19:24:13.902855,4200.00,card,0,0,0
2026-08-06 19:17:31.666171,4200.00,card,0,0,0
2026-08-06 19:16:06.630733,4200.00,BALANCE,0,0,0
2026-08-06 19:04:45.908508,2450.000,USDT,0,0,34.909000
2026-08-06 19:03:35.186789,4200.00,paritypay,0,0,0
2026-08-06 18:57:06.519542,4200.00,card,0,0,0
2026-08-06 18:56:31.281535,4200.00,BALANCE,0,0,0
2026-08-06 18:53:48.168395,4200.00,paritypay,0,0,0
2026-08-06 18:46:54.718459,4200.00,paritypay,0,0,0
2026-08-06 18:45:30.14108,4200.00,paritypay,0,0,0
2026-08-06 18:37:03.579701,2400.00,paritypay,0,0,0
2026-08-06 18:20:40.718795,1900.00,paritypay,0,0,0
2026-08-06 18:17:24.675529,0.00,BALANCE,0,0,0
2026-08-06 18:15:04.294745,0.00,BALANCE,0,0,0
2026-08-06 18:14:38.255283,4200.00,BALANCE,0,0,0
2026-08-06 18:12:06.846533,1900.00,BALANCE,0,0,0
2026-08-06 18:11:31.885138,4200.00,paritypay,0,0,0
2026-08-06 18:11:29.880878,4200.00,BALANCE,0,0,0
2026-08-06 18:06:47.730132,0.00,BALANCE,0,0,0
2026-08-06 18:06:14.253011,4200.00,paritypay,0,0,0
2026-08-06 18:01:19.65594,4200.00,paritypay,0,0,0
2026-08-06 17:53:45.286803,4200.00,paritypay,0,0,0
2026-08-06 17:45:37.875306,4200.00,paritypay,0,0,0
2026-08-06 17:42:32.625723,4200.00,paritypay,0,0,0
2026-08-06 17:42:25.970494,2450.000,USDT,0,0,34.909000
2026-08-06 17:19:01.516483,1200.00,BALANCE,0,0,0
2026-08-06 16:49:40.846191,4200.00,paritypay,0,0,0
2026-08-06 16:40:04.916006,1200.00,BALANCE,0,0,0
2026-08-06 16:19:51.108716,4200.00,paritypay,0,0,0
2026-08-06 16:15:39.226831,4200.00,paritypay,0,0,0
2026-08-06 16:01:22.186456,1200.00,BALANCE,0,0,0
2026-08-06 15:32:38.216604,0.00,BALANCE,0,0,0
2026-08-06 15:26:52.54987,3500.00,BALANCE,0,0,0
2026-08-06 15:03:24.71878,4200.00,BALANCE,0,0,0
2026-08-06 14:54:39.956223,4200.00,card,0,0,0
2026-08-06 14:50:32.799051,4200.00,paritypay,0,0,0
2026-08-06 14:44:38.078497,1900.00,paritypay,0,0,0
2026-08-06 14:42:21.857368,1200.00,BALANCE,0,0,0
2026-08-06 14:38:01.998442,4200.00,paritypay,0,0,0
2026-08-06 14:34:28.271768,2400.00,BALANCE,0,0,0
2026-08-06 14:32:50.817895,4200.00,card,0,0,0
2026-08-06 14:32:32.458094,2940.000,USDT,0,0,41.891000
2026-08-06 14:28:21.391315,4200.00,nirvana,0,0,0
2026-08-06 13:52:38.415476,4200.00,card,0,0,0
2026-08-06 13:49:56.841435,1900.00,paritypay,0,0,0
2026-08-06 13:38:02.526401,1200.00,BALANCE,0,0,0
2026-08-06 13:37:56.705772,4200.00,paritypay,0,0,0
2026-08-06 13:34:59.784214,2400.00,paritypay,0,0,0
2026-08-06 13:31:48.240948,4200.00,BALANCE,0,0,0
2026-08-06 13:25:20.097359,4200.00,BALANCE,0,0,0
2026-08-06 13:11:19.061458,3500.00,card,0,0,0
2026-08-06 13:00:54.523843,4200.00,paritypay,0,0,0
2026-08-06 12:44:05.127021,4200.00,paritypay,0,0,0
2026-08-06 12:42:20.157271,4200.00,paritypay,0,0,0
2026-08-06 12:24:17.753721,4200.00,card,0,0,0
2026-08-06 12:24:16.183274,3000.00,card,0,0,0
2026-08-06 12:23:41.239683,4200.00,paritypay,0,0,0
2026-08-06 11:37:39.405799,4200.00,card,0,0,0
2026-08-06 11:30:31.525343,4200.00,BALANCE,0,0,0
2026-08-06 10:14:19.164832,2400.00,card,0,0,0
2026-08-06 10:03:24.363602,4200.00,card,0,0,0
2026-08-06 09:56:31.528289,0.00,BALANCE,0,0,0
2026-08-06 09:50:37.785382,4200.00,card,0,0,0
2026-08-06 09:38:45.1665,4200.00,paritypay,0,0,0
2026-08-06 09:09:13.548462,4200.00,paritypay,0,0,0
2026-08-06 08:42:01.137461,4200.00,card,0,0,0
2026-08-06 08:29:48.885733,7200.00,card,0,0,0
2026-08-06 08:19:34.449603,4200.00,card,0,0,0
2026-08-06 07:21:54.742545,4200.00,paritypay,0,0,0
2026-08-06 06:40:14.813327,4200.00,card,0,0,0
2026-08-06 05:18:03.421743,4200.00,card,0,0,0
2026-08-06 04:01:57.605227,4200.00,BALANCE,0,0,0
2026-08-06 03:04:47.392453,0.00,BALANCE,0,0,0
2026-08-06 02:52:54.387265,4200.00,paritypay,0,0,0
2026-08-06 02:34:38.550994,4200.00,paritypay,0,0,0
2026-08-06 02:26:39.445463,4200.00,paritypay,0,0,0
2026-08-06 01:54:47.092292,4200.00,BALANCE,0,0,0
2026-08-06 01:24:04.129699,4200.00,paritypay,0,0,0
2026-08-06 00:34:53.918592,4200.00,BALANCE,0,0,0
2026-08-06 00:07:47.377232,4200.00,paritypay,0,0,0
2026-08-05 23:56:39.853439,3500.00,nirvana,0,0,0
2026-08-05 23:19:03.897257,1200.00,BALANCE,0,0,0
2026-08-05 23:03:56.713515,4200.00,paritypay,0,0,0
2026-08-05 22:52:41.644965,4200.00,paritypay,0,0,0
2026-08-05 22:45:51.832718,2940.000,USDT,0,0,41.891000
2026-08-05 22:27:47.97094,4200.00,paritypay,0,0,0
2026-08-05 22:26:01.487143,4200.00,paritypay,0,0,0
2026-08-05 22:24:29.420127,4200.00,paritypay,0,0,0
2026-08-05 22:23:56.723159,100.00,BALANCE,0,0,0
2026-08-05 22:21:32.821007,0.00,BALANCE,0,0,0
2026-08-05 21:58:17.168051,4200.00,paritypay,0,0,0
2026-08-05 21:27:26.937526,2940.000,USDT,0,0,41.891000
2026-08-05 21:19:43.63658,4200.00,paritypay,0,0,0
2026-08-05 21:11:35.713977,1900.00,paritypay,0,0,0
2026-08-05 20:58:28.3188,4200.00,paritypay,0,0,0
2026-08-05 20:43:11.665322,4200.00,BALANCE,0,0,0
2026-08-05 20:42:37.548999,4200.00,card,0,0,0
2026-08-05 20:41:44.977677,4200.00,paritypay,0,0,0
2026-08-05 20:40:23.156443,4200.00,BALANCE,0,0,0
2026-08-05 20:18:51.90848,4200.00,paritypay,0,0,0
2026-08-05 20:18:29.664047,2450.000,USDT,0,0,34.909000
2026-08-05 20:11:29.07005,3500.00,BALANCE,0,0,0
2026-08-05 19:57:15.38893,4200.00,nirvana,0,0,0
2026-08-05 19:47:20.566929,4200.00,card,0,0,0
2026-08-05 19:37:50.885299,2940.000,USDT,0,0,41.891000
2026-08-05 19:30:36.84894,4200.00,paritypay,0,0,0
2026-08-05 19:24:25.328521,500.00,BALANCE,0,0,0
2026-08-05 19:19:06.69223,4200.00,card,0,0,0
2026-08-05 19:15:31.899601,1500.00,BALANCE,0,0,0
2026-08-05 18:48:05.943582,2940.000,USDT,0,0,41.891000
2026-08-05 18:34:10.357732,4200.00,paritypay,0,0,0
2026-08-05 18:33:24.695099,3500.00,BALANCE,0,0,0
2026-08-05 18:25:25.179272,4200.00,paritypay,0,0,0
2026-08-05 18:08:50.04905,4200.00,paritypay,0,0,0
2026-08-05 18:03:32.479904,4200.00,card,0,0,0
2026-08-05 18:03:10.901342,4200.00,card,0,0,0
2026-08-05 17:47:04.667137,4200.00,BALANCE,0,0,0
2026-08-05 17:42:00.179508,4200.00,paritypay,0,0,0
2026-08-05 17:31:17.08661,4200.00,BALANCE,0,0,0
2026-08-05 17:25:00.189328,4200.00,card,0,0,0
2026-08-05 17:19:46.001031,4200.00,paritypay,0,0,0
2026-08-05 17:15:32.737431,4200.00,paritypay,0,0,0
2026-08-05 16:57:46.311028,4200.00,BALANCE,0,0,0
2026-08-05 16:37:13.114229,4200.00,card,0,0,0
2026-08-05 16:33:47.366533,1200.00,BALANCE,0,0,0
2026-08-05 16:25:13.813049,4200.00,paritypay,0,0,0
2026-08-05 16:21:51.287233,4200.00,paritypay,0,0,0
2026-08-05 16:10:59.958821,2940.000,USDT,0,0,41.891000
2026-08-05 15:53:26.909595,2940.000,USDT,0,0,41.891000
2026-08-05 15:43:18.948849,1200.00,BALANCE,0,0,0
2026-08-05 15:35:28.327152,4200.00,BALANCE,0,0,0
2026-08-05 15:32:16.900513,4200.00,paritypay,0,0,0
2026-08-05 15:30:37.364794,2400.00,BALANCE,0,0,0
2026-08-05 15:30:14.257714,4200.00,card,0,0,0
2026-08-05 15:26:25.024175,4200.00,paritypay,0,0,0
2026-08-05 15:25:09.322359,4200.00,paritypay,0,0,0
2026-08-05 15:24:50.918609,4200.00,BALANCE,0,0,0
2026-08-05 15:20:21.255433,4200.00,paritypay,0,0,0
2026-08-05 15:19:50.450189,4200.00,nirvana,0,0,0
2026-08-05 15:17:06.686958,4200.00,paritypay,0,0,0
2026-08-05 15:17:00.548328,4200.00,BALANCE,0,0,0
2026-08-05 15:16:04.260532,4200.00,BALANCE,0,0,0
2026-08-05 15:15:12.381082,4200.00,paritypay,0,0,0
2026-08-05 15:07:36.891156,3200.00,BALANCE,0,0,0
2026-08-05 14:53:48.871774,0.00,BALANCE,0,0,0
2026-08-05 14:53:01.436991,4200.00,paritypay,0,0,0
2026-08-05 14:47:02.131131,4200.00,BALANCE,0,0,0
2026-08-05 14:45:07.556544,0.00,BALANCE,0,0,0
2026-08-05 14:43:45.402395,4200.00,BALANCE,0,0,0
2026-08-05 14:35:23.593256,2940.000,USDT,0,0,41.891000
2026-08-05 14:33:14.276942,1330.000,USDT,0,0,18.951000
2026-08-05 14:18:20.74252,3000.00,BALANCE,0,0,0
2026-08-05 14:17:59.318586,4200.00,paritypay,0,0,0
2026-08-05 13:44:30.907525,1200.00,BALANCE,0,0,0
2026-08-05 13:28:48.701447,2450.000,USDT,0,0,34.909000
2026-08-05 13:23:31.390406,1500.00,BALANCE,0,0,0
2026-08-05 13:16:13.889703,4200.00,paritypay,0,0,0
2026-08-05 13:12:04.498783,4200.00,paritypay,0,0,0
2026-08-05 13:09:06.385801,3000.00,paritypay,0,0,0
2026-08-05 13:00:35.336405,1900.00,BALANCE,0,0,0
2026-08-05 12:40:46.524625,4200.00,paritypay,0,0,0
2026-08-05 11:49:48.6283,700.00,BALANCE,0,0,0
2026-08-05 10:31:25.218632,1900.00,paritypay,0,0,0
2026-08-05 10:08:34.461102,1200.00,BALANCE,0,0,0
2026-08-05 09:50:25.883082,4200.00,paritypay,0,0,0
2026-08-05 06:50:05.088494,1900.00,paritypay,0,0,0
2026-08-05 06:12:42.782219,4200.00,nirvana,0,0,0
2026-08-05 05:52:30.892462,4200.00,card,0,0,0
2026-08-05 05:02:12.440693,4200.00,card,0,0,0
2026-08-05 03:16:46.533986,3570.0000,LTC,0,1.17428185,0
2026-08-05 02:55:59.082722,4200.00,card,0,0,0
2026-08-05 02:29:30.002826,2400.00,BALANCE,0,0,0
2026-08-05 02:02:19.70034,1200.00,BALANCE,0,0,0
2026-08-05 01:59:18.369448,3000.00,paritypay,0,0,0
2026-08-05 00:08:42.248881,1200.00,BALANCE,0,0,0
2026-08-04 23:58:14.404597,4200.00,card,0,0,0
2026-08-04 23:34:39.533349,4200.00,card,0,0,0
2026-08-04 23:25:34.781135,4200.00,paritypay,0,0,0
2026-08-04 22:29:52.149355,1680.000,USDT,0,0,23.938000
2026-08-04 22:15:39.697661,2975.0000,LTC,0,0.98137615,0
2026-08-04 21:51:16.870134,4200.00,paritypay,0,0,0
2026-08-04 21:43:56.047498,0.00,BALANCE,0,0,0
2026-08-04 21:42:46.849919,4200.00,BALANCE,0,0,0
2026-08-04 21:35:48.656718,4200.00,BALANCE,0,0,0
2026-08-04 20:56:13.169539,1200.00,BALANCE,0,0,0
2026-08-04 20:51:45.896595,4200.00,BALANCE,0,0,0
2026-08-04 20:27:42.318931,4200.00,paritypay,0,0,0
2026-08-04 19:55:37.417459,4200.00,paritypay,0,0,0
2026-08-04 19:53:46.453924,0.00,BALANCE,0,0,0
2026-08-04 19:40:48.483278,2100.00,BALANCE,0,0,0
2026-08-04 19:14:06.925815,4200.00,paritypay,0,0,0
2026-08-04 19:01:11.286127,1680.000,USDT,0,0,23.938000
2026-08-04 18:52:43.686251,4200.00,paritypay,0,0,0
2026-08-04 18:24:33.478887,4200.00,paritypay,0,0,0
2026-08-04 18:20:56.989958,7200.00,paritypay,0,0,0
2026-08-04 18:08:49.756365,3700.00,BALANCE,0,0,0
2026-08-04 18:01:23.367497,7200.00,card,0,0,0
2026-08-04 17:46:08.15044,7200.00,card,0,0,0
2026-08-04 17:35:11.992405,3000.00,BALANCE,0,0,0
2026-08-04 17:14:39.055164,7200.00,paritypay,0,0,0
2026-08-04 16:57:00.563051,4200.00,paritypay,0,0,0
2026-08-04 16:35:07.80059,7200.00,card,0,0,0
2026-08-04 16:21:23.789257,7200.00,paritypay,0,0,0
2026-08-04 16:01:37.862603,1680.000,USDT,0,0,23.938000
2026-08-04 15:43:25.60173,7200.00,paritypay,0,0,0
2026-08-04 15:27:12.464414,4200.00,card,0,0,0
2026-08-04 15:23:40.650918,4200.00,card,0,0,0
2026-08-04 15:18:46.908203,4200.00,paritypay,0,0,0
2026-08-04 15:05:53.856492,3000.00,card,0,0,0
2026-08-04 14:51:04.198077,2940.000,USDT,0,0,41.891000
2026-08-04 14:28:45.097577,1100.00,BALANCE,0,0,0
2026-08-04 14:15:17.833734,4200.00,paritypay,0,0,0
2026-08-04 14:14:59.248536,1200.00,BALANCE,0,0,0
2026-08-04 14:11:56.66334,1200.00,BALANCE,0,0,0
2026-08-04 14:07:27.85572,4200.00,paritypay,0,0,0
2026-08-04 13:22:51.896551,4200.00,card,0,0,0
2026-08-04 13:19:35.27511,2940.000,USDT,0,0,41.891000
2026-08-04 13:16:03.978838,4200.00,card,0,0,0
2026-08-04 13:15:51.425988,1200.00,BALANCE,0,0,0
2026-08-04 13:12:19.938687,4200.00,card,0,0,0
2026-08-04 13:01:21.846543,7200.00,paritypay,0,0,0
2026-08-04 12:54:48.785575,4200.00,paritypay,0,0,0
2026-08-04 12:51:13.416697,4200.00,paritypay,0,0,0
2026-08-04 12:48:17.352533,4200.00,paritypay,0,0,0
2026-08-04 12:45:56.54494,4200.00,card,0,0,0
2026-08-04 12:10:55.42926,4200.00,paritypay,0,0,0
2026-08-04 11:44:25.569042,1200.00,BALANCE,0,0,0
2026-08-04 11:34:17.406656,4200.00,paritypay,0,0,0
2026-08-04 10:53:11.798832,1900.00,paritypay,0,0,0
2026-08-04 10:46:50.530027,4200.00,paritypay,0,0,0
2026-08-04 10:02:32.030804,4200.00,paritypay,0,0,0
2026-08-04 09:34:48.659296,2940.000,USDT,0,0,41.891000
2026-08-04 09:29:25.682531,4200.00,card,0,0,0
2026-08-04 09:23:17.740748,4200.00,paritypay,0,0,0
2026-08-04 08:58:57.828864,3000.00,BALANCE,0,0,0
2026-08-04 08:58:40.795233,4200.00,nirvana,0,0,0
2026-08-04 08:49:40.576963,4200.00,paritypay,0,0,0
2026-08-04 08:45:03.328804,4200.00,paritypay,0,0,0
2026-08-04 07:49:56.09143,4200.00,paritypay,0,0,0
2026-08-04 07:28:03.343126,7200.00,paritypay,0,0,0
2026-08-04 06:56:45.24256,3000.00,paritypay,0,0,0
2026-08-04 05:57:09.163276,4200.00,paritypay,0,0,0
2026-08-04 04:00:14.120675,7200.00,card,0,0,0
2026-08-04 03:58:03.305606,4200.00,card,0,0,0
2026-08-04 02:31:50.051763,4200.00,paritypay,0,0,0
2026-08-04 02:08:46.220094,0.00,BALANCE,0,0,0
2026-08-04 01:42:44.369392,1900.00,paritypay,0,0,0
2026-08-04 01:40:02.961309,4200.00,paritypay,0,0,0
2026-08-04 01:08:08.573829,3000.00,card,0,0,0
2026-08-04 00:44:48.435428,7200.00,BALANCE,0,0,0
2026-08-04 00:07:56.490759,4200.00,paritypay,0,0,0
2026-08-04 00:07:08.520615,4200.00,paritypay,0,0,0
2026-08-03 23:59:17.011093,4200.00,paritypay,0,0,0
2026-08-03 23:41:28.821771,4200.00,paritypay,0,0,0
2026-08-03 23:27:23.51008,4200.00,card,0,0,0
2026-08-03 23:24:30.203994,4200.00,nirvana,0,0,0
2026-08-03 23:16:25.63055,4200.00,paritypay,0,0,0
2026-08-03 22:55:17.523502,2940.000,USDT,0,0,41.891000
2026-08-03 22:39:43.249376,4200.00,card,0,0,0
2026-08-03 22:30:12.895435,4200.00,paritypay,0,0,0
2026-08-03 22:15:32.39441,1680.000,USDT,0,0,23.938000
2026-08-03 22:12:10.144644,1200.00,BALANCE,0,0,0
2026-08-03 22:06:13.041983,4200.00,card,0,0,0
2026-08-03 21:54:28.508815,4200.00,paritypay,0,0,0
2026-08-03 21:44:12.416893,1900.00,card,0,0,0
2026-08-03 21:34:57.860836,4200.00,paritypay,0,0,0
2026-08-03 21:22:56.894659,2400.00,card,0,0,0
2026-08-03 20:47:46.065786,1680.000,USDT,0,0,23.938000
2026-08-03 20:43:29.034842,2940.000,USDT,0,0,41.891000
2026-08-03 20:22:29.129587,4200.00,BALANCE,0,0,0
2026-08-03 20:21:26.42697,4200.00,paritypay,0,0,0
2026-08-03 20:20:47.684479,0.00,BALANCE,0,0,0
2026-08-03 20:02:04.724972,2450.000,USDT,0,0,34.909000
2026-08-03 19:59:24.978286,4200.00,paritypay,0,0,0
2026-08-03 19:43:04.58344,4200.00,BALANCE,0,0,0
2026-08-03 19:18:05.473764,2940.000,USDT,0,0,41.891000
2026-08-03 19:06:07.52791,2940.000,USDT,0,0,41.891000
2026-08-03 19:03:41.263427,0.00,BALANCE,0,0,0
2026-08-03 18:36:25.473627,2940.000,USDT,0,0,41.891000
2026-08-03 18:30:17.857605,4200.00,paritypay,0,0,0
2026-08-03 18:25:16.399387,4200.00,paritypay,0,0,0
2026-08-03 18:11:01.774579,4200.00,BALANCE,0,0,0
2026-08-03 17:57:11.06315,0.00,BALANCE,0,0,0
2026-08-03 17:55:28.869911,4200.00,card,0,0,0
2026-08-03 17:54:55.233284,4200.00,card,0,0,0
2026-08-03 17:53:39.640507,4200.00,paritypay,0,0,0
2026-08-03 17:41:51.745988,4200.00,paritypay,0,0,0
2026-08-03 17:36:21.197003,2940.000,USDT,0,0,41.891000
2026-08-03 17:23:01.008684,4200.00,paritypay,0,0,0
2026-08-03 17:18:33.777819,2700.00,BALANCE,0,0,0
2026-08-03 17:08:53.51352,4200.00,paritypay,0,0,0
2026-08-03 17:00:52.860219,4200.00,paritypay,0,0,0
2026-08-03 16:53:25.858303,4200.00,paritypay,0,0,0
2026-08-03 16:50:53.431774,4200.00,paritypay,0,0,0
2026-08-03 16:50:13.763572,4200.00,BALANCE,0,0,0
2026-08-03 16:47:41.275891,3000.00,BALANCE,0,0,0
2026-08-03 16:46:41.171017,4200.00,paritypay,0,0,0
2026-08-03 16:39:26.787521,4200.00,card,0,0,0
2026-08-03 16:18:16.26313,0.00,BALANCE,0,0,0
2026-08-03 16:10:15.811728,4200.00,paritypay,0,0,0
2026-08-03 15:43:33.297406,7200.00,card,0,0,0
2026-08-03 15:23:25.247389,7200.00,paritypay,0,0,0
2026-08-03 15:18:33.373541,4200.00,card,0,0,0
2026-08-03 14:50:57.746634,4200.00,paritypay,0,0,0
2026-08-03 14:37:14.986398,4200.00,BALANCE,0,0,0
2026-08-03 14:34:02.67505,0.00,BALANCE,0,0,0
2026-08-03 14:26:36.363699,3000.00,BALANCE,0,0,0
2026-08-03 14:17:38.520157,3000.00,paritypay,0,0,0
2026-08-03 13:57:32.766035,2450.000,USDT,0,0,34.909000
2026-08-03 13:51:35.30082,3500.00,card,0,0,0
2026-08-03 13:41:12.225045,4200.00,paritypay,0,0,0
2026-08-03 13:33:34.985246,4200.00,paritypay,0,0,0
2026-08-03 13:16:19.36052,4200.00,paritypay,0,0,0
2026-08-03 12:10:59.254791,4200.00,card,0,0,0
2026-08-03 11:55:49.504539,4200.00,card,0,0,0
2026-08-03 11:49:54.665966,4200.00,BALANCE,0,0,0
2026-08-03 11:33:54.488271,7200.00,paritypay,0,0,0
2026-08-03 11:23:52.276768,7200.00,paritypay,0,0,0
2026-08-03 10:52:20.666132,4200.00,card,0,0,0
2026-08-03 10:23:38.542693,7200.00,paritypay,0,0,0
2026-08-03 09:55:00.884628,4200.00,paritypay,0,0,0
2026-08-03 09:52:57.239587,4200.00,paritypay,0,0,0
2026-08-03 09:34:41.97401,4200.00,BALANCE,0,0,0
2026-08-03 09:30:42.868424,4200.00,paritypay,0,0,0
2026-08-03 09:22:39.466991,2450.000,USDT,0,0,34.909000
2026-08-03 08:30:13.281417,4200.00,paritypay,0,0,0
2026-08-03 07:32:24.6282,4200.00,card,0,0,0
2026-08-03 06:30:32.831667,1900.00,paritypay,0,0,0
2026-08-03 06:22:25.475637,4200.00,BALANCE,0,0,0
2026-08-03 04:55:26.457779,3000.00,paritypay,0,0,0
2026-08-03 04:12:20.079738,4000.00,BALANCE,0,0,0
2026-08-03 03:38:51.631024,4200.00,paritypay,0,0,0
2026-08-03 02:46:19.130847,4200.00,paritypay,0,0,0
2026-08-03 02:04:30.003805,4200.00,paritypay,0,0,0
2026-08-03 01:28:24.070619,1200.00,BALANCE,0,0,0
2026-08-03 00:59:51.072098,4200.00,card,0,0,0
2026-08-03 00:48:57.396438,7200.00,BALANCE,0,0,0
2026-08-03 00:29:11.530532,4200.00,BALANCE,0,0,0
2026-08-02 23:23:50.220135,4200.00,paritypay,0,0,0
2026-08-02 23:10:58.964978,7200.00,card,0,0,0
2026-08-02 23:08:33.756672,3000.00,card,0,0,0
2026-08-02 22:57:52.186913,4200.00,paritypay,0,0,0
2026-08-02 22:38:17.144229,4200.00,paritypay,0,0,0
2026-08-02 22:28:12.265126,4200.00,paritypay,0,0,0
2026-08-02 21:58:13.415712,4200.00,BALANCE,0,0,0
2026-08-02 21:53:35.550328,1200.00,BALANCE,0,0,0
2026-08-02 21:42:44.319626,1900.00,paritypay,0,0,0
2026-08-02 21:34:13.15998,4200.00,BALANCE,0,0,0
2026-08-02 20:52:46.547433,4200.00,paritypay,0,0,0
2026-08-02 20:51:53.613496,4200.00,paritypay,0,0,0
2026-08-02 20:34:33.904086,4200.00,BALANCE,0,0,0
2026-08-02 20:25:42.534204,4200.00,paritypay,0,0,0
2026-08-02 20:22:21.241742,4200.00,BALANCE,0,0,0
2026-08-02 19:57:31.668804,0.00,BALANCE,0,0,0
2026-08-02 19:36:46.862696,4200.00,BALANCE,0,0,0
2026-08-02 19:31:08.083916,3700.00,BALANCE,0,0,0
2026-08-02 19:29:59.789863,4200.00,paritypay,0,0,0
2026-08-02 19:18:39.07399,4200.00,paritypay,0,0,0
2026-08-02 19:14:29.702707,2940.000,USDT,0,0,41.891000
2026-08-02 19:01:03.315327,4200.00,card,0,0,0
2026-08-02 18:51:19.3548,3200.00,BALANCE,0,0,0
2026-08-02 18:28:36.228047,4200.00,BALANCE,0,0,0
2026-08-02 18:26:30.606904,4200.00,card,0,0,0
2026-08-02 18:17:29.080927,4200.00,paritypay,0,0,0
2026-08-02 18:15:26.818422,0.00,BALANCE,0,0,0
2026-08-02 18:05:25.931708,1200.00,BALANCE,0,0,0
2026-08-02 18:03:20.997402,7200.00,BALANCE,0,0,0
2026-08-02 17:51:59.907562,0.00,BALANCE,0,0,0
2026-08-02 17:40:52.495963,0.00,BALANCE,0,0,0
2026-08-02 17:39:07.413215,4200.00,paritypay,0,0,0
2026-08-02 17:16:23.255255,4200.00,paritypay,0,0,0
2026-08-02 16:59:29.069256,4200.00,paritypay,0,0,0
2026-08-02 16:55:30.309764,0.00,BALANCE,0,0,0
2026-08-02 16:11:09.641956,4200.00,paritypay,0,0,0
2026-08-02 15:44:16.682779,1200.00,BALANCE,0,0,0
2026-08-02 15:38:27.764785,4200.00,paritypay,0,0,0
2026-08-02 15:37:37.715142,4200.00,paritypay,0,0,0
2026-08-02 15:16:47.462001,4200.00,card,0,0,0
2026-08-02 15:15:43.270093,1200.00,BALANCE,0,0,0
2026-08-02 15:08:29.2049,4200.00,paritypay,0,0,0
2026-08-02 15:06:13.144658,4200.00,nirvana,0,0,0
2026-08-02 15:03:00.502789,4200.00,paritypay,0,0,0
2026-08-02 15:01:55.407955,4200.00,paritypay,0,0,0
2026-08-02 15:00:25.507116,4200.00,paritypay,0,0,0
2026-08-02 14:56:39.670965,2940.000,USDT,0,0,41.891000
2026-08-02 14:47:53.091662,3200.00,BALANCE,0,0,0
2026-08-02 14:43:50.031246,6000.00,BALANCE,0,0,0
2026-08-02 14:43:06.722961,4200.00,paritypay,0,0,0
2026-08-02 14:39:04.747635,4200.00,paritypay,0,0,0
2026-08-02 14:35:04.974375,4200.00,paritypay,0,0,0
2026-08-02 14:34:08.669721,7200.00,BALANCE,0,0,0
2026-08-02 14:33:48.500123,5100.00,BALANCE,0,0,0
2026-08-02 14:28:11.595773,4200.00,paritypay,0,0,0
2026-08-02 14:27:43.828211,4200.00,BALANCE,0,0,0
2026-08-02 14:26:53.23849,4200.00,BALANCE,0,0,0
2026-08-02 14:22:36.58049,2940.000,USDT,0,0,41.891000
2026-08-02 14:14:32.76405,4200.00,paritypay,0,0,0
2026-08-02 14:06:53.249787,4200.00,BALANCE,0,0,0
2026-08-02 13:48:05.44075,4200.00,BALANCE,0,0,0
2026-08-02 13:36:57.622009,4200.00,paritypay,0,0,0
2026-08-02 13:30:53.643779,4200.00,BALANCE,0,0,0
2026-08-02 13:23:14.775136,4200.00,paritypay,0,0,0
2026-08-02 13:22:09.093053,4200.00,paritypay,0,0,0
2026-08-02 13:21:31.011395,3500.00,BALANCE,0,0,0
2026-08-02 13:16:52.292664,4200.00,paritypay,0,0,0
2026-08-02 13:14:17.947939,0.00,BALANCE,0,0,0
2026-08-02 12:52:04.044087,4200.00,BALANCE,0,0,0
2026-08-02 12:19:09.507503,4200.00,card,0,0,0
2026-08-02 11:58:51.574272,4200.00,paritypay,0,0,0
2026-08-02 10:11:07.475618,4200.00,paritypay,0,0,0
2026-08-02 09:56:12.364142,4200.00,paritypay,0,0,0
2026-08-02 09:35:44.850614,4200.00,paritypay,0,0,0
2026-08-02 08:51:43.145277,4200.00,BALANCE,0,0,0
2026-08-02 08:10:51.193241,4200.00,paritypay,0,0,0
2026-08-02 06:48:36.164933,4200.00,paritypay,0,0,0
2026-08-02 06:45:23.694153,7200.00,paritypay,0,0,0
2026-08-02 05:12:59.459552,4200.00,paritypay,0,0,0
2026-08-02 03:11:01.146043,4200.00,paritypay,0,0,0
2026-08-02 02:43:45.445995,4200.00,paritypay,0,0,0
2026-08-02 02:21:16.348026,2400.00,BALANCE,0,0,0
2026-08-02 01:29:58.673099,4200.00,card,0,0,0
2026-08-02 01:27:53.98001,4200.00,card,0,0,0
2026-08-02 00:38:01.012872,4200.00,paritypay,0,0,0
2026-08-02 00:30:27.704198,0.00,BALANCE,0,0,0
2026-08-02 00:26:11.382743,4200.00,paritypay,0,0,0
2026-08-01 23:42:06.084794,1200.00,BALANCE,0,0,0
2026-08-01 23:33:14.512052,4200.00,paritypay,0,0,0
2026-08-01 23:32:09.90313,4200.00,paritypay,0,0,0
2026-08-01 23:25:32.142893,4200.00,paritypay,0,0,0
2026-08-01 23:23:20.636324,4200.00,paritypay,0,0,0
2026-08-01 23:00:57.906011,4200.00,paritypay,0,0,0
2026-08-01 22:54:32.777839,3570.0000,LTC,0,1.20050818,0
2026-08-01 22:32:16.221099,4200.00,BALANCE,0,0,0
2026-08-01 22:16:05.191373,4200.00,paritypay,0,0,0
2026-08-01 22:05:36.584306,4200.00,paritypay,0,0,0
2026-08-01 21:19:23.24468,4200.00,paritypay,0,0,0
2026-08-01 21:16:29.300393,4200.00,paritypay,0,0,0
2026-08-01 21:07:20.245186,4200.00,paritypay,0,0,0
2026-08-01 20:51:05.507223,0.00,BALANCE,0,0,0
2026-08-01 20:26:56.811984,4200.00,paritypay,0,0,0
2026-08-01 19:57:37.78629,7200.00,paritypay,0,0,0
2026-08-01 19:55:40.303031,7200.00,paritypay,0,0,0
2026-08-01 19:37:52.98922,4200.00,paritypay,0,0,0
2026-08-01 19:35:34.695431,2000.00,BALANCE,0,0,0
2026-08-01 19:07:31.648371,2400.00,BALANCE,0,0,0
2026-08-01 18:53:53.688265,4200.00,paritypay,0,0,0
2026-08-01 18:43:31.423541,1200.00,BALANCE,0,0,0
2026-08-01 18:42:24.101408,4200.00,paritypay,0,0,0
2026-08-01 18:37:02.161692,4200.00,paritypay,0,0,0
2026-08-01 18:29:30.754852,4200.00,paritypay,0,0,0
2026-08-01 18:28:35.35374,1200.00,BALANCE,0,0,0
2026-08-01 18:16:35.062084,4200.00,paritypay,0,0,0
2026-08-01 18:11:42.486795,4200.00,paritypay,0,0,0
2026-08-01 18:10:12.892332,7200.00,BALANCE,0,0,0
2026-08-01 17:40:27.510119,4200.00,card,0,0,0
2026-08-01 17:34:41.550332,4200.00,paritypay,0,0,0
2026-08-01 17:21:33.012375,4200.00,paritypay,0,0,0
2026-08-01 17:06:07.157771,4200.00,paritypay,0,0,0
2026-08-01 16:41:32.170642,4200.00,paritypay,0,0,0
2026-08-01 16:20:24.187504,4200.00,paritypay,0,0,0
2026-08-01 16:12:22.17701,4200.00,paritypay,0,0,0
2026-08-01 16:08:51.605808,1900.00,paritypay,0,0,0
2026-08-01 16:06:02.456259,4200.00,paritypay,0,0,0
2026-08-01 15:53:37.445525,2100.00,BALANCE,0,0,0
2026-08-01 15:25:37.575556,4200.00,paritypay,0,0,0
2026-08-01 15:24:55.676459,4200.00,card,0,0,0
2026-08-01 15:14:37.052582,4200.00,paritypay,0,0,0
2026-08-01 15:03:07.413585,0.00,BALANCE,0,0,0
2026-08-01 14:56:39.414522,1100.00,BALANCE,0,0,0
2026-08-01 14:39:35.475319,1800.00,BALANCE,0,0,0
2026-08-01 14:27:03.218791,4200.00,paritypay,0,0,0
2026-08-01 14:23:39.515717,4200.00,paritypay,0,0,0
2026-08-01 14:19:51.099249,4200.00,card,0,0,0
2026-08-01 14:11:32.010725,7200.00,card,0,0,0
2026-08-01 14:11:00.870623,4200.00,paritypay,0,0,0
2026-08-01 13:49:56.444667,4200.00,BALANCE,0,0,0
2026-08-01 13:43:39.972202,4200.00,paritypay,0,0,0
2026-08-01 12:56:41.747183,4200.00,paritypay,0,0,0
2026-08-01 12:44:21.901838,4200.00,paritypay,0,0,0
2026-08-01 12:29:45.016323,4200.00,paritypay,0,0,0
2026-08-01 12:22:00.771108,4200.00,paritypay,0,0,0
2026-08-01 12:04:19.963534,3200.00,BALANCE,0,0,0
2026-08-01 11:54:22.974742,4200.00,paritypay,0,0,0
2026-08-01 11:52:08.093317,7200.00,BALANCE,0,0,0
2026-08-01 11:15:26.215171,4200.00,paritypay,0,0,0
2026-08-01 11:06:24.043061,2940.000,USDT,0,0,41.891000
2026-08-01 11:01:13.790966,4200.00,paritypay,0,0,0
2026-08-01 10:55:03.88751,4200.00,paritypay,0,0,0
2026-08-01 10:45:45.892944,4200.00,paritypay,0,0,0
2026-08-01 10:11:43.923463,4200.00,paritypay,0,0,0
2026-08-01 09:36:12.429778,4200.00,paritypay,0,0,0
2026-08-01 08:36:43.743507,4200.00,BALANCE,0,0,0
2026-08-01 07:57:14.467929,4200.00,BALANCE,0,0,0
2026-08-01 06:48:25.781833,4200.00,paritypay,0,0,0
2026-08-01 06:08:58.991634,3000.00,paritypay,0,0,0
2026-08-01 05:44:32.204097,4200.00,paritypay,0,0,0
2026-08-01 05:17:40.757372,4200.00,paritypay,0,0,0
2026-08-01 03:58:59.010151,900.00,BALANCE,0,0,0
2026-08-01 03:52:16.658736,4200.00,paritypay,0,0,0
2026-08-01 03:15:02.821073,4200.00,paritypay,0,0,0
2026-08-01 03:00:06.935467,4200.00,paritypay,0,0,0
2026-08-01 02:54:22.813827,7200.00,paritypay,0,0,0
2026-08-01 02:49:53.986885,2940.000,USDT,0,0,41.891000
2026-08-01 02:02:26.605953,4200.00,BALANCE,0,0,0
2026-08-01 01:25:57.023835,4200.00,paritypay,0,0,0
2026-08-01 01:17:38.136323,4200.00,paritypay,0,0,0
2026-08-01 00:34:04.705293,7200.00,paritypay,0,0,0
2026-08-01 00:19:38.577559,1900.00,BALANCE,0,0,0
2026-08-01 00:14:32.365111,1200.00,BALANCE,0,0,0
2026-07-31 23:34:20.47074,4200.00,card,0,0,0
2026-07-31 23:33:30.713901,4200.00,card,0,0,0
2026-07-31 23:24:26.095098,4200.00,card,0,0,0
2026-07-31 23:19:56.827049,4200.00,BALANCE,0,0,0
2026-07-31 22:46:39.828972,2940.000,USDT,0,0,41.891000
2026-07-31 22:45:10.034238,4200.00,paritypay,0,0,0
2026-07-31 22:34:59.441788,4200.00,paritypay,0,0,0
2026-07-31 22:29:26.60268,4200.00,BALANCE,0,0,0
2026-07-31 22:25:11.590473,1200.00,BALANCE,0,0,0
2026-07-31 22:10:21.63781,4200.00,paritypay,0,0,0
2026-07-31 21:58:36.790721,4200.00,card,0,0,0
2026-07-31 21:52:08.9068,4200.00,paritypay,0,0,0
2026-07-31 21:51:15.57063,4200.00,paritypay,0,0,0
2026-07-31 21:46:18.635309,4200.00,paritypay,0,0,0
2026-07-31 21:38:06.784731,4200.00,paritypay,0,0,0
2026-07-31 21:30:36.989851,4200.00,paritypay,0,0,0
2026-07-31 21:29:32.596022,4200.00,paritypay,0,0,0
2026-07-31 21:25:35.347827,4200.00,paritypay,0,0,0
2026-07-31 21:08:57.364669,4200.00,paritypay,0,0,0
2026-07-31 20:58:31.93185,4200.00,paritypay,0,0,0
2026-07-31 20:53:47.999991,4200.00,BALANCE,0,0,0
2026-07-31 20:38:53.163004,4200.00,paritypay,0,0,0
2026-07-31 20:34:08.339382,1200.00,BALANCE,0,0,0
2026-07-31 20:26:06.026458,4200.00,nirvana,0,0,0
2026-07-31 20:20:29.66602,7200.00,paritypay,0,0,0
2026-07-31 20:18:34.811281,4200.00,BALANCE,0,0,0
2026-07-31 20:15:20.981712,7200.00,paritypay,0,0,0
2026-07-31 20:14:02.442034,2940.000,USDT,0,0,41.891000
2026-07-31 20:03:03.941541,2940.000,USDT,0,0,41.891000
2026-07-31 19:57:49.360598,2940.000,USDT,0,0,41.891000
2026-07-31 19:36:55.89563,4200.00,card,0,0,0
2026-07-31 19:28:21.747254,1200.00,BALANCE,0,0,0
2026-07-31 18:57:52.184033,4200.00,card,0,0,0
2026-07-31 18:50:42.672018,4200.00,paritypay,0,0,0
2026-07-31 18:40:43.337771,4200.00,card,0,0,0
2026-07-31 18:38:19.822767,4200.00,card,0,0,0
2026-07-31 18:20:42.104691,4200.00,paritypay,0,0,0
2026-07-31 18:14:43.142706,4200.00,paritypay,0,0,0
2026-07-31 18:13:53.73589,3000.00,nirvana,0,0,0
2026-07-31 18:05:25.436445,7200.00,paritypay,0,0,0
2026-07-31 18:00:37.360027,4200.00,paritypay,0,0,0
2026-07-31 17:32:23.054955,4200.00,paritypay,0,0,0
2026-07-31 17:24:08.021145,7200.00,paritypay,0,0,0
2026-07-31 17:14:56.604159,2940.000,USDT,0,0,41.891000
2026-07-31 17:00:11.761709,4200.00,BALANCE,0,0,0
2026-07-31 16:54:43.274829,4200.00,BALANCE,0,0,0
2026-07-31 16:46:58.050277,7200.00,paritypay,0,0,0
2026-07-31 16:38:42.846702,3000.00,nirvana,0,0,0
2026-07-31 16:36:19.419676,2400.00,BALANCE,0,0,0
2026-07-31 16:35:59.228518,4200.00,BALANCE,0,0,0
2026-07-31 16:23:11.229608,4200.00,nirvana,0,0,0
2026-07-31 16:22:43.033275,0.00,BALANCE,0,0,0
2026-07-31 15:33:08.474609,4200.00,paritypay,0,0,0
2026-07-31 15:15:34.102983,2940.000,USDT,0,0,41.891000
2026-07-31 15:00:00.183508,2900.00,BALANCE,0,0,0
2026-07-31 14:55:04.645262,1150.00,BALANCE,0,0,0
2026-07-31 14:43:55.072566,4200.00,paritypay,0,0,0
2026-07-31 14:36:16.355003,1200.00,BALANCE,0,0,0
2026-07-31 14:28:40.571314,1900.00,paritypay,0,0,0
2026-07-31 14:23:49.091355,4200.00,paritypay,0,0,0
2026-07-31 14:07:48.049774,7200.00,paritypay,0,0,0
2026-07-31 13:56:25.559221,4200.00,paritypay,0,0,0
2026-07-31 13:47:09.089589,4200.00,paritypay,0,0,0
2026-07-31 13:38:00.189153,4200.00,paritypay,0,0,0
2026-07-31 13:37:54.395728,2940.000,USDT,0,0,41.891000
2026-07-31 13:25:24.422498,4200.00,card,0,0,0
2026-07-31 13:16:49.723526,4200.00,BALANCE,0,0,0
2026-07-31 13:10:40.159035,4200.00,paritypay,0,0,0
2026-07-31 12:48:22.344118,4200.00,card,0,0,0
2026-07-31 12:30:48.575213,4200.00,card,0,0,0
2026-07-31 11:53:16.515638,4200.00,card,0,0,0
2026-07-31 11:46:22.104956,4200.00,card,0,0,0
2026-07-31 11:16:59.184941,4200.00,card,0,0,0
2026-07-31 11:09:29.778283,3000.00,BALANCE,0,0,0
2026-07-31 10:59:01.359091,4200.00,paritypay,0,0,0
2026-07-31 10:37:21.662742,4200.00,paritypay,0,0,0
2026-07-31 10:15:15.711615,4200.00,paritypay,0,0,0
2026-07-31 07:44:22.578216,4200.00,paritypay,0,0,0
2026-07-31 07:34:08.818348,0.00,BALANCE,0,0,0
2026-07-31 07:19:45.714999,4200.00,paritypay,0,0,0
2026-07-31 06:37:06.655696,4200.00,card,0,0,0
2026-07-31 06:25:55.983313,2940.000,USDT,0,0,41.891000
2026-07-31 04:13:13.858634,1200.00,BALANCE,0,0,0
2026-07-31 04:05:41.733346,4200.00,paritypay,0,0,0
2026-07-31 03:57:25.372887,4200.00,paritypay,0,0,0
2026-07-31 03:57:13.104855,4200.00,paritypay,0,0,0
2026-07-31 03:52:55.468976,4200.00,paritypay,0,0,0
