date_time,amount,method,btc,ltc,usdt
2026-09-29 15:44:47.093973,3600.00,merchant001,0,0,0
2026-09-29 15:37:49.948714,5400.00,reptiloid,0,0,0
2026-09-29 15:35:09.696402,2900.00,reptiloid,0,0,0
2026-09-29 15:09:05.861827,5400.00,reptiloid,0,0,0
2026-09-29 15:03:39.629755,7500.00,merchant001,0,0,0
2026-09-29 14:43:34.114895,7500.00,reptiloid,0,0,0
2026-09-29 14:16:39.816369,5100.00,paritypay,0,0,0
2026-09-29 13:36:27.585378,2500.00,merchant001,0,0,0
2026-09-29 13:30:44.314268,3150.00,reptiloid,0,0,0
2026-09-29 13:07:41.591175,2820.00,reptiloid,0,0,0
2026-09-29 13:05:21.927673,3300.00,reptiloid,0,0,0
2026-09-29 12:43:15.389081,1000.00,reptiloid,0,0,0
2026-09-29 12:42:58.709615,3600.00,reptiloid,0,0,0
2026-09-29 12:39:54.559044,5100.00,reptiloid,0,0,0
2026-09-29 12:38:56.575223,2500.00,reptiloid,0,0,0
2026-09-29 12:38:20.091834,5300.00,reptiloid,0,0,0
2026-09-29 12:15:55.349952,5600.00,paritypay,0,0,0
2026-09-29 12:04:35.147224,3600.00,reptiloid,0,0,0
2026-09-29 11:58:58.878253,5200.00,reptiloid,0,0,0
2026-09-29 11:55:26.480412,2500.00,reptiloid,0,0,0
2026-09-29 11:44:59.807165,2630.00,card,0,0,0
2026-09-29 11:43:08.040706,5600.00,reptiloid,0,0,0
2026-09-29 11:40:41.43827,7700.00,reptiloid,0,0,0
2026-09-29 10:32:37.945174,5200.00,card,0,0,0
2026-09-29 10:06:08.442787,4700.00,reptiloid,0,0,0
2026-09-29 10:02:00.8869,3100.00,reptiloid,0,0,0
2026-09-29 09:16:49.795057,3300.00,card,0,0,0
2026-09-29 09:03:38.451863,2500.00,card,0,0,0
2026-09-29 08:26:53.191185,3600.00,reptiloid,0,0,0
2026-09-29 07:39:44.744564,2050.00,paritypay,0,0,0
2026-09-29 05:20:20.679262,3050.00,reptiloid,0,0,0
2026-09-29 04:20:16.756337,5400.00,reptiloid,0,0,0
2026-09-29 04:12:11.612545,3600.00,reptiloid,0,0,0
2026-09-29 03:25:25.603296,7900.00,merchant001,0,0,0
2026-09-29 03:01:21.088558,3300.00,card,0,0,0
2026-09-29 02:15:10.033794,2900.00,reptiloid,0,0,0
2026-09-28 23:35:43.937585,3600.00,merchant001,0,0,0
2026-09-28 23:28:17.191448,5600.00,merchant001,0,0,0
2026-09-28 22:42:32.065791,2500.00,merchant001,0,0,0
2026-09-28 22:40:56.857499,7500.00,reptiloid,0,0,0
2026-09-28 22:29:32.446489,5400.00,reptiloid,0,0,0
2026-09-28 22:26:20.785722,5300.00,reptiloid,0,0,0
2026-09-28 21:24:19.945468,1900.00,reptiloid,0,0,0
2026-09-28 21:09:52.489349,5600.00,merchant001,0,0,0
2026-09-28 21:08:26.83511,5600.00,merchant001,0,0,0
2026-09-28 20:54:44.184153,3300.00,reptiloid,0,0,0
2026-09-28 20:45:12.438796,5600.00,card,0,0,0
2026-09-28 20:42:02.217496,2200.00,reptiloid,0,0,0
2026-09-28 20:16:19.397118,3300.00,reptiloid,0,0,0
2026-09-28 20:05:02.77493,2200.00,reptiloid,0,0,0
2026-09-28 20:04:31.715305,3300.00,card,0,0,0
2026-09-28 19:40:53.847667,7900.00,reptiloid,0,0,0
2026-09-28 19:33:45.55055,16700.00,reptiloid,0,0,0
2026-09-28 19:12:26.577454,2900.00,card,0,0,0
2026-09-28 19:07:08.959254,5115.00,merchant001,0,0,0
2026-09-28 18:45:05.906268,3000.0000,USDT,0,0,38.107000
2026-09-28 18:32:18.100315,7500.00,reptiloid,0,0,0
2026-09-28 18:25:26.714658,1200.00,reptiloid,0,0,0
2026-09-28 18:16:04.95147,5600.00,reptiloid,0,0,0
2026-09-28 18:15:17.165693,5400.00,reptiloid,0,0,0
2026-09-28 18:09:22.840311,5600.00,reptiloid,0,0,0
2026-09-28 17:57:15.649405,5400.00,reptiloid,0,0,0
2026-09-28 17:49:04.232031,4925.00,reptiloid,0,0,0
2026-09-28 17:47:07.149287,5000.00,reptiloid,0,0,0
2026-09-28 17:43:14.985967,5550.00,nirvana,0,0,0
2026-09-28 17:43:08.366371,3300.00,card,0,0,0
2026-09-28 17:37:41.418518,2900.00,reptiloid,0,0,0
2026-09-28 17:35:28.150935,1500.00,reptiloid,0,0,0
2026-09-28 17:29:31.598653,2710.00,reptiloid,0,0,0
2026-09-28 17:27:59.816599,5600.00,reptiloid,0,0,0
2026-09-28 17:20:43.18858,5400.00,reptiloid,0,0,0
2026-09-28 17:12:33.454199,2300.00,merchant001,0,0,0
2026-09-28 17:09:27.307933,2250.00,reptiloid,0,0,0
2026-09-28 17:03:05.754087,2900.00,reptiloid,0,0,0
2026-09-28 16:52:18.61117,5200.00,reptiloid,0,0,0
2026-09-28 16:43:51.497681,4500.00,merchant001,0,0,0
2026-09-28 16:43:30.438547,2900.00,card,0,0,0
2026-09-28 16:26:59.052289,3200.00,reptiloid,0,0,0
2026-09-28 16:21:51.007651,1400.00,reptiloid,0,0,0
2026-09-28 16:13:51.138388,3300.00,card,0,0,0
2026-09-28 16:10:15.901085,2900.00,card,0,0,0
2026-09-28 15:58:02.160202,5400.00,merchant001,0,0,0
2026-09-28 15:44:47.063522,7000.00,reptiloid,0,0,0
2026-09-28 15:44:20.449676,4500.00,reptiloid,0,0,0
2026-09-28 15:34:01.593705,2500.00,reptiloid,0,0,0
2026-09-28 15:30:03.736119,5600.00,card,0,0,0
2026-09-28 14:42:26.30969,3300.00,card,0,0,0
2026-09-28 14:42:02.866125,5600.00,card,0,0,0
2026-09-28 14:31:41.40445,2500.00,merchant001,0,0,0
2026-09-28 13:51:34.586884,3600.00,reptiloid,0,0,0
2026-09-28 13:50:40.093668,1900.00,merchant001,0,0,0
2026-09-28 13:41:45.662283,5200.00,card,0,0,0
2026-09-28 13:13:01.579897,850.00,reptiloid,0,0,0
2026-09-28 12:49:50.65568,5000.00,merchant001,0,0,0
2026-09-28 12:46:48.458587,5000.00,card,0,0,0
2026-09-28 12:42:45.817318,1400.00,reptiloid,0,0,0
2026-09-28 10:40:18.970243,5700.00,card,0,0,0
2026-09-28 10:17:24.909182,8000.00,transa,0,0,0
2026-09-28 09:22:22.908186,3600.00,reptiloid,0,0,0
2026-09-28 08:41:48.586369,2500.00,reptiloid,0,0,0
2026-09-28 07:49:35.868663,3200.00,reptiloid,0,0,0
2026-09-28 05:39:28.983683,7615.00,transa,0,0,0
2026-09-28 04:52:33.589732,5100.00,reptiloid,0,0,0
2026-09-28 01:24:50.71595,5200.00,card,0,0,0
2026-09-28 00:48:54.39086,3200.00,transa,0,0,0
2026-09-27 23:59:39.228918,5400.00,reptiloid,0,0,0
2026-09-27 23:34:17.216471,5700.00,reptiloid,0,0,0
2026-09-27 22:55:00.175469,4000.00,reptiloid,0,0,0
2026-09-27 21:52:12.390548,5000.00,reptiloid,0,0,0
2026-09-27 21:46:13.170752,5700.00,reptiloid,0,0,0
2026-09-27 21:17:06.733418,5500.00,transa,0,0,0
2026-09-27 20:50:27.391745,2500.00,reptiloid,0,0,0
2026-09-27 19:40:14.118741,5000.00,reptiloid,0,0,0
2026-09-27 19:07:30.025498,4900.00,transa,0,0,0
2026-09-27 18:48:31.026852,4600.00,reptiloid,0,0,0
2026-09-27 18:40:07.349745,5700.00,transa,0,0,0
2026-09-27 17:59:48.038858,5700.00,transa,0,0,0
2026-09-27 17:48:50.240546,2500.00,card,0,0,0
2026-09-27 17:34:24.208319,7500.00,card,0,0,0
2026-09-27 17:19:40.025871,5700.00,transa,0,0,0
2026-09-27 17:16:26.349895,3600.00,reptiloid,0,0,0
2026-09-27 16:57:15.291841,8000.00,reptiloid,0,0,0
2026-09-27 16:40:14.231984,5700.00,card,0,0,0
2026-09-27 16:28:21.81979,1500.00,transa,0,0,0
2026-09-27 15:51:18.151096,2500.00,reptiloid,0,0,0
2026-09-27 15:38:53.771506,7500.00,reptiloid,0,0,0
2026-09-27 15:29:39.510537,5000.00,reptiloid,0,0,0
2026-09-27 15:27:35.95204,7500.00,reptiloid,0,0,0
2026-09-27 15:22:56.38941,5415.00,reptiloid,0,0,0
2026-09-27 15:06:16.44928,5200.00,card,0,0,0
2026-09-27 14:47:16.072388,5700.00,reptiloid,0,0,0
2026-09-27 14:28:39.899047,5700.00,card,0,0,0
2026-09-27 13:25:57.455041,1000.00,transa,0,0,0
2026-09-27 12:43:21.928984,5700.00,card,0,0,0
2026-09-27 12:42:13.884682,3300.00,card,0,0,0
2026-09-27 12:27:06.300168,5400.00,reptiloid,0,0,0
2026-09-27 12:04:56.872142,1900.00,card,0,0,0
2026-09-27 11:52:31.283648,8000.00,transa,0,0,0
2026-09-27 11:39:53.010552,5700.00,transa,0,0,0
2026-09-27 11:32:37.465066,5000.00,reptiloid,0,0,0
2026-09-27 11:24:28.329897,2500.00,reptiloid,0,0,0
2026-09-27 11:21:26.716266,5700.00,merchant001,0,0,0
2026-09-27 10:48:20.140407,2700.00,reptiloid,0,0,0
2026-09-27 10:35:42.019065,3300.00,merchant001,0,0,0
2026-09-27 10:17:04.916178,5000.00,card,0,0,0
2026-09-27 08:59:02.385398,2500.00,merchant001,0,0,0
2026-09-27 08:17:38.091635,2475.0000,USDT,0,0,31.438000
2026-09-27 08:06:23.829007,2475.0000,USDT,0,0,31.438000
2026-09-27 07:51:59.570673,2940.00,transa,0,0,0
2026-09-27 05:28:03.669685,5700.00,transa,0,0,0
2026-09-27 04:29:50.584331,2475.0000,USDT,0,0,31.438000
2026-09-27 02:51:11.973355,8000.00,transa,0,0,0
2026-09-27 02:34:08.445963,500.00,transa,0,0,0
2026-09-27 02:08:40.970244,2700.00,reptiloid,0,0,0
2026-09-27 01:10:52.990303,2500.00,merchant001,0,0,0
2026-09-27 00:58:07.507704,6625.00,reptiloid,0,0,0
2026-09-27 00:38:23.503755,5200.00,merchant001,0,0,0
2026-09-27 00:35:19.481847,8000.00,merchant001,0,0,0
2026-09-26 23:51:07.916634,5400.00,reptiloid,0,0,0
2026-09-26 23:04:59.158405,8000.00,reptiloid,0,0,0
2026-09-26 22:25:51.103739,5500.00,reptiloid,0,0,0
2026-09-26 21:47:54.536659,5700.00,reptiloid,0,0,0
2026-09-26 21:24:47.444002,5700.00,reptiloid,0,0,0
2026-09-26 21:18:24.469566,5700.00,card,0,0,0
2026-09-26 21:14:18.015736,3440.00,reptiloid,0,0,0
2026-09-26 20:37:20.967712,5700.00,reptiloid,0,0,0
2026-09-26 20:12:35.722389,2500.00,card,0,0,0
2026-09-26 19:55:23.741124,2000.00,reptiloid,0,0,0
2026-09-26 19:40:12.139929,2150.00,reptiloid,0,0,0
2026-09-26 19:39:10.874642,5400.00,reptiloid,0,0,0
2026-09-26 19:29:09.483721,5700.00,transa,0,0,0
2026-09-26 19:24:21.852526,5200.00,reptiloid,0,0,0
2026-09-26 19:17:06.670666,5700.00,reptiloid,0,0,0
2026-09-26 19:08:41.995422,11500.00,merchant001,0,0,0
2026-09-26 19:07:06.324554,5000.00,reptiloid,0,0,0
2026-09-26 18:41:49.953551,5700.00,transa,0,0,0
2026-09-26 18:22:36.099329,4500.00,reptiloid,0,0,0
2026-09-26 18:06:16.302754,3300.00,transa,0,0,0
2026-09-26 17:50:28.622215,3300.00,reptiloid,0,0,0
2026-09-26 17:22:05.309924,8000.00,reptiloid,0,0,0
2026-09-26 17:16:54.255586,3700.00,card,0,0,0
2026-09-26 16:00:09.985022,8000.00,reptiloid,0,0,0
2026-09-26 15:58:28.257273,5700.00,reptiloid,0,0,0
2026-09-26 15:53:04.383741,8000.00,merchant001,0,0,0
2026-09-26 15:52:49.854144,5700.00,card,0,0,0
2026-09-26 15:37:03.140184,3520.00,card,0,0,0
2026-09-26 15:34:35.86972,3700.00,reptiloid,0,0,0
2026-09-26 15:34:00.115379,3700.00,card,0,0,0
2026-09-26 15:29:43.719935,3700.00,transa,0,0,0
2026-09-26 15:28:14.703446,5400.00,card,0,0,0
2026-09-26 14:46:54.971909,3700.00,transa,0,0,0
2026-09-26 14:43:37.10298,5200.00,card,0,0,0
2026-09-26 13:43:58.522593,3700.00,reptiloid,0,0,0
2026-09-26 13:04:51.853583,5000.00,reptiloid,0,0,0
2026-09-26 12:36:50.57483,3700.00,reptiloid,0,0,0
2026-09-26 12:35:38.25102,5000.00,card,0,0,0
2026-09-26 12:13:13.132856,5200.00,card,0,0,0
2026-09-26 12:00:41.609407,5000.00,card,0,0,0
2026-09-26 11:32:34.874869,5000.00,paritypay,0,0,0
2026-09-26 11:19:28.999269,5700.00,reptiloid,0,0,0
2026-09-26 10:55:11.714087,5400.00,USDT,0,0,51.444000
2026-09-26 10:50:59.567296,5700.00,reptiloid,0,0,0
2026-09-26 09:49:34.408878,4600.00,paritypay,0,0,0
2026-09-26 09:46:23.175642,8000.00,reptiloid,0,0,0
2026-09-26 09:18:32.353802,2500.00,reptiloid,0,0,0
2026-09-26 07:45:13.408877,1450.00,paritypay,0,0,0
2026-09-26 07:33:13.201782,4125.0000,USDT,0,0,52.397000
2026-09-26 07:22:08.212454,4050.00,paritypay,0,0,0
2026-09-26 06:54:40.975288,3700.00,merchant001,0,0,0
2026-09-26 05:30:00.120515,4500.00,merchant001,0,0,0
2026-09-26 05:13:01.317265,2500.00,reptiloid,0,0,0
2026-09-26 03:16:00.241315,5100.00,paritypay,0,0,0
2026-09-26 03:04:59.946853,3700.00,reptiloid,0,0,0
2026-09-26 02:47:32.70518,3000.00,transa,0,0,0
2026-09-26 01:46:45.752142,2250.0000,USDT,0,0,28.580000
2026-09-26 00:52:51.000598,2500.00,merchant001,0,0,0
2026-09-26 00:04:33.782945,3700.00,reptiloid,0,0,0
2026-09-26 00:01:12.986905,4610.00,reptiloid,0,0,0
2026-09-25 21:42:38.908318,5700.00,card,0,0,0
2026-09-25 21:21:14.352887,5700.00,reptiloid,0,0,0
2026-09-25 21:12:28.846288,7500.00,card,0,0,0
2026-09-25 21:10:30.535073,5500.00,transa,0,0,0
2026-09-25 21:03:53.046206,4125.0000,USDT,0,0,52.397000
2026-09-25 20:36:00.03737,3700.00,paritypay,0,0,0
2026-09-25 20:30:07.020105,4630.00,paritypay,0,0,0
2026-09-25 20:10:04.039149,3700.00,card,0,0,0
2026-09-25 20:09:33.145824,3700.00,reptiloid,0,0,0
2026-09-25 20:01:43.496867,5200.00,reptiloid,0,0,0
2026-09-25 19:55:51.564281,3500.00,paritypay,0,0,0
2026-09-25 19:44:46.913193,3500.00,reptiloid,0,0,0
2026-09-25 19:34:06.532395,3700.00,card,0,0,0
2026-09-25 19:11:57.850133,5700.00,transa,0,0,0
2026-09-25 19:08:50.748846,3700.00,reptiloid,0,0,0
2026-09-25 18:44:02.783818,19000.00,transa,0,0,0
2026-09-25 18:40:59.189467,5700.00,transa,0,0,0
2026-09-25 18:26:48.668906,5700.00,paritypay,0,0,0
2026-09-25 18:23:56.04743,4500.00,reptiloid,0,0,0
2026-09-25 18:08:48.612673,5700.00,reptiloid,0,0,0
2026-09-25 18:02:48.60668,2800.00,paritypay,0,0,0
2026-09-25 17:44:02.795203,700.00,transa,0,0,0
2026-09-25 17:41:27.627587,3700.00,reptiloid,0,0,0
2026-09-25 17:30:31.616395,3700.00,reptiloid,0,0,0
2026-09-25 17:26:31.234686,1500.00,transa,0,0,0
2026-09-25 17:22:11.834111,5500.00,merchant001,0,0,0
2026-09-25 17:20:45.03867,5200.00,card,0,0,0
2026-09-25 16:21:58.974552,5200.00,merchant001,0,0,0
2026-09-25 15:55:30.246753,5000.00,paritypay,0,0,0
2026-09-25 15:46:27.461755,5700.00,card,0,0,0
2026-09-25 15:45:06.308069,5500.00,reptiloid,0,0,0
2026-09-25 15:39:56.886467,2725.00,paritypay,0,0,0
2026-09-25 15:32:24.451339,5150.00,paritypay,0,0,0
2026-09-25 15:21:25.856557,3700.00,transa,0,0,0
2026-09-25 15:07:20.36913,5500.00,card,0,0,0
2026-09-25 14:59:28.800304,4125.0000,USDT,0,0,52.397000
2026-09-25 14:19:46.158176,3700.00,reptiloid,0,0,0
2026-09-25 14:05:11.884106,5200.00,card,0,0,0
2026-09-25 13:57:38.536469,3700.00,transa,0,0,0
2026-09-25 13:35:31.7834,5400.00,transa,0,0,0
2026-09-25 13:03:40.47104,5225.00,reptiloid,0,0,0
2026-09-25 12:58:43.822254,5500.00,paritypay,0,0,0
2026-09-25 11:48:51.015153,5700.00,paritypay,0,0,0
2026-09-25 11:47:14.978331,5700.00,paritypay,0,0,0
2026-09-25 11:41:58.525093,3500.00,reptiloid,0,0,0
2026-09-25 11:26:56.273568,5700.00,nirvana,0,0,0
2026-09-25 11:09:42.537057,2700.00,paritypay,0,0,0
2026-09-25 10:52:39.461856,5000.00,paritypay,0,0,0
2026-09-25 10:27:09.193032,5700.00,card,0,0,0
2026-09-25 10:14:01.595961,5500.00,card,0,0,0
2026-09-25 09:57:34.989425,2500.00,reptiloid,0,0,0
2026-09-25 08:57:09.579317,1900.00,reptiloid,0,0,0
2026-09-25 06:27:55.500725,4125.0000,USDT,0,0,52.397000
2026-09-25 02:17:00.105118,4125.0000,USDT,0,0,52.397000
2026-09-25 01:31:08.31022,4900.00,transa,0,0,0
2026-09-25 00:40:37.283792,5500.00,reptiloid,0,0,0
2026-09-24 23:16:55.008268,5400.00,reptiloid,0,0,0
2026-09-24 23:03:27.251779,2500.00,reptiloid,0,0,0
2026-09-24 22:21:07.568554,1500.0000,USDT,0,0,19.053000
2026-09-24 22:20:21.388664,4730.00,paritypay,0,0,0
2026-09-24 22:20:17.326001,5500.00,reptiloid,0,0,0
2026-09-24 21:31:42.390933,2900.00,card,0,0,0
2026-09-24 21:26:20.996287,3000.00,card,0,0,0
2026-09-24 21:23:47.830702,5700.00,reptiloid,0,0,0
2026-09-24 21:18:32.562091,19000.00,transa,0,0,0
2026-09-24 20:49:29.137308,5500.00,transa,0,0,0
2026-09-24 20:24:25.603599,4125.0000,USDT,0,0,52.397000
2026-09-24 19:53:42.563652,7500.00,reptiloid,0,0,0
2026-09-24 19:41:04.834075,3700.00,reptiloid,0,0,0
2026-09-24 19:17:40.281962,3900.0000,USDT,0,0,49.539000
2026-09-24 19:14:22.439317,6000.00,card,0,0,0
2026-09-24 19:11:14.654569,2500.00,transa,0,0,0
2026-09-24 18:32:39.843635,2900.00,merchant001,0,0,0
2026-09-24 18:23:01.89254,5700.00,transa,0,0,0
2026-09-24 18:20:54.789542,2500.00,paritypay,0,0,0
2026-09-24 18:16:07.420265,3700.00,card,0,0,0
2026-09-24 18:14:08.16219,5700.00,reptiloid,0,0,0
2026-09-24 18:06:56.82391,1300.00,paritypay,0,0,0
2026-09-24 18:06:46.566421,5500.00,transa,0,0,0
2026-09-24 17:51:53.299353,5700.00,reptiloid,0,0,0
2026-09-24 17:51:06.685178,3000.00,card,0,0,0
2026-09-24 17:44:00.109519,5400.00,reptiloid,0,0,0
2026-09-24 17:42:25.843398,2475.0000,USDT,0,0,31.438000
2026-09-24 17:38:57.943436,6700.00,merchant001,0,0,0
2026-09-24 17:23:30.852231,3700.00,reptiloid,0,0,0
2026-09-24 17:19:46.819455,5700.00,card,0,0,0
2026-09-24 16:54:39.59078,3700.00,reptiloid,0,0,0
2026-09-24 16:40:57.333735,5700.00,reptiloid,0,0,0
2026-09-24 16:39:39.907296,5500.00,merchant001,0,0,0
2026-09-24 16:34:33.386699,5450.00,paritypay,0,0,0
2026-09-24 16:17:24.858683,5050.00,paritypay,0,0,0
2026-09-24 15:42:24.714624,2900.00,card,0,0,0
2026-09-24 15:25:43.127769,5400.00,transa,0,0,0
2026-09-24 15:14:11.760855,5700.00,reptiloid,0,0,0
2026-09-24 14:45:01.00188,3700.00,reptiloid,0,0,0
2026-09-24 14:41:24.656925,5500.00,reptiloid,0,0,0
2026-09-24 14:23:33.187468,5700.00,card,0,0,0
2026-09-24 14:15:19.885371,2900.00,transa,0,0,0
2026-09-24 14:00:09.388049,5500.00,transa,0,0,0
2026-09-24 13:42:01.602119,7500.00,reptiloid,0,0,0
2026-09-24 13:20:58.134998,3200.00,reptiloid,0,0,0
2026-09-24 13:10:29.707834,5700.00,paritypay,0,0,0
2026-09-24 12:45:28.35684,500.00,transa,0,0,0
2026-09-24 12:38:18.572095,5420.00,reptiloid,0,0,0
2026-09-24 12:38:01.444649,5500.00,reptiloid,0,0,0
2026-09-24 12:29:05.631187,4125.0000,USDT,0,0,52.397000
2026-09-24 12:20:16.262649,5150.00,transa,0,0,0
2026-09-24 11:46:22.900451,5700.00,transa,0,0,0
2026-09-24 11:44:25.812158,5700.00,merchant001,0,0,0
2026-09-24 11:38:34.812174,2410.00,paritypay,0,0,0
2026-09-24 11:34:14.838711,3300.00,paritypay,0,0,0
2026-09-24 11:28:27.449809,2500.00,reptiloid,0,0,0
2026-09-24 11:07:26.787426,5500.00,merchant001,0,0,0
2026-09-24 11:03:54.485701,3700.00,transa,0,0,0
2026-09-24 10:00:29.173811,5700.00,transa,0,0,0
2026-09-24 09:59:21.798598,5700.00,reptiloid,0,0,0
2026-09-24 09:46:27.201981,5700.00,card,0,0,0
2026-09-24 08:02:57.625816,5300.00,reptiloid,0,0,0
2026-09-24 07:23:11.892103,2500.00,merchant001,0,0,0
2026-09-24 06:35:11.164451,4125.0000,USDT,0,0,52.397000
2026-09-24 06:03:17.150656,2500.00,nirvana,0,0,0
2026-09-24 05:54:24.294268,2500.00,transa,0,0,0
2026-09-24 04:47:00.189185,5400.00,reptiloid,0,0,0
2026-09-24 04:31:57.091758,3700.00,card,0,0,0
2026-09-24 04:07:34.386109,5700.00,reptiloid,0,0,0
2026-09-24 03:56:32.528004,3700.00,reptiloid,0,0,0
2026-09-24 03:40:19.656275,4900.00,reptiloid,0,0,0
2026-09-24 02:23:57.902405,1200.00,card,0,0,0
2026-09-24 01:17:06.546867,500.00,transa,0,0,0
2026-09-24 01:04:36.845484,1700.00,card,0,0,0
2026-09-24 00:37:16.288636,1500.00,card,0,0,0
2026-09-24 00:22:10.051732,5400.00,merchant001,0,0,0
2026-09-23 23:56:49.089673,6700.00,merchant001,0,0,0
2026-09-23 23:22:52.130891,5500.00,merchant001,0,0,0
2026-09-23 23:18:20.100839,5500.00,paritypay,0,0,0
2026-09-23 22:58:11.256114,2500.00,merchant001,0,0,0
2026-09-23 22:21:20.779198,3700.00,merchant001,0,0,0
2026-09-23 21:11:06.308843,3700.00,transa,0,0,0
2026-09-23 21:09:41.848325,3100.00,merchant001,0,0,0
2026-09-23 20:56:50.822942,3300.00,paritypay,0,0,0
2026-09-23 20:52:27.456259,4400.00,paritypay,0,0,0
2026-09-23 20:31:22.653748,5000.00,paritypay,0,0,0
2026-09-23 20:29:03.127782,5050.00,paritypay,0,0,0
2026-09-23 19:37:45.203236,5400.00,reptiloid,0,0,0
2026-09-23 19:06:05.918977,17750.00,paritypay,0,0,0
2026-09-23 18:57:27.504857,15000.00,reptiloid,0,0,0
2026-09-23 18:55:26.890307,1000.00,transa,0,0,0
2026-09-23 18:42:42.506276,5500.00,merchant001,0,0,0
2026-09-23 18:35:37.284761,5500.00,paritypay,0,0,0
2026-09-23 18:29:45.214486,2520.00,transa,0,0,0
2026-09-23 18:05:24.86323,2500.00,card,0,0,0
2026-09-23 17:34:17.30346,2500.00,reptiloid,0,0,0
2026-09-23 17:33:36.477508,2400.00,card,0,0,0
2026-09-23 17:29:17.482962,750.00,paritypay,0,0,0
2026-09-23 17:28:39.063419,3700.00,merchant001,0,0,0
2026-09-23 17:25:20.752846,5415.00,transa,0,0,0
2026-09-23 17:10:31.485046,5500.00,card,0,0,0
2026-09-23 17:06:06.42787,3700.00,nirvana,0,0,0
2026-09-23 17:04:01.144726,5500.00,transa,0,0,0
2026-09-23 17:02:16.687802,3700.00,paritypay,0,0,0
2026-09-23 16:53:30.51434,2500.00,reptiloid,0,0,0
2026-09-23 16:44:06.428307,5500.00,reptiloid,0,0,0
2026-09-23 16:29:43.868027,5700.00,card,0,0,0
2026-09-23 16:27:23.52028,3700.00,merchant001,0,0,0
2026-09-23 16:20:39.400553,5700.00,reptiloid,0,0,0
2026-09-23 16:18:17.70921,3700.00,transa,0,0,0
2026-09-23 16:14:12.196232,5700.00,transa,0,0,0
2026-09-23 15:47:55.454894,3700.00,transa,0,0,0
2026-09-23 15:32:24.582555,3700.00,card,0,0,0
2026-09-23 15:28:55.350889,3700.00,card,0,0,0
2026-09-23 14:49:39.432945,3700.00,transa,0,0,0
2026-09-23 14:41:22.179087,3700.00,merchant001,0,0,0
2026-09-23 14:29:57.817531,3100.00,card,0,0,0
2026-09-23 14:27:41.179218,3400.00,reptiloid,0,0,0
2026-09-23 14:14:49.981738,1000.00,reptiloid,0,0,0
2026-09-23 13:52:16.653976,3700.00,card,0,0,0
2026-09-23 13:38:52.382047,5700.00,merchant001,0,0,0
2026-09-23 13:33:24.828479,1150.00,card,0,0,0
2026-09-23 13:30:59.790879,2500.00,reptiloid,0,0,0
2026-09-23 13:26:30.990117,5500.00,card,0,0,0
2026-09-23 13:12:21.685679,3700.00,transa,0,0,0
2026-09-23 13:04:26.619416,5700.00,merchant001,0,0,0
2026-09-23 12:47:37.848034,2800.00,reptiloid,0,0,0
2026-09-23 12:32:58.124537,3700.00,merchant001,0,0,0
2026-09-23 12:17:00.603273,3700.00,reptiloid,0,0,0
2026-09-23 11:54:37.594159,5500.00,reptiloid,0,0,0
2026-09-23 11:20:35.097361,5515.00,reptiloid,0,0,0
2026-09-23 11:02:35.181682,1000.00,transa,0,0,0
2026-09-23 10:14:43.102267,3100.00,reptiloid,0,0,0
2026-09-23 10:02:05.426708,5500.00,transa,0,0,0
2026-09-23 09:28:15.457881,5230.00,reptiloid,0,0,0
2026-09-23 08:02:30.255487,3100.00,reptiloid,0,0,0
2026-09-23 04:58:32.522497,7500.00,reptiloid,0,0,0
2026-09-23 01:39:58.304873,5570.00,reptiloid,0,0,0
2026-09-23 00:34:03.613352,5700.00,reptiloid,0,0,0
2026-09-23 00:33:32.078897,2325.0000,USDT,0,0,29.533000
2026-09-23 00:25:26.261708,5200.00,merchant001,0,0,0
2026-09-23 00:09:16.683171,6700.00,merchant001,0,0,0
2026-09-23 00:03:48.44553,19000.00,transa,0,0,0
2026-09-22 22:56:40.550075,3700.00,merchant001,0,0,0
2026-09-22 22:42:50.757925,3100.00,card,0,0,0
2026-09-22 22:24:55.497273,5500.00,transa,0,0,0
2026-09-22 21:33:02.640682,5400.00,merchant001,0,0,0
2026-09-22 20:54:42.889672,3700.00,transa,0,0,0
2026-09-22 20:35:30.467937,3700.00,transa,0,0,0
2026-09-22 20:22:22.843983,3700.00,reptiloid,0,0,0
2026-09-22 20:07:25.922949,5200.00,reptiloid,0,0,0
2026-09-22 20:06:00.150584,2700.00,reptiloid,0,0,0
2026-09-22 19:34:19.763858,3200.00,transa,0,0,0
2026-09-22 19:27:42.788783,5700.00,transa,0,0,0
2026-09-22 19:13:43.347271,5700.00,reptiloid,0,0,0
2026-09-22 18:52:44.297719,2500.00,reptiloid,0,0,0
2026-09-22 18:37:56.496045,5300.00,transa,0,0,0
2026-09-22 18:35:22.384574,7500.00,reptiloid,0,0,0
2026-09-22 18:15:39.27195,3750.0000,USDT,0,0,47.634000
2026-09-22 18:11:12.852072,5400.00,merchant001,0,0,0
2026-09-22 18:02:50.733312,3700.00,transa,0,0,0
2026-09-22 17:37:41.569571,5500.00,merchant001,0,0,0
2026-09-22 17:30:05.91403,2500.00,reptiloid,0,0,0
2026-09-22 17:21:37.819545,3700.00,reptiloid,0,0,0
2026-09-22 17:04:58.508941,950.00,transa,0,0,0
2026-09-22 16:32:56.238394,3700.00,merchant001,0,0,0
2026-09-22 16:25:55.661333,5700.00,reptiloid,0,0,0
2026-09-22 14:58:22.72601,5700.00,reptiloid,0,0,0
2026-09-22 14:51:55.778808,2500.00,reptiloid,0,0,0
2026-09-22 14:51:36.694056,5700.00,merchant001,0,0,0
2026-09-22 14:34:05.076756,5700.00,reptiloid,0,0,0
2026-09-22 13:31:55.693353,3700.00,merchant001,0,0,0
2026-09-22 13:21:53.763845,2500.00,transa,0,0,0
2026-09-22 13:06:59.67231,3200.00,transa,0,0,0
2026-09-22 12:45:10.566186,3700.00,reptiloid,0,0,0
2026-09-22 12:33:38.975893,2035.00,reptiloid,0,0,0
2026-09-22 12:29:44.318439,5700.00,reptiloid,0,0,0
2026-09-22 11:49:30.152356,3700.00,card,0,0,0
2026-09-22 11:46:04.422341,2500.00,card,0,0,0
2026-09-22 11:34:30.532952,3700.00,card,0,0,0
2026-09-22 11:07:32.465107,3300.00,transa,0,0,0
2026-09-22 10:59:31.291961,2900.00,reptiloid,0,0,0
2026-09-22 10:49:26.560766,3750.0000,USDT,0,0,47.634000
2026-09-22 10:38:55.636871,2900.00,card,0,0,0
2026-09-22 09:35:36.624543,5700.00,merchant001,0,0,0
2026-09-22 09:17:02.317551,2900.00,merchant001,0,0,0
2026-09-22 09:12:32.2186,2500.00,transa,0,0,0
2026-09-22 07:33:28.264528,3700.00,reptiloid,0,0,0
2026-09-22 05:39:59.680992,5700.00,transa,0,0,0
2026-09-22 01:42:00.400101,5700.00,reptiloid,0,0,0
2026-09-22 01:34:26.479797,2900.00,merchant001,0,0,0
2026-09-22 01:31:10.092215,2500.00,transa,0,0,0
2026-09-22 01:20:21.152852,7500.00,reptiloid,0,0,0
2026-09-22 01:01:04.89005,5400.00,reptiloid,0,0,0
2026-09-22 00:18:49.644138,2500.00,reptiloid,0,0,0
2026-09-22 00:14:47.93596,2500.00,merchant001,0,0,0
2026-09-21 23:30:28.310777,2900.00,reptiloid,0,0,0
2026-09-21 22:52:40.53153,5415.00,card,0,0,0
2026-09-21 22:52:04.275592,5200.00,transa,0,0,0
2026-09-21 22:50:16.133647,2900.00,reptiloid,0,0,0
2026-09-21 22:49:00.574994,3700.00,transa,0,0,0
2026-09-21 22:39:46.938669,3700.00,merchant001,0,0,0
2026-09-21 22:38:47.795519,2500.00,reptiloid,0,0,0
2026-09-21 22:24:58.899594,2500.00,card,0,0,0
2026-09-21 22:17:45.797918,2900.00,reptiloid,0,0,0
2026-09-21 21:42:31.329345,2500.00,transa,0,0,0
2026-09-21 21:31:57.715652,3700.00,reptiloid,0,0,0
2026-09-21 20:47:10.918425,3700.00,card,0,0,0
2026-09-21 20:34:05.442733,3700.00,card,0,0,0
2026-09-21 20:31:07.931531,8625.0000,USDT,0,0,109.557000
2026-09-21 20:29:08.118618,5700.00,reptiloid,0,0,0
2026-09-21 20:00:39.937862,2500.00,card,0,0,0
2026-09-21 19:51:13.987169,3700.00,transa,0,0,0
2026-09-21 19:44:57.591088,2500.00,reptiloid,0,0,0
2026-09-21 19:14:33.523827,3700.00,transa,0,0,0
2026-09-21 19:04:20.607964,19000.00,transa,0,0,0
2026-09-21 18:42:14.15822,1500.00,card,0,0,0
2026-09-21 18:37:40.8465,2500.00,transa,0,0,0
2026-09-21 18:24:55.766219,2500.00,merchant001,0,0,0
2026-09-21 18:20:42.250845,8700.00,transa,0,0,0
2026-09-21 18:18:58.770126,3260.00,transa,0,0,0
2026-09-21 17:51:17.74223,2500.00,card,0,0,0
2026-09-21 17:28:29.879844,5210.00,reptiloid,0,0,0
2026-09-21 17:25:20.962282,6700.00,reptiloid,0,0,0
2026-09-21 17:08:37.461258,3100.00,transa,0,0,0
2026-09-21 16:57:15.09458,2500.00,transa,0,0,0
2026-09-21 16:50:32.955126,2900.00,reptiloid,0,0,0
2026-09-21 16:47:00.532671,5440.00,transa,0,0,0
2026-09-21 16:44:26.886445,7500.00,reptiloid,0,0,0
2026-09-21 16:26:58.706072,2900.00,transa,0,0,0
2026-09-21 16:23:04.061798,900.00,reptiloid,0,0,0
2026-09-21 16:13:56.949876,4230.00,reptiloid,0,0,0
2026-09-21 16:09:41.796371,7700.00,reptiloid,0,0,0
2026-09-21 15:38:35.22364,2500.00,reptiloid,0,0,0
2026-09-21 15:28:25.034982,19000.00,transa,0,0,0
2026-09-21 15:11:35.807589,3700.00,reptiloid,0,0,0
2026-09-21 15:04:05.336121,2900.00,reptiloid,0,0,0
2026-09-21 14:50:08.8546,7700.00,reptiloid,0,0,0
2026-09-21 14:16:08.374584,3700.00,reptiloid,0,0,0
2026-09-21 14:11:15.185633,5700.00,transa,0,0,0
2026-09-21 14:08:07.048957,2500.00,reptiloid,0,0,0
2026-09-21 13:50:06.980209,5775.0000,USDT,0,0,73.356000
2026-09-21 13:32:55.190032,8625.0000,USDT,0,0,109.557000
2026-09-21 13:27:55.458712,2000.00,transa,0,0,0
2026-09-21 13:13:56.113918,3100.00,reptiloid,0,0,0
2026-09-21 13:05:58.407875,5700.00,reptiloid,0,0,0
2026-09-21 13:03:29.898284,2500.00,reptiloid,0,0,0
2026-09-21 12:50:05.374133,5700.00,reptiloid,0,0,0
2026-09-21 12:44:35.273252,5700.00,transa,0,0,0
2026-09-21 12:41:14.429308,3700.00,reptiloid,0,0,0
2026-09-21 12:15:41.783269,2500.00,transa,0,0,0
2026-09-21 12:09:47.309196,1500.00,reptiloid,0,0,0
2026-09-21 11:16:22.33111,7700.00,transa,0,0,0
2026-09-21 10:40:07.090413,8250.00,card,0,0,0
2026-09-21 10:33:17.072853,5400.00,reptiloid,0,0,0
2026-09-21 09:40:38.379487,5200.00,card,0,0,0
2026-09-21 09:31:10.537761,3700.00,card,0,0,0
2026-09-21 08:54:21.339859,11500.00,transa,0,0,0
2026-09-21 08:46:37.118522,11500.00,transa,0,0,0
2026-09-21 08:26:55.664057,7700.00,card,0,0,0
2026-09-21 08:16:29.548089,3700.00,reptiloid,0,0,0
2026-09-21 07:52:46.14601,3500.00,reptiloid,0,0,0
2026-09-21 06:01:26.392538,3300.00,transa,0,0,0
2026-09-21 04:58:35.46516,3700.00,reptiloid,0,0,0
2026-09-21 04:32:21.759989,5700.00,transa,0,0,0
2026-09-21 04:23:44.839869,3431.00,transa,0,0,0
2026-09-21 03:56:50.922695,8700.00,reptiloid,0,0,0
2026-09-21 03:26:22.262602,2500.00,reptiloid,0,0,0
2026-09-21 02:12:47.886412,3750.0000,USDT,0,0,47.634000
2026-09-21 01:09:32.005848,2500.00,card,0,0,0
2026-09-21 00:55:20.093553,5000.00,transa,0,0,0
2026-09-21 00:44:34.74891,4500.00,reptiloid,0,0,0
2026-09-21 00:34:08.075318,8700.00,transa,0,0,0
2026-09-20 23:02:41.228211,5400.00,reptiloid,0,0,0
2026-09-20 22:04:09.477247,7700.00,reptiloid,0,0,0
2026-09-20 21:35:05.097074,2475.0000,USDT,0,0,31.438000
2026-09-20 21:33:26.898494,7700.00,transa,0,0,0
2026-09-20 21:30:06.638938,700.00,card,0,0,0
2026-09-20 21:17:57.165643,3700.00,card,0,0,0
2026-09-20 20:36:33.483234,3200.00,reptiloid,0,0,0
2026-09-20 20:36:15.283591,500.00,paritypay,0,0,0
2026-09-20 20:33:01.076762,1620.00,paritypay,0,0,0
2026-09-20 20:01:58.216953,5700.00,paritypay,0,0,0
2026-09-20 19:45:15.640284,5700.00,veyfora,0,0,0
2026-09-20 19:44:18.401213,6750.00,paritypay,0,0,0
2026-09-20 19:29:52.812462,8700.00,card,0,0,0
2026-09-20 19:17:57.832999,17100.00,paritypay,0,0,0
2026-09-20 19:01:10.117379,3700.00,card,0,0,0
2026-09-20 18:55:57.910389,3300.00,merchant001,0,0,0
2026-09-20 18:49:53.033898,3300.00,transa,0,0,0
2026-09-20 18:43:16.383387,5700.00,reptiloid,0,0,0
2026-09-20 18:40:21.22978,5700.00,veyfora,0,0,0
2026-09-20 18:33:57.537273,3520.00,paritypay,0,0,0
2026-09-20 17:47:47.71133,7100.00,paritypay,0,0,0
2026-09-20 17:44:44.493357,2300.00,card,0,0,0
2026-09-20 17:32:08.93544,5700.00,reptiloid,0,0,0
2026-09-20 17:29:49.093908,7700.00,reptiloid,0,0,0
2026-09-20 17:20:52.97148,3700.00,reptiloid,0,0,0
2026-09-20 17:09:03.692768,2900.00,paritypay,0,0,0
2026-09-20 16:58:58.907344,6525.0000,USDT,0,0,82.882000
2026-09-20 15:45:09.848984,500.00,paritypay,0,0,0
2026-09-20 15:40:38.526404,5700.00,paritypay,0,0,0
2026-09-20 15:34:08.414102,5400.00,paritypay,0,0,0
2026-09-20 15:17:15.398951,5700.00,reptiloid,0,0,0
2026-09-20 15:13:17.415733,7700.00,merchant001,0,0,0
2026-09-20 15:07:31.566709,5700.00,reptiloid,0,0,0
2026-09-20 15:07:10.450633,3500.00,paritypay,0,0,0
2026-09-20 14:17:56.711074,7500.00,merchant001,0,0,0
2026-09-20 13:52:56.957443,5775.0000,USDT,0,0,73.356000
2026-09-20 13:24:26.823255,7700.00,reptiloid,0,0,0
2026-09-20 13:03:39.791004,5140.00,paritypay,0,0,0
2026-09-20 13:01:48.38165,7500.00,reptiloid,0,0,0
2026-09-20 12:45:53.479627,5700.00,merchant001,0,0,0
2026-09-20 12:36:13.873081,5700.00,reptiloid,0,0,0
2026-09-20 11:56:03.772309,5700.00,reptiloid,0,0,0
2026-09-20 11:53:39.919332,2650.00,paritypay,0,0,0
2026-09-20 11:46:28.116798,7400.00,paritypay,0,0,0
2026-09-20 11:43:48.731336,14000.00,card,0,0,0
2026-09-20 11:19:17.417741,2900.00,nirvana,0,0,0
2026-09-20 11:16:33.09176,5000.00,reptiloid,0,0,0
2026-09-20 11:11:17.41136,2500.00,paritypay,0,0,0
2026-09-20 10:16:19.927124,2900.00,paritypay,0,0,0
2026-09-20 09:58:41.110596,2100.00,paritypay,0,0,0
2026-09-20 08:29:45.196156,3100.00,card,0,0,0
2026-09-20 08:26:50.289203,2900.00,reptiloid,0,0,0
2026-09-20 07:18:26.544241,5000.00,paritypay,0,0,0
2026-09-20 07:04:44.922863,5700.00,veyfora,0,0,0
2026-09-20 06:45:57.820232,3300.00,reptiloid,0,0,0
2026-09-20 06:15:05.724709,3300.00,reptiloid,0,0,0
2026-09-20 05:49:31.719966,5000.00,paritypay,0,0,0
2026-09-20 04:41:10.73689,5700.00,merchant001,0,0,0
2026-09-20 04:24:02.787073,3300.00,reptiloid,0,0,0
2026-09-20 04:16:18.256014,14000.00,reptiloid,0,0,0
2026-09-20 03:00:23.267576,3700.00,transa,0,0,0
2026-09-20 01:25:31.382439,3700.00,merchant001,0,0,0
2026-09-19 23:43:45.070866,2900.00,card,0,0,0
2026-09-19 23:29:14.990475,14000.00,veyfora,0,0,0
2026-09-19 22:57:00.164371,8700.00,reptiloid,0,0,0
2026-09-19 22:31:16.656522,2900.00,reptiloid,0,0,0
2026-09-19 22:08:13.41049,5700.00,reptiloid,0,0,0
2026-09-19 22:01:06.699841,4500.00,reptiloid,0,0,0
2026-09-19 21:20:56.274499,5700.00,veyfora,0,0,0
2026-09-19 21:14:21.231325,7700.00,reptiloid,0,0,0
2026-09-19 21:06:00.265138,7500.00,merchant001,0,0,0
2026-09-19 21:02:37.389501,3700.00,merchant001,0,0,0
2026-09-19 20:38:57.484386,3700.00,reptiloid,0,0,0
2026-09-19 20:35:19.320748,3700.00,reptiloid,0,0,0
2026-09-19 20:14:55.675998,8700.00,reptiloid,0,0,0
2026-09-19 20:14:44.710864,3700.00,paritypay,0,0,0
2026-09-19 20:07:35.302563,5700.00,veyfora,0,0,0
2026-09-19 20:03:39.768003,5000.00,paritypay,0,0,0
2026-09-19 19:46:46.528029,7700.00,transa,0,0,0
2026-09-19 19:46:27.369274,3300.00,paritypay,0,0,0
2026-09-19 19:39:01.414065,2500.00,card,0,0,0
2026-09-19 19:31:43.363791,4500.00,paritypay,0,0,0
2026-09-19 19:28:56.334743,5400.00,transa,0,0,0
2026-09-19 19:18:37.03302,8700.00,reptiloid,0,0,0
2026-09-19 19:12:45.983211,7500.00,reptiloid,0,0,0
2026-09-19 19:05:12.769766,3700.00,reptiloid,0,0,0
2026-09-19 18:39:57.387079,5700.00,reptiloid,0,0,0
2026-09-19 18:29:12.897473,3700.00,reptiloid,0,0,0
2026-09-19 18:13:09.077063,8700.00,paritypay,0,0,0
2026-09-19 18:04:26.162905,2500.00,reptiloid,0,0,0
2026-09-19 16:59:20.983088,3700.00,reptiloid,0,0,0
2026-09-19 16:59:20.422354,8700.00,reptiloid,0,0,0
2026-09-19 16:58:34.193301,19000.00,transa,0,0,0
2026-09-19 16:34:13.523706,4550.00,paritypay,0,0,0
2026-09-19 15:59:27.31262,8700.00,card,0,0,0
2026-09-19 15:53:46.648945,19000.00,paritypay,0,0,0
2026-09-19 15:45:29.364443,5700.00,reptiloid,0,0,0
2026-09-19 15:34:17.160084,3700.00,reptiloid,0,0,0
2026-09-19 15:08:00.228948,5500.00,veyfora,0,0,0
2026-09-19 14:58:06.568914,500.00,reptiloid,0,0,0
2026-09-19 14:56:43.82323,3700.00,paritypay,0,0,0
2026-09-19 14:03:52.842434,3690.00,reptiloid,0,0,0
2026-09-19 14:01:38.563888,5500.00,card,0,0,0
2026-09-19 13:53:37.239168,5700.00,veyfora,0,0,0
2026-09-19 13:53:20.278695,5700.00,card,0,0,0
2026-09-19 12:57:27.868635,5500.00,card,0,0,0
2026-09-19 11:28:16.891202,5700.00,card,0,0,0
2026-09-19 11:27:08.418084,5400.00,transa,0,0,0
2026-09-19 11:10:33.643491,2400.00,card,0,0,0
2026-09-19 10:36:34.010472,3000.0000,USDT,0,0,38.107000
2026-09-19 10:36:04.814638,4950.00,reptiloid,0,0,0
2026-09-19 10:26:08.848036,5400.00,reptiloid,0,0,0
2026-09-19 10:07:18.355919,5700.00,veyfora,0,0,0
2026-09-19 10:01:46.611415,19000.00,transa,0,0,0
2026-09-19 07:58:33.096898,5700.00,card,0,0,0
2026-09-19 07:35:52.639324,5700.00,card,0,0,0
2026-09-19 06:28:24.108638,5700.00,paritypay,0,0,0
2026-09-19 02:38:55.310181,6750.00,paritypay,0,0,0
2026-09-19 00:38:57.100982,5775.0000,USDT,0,0,73.356000
2026-09-19 00:28:28.084648,5775.0000,USDT,0,0,73.356000
2026-09-18 23:58:58.90412,5000.00,paritypay,0,0,0
2026-09-18 23:38:17.282658,620.00,reptiloid,0,0,0
2026-09-18 22:35:11.88839,7500.00,reptiloid,0,0,0
2026-09-18 21:11:28.45881,5700.00,reptiloid,0,0,0
2026-09-18 20:26:54.038787,5500.00,reptiloid,0,0,0
2026-09-18 20:15:13.325703,3310.00,reptiloid,0,0,0
2026-09-18 20:00:33.613205,5700.00,transa,0,0,0
2026-09-18 19:46:08.109339,3000.00,transa,0,0,0
2026-09-18 19:39:34.731004,3700.00,reptiloid,0,0,0
2026-09-18 19:38:51.928481,3700.00,transa,0,0,0
2026-09-18 19:36:05.194756,3700.00,merchant001,0,0,0
2026-09-18 19:27:44.762866,3700.00,veyfora,0,0,0
2026-09-18 18:59:16.645621,5700.00,transa,0,0,0
2026-09-18 18:14:29.814233,7100.00,paritypay,0,0,0
2026-09-18 18:04:45.4714,5700.00,reptiloid,0,0,0
2026-09-18 17:34:26.059588,2500.00,reptiloid,0,0,0
2026-09-18 17:07:37.508491,500.00,reptiloid,0,0,0
2026-09-18 17:06:39.034876,5700.00,reptiloid,0,0,0
2026-09-18 16:40:42.381042,3000.00,transa,0,0,0
2026-09-18 16:39:42.469838,5700.00,reptiloid,0,0,0
2026-09-18 16:23:39.877345,5700.00,paritypay,0,0,0
2026-09-18 16:19:14.259796,3875.00,paritypay,0,0,0
2026-09-18 16:19:13.504429,5500.00,reptiloid,0,0,0
2026-09-18 16:03:47.228797,5700.00,reptiloid,0,0,0
2026-09-18 15:42:22.395541,4600.00,paritypay,0,0,0
2026-09-18 15:36:06.175271,5500.00,card,0,0,0
2026-09-18 15:35:53.564937,7500.00,reptiloid,0,0,0
2026-09-18 15:17:58.449048,7500.00,reptiloid,0,0,0
2026-09-18 15:02:32.082734,11500.00,reptiloid,0,0,0
2026-09-18 14:59:21.110283,19000.00,transa,0,0,0
2026-09-18 14:45:32.74458,3700.00,veyfora,0,0,0
2026-09-18 14:43:40.47904,5500.00,merchant001,0,0,0
2026-09-18 14:18:52.125875,3000.00,paritypay,0,0,0
2026-09-18 14:11:33.620827,5000.00,reptiloid,0,0,0
2026-09-18 14:03:16.286816,5500.00,reptiloid,0,0,0
2026-09-18 13:55:01.83944,5775.0000,USDT,0,0,73.356000
2026-09-18 13:52:49.83729,500.00,paritypay,0,0,0
2026-09-18 13:44:24.683714,5700.00,reptiloid,0,0,0
2026-09-18 13:38:08.286203,3135.00,paritypay,0,0,0
2026-09-18 13:24:41.433229,2000.00,paritypay,0,0,0
2026-09-18 13:12:55.164938,2900.00,reptiloid,0,0,0
2026-09-18 12:58:19.590422,3100.00,card,0,0,0
2026-09-18 12:54:49.911255,3700.00,reptiloid,0,0,0
2026-09-18 12:54:27.764141,2500.00,card,0,0,0
2026-09-18 12:52:31.940453,5700.00,transa,0,0,0
2026-09-18 12:44:52.200917,2900.00,merchant001,0,0,0
2026-09-18 12:43:10.477355,5500.00,reptiloid,0,0,0
2026-09-18 12:13:11.154114,2500.00,veyfora,0,0,0
2026-09-18 11:59:42.839894,2500.00,merchant001,0,0,0
2026-09-18 11:57:53.803797,5500.00,reptiloid,0,0,0
2026-09-18 11:43:29.14806,3200.00,reptiloid,0,0,0
2026-09-18 11:16:39.863433,2900.00,reptiloid,0,0,0
2026-09-18 10:56:03.383162,5700.00,card,0,0,0
2026-09-18 10:48:33.590826,2900.00,paritypay,0,0,0
2026-09-18 10:27:35.496201,5700.00,reptiloid,0,0,0
2026-09-18 10:16:21.771277,5500.00,reptiloid,0,0,0
2026-09-18 08:26:21.033975,5500.00,reptiloid,0,0,0
2026-09-18 07:43:15.264318,5700.00,transa,0,0,0
2026-09-18 05:43:40.121071,5700.00,reptiloid,0,0,0
2026-09-18 02:55:03.826283,4125.0000,USDT,0,0,52.397000
2026-09-18 02:12:08.470938,5700.00,card,0,0,0
2026-09-18 01:59:36.834178,5700.00,paritypay,0,0,0
2026-09-18 00:57:21.453862,5700.00,transa,0,0,0
2026-09-17 23:29:53.689941,4500.00,paritypay,0,0,0
2026-09-17 23:29:05.268654,5000.00,card,0,0,0
2026-09-17 23:04:35.915587,5700.00,card,0,0,0
2026-09-17 22:44:14.749247,2900.00,reptiloid,0,0,0
2026-09-17 22:04:59.231147,5700.00,paritypay,0,0,0
2026-09-17 22:00:27.97042,22000.00,transa,0,0,0
2026-09-17 21:57:15.043455,5700.00,card,0,0,0
2026-09-17 21:40:52.241386,5100.00,reptiloid,0,0,0
2026-09-17 21:32:25.969392,5700.00,paritypay,0,0,0
2026-09-17 20:32:47.884729,2900.00,reptiloid,0,0,0
2026-09-17 20:31:43.958894,7700.00,reptiloid,0,0,0
2026-09-17 20:29:11.489441,5700.00,card,0,0,0
2026-09-17 20:25:33.988098,2900.00,reptiloid,0,0,0
2026-09-17 20:25:20.967623,5700.00,card,0,0,0
2026-09-17 20:24:40.416464,5700.00,paritypay,0,0,0
2026-09-17 19:53:26.427513,5775.0000,USDT,0,0,73.356000
2026-09-17 19:00:36.884163,5400.00,transa,0,0,0
2026-09-17 17:40:51.817832,2315.00,reptiloid,0,0,0
2026-09-17 17:38:37.24083,1400.00,paritypay,0,0,0
2026-09-17 17:29:59.810319,5700.00,onlypays,0,0,0
2026-09-17 17:26:22.458805,3200.00,transa,0,0,0
2026-09-17 17:23:34.070547,1700.00,reptiloid,0,0,0
2026-09-17 17:07:01.644018,2300.00,reptiloid,0,0,0
2026-09-17 17:03:29.556617,5700.00,reptiloid,0,0,0
2026-09-17 16:52:06.702963,4125.0000,USDT,0,0,52.397000
2026-09-17 16:24:20.634941,4125.0000,USDT,0,0,52.397000
2026-09-17 16:22:04.991018,4195.00,reptiloid,0,0,0
2026-09-17 16:09:07.960146,2300.00,reptiloid,0,0,0
2026-09-17 16:01:53.73234,5700.00,transa,0,0,0
2026-09-17 15:29:28.62954,5500.00,reptiloid,0,0,0
2026-09-17 15:03:33.691031,5700.00,transa,0,0,0
2026-09-17 15:01:49.171688,1700.00,paritypay,0,0,0
2026-09-17 14:55:45.059139,5000.00,reptiloid,0,0,0
2026-09-17 14:49:56.771115,5900.00,paritypay,0,0,0
2026-09-17 14:46:51.374717,5700.00,reptiloid,0,0,0
2026-09-17 14:42:14.845787,3000.00,paritypay,0,0,0
2026-09-17 14:26:21.085778,4300.00,reptiloid,0,0,0
2026-09-17 13:57:52.443493,8625.0000,USDT,0,0,109.557000
2026-09-17 13:50:21.045586,5400.00,veyfora,0,0,0
2026-09-17 13:39:20.465655,7900.00,transa,0,0,0
2026-09-17 12:40:21.097069,5700.00,reptiloid,0,0,0
2026-09-17 12:30:36.424588,500.00,card,0,0,0
2026-09-17 12:28:28.168417,7900.00,transa,0,0,0
2026-09-17 12:23:39.832064,2200.00,card,0,0,0
2026-09-17 12:10:42.166795,2000.00,card,0,0,0
2026-09-17 11:36:43.334846,1125.0000,USDT,0,0,14.290000
2026-09-17 10:58:48.830891,5700.00,paritypay,0,0,0
2026-09-17 10:39:09.121802,5500.00,reptiloid,0,0,0
2026-09-17 10:17:28.424646,5000.00,transa,0,0,0
2026-09-17 10:07:16.942136,5400.00,card,0,0,0
2026-09-17 08:27:35.751498,7700.00,reptiloid,0,0,0
2026-09-17 07:23:31.067878,4500.00,paritypay,0,0,0
2026-09-17 06:11:00.132387,5400.00,merchant001,0,0,0
2026-09-17 03:56:09.981784,5700.00,card,0,0,0
2026-09-17 03:56:02.251346,7125.00,reptiloid,0,0,0
2026-09-17 00:41:53.284428,6800.00,reptiloid,0,0,0
2026-09-16 23:36:45.012906,5700.00,veyfora,0,0,0
2026-09-16 22:13:16.616401,7900.00,merchant001,0,0,0
2026-09-16 22:11:37.457366,1800.00,transa,0,0,0
2026-09-16 21:53:05.545938,5700.00,veyfora,0,0,0
2026-09-16 21:15:52.95292,7500.00,reptiloid,0,0,0
2026-09-16 20:59:36.354838,5420.00,reptiloid,0,0,0
2026-09-16 20:44:28.715396,7700.00,card,0,0,0
2026-09-16 20:44:26.834814,5500.00,reptiloid,0,0,0
2026-09-16 20:30:01.055486,5400.00,transa,0,0,0
2026-09-16 19:51:35.9776,2615.00,reptiloid,0,0,0
2026-09-16 19:09:21.005497,7900.00,transa,0,0,0
2026-09-16 18:59:07.503934,5600.00,reptiloid,0,0,0
2026-09-16 18:34:33.492347,5775.0000,USDT,0,0,73.356000
2026-09-16 18:29:18.723985,3300.00,transa,0,0,0
2026-09-16 18:27:35.200311,5700.00,veyfora,0,0,0
2026-09-16 18:14:02.155624,5500.00,transa,0,0,0
2026-09-16 17:59:06.675389,5850.00,card,0,0,0
2026-09-16 17:47:45.85063,5400.00,reptiloid,0,0,0
2026-09-16 17:37:30.562998,5500.00,reptiloid,0,0,0
2026-09-16 17:24:18.691703,5500.00,transa,0,0,0
2026-09-16 17:22:07.862693,5500.00,reptiloid,0,0,0
2026-09-16 17:07:02.288601,5700.00,transa,0,0,0
2026-09-16 16:57:03.923803,800.00,card,0,0,0
2026-09-16 16:40:40.105171,5700.00,card,0,0,0
2026-09-16 16:40:10.68718,5415.00,transa,0,0,0
2026-09-16 16:31:37.92427,5700.00,reptiloid,0,0,0
2026-09-16 16:11:27.667809,5400.00,card,0,0,0
2026-09-16 15:24:32.891222,5500.00,reptiloid,0,0,0
2026-09-16 15:24:01.061365,3300.00,card,0,0,0
2026-09-16 15:10:28.235762,3300.00,card,0,0,0
2026-09-16 15:00:59.84777,5000.00,card,0,0,0
2026-09-16 14:52:22.798448,5000.00,reptiloid,0,0,0
2026-09-16 14:38:00.03437,10500.00,merchant001,0,0,0
2026-09-16 14:36:37.249357,5700.00,transa,0,0,0
2026-09-16 14:27:29.477998,28100.00,reptiloid,0,0,0
2026-09-16 14:23:49.81163,5200.00,reptiloid,0,0,0
2026-09-16 14:19:47.833678,7900.00,veyfora,0,0,0
2026-09-16 14:13:49.075055,7900.00,veyfora,0,0,0
2026-09-16 12:37:20.108344,4125.0000,USDT,0,0,52.397000
2026-09-16 12:30:15.94282,7700.00,reptiloid,0,0,0
2026-09-16 12:15:32.103279,4500.00,veyfora,0,0,0
2026-09-16 12:10:21.157335,5415.00,transa,0,0,0
2026-09-16 11:54:27.726675,5775.0000,USDT,0,0,73.356000
2026-09-16 11:42:24.062086,7700.00,transa,0,0,0
2026-09-16 11:40:45.959756,3100.00,transa,0,0,0
2026-09-16 11:40:24.52557,17250.0000,USDT,0,0,219.114000
2026-09-16 10:48:13.140866,7900.00,transa,0,0,0
2026-09-16 10:47:51.83155,7900.00,merchant001,0,0,0
2026-09-16 10:45:27.866865,5500.00,reptiloid,0,0,0
2026-09-16 10:31:54.481456,5700.00,transa,0,0,0
2026-09-16 10:25:02.723273,7500.00,reptiloid,0,0,0
2026-09-16 10:18:42.713416,3100.00,veyfora,0,0,0
2026-09-16 09:11:12.55429,5500.00,card,0,0,0
2026-09-16 08:17:46.858426,8200.00,card,0,0,0
2026-09-16 07:20:58.775953,3410.00,reptiloid,0,0,0
2026-09-16 06:00:09.341444,3300.00,transa,0,0,0
2026-09-16 04:40:52.287232,3000.00,reptiloid,0,0,0
2026-09-16 04:33:21.501292,5700.00,reptiloid,0,0,0
2026-09-16 02:33:56.244706,7300.00,reptiloid,0,0,0
2026-09-16 01:24:19.384854,5700.00,veyfora,0,0,0
2026-09-16 00:39:50.564515,4600.00,veyfora,0,0,0
2026-09-16 00:34:51.026023,5700.00,reptiloid,0,0,0
2026-09-16 00:32:09.091593,7700.00,reptiloid,0,0,0
2026-09-16 00:27:18.402553,5700.00,merchant001,0,0,0
2026-09-15 23:31:01.075277,8200.00,transa,0,0,0
2026-09-15 22:51:40.8166,3750.0000,USDT,0,0,47.634000
2026-09-15 21:48:10.724095,5700.00,merchant001,0,0,0
2026-09-15 21:46:02.977385,3000.00,reptiloid,0,0,0
2026-09-15 21:35:41.831882,5700.00,transa,0,0,0
2026-09-15 21:32:40.085052,8200.00,merchant001,0,0,0
2026-09-15 21:19:32.725719,5000.00,card,0,0,0
2026-09-15 21:17:04.531833,2900.00,reptiloid,0,0,0
2026-09-15 21:08:31.315654,5500.00,transa,0,0,0
2026-09-15 21:03:26.227968,5700.00,card,0,0,0
2026-09-15 20:54:28.639586,5700.00,merchant001,0,0,0
2026-09-15 20:43:37.667651,8200.00,reptiloid,0,0,0
2026-09-15 20:23:33.962103,5600.00,reptiloid,0,0,0
2026-09-15 20:21:28.591941,4950.00,reptiloid,0,0,0
2026-09-15 19:46:54.938389,7700.00,card,0,0,0
2026-09-15 19:41:07.033626,4300.00,card,0,0,0
2026-09-15 19:31:11.631353,5700.00,reptiloid,0,0,0
2026-09-15 19:09:08.695567,5000.00,reptiloid,0,0,0
2026-09-15 19:06:32.129493,8200.00,card,0,0,0
2026-09-15 19:06:26.730882,5700.00,reptiloid,0,0,0
2026-09-15 18:50:19.872548,4800.00,transa,0,0,0
2026-09-15 18:40:33.686278,4100.00,card,0,0,0
2026-09-15 18:38:21.259966,700.00,reptiloid,0,0,0
2026-09-15 18:21:08.624959,2300.00,reptiloid,0,0,0
2026-09-15 18:09:51.848241,5500.00,reptiloid,0,0,0
2026-09-15 18:03:39.974877,3400.00,reptiloid,0,0,0
2026-09-15 17:52:53.126974,6715.00,reptiloid,0,0,0
2026-09-15 17:34:20.97685,5700.00,reptiloid,0,0,0
2026-09-15 17:20:38.045958,1961.2500,USDT,0,0,24.912000
2026-09-15 17:00:16.016204,7500.00,card,0,0,0
2026-09-15 16:59:14.115176,5700.00,transa,0,0,0
2026-09-15 16:50:59.028056,5415.00,reptiloid,0,0,0
2026-09-15 16:25:37.563369,5500.00,reptiloid,0,0,0
2026-09-15 16:21:46.729635,7900.00,card,0,0,0
2026-09-15 16:06:49.691021,5205.00,reptiloid,0,0,0
2026-09-15 15:58:24.779595,5700.00,merchant001,0,0,0
2026-09-15 15:44:47.991645,5775.0000,USDT,0,0,73.356000
2026-09-15 14:24:51.56768,5700.00,transa,0,0,0
2026-09-15 14:02:01.786869,5700.00,transa,0,0,0
2026-09-15 13:41:03.125326,5700.00,transa,0,0,0
2026-09-15 13:38:58.265758,5200.00,transa,0,0,0
2026-09-15 13:38:22.017164,5025.0000,USDT,0,0,63.829000
2026-09-15 13:16:37.805034,5700.00,reptiloid,0,0,0
2026-09-15 13:06:00.368902,5200.00,reptiloid,0,0,0
2026-09-15 12:29:41.84663,5700.00,reptiloid,0,0,0
2026-09-15 12:27:46.931652,7500.00,reptiloid,0,0,0
2026-09-15 12:21:58.697102,5700.00,veyfora,0,0,0
2026-09-15 12:19:10.743333,19000.00,reptiloid,0,0,0
2026-09-15 11:21:32.233654,7700.00,card,0,0,0
2026-09-15 11:17:17.933557,3300.0000,USDT,0,0,41.918000
2026-09-15 10:28:46.349091,32000.00,transa,0,0,0
2026-09-15 10:26:12.783777,11500.00,transa,0,0,0
2026-09-15 10:23:28.268181,4000.00,transa,0,0,0
2026-09-15 10:18:27.036359,3400.00,transa,0,0,0
2026-09-15 10:01:36.073878,11000.00,reptiloid,0,0,0
2026-09-15 10:00:31.365292,7900.00,reptiloid,0,0,0
2026-09-15 09:43:06.241084,7500.00,transa,0,0,0
2026-09-15 09:42:27.277382,5700.00,reptiloid,0,0,0
2026-09-15 09:32:10.274208,5700.00,reptiloid,0,0,0
2026-09-15 08:33:04.642833,7700.00,card,0,0,0
2026-09-15 02:45:46.777363,2700.00,card,0,0,0
2026-09-15 02:25:07.998568,5700.00,transa,0,0,0
2026-09-15 02:23:26.706495,2325.0000,USDT,0,0,29.533000
2026-09-15 02:03:07.777364,5270.00,paritypay,0,0,0
2026-09-15 01:33:49.331959,5700.00,transa,0,0,0
2026-09-15 01:27:21.132503,3500.00,paritypay,0,0,0
2026-09-15 00:51:50.149593,7900.00,reptiloid,0,0,0
2026-09-14 23:14:09.716821,5700.00,paritypay,0,0,0
2026-09-14 22:24:21.316167,5205.00,paritypay,0,0,0
2026-09-14 22:16:56.396787,2700.00,paritypay,0,0,0
2026-09-14 22:12:11.684548,5700.00,reptiloid,0,0,0
2026-09-14 21:47:51.323196,5700.00,reptiloid,0,0,0
2026-09-14 21:32:23.445797,7900.00,transa,0,0,0
2026-09-14 21:14:25.148106,2700.00,reptiloid,0,0,0
2026-09-14 21:13:08.739336,6750.00,reptiloid,0,0,0
2026-09-14 20:58:08.779413,2700.00,paritypay,0,0,0
2026-09-14 20:51:24.601341,2000.00,paritypay,0,0,0
2026-09-14 20:41:32.521941,5700.00,paritypay,0,0,0
2026-09-14 20:39:58.893637,5000.00,transa,0,0,0
2026-09-14 20:36:33.919654,5700.00,paritypay,0,0,0
2026-09-14 20:32:27.625968,2830.00,paritypay,0,0,0
2026-09-14 20:12:55.236469,7500.00,reptiloid,0,0,0
2026-09-14 20:06:38.268181,500.00,paritypay,0,0,0
2026-09-14 19:29:07.952918,3600.00,merchant001,0,0,0
2026-09-14 18:59:19.769001,4500.00,transa,0,0,0
2026-09-14 18:49:10.836048,4500.00,transa,0,0,0
2026-09-14 18:33:51.296729,5700.00,card,0,0,0
2026-09-14 18:05:27.602243,6000.00,paritypay,0,0,0
2026-09-14 18:00:58.203009,750.00,paritypay,0,0,0
2026-09-14 17:55:33.389857,2510.00,reptiloid,0,0,0
2026-09-14 17:51:42.12708,7900.00,merchant001,0,0,0
2026-09-14 17:50:12.448555,500.00,nirvana,0,0,0
2026-09-14 17:07:44.827768,7900.00,transa,0,0,0
2026-09-14 16:56:40.784649,3600.00,reptiloid,0,0,0
2026-09-14 16:55:25.351753,5700.00,reptiloid,0,0,0
2026-09-14 16:43:39.050189,7500.00,reptiloid,0,0,0
2026-09-14 16:40:37.624586,5700.00,transa,0,0,0
2026-09-14 16:38:28.606575,3800.00,reptiloid,0,0,0
2026-09-14 16:27:04.412831,7900.00,reptiloid,0,0,0
2026-09-14 16:21:22.770547,3600.00,card,0,0,0
2026-09-14 16:14:46.982944,3800.00,card,0,0,0
2026-09-14 16:13:40.311512,5400.00,card,0,0,0
2026-09-14 16:10:29.784156,7700.00,reptiloid,0,0,0
2026-09-14 16:04:51.7518,3800.00,card,0,0,0
2026-09-14 16:02:46.732099,3600.00,card,0,0,0
2026-09-14 16:01:43.276528,7700.00,reptiloid,0,0,0
2026-09-14 16:01:02.361849,7900.00,reptiloid,0,0,0
2026-09-14 15:58:09.701279,3400.00,card,0,0,0
2026-09-14 15:57:41.047066,2700.00,merchant001,0,0,0
2026-09-14 15:56:48.270572,5700.00,reptiloid,0,0,0
2026-09-14 15:56:36.462991,3000.0000,USDT,0,0,38.107000
2026-09-14 15:48:35.371664,4750.00,reptiloid,0,0,0
2026-09-14 15:44:17.719287,5700.00,reptiloid,0,0,0
2026-09-14 15:22:47.333427,3800.00,transa,0,0,0
2026-09-14 15:17:58.057134,2500.00,card,0,0,0
2026-09-14 15:14:09.654942,3600.00,card,0,0,0
2026-09-14 15:06:20.415807,800.00,transa,0,0,0
2026-09-14 15:01:35.81495,5700.00,reptiloid,0,0,0
2026-09-14 14:55:44.079617,3600.00,reptiloid,0,0,0
2026-09-14 14:50:52.878142,2700.00,transa,0,0,0
2026-09-14 14:28:09.970312,2700.00,card,0,0,0
2026-09-14 14:17:59.321378,3120.00,paritypay,0,0,0
2026-09-14 14:15:50.289052,2700.00,reptiloid,0,0,0
2026-09-14 14:14:49.473875,900.00,transa,0,0,0
2026-09-14 14:10:28.848351,3400.00,transa,0,0,0
2026-09-14 14:09:20.770123,7700.00,paritypay,0,0,0
2026-09-14 14:07:52.626824,7500.00,reptiloid,0,0,0
2026-09-14 14:04:15.237678,2700.00,card,0,0,0
2026-09-14 14:02:05.504403,2700.00,reptiloid,0,0,0
2026-09-14 13:45:34.252136,3800.00,card,0,0,0
2026-09-14 13:36:54.048626,5700.00,reptiloid,0,0,0
2026-09-14 13:00:32.549732,3800.00,transa,0,0,0
2026-09-14 12:49:56.664409,3600.00,reptiloid,0,0,0
2026-09-14 12:48:43.375687,2700.00,card,0,0,0
2026-09-14 12:44:43.711195,3800.00,reptiloid,0,0,0
2026-09-14 12:39:19.526462,1000.00,paritypay,0,0,0
2026-09-14 12:16:29.154278,2700.00,card,0,0,0
2026-09-14 12:01:48.851547,3100.00,transa,0,0,0
2026-09-14 11:41:55.245811,5900.00,card,0,0,0
2026-09-14 11:37:18.779702,7505.00,reptiloid,0,0,0
2026-09-14 11:14:37.958282,7900.00,transa,0,0,0
2026-09-14 11:01:10.63419,3600.00,card,0,0,0
2026-09-14 11:00:28.971814,5700.00,reptiloid,0,0,0
2026-09-14 10:57:23.369001,3550.00,paritypay,0,0,0
2026-09-14 10:55:01.693466,2500.00,card,0,0,0
2026-09-14 10:41:03.001944,3800.00,transa,0,0,0
2026-09-14 10:38:59.619632,7700.00,reptiloid,0,0,0
2026-09-14 10:34:57.675436,3800.00,card,0,0,0
2026-09-14 10:16:41.844967,3800.00,reptiloid,0,0,0
2026-09-14 09:57:14.219837,5700.00,reptiloid,0,0,0
2026-09-14 09:53:11.167703,5700.00,transa,0,0,0
2026-09-14 07:38:33.069087,3800.00,reptiloid,0,0,0
2026-09-14 06:46:00.79495,3600.00,reptiloid,0,0,0
2026-09-14 05:39:39.532044,1400.00,transa,0,0,0
2026-09-14 05:15:58.69957,3800.00,transa,0,0,0
2026-09-14 04:25:46.608927,2700.00,onlypays,0,0,0
2026-09-14 02:38:26.53515,3300.00,paritypay,0,0,0
2026-09-14 02:00:31.894426,2700.00,transa,0,0,0
2026-09-14 01:55:06.165896,2460.00,paritypay,0,0,0
2026-09-14 00:47:58.761911,7900.00,reptiloid,0,0,0
2026-09-13 23:35:11.516921,5100.00,paritypay,0,0,0
2026-09-13 23:28:17.318657,5700.00,reptiloid,0,0,0
2026-09-13 23:07:25.94668,3600.00,reptiloid,0,0,0
2026-09-13 22:41:51.118949,7500.00,card,0,0,0
2026-09-13 22:38:47.272501,7505.00,paritypay,0,0,0
2026-09-13 22:26:50.223379,2700.00,transa,0,0,0
2026-09-13 22:13:06.798718,3800.00,card,0,0,0
2026-09-13 22:12:57.174981,5700.00,transa,0,0,0
2026-09-13 22:07:04.536136,3300.00,reptiloid,0,0,0
2026-09-13 22:04:29.054071,3300.00,reptiloid,0,0,0
2026-09-13 22:00:34.609812,8625.0000,USDT,0,0,109.557000
2026-09-13 21:54:05.011552,5300.00,reptiloid,0,0,0
2026-09-13 21:32:25.835098,3800.00,reptiloid,0,0,0
2026-09-13 21:31:34.624188,2500.00,card,0,0,0
2026-09-13 21:01:54.323006,3800.00,reptiloid,0,0,0
2026-09-13 20:42:33.121109,2700.00,reptiloid,0,0,0
2026-09-13 20:16:00.636217,1000.00,card,0,0,0
2026-09-13 20:01:27.142154,3300.00,transa,0,0,0
2026-09-13 19:47:07.397161,3800.00,card,0,0,0
2026-09-13 19:29:32.251867,3420.00,paritypay,0,0,0
2026-09-13 19:25:49.869544,3600.00,transa,0,0,0
2026-09-13 19:06:16.249885,3600.00,card,0,0,0
2026-09-13 18:59:18.39427,7500.00,reptiloid,0,0,0
2026-09-13 18:58:59.053015,5700.00,transa,0,0,0
2026-09-13 18:56:09.220285,7500.00,reptiloid,0,0,0
2026-09-13 18:40:34.293195,5700.00,transa,0,0,0
2026-09-13 18:19:12.920652,3800.00,card,0,0,0
2026-09-13 18:08:53.397771,3600.00,reptiloid,0,0,0
2026-09-13 18:07:57.036392,2700.00,card,0,0,0
2026-09-13 17:58:52.691904,1000.00,reptiloid,0,0,0
2026-09-13 17:19:48.338038,3500.00,nirvana,0,0,0
2026-09-13 17:18:24.828458,2700.00,reptiloid,0,0,0
2026-09-13 17:03:12.007502,3800.00,reptiloid,0,0,0
2026-09-13 17:01:32.008384,3800.00,reptiloid,0,0,0
2026-09-13 16:37:22.331124,2700.00,paritypay,0,0,0
2026-09-13 16:30:32.345196,870.00,transa,0,0,0
2026-09-13 16:21:09.477826,7000.00,transa,0,0,0
2026-09-13 16:20:08.521287,2200.00,reptiloid,0,0,0
2026-09-13 16:08:14.441724,3600.00,reptiloid,0,0,0
2026-09-13 16:03:58.862231,3600.00,reptiloid,0,0,0
2026-09-13 15:52:38.426247,2200.00,reptiloid,0,0,0
2026-09-13 15:50:09.22051,3600.00,paritypay,0,0,0
2026-09-13 15:47:44.581989,4000.00,transa,0,0,0
2026-09-13 15:41:19.047758,1225.00,reptiloid,0,0,0
2026-09-13 15:28:33.845423,5230.00,paritypay,0,0,0
2026-09-13 14:44:27.044176,5500.00,reptiloid,0,0,0
2026-09-13 14:37:53.431198,2500.00,transa,0,0,0
2026-09-13 13:58:10.386897,5500.00,transa,0,0,0
2026-09-13 13:51:11.964024,6400.00,reptiloid,0,0,0
2026-09-13 13:00:20.984999,7500.00,paritypay,0,0,0
2026-09-13 12:58:16.449946,1000.00,reptiloid,0,0,0
2026-09-13 12:57:08.082667,3300.0000,USDT,0,0,41.918000
2026-09-13 12:53:36.646638,3500.00,reptiloid,0,0,0
2026-09-13 12:51:02.403655,2500.00,card,0,0,0
2026-09-13 12:39:59.612775,7900.00,paritypay,0,0,0
2026-09-13 12:00:49.473441,7900.00,transa,0,0,0
2026-09-13 11:52:45.448045,7900.00,transa,0,0,0
2026-09-13 11:50:50.443827,500.00,paritypay,0,0,0
2026-09-13 11:43:32.164563,5250.00,paritypay,0,0,0
2026-09-13 11:35:31.448743,5500.00,transa,0,0,0
2026-09-13 11:33:30.707899,3600.00,card,0,0,0
2026-09-13 11:00:03.284031,5700.00,paritypay,0,0,0
2026-09-13 10:14:46.245201,5200.00,reptiloid,0,0,0
2026-09-13 10:12:16.186761,4125.0000,USDT,0,0,52.397000
2026-09-13 10:10:48.700786,3600.00,paritypay,0,0,0
2026-09-13 08:47:03.388599,2850.00,reptiloid,0,0,0
2026-09-13 08:27:49.461987,500.00,reptiloid,0,0,0
2026-09-13 08:21:03.241787,5600.00,reptiloid,0,0,0
2026-09-13 04:56:19.414584,2325.0000,USDT,0,0,29.533000
2026-09-13 04:44:22.261223,3440.00,paritypay,0,0,0
2026-09-13 04:20:34.123144,5500.00,card,0,0,0
2026-09-13 01:31:07.14966,3600.00,reptiloid,0,0,0
2026-09-13 00:31:07.441829,5500.00,reptiloid,0,0,0
2026-09-13 00:18:35.790191,5775.0000,USDT,0,0,73.356000
2026-09-13 00:12:53.072455,4125.0000,USDT,0,0,52.397000
2026-09-12 23:27:46.0427,5700.00,card,0,0,0
2026-09-12 23:23:19.259178,5700.00,reptiloid,0,0,0
2026-09-12 22:56:19.969642,3600.00,paritypay,0,0,0
2026-09-12 22:17:59.183496,30400.00,reptiloid,0,0,0
2026-09-12 20:51:31.118706,2200.00,paritypay,0,0,0
2026-09-12 20:43:38.870218,3600.00,reptiloid,0,0,0
2026-09-12 20:40:11.433245,7700.00,card,0,0,0
2026-09-12 20:35:37.331326,5700.00,reptiloid,0,0,0
2026-09-12 20:22:16.211745,7700.00,reptiloid,0,0,0
2026-09-12 20:17:12.550422,3100.00,paritypay,0,0,0
2026-09-12 19:21:54.41878,5700.00,paritypay,0,0,0
2026-09-12 18:54:19.137136,5500.00,reptiloid,0,0,0
2026-09-12 18:36:21.452539,3600.00,reptiloid,0,0,0
2026-09-12 18:34:07.241766,5500.00,reptiloid,0,0,0
2026-09-12 18:22:11.345471,3600.00,transa,0,0,0
2026-09-12 17:55:28.548723,7900.00,transa,0,0,0
2026-09-12 17:51:03.424763,7700.00,reptiloid,0,0,0
2026-09-12 17:49:08.170201,7500.00,transa,0,0,0
2026-09-12 17:40:25.427632,5700.00,reptiloid,0,0,0
2026-09-12 17:39:13.532455,6715.0000,BTC,0.00121497,0,0
2026-09-12 17:15:21.46803,11500.00,reptiloid,0,0,0
2026-09-12 17:06:29.368688,5500.00,reptiloid,0,0,0
2026-09-12 16:50:00.77371,5400.00,reptiloid,0,0,0
2026-09-12 16:44:56.751647,5500.00,reptiloid,0,0,0
2026-09-12 16:02:43.186415,5000.00,paritypay,0,0,0
2026-09-12 15:54:18.706474,5400.00,paritypay,0,0,0
2026-09-12 15:53:50.844973,2910.00,reptiloid,0,0,0
2026-09-12 15:35:09.586091,5700.00,reptiloid,0,0,0
2026-09-12 15:25:21.858555,6705.00,reptiloid,0,0,0
2026-09-12 14:46:05.276942,5000.00,paritypay,0,0,0
2026-09-12 14:26:28.693656,5700.00,transa,0,0,0
2026-09-12 14:16:26.413068,5700.00,paritypay,0,0,0
2026-09-12 14:15:56.344895,5700.00,reptiloid,0,0,0
2026-09-12 13:57:10.112573,5700.00,transa,0,0,0
2026-09-12 13:50:26.518266,4125.0000,USDT,0,0,52.397000
2026-09-12 13:36:55.918707,2800.00,reptiloid,0,0,0
2026-09-12 13:36:24.086668,2475.0000,USDT,0,0,31.438000
2026-09-12 13:00:09.858417,3300.00,card,0,0,0
2026-09-12 12:50:07.294853,7500.00,card,0,0,0
2026-09-12 12:16:13.864106,3600.00,card,0,0,0
2026-09-12 12:02:51.303885,5700.00,paritypay,0,0,0
2026-09-12 11:57:42.289205,5500.00,reptiloid,0,0,0
2026-09-12 11:56:29.586856,5200.00,transa,0,0,0
2026-09-12 11:41:10.512398,5500.00,reptiloid,0,0,0
2026-09-12 11:32:10.806528,5305.00,paritypay,0,0,0
2026-09-12 11:11:29.913451,3300.00,paritypay,0,0,0
2026-09-12 11:01:53.731844,4350.00,nirvana,0,0,0
2026-09-12 10:55:41.742962,3000.00,reptiloid,0,0,0
2026-09-12 10:33:41.337353,1800.00,reptiloid,0,0,0
2026-09-12 10:17:49.478415,600.00,reptiloid,0,0,0
2026-09-12 10:03:55.478976,7100.00,reptiloid,0,0,0
2026-09-12 09:24:27.66106,5500.00,reptiloid,0,0,0
2026-09-12 08:49:43.113853,7700.00,reptiloid,0,0,0
2026-09-12 08:34:03.493943,2700.0000,USDT,0,0,34.296000
2026-09-12 08:30:03.440194,7700.00,reptiloid,0,0,0
2026-09-12 06:22:12.27216,4500.00,reptiloid,0,0,0
2026-09-12 04:49:55.695766,5700.00,transa,0,0,0
2026-09-12 03:43:08.274292,2700.0000,USDT,0,0,34.296000
2026-09-12 01:09:48.116025,5500.00,reptiloid,0,0,0
2026-09-12 00:43:46.739179,7500.00,reptiloid,0,0,0
2026-09-12 00:27:45.172179,500.00,paritypay,0,0,0
2026-09-12 00:01:57.736343,640.00,paritypay,0,0,0
2026-09-11 23:51:24.87029,5305.00,reptiloid,0,0,0
2026-09-11 23:22:27.075464,7900.00,reptiloid,0,0,0
2026-09-11 23:04:30.599068,2700.0000,USDT,0,0,34.296000
2026-09-11 22:05:04.831892,5600.00,transa,0,0,0
2026-09-11 22:01:23.774543,7620.00,reptiloid,0,0,0
2026-09-11 21:38:35.433707,3600.00,reptiloid,0,0,0
2026-09-11 21:30:39.437048,7900.00,transa,0,0,0
2026-09-11 21:15:06.540225,4125.0000,USDT,0,0,52.397000
2026-09-11 20:53:26.011015,500.00,reptiloid,0,0,0
2026-09-11 20:23:10.042163,7700.00,reptiloid,0,0,0
2026-09-11 19:39:54.494258,4400.00,reptiloid,0,0,0
2026-09-11 19:35:49.424141,4500.00,reptiloid,0,0,0
2026-09-11 19:32:37.493774,7700.00,card,0,0,0
2026-09-11 19:19:58.420002,5400.00,reptiloid,0,0,0
2026-09-11 19:15:10.148186,5500.00,card,0,0,0
2026-09-11 19:05:51.280676,500.00,reptiloid,0,0,0
2026-09-11 19:01:38.958678,7100.00,reptiloid,0,0,0
2026-09-11 17:58:42.317919,4125.0000,USDT,0,0,52.397000
2026-09-11 17:58:27.644199,3600.00,card,0,0,0
2026-09-11 17:50:51.407972,7700.00,card,0,0,0
2026-09-11 17:27:45.524927,19000.00,reptiloid,0,0,0
2026-09-11 17:25:12.731588,5700.00,paritypay,0,0,0
2026-09-11 17:04:45.46324,7700.00,card,0,0,0
2026-09-11 16:54:11.10983,3450.00,reptiloid,0,0,0
2026-09-11 16:49:06.146937,7900.00,paritypay,0,0,0
2026-09-11 16:10:41.369186,3600.00,paritypay,0,0,0
2026-09-11 15:53:52.427379,3600.00,transa,0,0,0
2026-09-11 15:43:37.028399,3100.00,paritypay,0,0,0
2026-09-11 15:34:13.533022,3600.00,paritypay,0,0,0
2026-09-11 15:29:28.321838,6800.00,paritypay,0,0,0
2026-09-11 15:24:16.204949,15000.0000,USDT,0,0,190.534000
2026-09-11 14:37:44.254946,11500.00,transa,0,0,0
2026-09-11 14:28:53.817948,5700.00,card,0,0,0
2026-09-11 14:15:19.657192,3600.00,card,0,0,0
2026-09-11 14:08:12.326422,5600.00,card,0,0,0
2026-09-11 13:51:57.484126,2000.00,reptiloid,0,0,0
2026-09-11 13:36:08.643525,4200.0000,USDT,0,0,53.350000
2026-09-11 13:34:58.70608,11500.00,nirvana,0,0,0
2026-09-11 13:15:43.835577,5700.00,transa,0,0,0
2026-09-11 12:14:32.534489,2500.00,paritypay,0,0,0
2026-09-11 12:12:32.663726,5700.00,reptiloid,0,0,0
2026-09-11 12:11:51.765648,5700.00,reptiloid,0,0,0
2026-09-11 10:58:05.90375,8625.0000,USDT,0,0,109.557000
2026-09-11 07:45:45.962913,3600.00,reptiloid,0,0,0
2026-09-11 07:15:57.644497,3600.00,card,0,0,0
2026-09-11 07:09:10.937664,5700.00,card,0,0,0
2026-09-11 06:39:32.074066,3600.00,card,0,0,0
2026-09-11 05:11:45.14833,7900.00,reptiloid,0,0,0
2026-09-11 02:11:26.09548,7900.00,reptiloid,0,0,0
2026-09-11 00:07:32.092864,3600.00,paritypay,0,0,0
2026-09-10 23:23:07.366651,6400.00,paritypay,0,0,0
2026-09-10 22:33:53.721228,3900.0000,USDT,0,0,49.539000
2026-09-10 21:05:11.11032,11500.00,paritypay,0,0,0
2026-09-10 20:22:26.199257,7700.00,transa,0,0,0
2026-09-10 20:02:47.637187,7900.00,transa,0,0,0
2026-09-10 19:52:20.985103,7900.00,transa,0,0,0
2026-09-10 19:51:40.566019,32000.00,transa,0,0,0
2026-09-10 19:48:16.283758,7900.00,reptiloid,0,0,0
2026-09-10 18:46:44.096686,5700.00,card,0,0,0
2026-09-10 18:44:08.934838,3750.0000,USDT,0,0,47.634000
2026-09-10 18:41:51.187678,5700.00,reptiloid,0,0,0
2026-09-10 18:41:07.620408,5700.00,transa,0,0,0
2026-09-10 17:52:49.256556,7900.00,transa,0,0,0
2026-09-10 17:38:13.983227,5600.00,transa,0,0,0
2026-09-10 17:17:59.159047,11500.00,reptiloid,0,0,0
2026-09-10 17:05:44.323643,2700.00,nirvana,0,0,0
2026-09-10 16:57:33.003921,5700.00,transa,0,0,0
2026-09-10 16:54:43.643865,4300.00,paritypay,0,0,0
2026-09-10 16:04:59.831672,7900.00,paritypay,0,0,0
2026-09-10 16:03:23.655798,5700.00,reptiloid,0,0,0
2026-09-10 15:45:58.53071,5400.00,card,0,0,0
2026-09-10 15:17:18.841953,5700.00,reptiloid,0,0,0
2026-09-10 15:13:42.151136,5400.00,reptiloid,0,0,0
2026-09-10 15:06:28.529282,5600.00,reptiloid,0,0,0
2026-09-10 14:46:59.830716,7505.00,paritypay,0,0,0
2026-09-10 14:28:17.136017,5700.00,reptiloid,0,0,0
2026-09-10 14:03:01.580888,7900.00,transa,0,0,0
2026-09-10 13:57:29.162223,5700.00,reptiloid,0,0,0
2026-09-10 13:44:04.522631,5700.00,transa,0,0,0
2026-09-10 13:11:35.775461,5700.00,card,0,0,0
2026-09-10 12:51:48.530198,3600.00,card,0,0,0
2026-09-10 12:29:35.073551,7500.00,transa,0,0,0
2026-09-10 12:13:40.381041,7900.00,card,0,0,0
2026-09-10 11:40:33.057616,7450.00,reptiloid,0,0,0
2026-09-10 10:49:48.478295,7900.00,reptiloid,0,0,0
2026-09-10 10:32:04.763277,7400.00,paritypay,0,0,0
2026-09-10 10:17:03.179927,5400.00,reptiloid,0,0,0
2026-09-10 09:42:03.409236,5700.00,card,0,0,0
2026-09-10 09:13:50.722691,2700.0000,USDT,0,0,34.296000
2026-09-10 04:49:47.195192,5400.00,transa,0,0,0
2026-09-10 02:35:04.335099,4200.00,transa,0,0,0
2026-09-09 23:43:41.806594,4500.00,reptiloid,0,0,0
2026-09-09 23:17:52.441427,7500.00,reptiloid,0,0,0
2026-09-09 22:57:10.801447,5700.00,reptiloid,0,0,0
2026-09-09 22:36:07.172176,5775.0000,USDT,0,0,73.356000
2026-09-09 22:12:37.492246,5700.00,reptiloid,0,0,0
2026-09-09 22:09:13.391711,7900.00,reptiloid,0,0,0
2026-09-09 22:01:48.273136,5700.00,transa,0,0,0
2026-09-09 21:59:03.758537,4300.00,reptiloid,0,0,0
2026-09-09 21:48:10.508731,3000.00,transa,0,0,0
2026-09-09 21:42:28.564259,500.00,paritypay,0,0,0
2026-09-09 21:34:24.447969,7900.00,reptiloid,0,0,0
2026-09-09 21:31:03.647067,7500.00,reptiloid,0,0,0
2026-09-09 21:27:40.000528,13950.0000,USDT,0,0,177.197000
2026-09-09 21:10:29.217558,2475.0000,USDT,0,0,31.438000
2026-09-09 20:52:46.201667,2900.00,paritypay,0,0,0
2026-09-09 20:46:05.244654,7200.00,reptiloid,0,0,0
2026-09-09 20:30:47.536359,5700.00,paritypay,0,0,0
2026-09-09 20:21:44.580446,2475.0000,USDT,0,0,31.438000
2026-09-09 20:01:28.159472,8200.00,reptiloid,0,0,0
2026-09-09 19:55:00.41742,5400.00,reptiloid,0,0,0
2026-09-09 19:47:40.123376,3300.00,reptiloid,0,0,0
2026-09-09 19:29:41.698167,3300.00,reptiloid,0,0,0
2026-09-09 19:27:47.900928,35000.00,reptiloid,0,0,0
2026-09-09 19:25:42.236749,2430.00,transa,0,0,0
2026-09-09 19:14:06.753947,2200.00,nirvana,0,0,0
2026-09-09 19:06:55.941132,5700.00,reptiloid,0,0,0
2026-09-09 18:54:13.076883,3800.00,reptiloid,0,0,0
2026-09-09 18:50:09.16008,3800.00,reptiloid,0,0,0
2026-09-09 18:46:23.547702,7500.00,transa,0,0,0
2026-09-09 18:16:09.420912,2700.00,reptiloid,0,0,0
2026-09-09 18:07:53.032206,4500.00,reptiloid,0,0,0
2026-09-09 18:06:47.129259,3300.00,transa,0,0,0
2026-09-09 17:53:49.472697,7900.00,reptiloid,0,0,0
2026-09-09 17:53:00.735635,1400.00,paritypay,0,0,0
2026-09-09 17:38:39.89183,7900.00,reptiloid,0,0,0
2026-09-09 17:22:10.42458,2100.00,paritypay,0,0,0
2026-09-09 17:14:52.83838,3300.00,paritypay,0,0,0
2026-09-09 17:01:34.3371,4275.0000,USDT,0,0,54.302000
2026-09-09 16:57:13.522741,3800.00,transa,0,0,0
2026-09-09 16:20:04.666021,4500.00,paritypay,0,0,0
2026-09-09 15:33:57.673209,3800.00,reptiloid,0,0,0
2026-09-09 15:25:19.096772,3600.00,card,0,0,0
2026-09-09 15:08:27.018382,3000.00,reptiloid,0,0,0
2026-09-09 14:56:46.941766,3300.00,reptiloid,0,0,0
2026-09-09 14:51:58.504274,2700.00,reptiloid,0,0,0
2026-09-09 14:43:27.440632,1100.00,reptiloid,0,0,0
2026-09-09 14:32:47.513344,1000.00,reptiloid,0,0,0
2026-09-09 14:16:35.521334,3600.00,nirvana,0,0,0
2026-09-09 14:13:29.711777,7500.00,reptiloid,0,0,0
2026-09-09 14:09:59.059498,7500.00,paritypay,0,0,0
2026-09-09 13:23:00.7913,3300.00,card,0,0,0
2026-09-09 12:42:48.840559,2700.00,paritypay,0,0,0
2026-09-09 12:28:38.45964,7500.00,transa,0,0,0
2026-09-09 12:20:29.68101,7700.00,reptiloid,0,0,0
2026-09-09 12:00:37.004657,2500.00,transa,0,0,0
2026-09-09 11:54:58.967287,3600.00,reptiloid,0,0,0
2026-09-09 11:54:54.645997,3600.00,transa,0,0,0
2026-09-09 11:37:38.117276,7900.00,reptiloid,0,0,0
2026-09-09 11:13:20.232852,3600.00,transa,0,0,0
2026-09-09 09:59:37.089563,2700.00,card,0,0,0
2026-09-09 08:17:20.267843,3300.00,reptiloid,0,0,0
2026-09-09 06:17:51.339168,500.00,paritypay,0,0,0
2026-09-09 05:26:08.640174,2700.00,reptiloid,0,0,0
2026-09-09 02:03:41.115185,7615.00,reptiloid,0,0,0
2026-09-09 00:49:12.401036,3300.00,reptiloid,0,0,0
2026-09-09 00:29:41.675463,2700.00,reptiloid,0,0,0
2026-09-08 23:54:04.322834,7900.00,transa,0,0,0
2026-09-08 23:53:48.439103,2700.00,reptiloid,0,0,0
2026-09-08 23:39:50.481798,7900.00,reptiloid,0,0,0
2026-09-08 23:21:25.698055,5700.00,card,0,0,0
2026-09-08 22:48:48.681846,5500.00,reptiloid,0,0,0
2026-09-08 22:45:38.906747,2500.00,card,0,0,0
2026-09-08 22:41:40.471079,2700.00,card,0,0,0
2026-09-08 22:41:18.158529,2215.00,transa,0,0,0
2026-09-08 22:36:35.753239,2700.00,transa,0,0,0
2026-09-08 22:33:53.023329,2700.00,transa,0,0,0
2026-09-08 22:23:42.244206,5700.00,transa,0,0,0
2026-09-08 22:13:07.622238,7500.00,transa,0,0,0
2026-09-08 22:12:48.426397,3800.00,card,0,0,0
2026-09-08 22:08:44.471806,5700.00,transa,0,0,0
2026-09-08 22:02:44.517412,2500.00,card,0,0,0
2026-09-08 21:51:19.15688,2700.00,paritypay,0,0,0
2026-09-08 21:33:02.213983,2700.00,card,0,0,0
2026-09-08 20:48:23.397077,7500.00,paritypay,0,0,0
2026-09-08 20:35:39.495748,2700.00,paritypay,0,0,0
2026-09-08 20:32:42.530702,7900.00,card,0,0,0
2026-09-08 20:20:31.123683,31100.00,transa,0,0,0
2026-09-08 20:16:40.27519,5400.00,card,0,0,0
2026-09-08 20:15:38.463337,3600.00,reptiloid,0,0,0
2026-09-08 20:07:39.850647,2700.00,reptiloid,0,0,0
2026-09-08 20:03:38.562576,2700.00,reptiloid,0,0,0
2026-09-08 19:54:06.960426,7900.00,reptiloid,0,0,0
2026-09-08 19:38:23.825102,3600.00,reptiloid,0,0,0
2026-09-08 19:32:03.097094,3600.00,reptiloid,0,0,0
2026-09-08 19:27:23.130763,2700.00,reptiloid,0,0,0
2026-09-08 19:09:57.882721,2700.00,card,0,0,0
2026-09-08 19:06:10.157341,5200.00,reptiloid,0,0,0
2026-09-08 19:05:15.56332,5700.00,reptiloid,0,0,0
2026-09-08 18:59:48.238853,5700.00,reptiloid,0,0,0
2026-09-08 18:43:40.789082,7500.00,reptiloid,0,0,0
2026-09-08 18:36:12.493196,5500.00,transa,0,0,0
2026-09-08 18:33:17.3494,3800.00,card,0,0,0
2026-09-08 18:21:57.340023,2700.00,veyfora,0,0,0
2026-09-08 18:18:46.613509,5300.00,card,0,0,0
2026-09-08 18:03:13.001858,2700.00,veyfora,0,0,0
2026-09-08 17:55:04.432959,6900.00,reptiloid,0,0,0
2026-09-08 17:22:48.024487,3300.00,transa,0,0,0
2026-09-08 17:11:50.658429,7800.00,transa,0,0,0
2026-09-08 16:53:09.038542,3800.00,reptiloid,0,0,0
2026-09-08 16:49:52.857464,3400.00,reptiloid,0,0,0
2026-09-08 16:21:21.738922,3300.00,card,0,0,0
2026-09-08 16:10:35.057522,2500.00,reptiloid,0,0,0
2026-09-08 16:03:50.09933,7150.00,reptiloid,0,0,0
2026-09-08 15:47:11.089913,5200.00,paritypay,0,0,0
2026-09-08 15:45:48.108516,3600.00,card,0,0,0
2026-09-08 15:33:04.836042,3300.00,reptiloid,0,0,0
2026-09-08 15:16:40.164273,3800.00,card,0,0,0
2026-09-08 14:59:19.024574,5500.00,transa,0,0,0
2026-09-08 14:36:34.812436,3600.00,reptiloid,0,0,0
2026-09-08 14:06:26.24897,5400.00,reptiloid,0,0,0
2026-09-08 13:58:08.369092,2500.00,card,0,0,0
2026-09-08 13:47:14.631118,7900.00,reptiloid,0,0,0
2026-09-08 13:36:03.012535,2700.00,paritypay,0,0,0
2026-09-08 13:32:15.927655,3600.00,reptiloid,0,0,0
2026-09-08 13:01:16.945471,3600.00,reptiloid,0,0,0
2026-09-08 12:52:48.488088,2700.00,reptiloid,0,0,0
2026-09-08 12:31:33.404919,3600.00,reptiloid,0,0,0
2026-09-08 12:01:12.64185,5400.00,reptiloid,0,0,0
2026-09-08 11:46:58.734031,3300.00,card,0,0,0
2026-09-08 11:29:22.337652,3600.00,reptiloid,0,0,0
2026-09-08 11:19:45.845882,3800.00,reptiloid,0,0,0
2026-09-08 11:17:46.726104,7500.00,transa,0,0,0
2026-09-08 11:01:03.286056,3400.00,reptiloid,0,0,0
2026-09-08 10:56:43.967453,2400.00,reptiloid,0,0,0
2026-09-08 10:31:39.76022,2500.00,card,0,0,0
2026-09-08 10:26:47.675276,2700.00,veyfora,0,0,0
2026-09-08 09:44:40.191389,19000.00,transa,0,0,0
2026-09-08 09:30:59.892264,3800.00,card,0,0,0
2026-09-08 09:20:14.787956,3600.00,reptiloid,0,0,0
2026-09-08 08:26:32.916486,3300.00,card,0,0,0
2026-09-08 08:07:20.040977,3600.00,card,0,0,0
2026-09-08 07:03:56.58318,3600.00,transa,0,0,0
2026-09-08 06:20:45.181997,7900.00,transa,0,0,0
2026-09-08 06:11:21.296312,7900.00,reptiloid,0,0,0
2026-09-08 06:02:20.329696,3300.00,transa,0,0,0
2026-09-08 05:58:38.311958,3145.0000,BTC,0.0005366,0,0
2026-09-08 04:09:50.110382,4500.00,reptiloid,0,0,0
2026-09-08 02:09:17.314205,4000.00,transa,0,0,0
2026-09-08 02:02:09.133534,8200.00,reptiloid,0,0,0
2026-09-08 01:37:34.247678,7500.00,veyfora,0,0,0
2026-09-08 01:36:48.214125,3600.00,transa,0,0,0
2026-09-08 01:10:18.005392,2700.00,card,0,0,0
2026-09-08 01:09:00.848325,2700.00,card,0,0,0
2026-09-08 00:59:34.702094,4125.0000,USDT,0,0,52.397000
2026-09-08 00:53:17.888664,8200.00,veyfora,0,0,0
2026-09-08 00:46:27.813753,2700.00,card,0,0,0
2026-09-08 00:35:32.858588,5400.00,veyfora,0,0,0
2026-09-08 00:17:54.442576,3300.00,veyfora,0,0,0
2026-09-08 00:16:34.751337,3600.00,reptiloid,0,0,0
2026-09-07 23:09:45.250742,2100.00,reptiloid,0,0,0
2026-09-07 22:59:39.444266,3300.00,veyfora,0,0,0
2026-09-07 22:49:22.397889,3600.00,transa,0,0,0
2026-09-07 22:34:48.693617,7400.00,reptiloid,0,0,0
2026-09-07 21:42:06.593022,2200.00,nirvana,0,0,0
2026-09-07 21:27:42.438295,4200.00,transa,0,0,0
2026-09-07 20:48:52.276554,2290.00,reptiloid,0,0,0
2026-09-07 20:46:49.298746,3300.00,card,0,0,0
2026-09-07 20:31:17.567705,5650.00,card,0,0,0
2026-09-07 20:31:07.975287,3300.00,card,0,0,0
2026-09-07 20:30:40.956145,3100.00,reptiloid,0,0,0
2026-09-07 20:28:13.64048,3800.00,reptiloid,0,0,0
2026-09-07 20:20:42.183776,7510.00,card,0,0,0
2026-09-07 20:10:50.691898,2700.00,card,0,0,0
2026-09-07 20:02:23.663756,3800.00,card,0,0,0
2026-09-07 19:58:03.984341,3300.00,transa,0,0,0
2026-09-07 19:44:48.124183,7900.00,transa,0,0,0
2026-09-07 19:22:08.273849,2700.00,nirvana,0,0,0
2026-09-07 19:15:38.288032,3300.00,reptiloid,0,0,0
2026-09-07 19:15:17.453668,5700.00,card,0,0,0
2026-09-07 18:53:18.591673,1100.00,nirvana,0,0,0
2026-09-07 18:37:04.385149,3600.00,card,0,0,0
2026-09-07 18:33:29.132692,2700.00,transa,0,0,0
2026-09-07 18:18:06.470103,7900.00,reptiloid,0,0,0
2026-09-07 18:12:06.414308,5775.0000,USDT,0,0,73.356000
2026-09-07 18:11:37.809241,2700.00,reptiloid,0,0,0
2026-09-07 17:58:30.244437,7900.00,transa,0,0,0
2026-09-07 17:53:02.078559,3600.00,reptiloid,0,0,0
2026-09-07 17:52:49.719333,6800.00,reptiloid,0,0,0
2026-09-07 17:45:55.27505,3800.00,reptiloid,0,0,0
2026-09-07 17:41:25.942936,4125.0000,USDT,0,0,52.397000
2026-09-07 17:36:54.493394,3300.00,reptiloid,0,0,0
2026-09-07 17:33:19.411564,3600.00,veyfora,0,0,0
2026-09-07 17:17:56.317872,3300.00,veyfora,0,0,0
2026-09-07 17:15:08.090848,2700.0000,USDT,0,0,34.296000
2026-09-07 17:07:06.074178,3300.00,reptiloid,0,0,0
2026-09-07 17:04:36.9081,5700.00,transa,0,0,0
2026-09-07 16:55:35.629673,2150.00,transa,0,0,0
2026-09-07 16:26:00.135365,3600.00,card,0,0,0
2026-09-07 16:02:00.977227,800.00,transa,0,0,0
2026-09-07 16:00:16.950324,5700.00,reptiloid,0,0,0
2026-09-07 15:49:13.852173,2700.00,reptiloid,0,0,0
2026-09-07 15:37:25.56648,2700.0000,USDT,0,0,34.296000
2026-09-07 15:06:47.446556,5400.00,reptiloid,0,0,0
2026-09-07 14:59:40.846663,3300.00,transa,0,0,0
2026-09-07 14:41:14.635743,3800.00,card,0,0,0
2026-09-07 14:37:14.117549,5500.00,transa,0,0,0
2026-09-07 13:17:34.277517,3300.00,veyfora,0,0,0
2026-09-07 13:15:04.086823,5700.00,card,0,0,0
2026-09-07 12:48:02.975025,3000.00,reptiloid,0,0,0
2026-09-07 12:06:30.954632,5700.00,veyfora,0,0,0
2026-09-07 12:04:13.331808,3600.00,reptiloid,0,0,0
2026-09-07 11:59:37.021144,5300.00,reptiloid,0,0,0
2026-09-07 11:58:34.414322,3300.00,reptiloid,0,0,0
2026-09-07 11:52:59.060723,2400.00,reptiloid,0,0,0
2026-09-07 11:50:02.880539,3100.00,transa,0,0,0
2026-09-07 11:42:01.077004,3600.00,reptiloid,0,0,0
2026-09-07 11:21:01.311952,1500.00,card,0,0,0
2026-09-07 11:04:04.933501,5500.00,reptiloid,0,0,0
2026-09-07 10:50:35.172795,3400.00,card,0,0,0
2026-09-07 10:22:53.166321,5700.00,card,0,0,0
2026-09-07 10:07:49.016468,3800.00,reptiloid,0,0,0
2026-09-07 09:57:49.505133,3800.00,veyfora,0,0,0
2026-09-07 09:11:04.746953,8200.00,card,0,0,0
2026-09-07 08:14:55.533049,3300.00,reptiloid,0,0,0
2026-09-07 08:12:54.389943,8200.00,veyfora,0,0,0
2026-09-07 07:39:26.982534,7900.00,reptiloid,0,0,0
2026-09-07 06:32:30.147874,3300.00,card,0,0,0
2026-09-07 03:37:53.471042,7900.00,reptiloid,0,0,0
2026-09-07 02:28:08.317747,7900.00,reptiloid,0,0,0
2026-09-07 02:03:46.752124,2200.00,card,0,0,0
2026-09-07 01:17:35.819706,3800.00,card,0,0,0
2026-09-07 01:05:47.310167,3600.00,reptiloid,0,0,0
2026-09-07 01:01:49.241342,3300.00,transa,0,0,0
2026-09-07 00:57:46.080237,3800.00,reptiloid,0,0,0
2026-09-07 00:57:19.509383,3300.00,transa,0,0,0
2026-09-07 00:45:39.394717,3800.00,reptiloid,0,0,0
2026-09-07 00:43:18.99,3800.00,reptiloid,0,0,0
2026-09-06 23:54:29.051647,2200.00,card,0,0,0
2026-09-06 23:38:59.525421,3300.00,veyfora,0,0,0
2026-09-06 23:22:41.150578,7900.00,veyfora,0,0,0
2026-09-06 23:22:20.513064,5700.00,transa,0,0,0
2026-09-06 23:15:04.134161,5700.00,reptiloid,0,0,0
2026-09-06 23:13:25.084519,3300.00,reptiloid,0,0,0
2026-09-06 23:02:56.348892,5150.00,reptiloid,0,0,0
2026-09-06 22:58:09.791791,3800.00,card,0,0,0
2026-09-06 22:32:31.277933,5700.00,transa,0,0,0
2026-09-06 22:25:18.251564,3300.00,veyfora,0,0,0
2026-09-06 21:59:25.963359,3800.00,card,0,0,0
2026-09-06 21:49:54.818338,3300.00,transa,0,0,0
2026-09-06 21:49:47.280538,3600.00,nirvana,0,0,0
2026-09-06 21:45:14.026496,3800.00,reptiloid,0,0,0
2026-09-06 21:42:57.852295,5600.00,reptiloid,0,0,0
2026-09-06 21:32:07.996551,3300.00,nirvana,0,0,0
2026-09-06 21:31:34.993695,3600.00,transa,0,0,0
2026-09-06 21:31:25.961905,2500.00,card,0,0,0
2026-09-06 21:31:13.398381,3000.00,transa,0,0,0
2026-09-06 21:30:23.66346,3800.00,card,0,0,0
2026-09-06 21:27:04.645517,3800.00,reptiloid,0,0,0
2026-09-06 21:22:21.002816,5700.00,transa,0,0,0
2026-09-06 21:13:16.820212,5700.00,reptiloid,0,0,0
2026-09-06 21:06:11.409941,5700.00,card,0,0,0
2026-09-06 20:48:01.837173,3800.00,reptiloid,0,0,0
2026-09-06 20:47:24.912746,3300.00,reptiloid,0,0,0
2026-09-06 20:43:02.384971,5700.00,card,0,0,0
2026-09-06 20:39:46.359887,5700.00,veyfora,0,0,0
2026-09-06 20:34:10.006405,3600.00,card,0,0,0
2026-09-06 20:33:09.844969,5700.00,reptiloid,0,0,0
2026-09-06 20:28:03.721659,3000.00,reptiloid,0,0,0
2026-09-06 20:13:27.291836,3300.00,reptiloid,0,0,0
2026-09-06 19:39:23.412814,3300.00,card,0,0,0
2026-09-06 19:33:46.326809,3800.00,veyfora,0,0,0
2026-09-06 19:10:43.434636,1200.00,card,0,0,0
2026-09-06 19:10:05.51636,1100.00,card,0,0,0
2026-09-06 18:51:19.632874,1100.00,transa,0,0,0
2026-09-06 18:49:42.381636,3300.00,reptiloid,0,0,0
2026-09-06 18:39:02.244213,19000.00,veyfora,0,0,0
2026-09-06 18:34:23.662213,3300.00,card,0,0,0
2026-09-06 18:29:42.036728,3600.00,transa,0,0,0
2026-09-06 18:15:47.611251,3600.00,transa,0,0,0
2026-09-06 18:09:25.132735,1600.00,reptiloid,0,0,0
2026-09-06 17:21:46.139678,1000.00,card,0,0,0
2026-09-06 17:20:53.210124,3100.00,reptiloid,0,0,0
2026-09-06 17:20:02.270252,4000.00,card,0,0,0
2026-09-06 17:18:14.573775,5850.0000,USDT,0,0,74.308000
2026-09-06 17:15:48.497214,8200.00,card,0,0,0
2026-09-06 17:02:04.977155,35000.00,reptiloid,0,0,0
2026-09-06 16:55:04.730066,3300.00,reptiloid,0,0,0
2026-09-06 16:53:04.763792,2475.0000,USDT,0,0,31.438000
2026-09-06 16:50:19.465154,3600.00,reptiloid,0,0,0
2026-09-06 16:41:23.369713,3600.00,veyfora,0,0,0
2026-09-06 16:41:16.74144,5500.00,reptiloid,0,0,0
2026-09-06 16:39:08.248048,8200.00,transa,0,0,0
2026-09-06 16:20:21.115984,3300.00,reptiloid,0,0,0
2026-09-06 16:16:57.462998,3300.00,veyfora,0,0,0
2026-09-06 16:15:37.113879,5020.00,transa,0,0,0
2026-09-06 16:06:21.767514,3300.00,reptiloid,0,0,0
2026-09-06 15:47:48.994929,8200.00,reptiloid,0,0,0
2026-09-06 15:44:23.646923,5500.00,reptiloid,0,0,0
2026-09-06 14:59:57.532642,7500.00,transa,0,0,0
2026-09-06 14:54:44.674657,5500.00,reptiloid,0,0,0
2026-09-06 14:35:39.369281,3300.00,reptiloid,0,0,0
2026-09-06 14:34:25.112248,3600.00,reptiloid,0,0,0
2026-09-06 14:34:21.834113,3300.00,transa,0,0,0
2026-09-06 14:30:04.137268,500.00,transa,0,0,0
2026-09-06 14:27:09.850263,500.00,transa,0,0,0
2026-09-06 14:15:15.269726,19000.00,reptiloid,0,0,0
2026-09-06 14:11:11.170153,5700.00,reptiloid,0,0,0
2026-09-06 14:04:18.893916,3300.00,veyfora,0,0,0
2026-09-06 13:55:51.122543,19000.00,transa,0,0,0
2026-09-06 13:46:27.472971,500.00,reptiloid,0,0,0
2026-09-06 13:28:05.190655,8200.00,reptiloid,0,0,0
2026-09-06 13:27:43.853809,8200.00,veyfora,0,0,0
2026-09-06 13:14:57.098178,8200.00,reptiloid,0,0,0
2026-09-06 13:08:51.621414,7800.00,transa,0,0,0
2026-09-06 13:07:30.815392,3300.00,reptiloid,0,0,0
2026-09-06 12:41:53.416626,3600.00,reptiloid,0,0,0
2026-09-06 12:36:18.469333,8200.00,card,0,0,0
2026-09-06 12:20:30.469844,3600.00,card,0,0,0
2026-09-06 12:15:30.205463,3600.00,card,0,0,0
2026-09-06 12:07:36.86371,4800.00,transa,0,0,0
2026-09-06 11:55:21.976305,3300.00,veyfora,0,0,0
2026-09-06 10:53:35.601573,3300.00,card,0,0,0
2026-09-06 10:53:14.264207,5400.00,transa,0,0,0
2026-09-06 10:34:25.874643,7700.00,card,0,0,0
2026-09-06 10:17:11.550875,5500.00,card,0,0,0
2026-09-06 10:09:48.104503,3600.00,reptiloid,0,0,0
2026-09-06 09:59:39.058971,5500.00,veyfora,0,0,0
2026-09-06 08:40:14.94752,3300.00,reptiloid,0,0,0
2026-09-06 08:30:26.787001,7500.00,reptiloid,0,0,0
2026-09-06 06:16:38.887535,5400.00,veyfora,0,0,0
2026-09-06 06:08:12.571692,5400.00,transa,0,0,0
2026-09-06 05:57:01.461791,19000.00,transa,0,0,0
2026-09-06 03:30:53.187097,3000.00,transa,0,0,0
2026-09-06 02:00:05.703198,500.00,reptiloid,0,0,0
2026-09-06 01:53:49.293383,6700.00,reptiloid,0,0,0
2026-09-06 01:52:55.178221,5400.00,reptiloid,0,0,0
2026-09-06 01:41:28.491172,5500.00,reptiloid,0,0,0
2026-09-06 00:43:00.149272,3300.00,reptiloid,0,0,0
2026-09-05 23:02:36.943179,5100.00,transa,0,0,0
2026-09-05 21:49:52.524965,3300.00,reptiloid,0,0,0
2026-09-05 21:38:28.997768,5000.00,reptiloid,0,0,0
2026-09-05 21:15:51.881146,3900.00,reptiloid,0,0,0
2026-09-05 20:48:36.114291,3300.00,reptiloid,0,0,0
2026-09-05 20:42:13.29851,5500.00,reptiloid,0,0,0
2026-09-05 20:22:17.160481,3300.00,reptiloid,0,0,0
2026-09-05 20:11:52.917925,3300.00,transa,0,0,0
2026-09-05 19:53:27.722069,3600.00,veyfora,0,0,0
2026-09-05 19:49:31.978928,5500.00,veyfora,0,0,0
2026-09-05 19:12:17.617498,7500.00,transa,0,0,0
2026-09-05 18:26:59.709936,3300.00,transa,0,0,0
2026-09-05 18:20:23.461948,5775.0000,USDT,0,0,73.356000
2026-09-05 18:12:14.624935,4250.00,reptiloid,0,0,0
2026-09-05 18:10:14.825972,4500.00,reptiloid,0,0,0
2026-09-05 17:59:27.623822,5600.00,reptiloid,0,0,0
2026-09-05 17:55:23.282235,2500.00,transa,0,0,0
2026-09-05 17:50:06.769639,5600.00,transa,0,0,0
2026-09-05 17:49:50.001462,7900.00,reptiloid,0,0,0
2026-09-05 17:38:59.957914,3300.00,card,0,0,0
2026-09-05 17:38:45.35818,7900.00,reptiloid,0,0,0
2026-09-05 17:26:54.43881,4500.00,card,0,0,0
2026-09-05 17:15:17.821881,2475.0000,USDT,0,0,31.438000
2026-09-05 17:10:54.796923,5500.00,reptiloid,0,0,0
2026-09-05 17:09:06.280014,7900.00,reptiloid,0,0,0
2026-09-05 16:58:37.306399,7800.00,reptiloid,0,0,0
2026-09-05 16:45:11.075864,3300.00,reptiloid,0,0,0
2026-09-05 16:44:22.975926,7500.00,reptiloid,0,0,0
2026-09-05 16:10:41.974715,3300.00,nirvana,0,0,0
2026-09-05 16:04:56.78095,500.00,transa,0,0,0
2026-09-05 15:41:15.337447,3300.00,veyfora,0,0,0
2026-09-05 15:39:11.302733,4500.00,nirvana,0,0,0
2026-09-05 15:39:04.647334,3600.00,nirvana,0,0,0
2026-09-05 15:36:54.180096,5500.00,transa,0,0,0
2026-09-05 14:42:31.459651,7900.00,reptiloid,0,0,0
2026-09-05 14:23:09.403101,7900.00,reptiloid,0,0,0
2026-09-05 14:11:45.316675,500.00,reptiloid,0,0,0
2026-09-05 12:32:27.108635,7900.00,transa,0,0,0
2026-09-05 12:22:21.283434,5200.00,card,0,0,0
2026-09-05 12:12:51.972253,7450.00,reptiloid,0,0,0
2026-09-05 11:56:59.121312,1000.00,card,0,0,0
2026-09-05 11:21:56.351459,3600.00,reptiloid,0,0,0
2026-09-05 11:17:00.983499,3600.00,reptiloid,0,0,0
2026-09-05 09:49:39.49023,3000.00,reptiloid,0,0,0
2026-09-05 09:27:19.37624,7900.00,reptiloid,0,0,0
2026-09-05 09:20:46.663681,7900.00,veyfora,0,0,0
2026-09-05 08:48:07.889179,8200.00,transa,0,0,0
2026-09-05 07:11:36.766998,7900.00,transa,0,0,0
2026-09-05 07:02:25.779846,6000.00,transa,0,0,0
2026-09-05 05:21:49.018111,500.00,reptiloid,0,0,0
2026-09-05 05:00:04.542462,8200.00,reptiloid,0,0,0
2026-09-05 04:28:11.721444,8000.00,reptiloid,0,0,0
2026-09-05 04:21:36.629558,2200.00,reptiloid,0,0,0
2026-09-05 04:13:53.727737,8200.00,reptiloid,0,0,0
2026-09-05 03:50:26.610906,4000.00,reptiloid,0,0,0
2026-09-05 03:46:30.380328,2250.00,reptiloid,0,0,0
2026-09-05 03:45:12.463641,8000.00,reptiloid,0,0,0
2026-09-05 03:30:06.691756,7900.00,reptiloid,0,0,0
2026-09-05 02:33:00.193187,7900.00,transa,0,0,0
2026-09-05 02:01:25.073361,8200.00,reptiloid,0,0,0
2026-09-05 01:58:07.685154,7125.00,reptiloid,0,0,0
2026-09-05 01:38:07.534829,7930.00,transa,0,0,0
2026-09-05 01:30:27.380126,8200.00,reptiloid,0,0,0
2026-09-05 01:05:15.484828,8200.00,reptiloid,0,0,0
2026-09-05 01:01:32.3902,6000.0000,USDT,0,0,76.214000
2026-09-04 23:51:10.804471,5200.00,nirvana,0,0,0
2026-09-04 23:37:54.198375,20000.00,nirvana,0,0,0
2026-09-04 23:15:33.341537,8200.00,reptiloid,0,0,0
2026-09-04 23:07:50.710765,500.00,veyfora,0,0,0
2026-09-04 23:02:26.534095,2100.00,transa,0,0,0
2026-09-04 22:32:11.616836,7900.00,reptiloid,0,0,0
2026-09-04 22:24:36.854248,3300.00,transa,0,0,0
2026-09-04 21:59:02.031579,7500.00,reptiloid,0,0,0
2026-09-04 21:52:16.555485,7500.00,veyfora,0,0,0
2026-09-04 21:51:47.969781,7900.00,reptiloid,0,0,0
2026-09-04 21:04:35.549437,700.00,reptiloid,0,0,0
2026-09-04 20:33:02.441741,3600.00,reptiloid,0,0,0
2026-09-04 20:07:44.41145,6000.0000,USDT,0,0,76.214000
2026-09-04 19:40:45.960761,7615.00,reptiloid,0,0,0
2026-09-04 19:26:32.143542,7900.00,veyfora,0,0,0
2026-09-04 19:22:48.261028,7900.00,transa,0,0,0
2026-09-04 19:14:02.277791,7900.00,transa,0,0,0
2026-09-04 19:12:19.700479,8000.00,transa,0,0,0
2026-09-04 19:02:55.928985,7900.00,reptiloid,0,0,0
2026-09-04 18:56:11.148493,3900.0000,USDT,0,0,49.539000
2026-09-04 18:54:40.314482,7900.00,transa,0,0,0
2026-09-04 18:49:58.643103,8000.00,card,0,0,0
2026-09-04 18:31:59.728595,7500.00,reptiloid,0,0,0
2026-09-04 18:19:11.486767,11500.00,card,0,0,0
2026-09-04 18:04:04.480993,4700.00,reptiloid,0,0,0
2026-09-04 18:03:26.693902,5200.00,card,0,0,0
2026-09-04 17:55:57.255352,3300.0000,USDT,0,0,41.918000
2026-09-04 17:09:51.011186,7900.00,card,0,0,0
2026-09-04 16:59:58.498002,7900.00,reptiloid,0,0,0
2026-09-04 16:58:15.72366,3300.00,reptiloid,0,0,0
2026-09-04 16:52:00.870325,5200.00,reptiloid,0,0,0
2026-09-04 16:13:59.009557,3300.00,veyfora,0,0,0
2026-09-04 16:04:36.102703,2500.00,reptiloid,0,0,0
2026-09-04 16:03:14.135374,7500.00,reptiloid,0,0,0
2026-09-04 15:19:53.676307,7900.00,veyfora,0,0,0
2026-09-04 15:08:27.297265,5500.00,reptiloid,0,0,0
2026-09-04 14:49:43.318755,500.00,reptiloid,0,0,0
2026-09-04 13:53:14.629377,5000.00,reptiloid,0,0,0
2026-09-04 13:25:54.832023,7900.00,reptiloid,0,0,0
2026-09-04 13:14:51.163859,6400.00,reptiloid,0,0,0
2026-09-04 13:12:28.764758,6900.00,reptiloid,0,0,0
2026-09-04 12:42:22.604663,7900.00,reptiloid,0,0,0
2026-09-04 12:27:06.540254,4600.00,reptiloid,0,0,0
2026-09-04 12:22:45.492407,500.00,card,0,0,0
2026-09-04 12:00:58.989522,3300.00,card,0,0,0
2026-09-04 11:33:53.75001,3495.00,card,0,0,0
2026-09-04 11:23:37.280247,7500.00,card,0,0,0
2026-09-04 11:18:12.02594,2700.00,card,0,0,0
2026-09-04 11:08:24.509537,2700.00,reptiloid,0,0,0
2026-09-04 11:02:40.361897,7900.00,veyfora,0,0,0
2026-09-04 11:01:42.489881,7700.00,card,0,0,0
2026-09-04 10:54:55.452329,5500.00,transa,0,0,0
2026-09-04 10:48:03.847421,5500.00,veyfora,0,0,0
2026-09-04 10:22:22.63503,3300.00,veyfora,0,0,0
2026-09-04 10:16:13.863872,7500.00,reptiloid,0,0,0
2026-09-04 10:00:21.888203,3300.00,card,0,0,0
2026-09-04 09:53:02.069377,7900.00,reptiloid,0,0,0
2026-09-04 09:27:45.595697,2700.00,reptiloid,0,0,0
2026-09-04 09:07:30.339593,3300.00,card,0,0,0
2026-09-04 08:44:58.645345,5200.00,card,0,0,0
2026-09-04 07:28:17.510056,800.00,card,0,0,0
2026-09-04 07:23:37.952999,5200.00,transa,0,0,0
2026-09-04 06:34:00.742088,4200.00,reptiloid,0,0,0
2026-09-04 05:33:00.594779,5700.00,card,0,0,0
2026-09-04 05:08:04.045227,2700.00,reptiloid,0,0,0
2026-09-04 03:50:55.952867,2700.00,transa,0,0,0
2026-09-04 01:28:52.019337,5700.00,reptiloid,0,0,0
2026-09-04 00:38:32.751166,2700.00,card,0,0,0
2026-09-04 00:10:18.741463,2200.00,transa,0,0,0
2026-09-04 00:10:09.660967,500.00,transa,0,0,0
2026-09-03 23:58:57.820501,5700.00,reptiloid,0,0,0
2026-09-03 23:55:12.907375,2700.00,reptiloid,0,0,0
2026-09-03 23:47:24.718116,5040.00,transa,0,0,0
2026-09-03 23:46:38.987539,2700.00,reptiloid,0,0,0
2026-09-03 23:44:37.248119,2700.00,reptiloid,0,0,0
2026-09-03 23:34:06.486595,2700.00,reptiloid,0,0,0
2026-09-03 22:55:40.636074,7500.00,veyfora,0,0,0
2026-09-03 22:41:16.017105,5700.00,reptiloid,0,0,0
2026-09-03 22:37:20.854236,5200.00,reptiloid,0,0,0
2026-09-03 22:34:15.522374,2700.00,veyfora,0,0,0
2026-09-03 22:30:35.616514,2700.00,veyfora,0,0,0
2026-09-03 22:26:52.911002,2700.00,reptiloid,0,0,0
2026-09-03 22:26:37.313216,2700.00,transa,0,0,0
2026-09-03 22:26:01.903191,5500.00,transa,0,0,0
2026-09-03 22:25:27.800934,11500.00,veyfora,0,0,0
2026-09-03 22:21:03.967427,2700.00,reptiloid,0,0,0
2026-09-03 21:58:14.945124,2000.00,reptiloid,0,0,0
2026-09-03 21:52:49.80494,2700.00,card,0,0,0
2026-09-03 21:49:07.922576,2700.00,card,0,0,0
2026-09-03 21:18:40.683884,7500.00,reptiloid,0,0,0
2026-09-03 21:13:33.27165,5350.00,card,0,0,0
2026-09-03 21:03:50.599771,3300.00,card,0,0,0
2026-09-03 20:29:10.603783,4950.00,reptiloid,0,0,0
2026-09-03 20:16:47.10998,5625.0000,USDT,0,0,71.450000
2026-09-03 20:03:26.122022,7800.00,reptiloid,0,0,0
2026-09-03 19:50:05.775561,5600.00,reptiloid,0,0,0
2026-09-03 19:33:27.95832,5900.00,reptiloid,0,0,0
2026-09-03 19:26:44.467203,7800.00,reptiloid,0,0,0
2026-09-03 19:25:02.93839,2150.00,transa,0,0,0
2026-09-03 19:14:46.504531,5400.00,transa,0,0,0
2026-09-03 19:13:04.583338,3000.00,card,0,0,0
2026-09-03 19:12:59.772999,24000.0000,USDT,0,0,304.855000
2026-09-03 19:05:47.731469,20000.00,reptiloid,0,0,0
2026-09-03 18:38:40.983151,8200.00,reptiloid,0,0,0
2026-09-03 18:27:52.982164,7800.00,reptiloid,0,0,0
2026-09-03 17:54:58.50901,7500.00,transa,0,0,0
2026-09-03 17:49:10.157928,4125.0000,USDT,0,0,52.397000
2026-09-03 17:31:32.106477,7800.00,reptiloid,0,0,0
2026-09-03 16:51:40.210885,7800.00,card,0,0,0
2026-09-03 15:36:23.681772,7500.00,transa,0,0,0
2026-09-03 15:35:42.533733,2700.00,transa,0,0,0
2026-09-03 15:23:17.198149,5200.00,reptiloid,0,0,0
2026-09-03 15:19:23.344583,5900.00,transa,0,0,0
2026-09-03 15:13:33.442361,5200.00,transa,0,0,0
2026-09-03 14:59:26.338483,5500.00,reptiloid,0,0,0
2026-09-03 14:46:58.44743,4125.0000,USDT,0,0,52.397000
2026-09-03 14:36:36.105579,3500.00,card,0,0,0
2026-09-03 14:29:53.609952,5500.00,card,0,0,0
2026-09-03 14:17:31.780355,4000.00,reptiloid,0,0,0
2026-09-03 14:06:05.735128,5625.0000,USDT,0,0,71.450000
2026-09-03 14:05:56.373677,5500.00,reptiloid,0,0,0
2026-09-03 14:02:37.029688,5500.00,card,0,0,0
2026-09-03 13:50:45.378588,2550.00,transa,0,0,0
2026-09-03 13:47:21.771184,2700.00,card,0,0,0
2026-09-03 13:46:07.362185,3300.00,card,0,0,0
2026-09-03 13:43:23.630485,7800.00,transa,0,0,0
2026-09-03 13:28:03.871954,7700.00,reptiloid,0,0,0
2026-09-03 13:23:20.076875,3300.00,transa,0,0,0
2026-09-03 13:18:51.865799,7520.00,transa,0,0,0
2026-09-03 13:11:24.360456,7400.00,transa,0,0,0
2026-09-03 12:58:15.571734,8625.0000,USDT,0,0,109.557000
2026-09-03 12:54:45.477571,2200.00,reptiloid,0,0,0
2026-09-03 12:52:01.835735,2700.00,reptiloid,0,0,0
2026-09-03 12:43:36.74933,3100.00,transa,0,0,0
2026-09-03 12:41:32.109152,4800.00,reptiloid,0,0,0
2026-09-03 12:30:06.205233,7550.00,veyfora,0,0,0
2026-09-03 12:22:41.982925,1600.00,reptiloid,0,0,0
2026-09-03 12:17:46.838006,7800.00,veyfora,0,0,0
2026-09-03 12:08:39.925434,2700.00,veyfora,0,0,0
2026-09-03 12:07:32.970411,2700.00,reptiloid,0,0,0
2026-09-03 12:04:02.95455,7800.00,reptiloid,0,0,0
2026-09-03 11:50:55.357816,7800.00,reptiloid,0,0,0
2026-09-03 11:45:21.715469,2700.00,reptiloid,0,0,0
2026-09-03 11:37:14.679571,2025.0000,USDT,0,0,25.722000
2026-09-03 11:23:32.770411,1500.00,nirvana,0,0,0
2026-09-03 11:00:13.364843,2025.0000,USDT,0,0,25.722000
2026-09-03 10:47:59.973405,7800.00,card,0,0,0
2026-09-03 10:35:38.370885,5600.00,transa,0,0,0
2026-09-03 10:05:54.061332,2700.00,card,0,0,0
2026-09-03 10:02:04.017684,2700.00,card,0,0,0
2026-09-03 09:44:00.918794,6800.00,reptiloid,0,0,0
2026-09-03 09:35:28.893099,2700.00,reptiloid,0,0,0
2026-09-03 08:14:04.839851,2700.00,card,0,0,0
2026-09-03 06:46:45.845152,2700.00,transa,0,0,0
2026-09-03 05:54:52.489281,2700.00,reptiloid,0,0,0
2026-09-03 05:33:05.413081,1800.00,transa,0,0,0
2026-09-03 04:38:55.212442,3300.00,veyfora,0,0,0
2026-09-03 04:35:04.739051,2700.00,reptiloid,0,0,0
2026-09-03 03:55:35.911046,5200.00,reptiloid,0,0,0
2026-09-03 03:28:28.646243,2700.00,reptiloid,0,0,0
2026-09-03 03:20:05.335503,2700.00,transa,0,0,0
2026-09-03 02:43:35.523989,2400.00,card,0,0,0
2026-09-03 02:34:21.960479,700.00,reptiloid,0,0,0
2026-09-03 00:21:37.519365,2700.00,reptiloid,0,0,0
2026-09-02 23:44:34.036808,2570.00,reptiloid,0,0,0
2026-09-02 23:28:30.679928,500.00,transa,0,0,0
2026-09-02 23:28:00.842407,4420.0000,BTC,0.00077268,0,0
2026-09-02 22:56:22.737196,2700.00,card,0,0,0
2026-09-02 22:35:42.05435,5600.00,veyfora,0,0,0
2026-09-02 22:34:01.246225,7800.00,veyfora,0,0,0
2026-09-02 22:09:55.758015,5300.00,reptiloid,0,0,0
2026-09-02 21:11:15.635817,2025.0000,USDT,0,0,25.722000
2026-09-02 20:38:08.508773,19000.00,transa,0,0,0
2026-09-02 19:55:38.247484,3300.00,card,0,0,0
2026-09-02 19:45:06.341963,1000.00,reptiloid,0,0,0
2026-09-02 19:42:02.326625,7700.00,card,0,0,0
2026-09-02 19:33:29.607559,2700.00,transa,0,0,0
2026-09-02 19:28:53.015625,3600.00,nirvana,0,0,0
2026-09-02 19:25:48.268995,3020.00,reptiloid,0,0,0
2026-09-02 19:25:01.272962,3000.00,card,0,0,0
2026-09-02 19:10:39.332214,2700.00,transa,0,0,0
2026-09-02 19:08:42.703796,4400.00,card,0,0,0
2026-09-02 18:25:07.733996,2700.00,card,0,0,0
2026-09-02 18:22:05.577446,5500.00,reptiloid,0,0,0
2026-09-02 18:19:24.315548,2700.00,reptiloid,0,0,0
2026-09-02 18:08:05.086595,2475.0000,USDT,0,0,31.438000
2026-09-02 17:39:11.262954,2700.00,veyfora,0,0,0
2026-09-02 17:24:07.268938,2700.00,card,0,0,0
2026-09-02 17:17:34.143457,2700.00,reptiloid,0,0,0
2026-09-02 17:16:32.402585,2700.00,veyfora,0,0,0
2026-09-02 17:00:35.322009,5200.00,reptiloid,0,0,0
2026-09-02 16:54:13.681541,2700.00,transa,0,0,0
2026-09-02 16:27:00.898654,4900.00,card,0,0,0
2026-09-02 16:05:31.820378,2700.00,card,0,0,0
2026-09-02 15:19:06.53571,2700.00,card,0,0,0
2026-09-02 15:10:36.22878,700.00,reptiloid,0,0,0
2026-09-02 15:05:35.47495,1700.00,reptiloid,0,0,0
2026-09-02 14:32:52.826721,5400.00,reptiloid,0,0,0
2026-09-02 14:26:10.957537,2700.00,reptiloid,0,0,0
2026-09-02 14:26:07.417139,20000.00,transa,0,0,0
2026-09-02 14:20:47.047728,3300.00,transa,0,0,0
2026-09-02 14:20:34.82171,2450.00,reptiloid,0,0,0
2026-09-02 14:15:45.679807,2700.00,veyfora,0,0,0
2026-09-02 14:06:23.338539,1700.00,reptiloid,0,0,0
2026-09-02 13:41:22.460789,3600.00,veyfora,0,0,0
2026-09-02 13:33:05.494642,5400.00,veyfora,0,0,0
2026-09-02 13:25:09.108963,860.00,reptiloid,0,0,0
2026-09-02 13:15:05.349164,2000.00,nirvana,0,0,0
2026-09-02 13:05:39.678643,3300.00,veyfora,0,0,0
2026-09-02 12:41:07.400809,3300.00,card,0,0,0
2026-09-02 12:38:29.895891,2700.00,reptiloid,0,0,0
2026-09-02 12:16:35.890149,2700.00,reptiloid,0,0,0
2026-09-02 12:00:55.190237,2700.00,reptiloid,0,0,0
2026-09-02 11:53:28.349636,3600.00,reptiloid,0,0,0
2026-09-02 11:39:33.139202,3600.00,reptiloid,0,0,0
2026-09-02 11:34:31.383652,2700.00,reptiloid,0,0,0
2026-09-02 11:25:21.131793,2700.00,reptiloid,0,0,0
2026-09-02 10:38:33.05147,1200.00,reptiloid,0,0,0
2026-09-02 10:30:05.775408,2700.00,reptiloid,0,0,0
2026-09-02 09:52:53.786751,4500.00,transa,0,0,0
2026-09-02 09:43:10.356039,3300.00,card,0,0,0
2026-09-02 09:21:55.893577,3600.00,transa,0,0,0
2026-09-02 09:06:03.719803,3600.00,reptiloid,0,0,0
2026-09-02 09:04:03.571242,3000.00,transa,0,0,0
2026-09-02 07:09:39.532406,3300.00,card,0,0,0
2026-09-02 07:08:10.829308,3600.00,reptiloid,0,0,0
2026-09-02 04:23:50.438833,2000.00,reptiloid,0,0,0
2026-09-02 04:07:28.132171,3320.00,transa,0,0,0
2026-09-02 03:33:42.819417,3600.00,reptiloid,0,0,0
2026-09-02 02:59:51.976992,2500.00,card,0,0,0
2026-09-02 01:41:04.889094,5060.00,reptiloid,0,0,0
2026-09-02 01:06:35.607529,3240.00,card,0,0,0
2026-09-02 01:02:30.715141,3600.00,transa,0,0,0
2026-09-01 23:01:44.733038,3600.00,reptiloid,0,0,0
2026-09-01 22:57:13.547816,4600.00,transa,0,0,0
2026-09-01 22:04:53.811861,500.00,reptiloid,0,0,0
2026-09-01 21:46:09.805537,3600.00,nirvana,0,0,0
2026-09-01 21:17:25.189979,3210.00,reptiloid,0,0,0
2026-09-01 20:51:42.991755,3300.00,reptiloid,0,0,0
2026-09-01 20:42:19.661999,3300.00,transa,0,0,0
2026-09-01 20:33:55.662791,3600.00,reptiloid,0,0,0
2026-09-01 20:27:37.475229,3300.00,reptiloid,0,0,0
2026-09-01 20:16:28.906081,3300.00,reptiloid,0,0,0
2026-09-01 20:06:51.282254,3600.00,reptiloid,0,0,0
2026-09-01 20:01:21.477068,3300.00,nirvana,0,0,0
2026-09-01 19:49:12.419658,3300.00,reptiloid,0,0,0
2026-09-01 19:42:15.733661,3300.00,reptiloid,0,0,0
2026-09-01 19:28:55.222935,3300.00,reptiloid,0,0,0
2026-09-01 18:56:44.479658,3600.00,transa,0,0,0
2026-09-01 18:45:00.608027,5100.00,card,0,0,0
2026-09-01 18:41:05.570577,5900.00,card,0,0,0
2026-09-01 18:34:38.612084,3300.00,card,0,0,0
2026-09-01 18:09:00.806934,3300.00,card,0,0,0
2026-09-01 14:21:07.362193,555.00,reptiloid,0,0,0
2026-09-01 14:10:48.980093,8000.00,reptiloid,0,0,0
2026-09-01 13:56:34.629283,3100.00,nirvana,0,0,0
2026-09-01 13:00:10.965566,3600.00,transa,0,0,0
2026-09-01 10:55:57.233063,5400.00,reptiloid,0,0,0
2026-09-01 09:55:18.015698,3600.00,card,0,0,0
2026-09-01 09:52:00.06484,5400.00,reptiloid,0,0,0
2026-09-01 09:39:47.184678,3600.00,reptiloid,0,0,0
2026-09-01 09:21:02.44075,3300.00,card,0,0,0
2026-09-01 08:55:39.488437,3300.00,card,0,0,0
2026-09-01 08:52:26.810258,3600.00,transa,0,0,0
2026-09-01 08:36:56.691393,3300.00,reptiloid,0,0,0
2026-09-01 08:16:33.844444,8200.00,reptiloid,0,0,0
2026-09-01 07:56:52.093204,11500.00,card,0,0,0
2026-09-01 07:16:22.392226,8500.00,card,0,0,0
2026-09-01 06:50:45.387185,3600.00,card,0,0,0
2026-09-01 02:09:30.279219,425.0000,LTC,0,0.12147411,0
2026-09-01 01:32:36.690788,2200.00,reptiloid,0,0,0
2026-09-01 00:47:32.433498,4600.00,transa,0,0,0
2026-09-01 00:24:38.262442,1500.00,transa,0,0,0
2026-09-01 00:10:51.971397,3000.00,transa,0,0,0
2026-09-01 00:06:25.890196,3600.00,reptiloid,0,0,0
2026-09-01 00:01:16.332625,5600.00,transa,0,0,0
2026-08-31 23:36:22.469224,3320.00,reptiloid,0,0,0
2026-08-31 23:32:47.889152,3300.00,card,0,0,0
2026-08-31 23:04:03.670638,5200.00,transa,0,0,0
2026-08-31 22:26:43.615155,8200.00,card,0,0,0
2026-08-31 22:17:07.808729,7800.00,transa,0,0,0
2026-08-31 21:59:54.0364,5600.00,reptiloid,0,0,0
2026-08-31 21:45:05.266334,7800.00,reptiloid,0,0,0
2026-08-31 21:09:36.826987,1000.00,nirvana,0,0,0
2026-08-31 21:01:59.447887,8200.00,transa,0,0,0
2026-08-31 20:51:24.330346,3300.00,nirvana,0,0,0
2026-08-31 20:13:28.195976,7500.00,card,0,0,0
2026-08-31 19:56:58.378298,4800.00,reptiloid,0,0,0
2026-08-31 19:38:48.090968,2000.00,transa,0,0,0
2026-08-31 19:31:11.098989,3300.00,card,0,0,0
2026-08-31 19:24:39.679945,3300.00,reptiloid,0,0,0
2026-08-31 19:19:45.891011,18000.00,transa,0,0,0
2026-08-31 19:19:30.760796,825.0000,USDT,0,0,10.479000
2026-08-31 18:58:02.471392,7250.00,reptiloid,0,0,0
2026-08-31 18:49:41.996739,5600.00,transa,0,0,0
2026-08-31 18:43:29.646286,3600.00,reptiloid,0,0,0
2026-08-31 18:31:51.081815,8200.00,reptiloid,0,0,0
2026-08-31 18:26:02.361283,1300.00,card,0,0,0
2026-08-31 18:15:32.164538,5025.00,reptiloid,0,0,0
2026-08-31 18:09:27.20062,7800.00,reptiloid,0,0,0
2026-08-31 18:05:43.951094,3300.00,reptiloid,0,0,0
2026-08-31 17:46:43.066164,7800.00,card,0,0,0
2026-08-31 17:46:39.785975,5100.00,card,0,0,0
2026-08-31 17:38:03.154666,5625.0000,USDT,0,0,71.450000
2026-08-31 17:34:55.919504,7800.00,reptiloid,0,0,0
2026-08-31 17:34:36.896367,3300.00,reptiloid,0,0,0
2026-08-31 16:21:17.115268,7800.00,card,0,0,0
2026-08-31 15:43:44.656765,8200.00,transa,0,0,0
2026-08-31 15:35:38.980069,3100.00,reptiloid,0,0,0
2026-08-31 15:25:24.596258,7800.00,reptiloid,0,0,0
2026-08-31 15:02:08.483334,3600.00,transa,0,0,0
2026-08-31 14:57:33.356134,2700.0000,USDT,0,0,34.296000
2026-08-31 14:51:32.222282,3600.00,reptiloid,0,0,0
2026-08-31 14:49:29.929584,3600.00,card,0,0,0
2026-08-31 14:45:53.045481,5600.00,reptiloid,0,0,0
2026-08-31 14:37:00.166195,5200.00,transa,0,0,0
2026-08-31 14:36:38.774211,5400.00,transa,0,0,0
2026-08-31 14:32:32.63458,5400.00,card,0,0,0
2026-08-31 13:46:38.559422,3600.00,transa,0,0,0
2026-08-31 13:38:45.629264,7500.00,transa,0,0,0
2026-08-31 13:28:29.252363,3300.00,card,0,0,0
2026-08-31 13:23:17.543326,3600.00,reptiloid,0,0,0
2026-08-31 13:15:27.2178,3300.00,transa,0,0,0
2026-08-31 12:42:23.162481,3600.00,transa,0,0,0
2026-08-31 12:38:43.643533,3600.00,reptiloid,0,0,0
2026-08-31 12:37:20.214633,7500.00,transa,0,0,0
2026-08-31 11:42:35.128791,500.00,transa,0,0,0
2026-08-31 11:15:57.361371,5200.00,reptiloid,0,0,0
2026-08-31 11:12:25.419805,1000.00,reptiloid,0,0,0
2026-08-31 11:10:47.622571,5211.00,reptiloid,0,0,0
2026-08-31 11:07:51.794326,7800.00,transa,0,0,0
2026-08-31 11:03:54.484109,3300.00,card,0,0,0
2026-08-31 11:03:38.154766,7400.00,transa,0,0,0
2026-08-31 10:52:14.560315,8200.00,transa,0,0,0
2026-08-31 09:49:24.246178,3300.00,transa,0,0,0
2026-08-31 09:19:07.491764,3600.00,reptiloid,0,0,0
2026-08-31 08:13:52.639653,5400.00,reptiloid,0,0,0
2026-08-31 08:00:30.505406,7500.00,card,0,0,0
2026-08-31 06:18:47.73552,3600.00,reptiloid,0,0,0
2026-08-31 00:56:01.542876,5400.00,reptiloid,0,0,0
2026-08-31 00:42:19.997823,5600.00,reptiloid,0,0,0
2026-08-31 00:38:34.742839,3300.00,reptiloid,0,0,0
2026-08-31 00:15:42.986092,3700.00,reptiloid,0,0,0
2026-08-31 00:08:14.661638,2650.00,card,0,0,0
2026-08-31 00:04:46.820602,2130.00,card,0,0,0
2026-08-31 00:02:04.561829,5400.00,reptiloid,0,0,0
2026-08-30 23:43:58.640796,3600.00,transa,0,0,0
2026-08-30 23:41:50.931433,19000.00,transa,0,0,0
2026-08-30 23:41:19.034714,8200.00,reptiloid,0,0,0
2026-08-30 23:39:12.716635,6710.00,reptiloid,0,0,0
2026-08-30 23:34:18.366028,8200.00,card,0,0,0
2026-08-30 22:33:08.478937,3300.00,transa,0,0,0
2026-08-30 22:30:30.279793,5600.00,reptiloid,0,0,0
2026-08-30 21:55:24.434226,3300.00,nirvana,0,0,0
2026-08-30 21:34:21.932186,7410.00,reptiloid,0,0,0
2026-08-30 21:32:51.578721,5200.00,reptiloid,0,0,0
2026-08-30 21:28:20.982207,8200.00,card,0,0,0
2026-08-30 21:17:08.555095,5200.00,card,0,0,0
2026-08-30 21:14:29.378306,7800.00,transa,0,0,0
2026-08-30 20:35:48.49946,8200.00,reptiloid,0,0,0
2026-08-30 20:34:16.520903,3300.00,transa,0,0,0
2026-08-30 20:31:01.94003,5600.00,card,0,0,0
2026-08-30 20:23:24.935269,500.00,transa,0,0,0
2026-08-30 20:23:02.81756,5000.00,reptiloid,0,0,0
2026-08-30 20:12:29.417221,2500.00,transa,0,0,0
2026-08-30 19:48:49.690567,7500.00,reptiloid,0,0,0
2026-08-30 19:34:32.404986,2700.0000,USDT,0,0,34.296000
2026-08-30 18:53:51.444209,3600.00,transa,0,0,0
2026-08-30 18:42:12.858679,3300.00,transa,0,0,0
2026-08-30 18:24:03.670867,5600.00,card,0,0,0
2026-08-30 18:15:10.956663,8200.00,transa,0,0,0
2026-08-30 18:07:25.13928,4880.00,transa,0,0,0
2026-08-30 18:00:57.46236,7500.00,reptiloid,0,0,0
2026-08-30 17:56:24.960001,7800.00,reptiloid,0,0,0
2026-08-30 17:50:55.828321,3600.00,reptiloid,0,0,0
2026-08-30 17:47:28.132457,1545.00,reptiloid,0,0,0
2026-08-30 17:24:28.111421,8200.00,card,0,0,0
2026-08-30 16:56:09.865654,3300.00,reptiloid,0,0,0
2026-08-30 16:55:57.993815,3300.00,transa,0,0,0
2026-08-30 16:54:07.636459,5330.00,reptiloid,0,0,0
2026-08-30 16:37:31.554396,2700.00,card,0,0,0
2026-08-30 16:35:42.768173,3300.00,card,0,0,0
2026-08-30 16:23:18.700005,2700.00,card,0,0,0
2026-08-30 15:53:55.118229,4050.00,reptiloid,0,0,0
2026-08-30 15:52:35.716795,1900.00,nirvana,0,0,0
2026-08-30 15:37:54.3517,8200.00,transa,0,0,0
2026-08-30 15:36:33.583033,7500.00,reptiloid,0,0,0
2026-08-30 15:27:22.916305,1000.00,card,0,0,0
2026-08-30 15:24:37.220741,1100.00,reptiloid,0,0,0
2026-08-30 15:24:18.674937,7800.00,card,0,0,0
2026-08-30 15:17:22.998918,5625.0000,USDT,0,0,71.450000
2026-08-30 15:16:21.177457,3200.00,reptiloid,0,0,0
2026-08-30 15:07:03.985455,8200.00,reptiloid,0,0,0
2026-08-30 15:02:45.037372,3600.00,reptiloid,0,0,0
2026-08-30 14:54:55.137614,7000.00,reptiloid,0,0,0
2026-08-30 14:44:28.37962,7500.00,transa,0,0,0
2026-08-30 14:44:27.165281,5775.0000,USDT,0,0,73.356000
2026-08-30 14:42:58.503262,3600.00,transa,0,0,0
2026-08-30 14:41:42.650552,2700.00,reptiloid,0,0,0
2026-08-30 14:39:04.044948,5200.00,card,0,0,0
2026-08-30 14:37:15.216027,5200.00,reptiloid,0,0,0
2026-08-30 14:33:59.945021,5200.00,transa,0,0,0
2026-08-30 14:30:30.504361,7520.00,transa,0,0,0
2026-08-30 14:27:21.095766,3600.00,reptiloid,0,0,0
2026-08-30 14:24:35.398063,5600.00,reptiloid,0,0,0
2026-08-30 14:12:16.316302,33000.00,transa,0,0,0
2026-08-30 13:51:42.078942,16500.00,transa,0,0,0
2026-08-30 13:46:25.558406,3300.00,card,0,0,0
2026-08-30 13:41:58.736575,2700.00,card,0,0,0
2026-08-30 13:36:42.209758,2700.00,reptiloid,0,0,0
2026-08-30 12:58:49.954864,3600.00,reptiloid,0,0,0
2026-08-30 12:46:58.779406,5320.00,reptiloid,0,0,0
2026-08-30 12:44:31.089578,700.00,reptiloid,0,0,0
2026-08-30 12:35:30.467224,3000.00,card,0,0,0
2026-08-30 11:57:25.243122,5600.00,reptiloid,0,0,0
2026-08-30 11:44:04.589237,7800.00,reptiloid,0,0,0
2026-08-30 11:36:49.586291,3600.00,reptiloid,0,0,0
2026-08-30 11:29:59.02835,3600.00,reptiloid,0,0,0
2026-08-30 11:16:53.634771,3600.00,reptiloid,0,0,0
2026-08-30 11:01:33.521712,19000.00,reptiloid,0,0,0
2026-08-30 10:42:28.523136,8200.00,reptiloid,0,0,0
2026-08-30 09:54:29.605404,8200.00,reptiloid,0,0,0
2026-08-30 09:15:21.612551,3600.00,reptiloid,0,0,0
2026-08-30 09:09:08.787066,8200.00,transa,0,0,0
2026-08-30 09:05:14.722064,2800.00,card,0,0,0
2026-08-30 08:46:03.163657,5400.00,reptiloid,0,0,0
2026-08-30 08:43:04.657253,1650.0000,USDT,0,0,20.959000
2026-08-30 07:37:46.976838,3600.00,reptiloid,0,0,0
2026-08-30 07:08:58.4026,3300.00,card,0,0,0
2026-08-30 07:05:27.266939,5400.00,reptiloid,0,0,0
2026-08-30 06:43:26.759335,5600.00,card,0,0,0
2026-08-30 05:06:01.892153,2700.00,reptiloid,0,0,0
2026-08-30 04:36:05.847656,2700.00,nirvana,0,0,0
2026-08-30 02:29:47.1727,2400.00,reptiloid,0,0,0
2026-08-30 02:29:22.168767,2700.00,reptiloid,0,0,0
2026-08-30 01:24:40.904524,2700.00,reptiloid,0,0,0
2026-08-30 01:18:40.301735,3600.00,transa,0,0,0
2026-08-30 00:03:55.045538,5400.00,transa,0,0,0
2026-08-29 23:35:48.060402,5400.00,transa,0,0,0
2026-08-29 23:34:01.736363,3600.00,reptiloid,0,0,0
2026-08-29 23:31:36.93402,2700.00,card,0,0,0
2026-08-29 23:28:40.494756,2700.00,transa,0,0,0
2026-08-29 23:20:41.355796,2700.00,reptiloid,0,0,0
2026-08-29 22:53:02.267662,7800.00,reptiloid,0,0,0
2026-08-29 22:49:18.81105,8200.00,card,0,0,0
2026-08-29 22:23:59.895025,2700.00,reptiloid,0,0,0
2026-08-29 22:16:05.712738,2700.00,nirvana,0,0,0
2026-08-29 22:06:51.488273,3600.00,reptiloid,0,0,0
2026-08-29 21:55:58.807847,5600.00,card,0,0,0
2026-08-29 21:08:17.252602,2550.00,reptiloid,0,0,0
2026-08-29 20:40:38.230252,5320.00,transa,0,0,0
2026-08-29 20:25:20.936523,8200.00,reptiloid,0,0,0
2026-08-29 20:10:25.292217,3300.00,reptiloid,0,0,0
2026-08-29 20:00:05.708667,8200.00,reptiloid,0,0,0
2026-08-29 19:40:38.075561,7500.00,reptiloid,0,0,0
2026-08-29 19:29:48.487425,5600.00,transa,0,0,0
2026-08-29 19:17:23.278384,5600.00,reptiloid,0,0,0
2026-08-29 19:11:20.456106,5600.00,reptiloid,0,0,0
2026-08-29 19:08:54.745996,3600.00,reptiloid,0,0,0
2026-08-29 19:05:44.70827,5600.00,transa,0,0,0
2026-08-29 18:42:34.740039,5600.00,nirvana,0,0,0
2026-08-29 18:32:46.55177,5600.00,transa,0,0,0
2026-08-29 18:07:47.350012,5600.00,reptiloid,0,0,0
2026-08-29 17:58:38.164542,5600.00,card,0,0,0
2026-08-29 17:35:49.434948,5600.00,reptiloid,0,0,0
2026-08-29 17:10:25.856021,5500.00,reptiloid,0,0,0
2026-08-29 17:06:39.97601,2700.00,card,0,0,0
2026-08-29 16:39:20.251363,1320.00,transa,0,0,0
2026-08-29 16:19:48.474333,1500.00,transa,0,0,0
2026-08-29 16:15:52.270546,3600.00,reptiloid,0,0,0
2026-08-29 16:06:58.96275,5600.00,reptiloid,0,0,0
2026-08-29 16:05:52.20045,4500.00,card,0,0,0
2026-08-29 16:05:19.40277,2700.00,reptiloid,0,0,0
2026-08-29 15:48:28.654267,2700.00,card,0,0,0
2026-08-29 15:45:04.846237,5500.00,reptiloid,0,0,0
2026-08-29 15:44:33.817787,2700.00,reptiloid,0,0,0
2026-08-29 15:43:32.866974,3600.00,card,0,0,0
2026-08-29 15:39:36.408477,2100.00,transa,0,0,0
2026-08-29 15:13:54.650668,3300.00,transa,0,0,0
2026-08-29 14:57:13.831741,2700.00,reptiloid,0,0,0
2026-08-29 14:37:07.616194,5500.00,onlypays,0,0,0
2026-08-29 14:29:47.46395,3600.00,reptiloid,0,0,0
2026-08-29 14:26:15.137498,4900.00,reptiloid,0,0,0
2026-08-29 14:21:40.22033,5600.00,reptiloid,0,0,0
2026-08-29 13:49:13.400291,5200.00,transa,0,0,0
2026-08-29 13:41:02.074425,5000.00,reptiloid,0,0,0
2026-08-29 13:25:27.020293,5500.00,reptiloid,0,0,0
2026-08-29 13:22:35.356358,5600.00,transa,0,0,0
2026-08-29 12:59:43.46267,2700.00,nirvana,0,0,0
2026-08-29 12:47:52.830907,500.00,reptiloid,0,0,0
2026-08-29 12:44:29.241811,5600.00,transa,0,0,0
2026-08-29 12:44:02.887731,7000.00,reptiloid,0,0,0
2026-08-29 12:31:19.755863,5600.00,transa,0,0,0
2026-08-29 12:25:36.293676,2700.00,reptiloid,0,0,0
2026-08-29 12:17:26.873561,7800.00,transa,0,0,0
2026-08-29 12:12:12.46365,2700.00,reptiloid,0,0,0
2026-08-29 12:05:08.514679,7700.00,reptiloid,0,0,0
2026-08-29 12:04:41.460663,1200.00,reptiloid,0,0,0
2026-08-29 11:56:51.29858,2700.00,card,0,0,0
2026-08-29 11:48:47.77557,5600.00,transa,0,0,0
2026-08-29 11:38:58.001798,3000.00,card,0,0,0
2026-08-29 11:38:38.288443,2700.00,reptiloid,0,0,0
2026-08-29 11:27:43.250636,4350.00,reptiloid,0,0,0
2026-08-29 10:55:06.543823,5200.00,card,0,0,0
2026-08-29 10:45:52.515151,1000.00,reptiloid,0,0,0
2026-08-29 10:03:38.634658,5600.00,card,0,0,0
2026-08-29 09:49:01.390335,500.00,reptiloid,0,0,0
2026-08-29 09:38:55.47765,3600.00,reptiloid,0,0,0
2026-08-29 09:13:11.859473,5500.00,reptiloid,0,0,0
2026-08-29 09:00:43.998324,7800.00,transa,0,0,0
2026-08-29 08:11:08.574092,5600.00,reptiloid,0,0,0
2026-08-29 05:25:33.525479,5000.00,reptiloid,0,0,0
2026-08-29 04:44:41.787457,500.00,reptiloid,0,0,0
2026-08-29 03:44:29.119079,1285.00,reptiloid,0,0,0
2026-08-29 03:37:29.734048,2850.00,reptiloid,0,0,0
2026-08-29 02:47:29.803075,5600.00,onlypays,0,0,0
2026-08-29 01:47:06.218197,20000.00,reptiloid,0,0,0
2026-08-29 00:59:08.096642,7700.00,card,0,0,0
2026-08-29 00:04:23.919252,5200.00,reptiloid,0,0,0
2026-08-28 23:34:53.725752,3600.00,card,0,0,0
2026-08-28 23:31:41.054626,2900.00,reptiloid,0,0,0
2026-08-28 23:28:49.97562,3185.00,reptiloid,0,0,0
2026-08-28 23:14:58.27843,5600.00,card,0,0,0
2026-08-28 23:02:36.845289,7408.00,transa,0,0,0
2026-08-28 22:50:52.41223,5225.00,reptiloid,0,0,0
2026-08-28 22:47:45.826298,3600.00,reptiloid,0,0,0
2026-08-28 22:45:49.555195,5600.00,card,0,0,0
2026-08-28 22:29:48.952159,2500.00,transa,0,0,0
2026-08-28 22:27:30.033393,2500.00,reptiloid,0,0,0
2026-08-28 22:23:14.848784,2500.00,reptiloid,0,0,0
2026-08-28 22:07:42.754272,7800.00,reptiloid,0,0,0
2026-08-28 21:12:39.07359,3600.00,transa,0,0,0
2026-08-28 20:48:10.74648,5600.00,reptiloid,0,0,0
2026-08-28 20:35:41.184351,5600.00,reptiloid,0,0,0
2026-08-28 20:26:05.524386,5500.00,reptiloid,0,0,0
2026-08-28 20:24:37.070285,5600.00,reptiloid,0,0,0
2026-08-28 20:23:50.46136,4125.0000,USDT,0,0,52.397000
2026-08-28 20:02:46.508694,5000.00,transa,0,0,0
2026-08-28 19:46:18.70464,3600.00,reptiloid,0,0,0
2026-08-28 19:44:47.159991,3600.00,transa,0,0,0
2026-08-28 19:43:54.872385,5500.00,reptiloid,0,0,0
2026-08-28 19:24:48.037238,3600.00,reptiloid,0,0,0
2026-08-28 19:13:55.57076,17100.00,reptiloid,0,0,0
2026-08-28 19:08:33.558477,5600.00,reptiloid,0,0,0
2026-08-28 19:06:23.800476,3918.7500,USDT,0,0,49.777000
2026-08-28 19:00:02.897849,7500.00,reptiloid,0,0,0
2026-08-28 18:48:49.716747,5600.00,reptiloid,0,0,0
2026-08-28 18:47:46.161303,3600.00,transa,0,0,0
2026-08-28 18:28:42.353125,5500.00,reptiloid,0,0,0
2026-08-28 18:22:09.538772,5600.00,reptiloid,0,0,0
2026-08-28 18:17:37.173694,5600.00,transa,0,0,0
2026-08-28 18:11:59.075297,5800.00,transa,0,0,0
2026-08-28 18:09:53.545812,2350.00,reptiloid,0,0,0
2026-08-28 17:29:12.044056,2500.00,reptiloid,0,0,0
2026-08-28 17:13:19.407657,2500.00,reptiloid,0,0,0
2026-08-28 17:09:37.135554,3600.00,reptiloid,0,0,0
2026-08-28 17:05:42.327653,5600.00,reptiloid,0,0,0
2026-08-28 17:00:31.731331,2580.00,reptiloid,0,0,0
2026-08-28 16:59:17.107028,7700.00,reptiloid,0,0,0
2026-08-28 16:58:57.402995,5600.00,reptiloid,0,0,0
2026-08-28 16:56:27.403658,5600.00,reptiloid,0,0,0
2026-08-28 16:44:01.795665,5600.00,reptiloid,0,0,0
2026-08-28 16:37:18.07019,2700.00,transa,0,0,0
2026-08-28 16:33:13.58999,5500.00,reptiloid,0,0,0
2026-08-28 16:20:56.235811,3600.00,reptiloid,0,0,0
2026-08-28 16:08:13.221015,4675.00,reptiloid,0,0,0
2026-08-28 15:47:57.290316,5600.00,reptiloid,0,0,0
2026-08-28 15:38:27.204629,5600.00,reptiloid,0,0,0
2026-08-28 15:21:08.233503,1900.00,reptiloid,0,0,0
2026-08-28 14:53:34.005589,7800.00,reptiloid,0,0,0
2026-08-28 13:41:50.449718,5500.00,reptiloid,0,0,0
2026-08-28 13:24:55.305414,2000.00,reptiloid,0,0,0
2026-08-28 13:19:31.041134,4900.00,nirvana,0,0,0
2026-08-28 13:06:11.395651,2250.0000,USDT,0,0,28.580000
2026-08-28 12:58:00.448893,5020.00,transa,0,0,0
2026-08-28 12:57:07.814146,5200.00,reptiloid,0,0,0
2026-08-28 12:25:02.074649,5500.00,reptiloid,0,0,0
2026-08-28 12:22:46.521513,5600.00,reptiloid,0,0,0
2026-08-28 12:09:26.132308,3900.0000,USDT,0,0,49.539000
2026-08-28 12:08:21.059662,5600.00,transa,0,0,0
2026-08-28 11:45:55.957541,4400.00,reptiloid,0,0,0
2026-08-28 11:33:25.766954,11500.00,transa,0,0,0
2026-08-28 11:21:35.451965,6000.00,reptiloid,0,0,0
2026-08-28 10:36:37.584749,7800.00,transa,0,0,0
2026-08-28 10:35:26.062281,5600.00,reptiloid,0,0,0
2026-08-28 10:28:41.067819,5320.00,transa,0,0,0
2026-08-28 09:55:16.501338,3600.00,transa,0,0,0
2026-08-28 09:30:39.446869,5500.00,card,0,0,0
2026-08-28 09:26:06.130498,4600.00,transa,0,0,0
2026-08-28 08:36:21.852966,2500.00,card,0,0,0
2026-08-28 07:48:02.383311,26250.0000,USDT,0,0,333.435000
2026-08-28 06:47:56.421175,2000.00,reptiloid,0,0,0
2026-08-28 04:33:31.537074,5400.00,transa,0,0,0
2026-08-28 04:00:52.974582,7800.00,reptiloid,0,0,0
2026-08-28 02:04:35.760586,5600.00,transa,0,0,0
2026-08-28 01:27:24.033848,3300.00,reptiloid,0,0,0
2026-08-28 00:39:19.430136,5600.00,card,0,0,0
2026-08-28 00:18:24.798254,2500.00,reptiloid,0,0,0
2026-08-27 22:03:18.08275,5200.00,card,0,0,0
2026-08-27 21:32:29.397383,5600.00,transa,0,0,0
2026-08-27 21:22:23.53549,19000.00,reptiloid,0,0,0
2026-08-27 21:11:37.759943,5500.00,reptiloid,0,0,0
2026-08-27 21:09:35.612919,4125.0000,USDT,0,0,52.397000
2026-08-27 19:24:38.395652,1425.0000,USDT,0,0,18.101000
2026-08-27 19:22:14.446418,11500.00,card,0,0,0
2026-08-27 18:51:04.072864,5500.00,reptiloid,0,0,0
2026-08-27 18:48:16.263222,5500.00,reptiloid,0,0,0
2026-08-27 18:46:09.2293,5500.00,reptiloid,0,0,0
2026-08-27 18:11:49.290187,4125.0000,USDT,0,0,52.397000
2026-08-27 18:10:01.638923,2250.0000,USDT,0,0,28.580000
2026-08-27 18:02:55.619206,5200.00,transa,0,0,0
2026-08-27 17:59:32.786851,5600.00,nirvana,0,0,0
2026-08-27 17:27:49.302353,5600.00,card,0,0,0
2026-08-27 17:11:05.508388,5200.00,card,0,0,0
2026-08-27 16:27:11.336955,5600.00,card,0,0,0
2026-08-27 16:05:11.240359,7800.00,reptiloid,0,0,0
2026-08-27 15:49:39.589041,7800.00,card,0,0,0
2026-08-27 15:18:54.904348,5000.00,transa,0,0,0
2026-08-27 14:56:15.77802,5320.00,reptiloid,0,0,0
2026-08-27 14:45:02.168354,6800.0000,BTC,0.00117553,0,0
2026-08-27 14:28:43.005545,5600.00,card,0,0,0
2026-08-27 13:18:10.055157,3300.00,card,0,0,0
2026-08-27 13:16:17.35918,5210.00,transa,0,0,0
2026-08-27 13:14:42.236475,3300.00,transa,0,0,0
2026-08-27 13:04:31.548191,3300.00,card,0,0,0
2026-08-27 12:51:09.162393,3600.00,card,0,0,0
2026-08-27 12:42:02.081182,5600.00,reptiloid,0,0,0
2026-08-27 12:34:22.370941,4700.00,reptiloid,0,0,0
2026-08-27 12:21:27.225702,5600.00,reptiloid,0,0,0
2026-08-27 12:13:23.00484,2750.00,reptiloid,0,0,0
2026-08-27 11:19:17.527224,5600.00,transa,0,0,0
2026-08-27 09:39:49.777277,5400.00,card,0,0,0
2026-08-27 09:19:24.397227,4500.00,reptiloid,0,0,0
2026-08-27 09:14:48.41631,7500.00,reptiloid,0,0,0
2026-08-27 08:50:50.574094,5600.00,reptiloid,0,0,0
2026-08-27 08:06:59.907242,7000.00,reptiloid,0,0,0
2026-08-27 07:44:05.553909,3600.00,transa,0,0,0
2026-08-27 05:15:51.768964,3300.00,card,0,0,0
2026-08-27 03:37:29.143426,2300.00,card,0,0,0
2026-08-27 02:40:06.376843,4535.00,transa,0,0,0
2026-08-27 01:49:16.574785,5600.00,transa,0,0,0
2026-08-27 01:22:42.042692,5600.00,reptiloid,0,0,0
2026-08-27 00:37:57.838951,5600.00,card,0,0,0
2026-08-27 00:18:36.360948,3600.00,card,0,0,0
2026-08-26 23:34:12.390761,7500.00,reptiloid,0,0,0
2026-08-26 23:04:29.540282,3600.00,reptiloid,0,0,0
2026-08-26 23:01:54.076022,5500.00,card,0,0,0
2026-08-26 22:50:26.496253,15000.0000,USDT,0,0,190.534000
2026-08-26 22:46:19.2981,7800.00,transa,0,0,0
2026-08-26 22:43:10.470254,5200.00,transa,0,0,0
2026-08-26 22:38:32.833388,5600.00,reptiloid,0,0,0
2026-08-26 22:38:01.520115,3350.00,card,0,0,0
2026-08-26 22:25:34.492325,3000.00,reptiloid,0,0,0
2026-08-26 22:25:24.557402,3300.00,reptiloid,0,0,0
2026-08-26 21:29:22.042592,6000.0000,USDT,0,0,76.214000
2026-08-26 20:51:26.755088,5225.00,reptiloid,0,0,0
2026-08-26 20:49:52.698503,3600.00,card,0,0,0
2026-08-26 20:49:06.571507,6690.00,reptiloid,0,0,0
2026-08-26 20:41:21.80162,2700.00,reptiloid,0,0,0
2026-08-26 20:36:37.248765,5600.00,card,0,0,0
2026-08-26 20:31:37.603438,19000.00,reptiloid,0,0,0
2026-08-26 20:28:40.62011,3600.00,card,0,0,0
2026-08-26 20:14:42.493939,4500.00,transa,0,0,0
2026-08-26 19:34:21.919584,1700.00,reptiloid,0,0,0
2026-08-26 19:17:36.001377,5600.00,reptiloid,0,0,0
2026-08-26 19:13:55.42438,3600.00,reptiloid,0,0,0
2026-08-26 19:08:59.769275,2600.00,reptiloid,0,0,0
2026-08-26 18:58:08.055243,3300.00,card,0,0,0
2026-08-26 18:50:34.127367,8000.00,card,0,0,0
2026-08-26 18:38:56.240021,2100.00,card,0,0,0
2026-08-26 18:34:23.770299,4125.0000,USDT,0,0,52.397000
2026-08-26 18:30:08.381577,5600.00,reptiloid,0,0,0
2026-08-26 18:12:50.527304,5600.00,transa,0,0,0
2026-08-26 18:10:53.382698,1140.00,card,0,0,0
2026-08-26 18:09:05.338598,1700.00,reptiloid,0,0,0
2026-08-26 17:41:48.344733,7000.00,reptiloid,0,0,0
2026-08-26 17:40:20.279653,5600.00,reptiloid,0,0,0
2026-08-26 17:34:31.021364,5600.00,nirvana,0,0,0
2026-08-26 17:00:28.968566,3600.00,reptiloid,0,0,0
2026-08-26 16:37:10.807409,5500.00,card,0,0,0
2026-08-26 16:25:01.255248,3300.00,reptiloid,0,0,0
2026-08-26 16:20:52.985892,5600.00,reptiloid,0,0,0
2026-08-26 16:19:34.528152,3300.00,reptiloid,0,0,0
2026-08-26 15:59:55.221838,1501.00,transa,0,0,0
2026-08-26 15:56:11.148843,500.00,reptiloid,0,0,0
2026-08-26 15:46:55.184401,7800.00,transa,0,0,0
2026-08-26 15:25:14.280793,3600.00,reptiloid,0,0,0
2026-08-26 15:14:18.475103,3600.00,card,0,0,0
2026-08-26 15:13:03.734414,2700.00,reptiloid,0,0,0
2026-08-26 15:04:15.984258,5600.00,nirvana,0,0,0
2026-08-26 15:00:15.016805,3300.00,card,0,0,0
2026-08-26 14:54:23.687819,3300.00,card,0,0,0
2026-08-26 14:50:27.907093,3300.00,reptiloid,0,0,0
2026-08-26 14:07:51.87291,3300.00,card,0,0,0
2026-08-26 13:53:22.797926,3600.00,reptiloid,0,0,0
2026-08-26 13:31:34.795405,1000.00,reptiloid,0,0,0
2026-08-26 13:26:19.122483,2820.00,transa,0,0,0
2026-08-26 13:25:42.216364,3300.00,card,0,0,0
2026-08-26 13:21:55.378534,2700.00,card,0,0,0
2026-08-26 13:14:47.456034,2300.00,card,0,0,0
2026-08-26 13:08:58.260713,20000.00,reptiloid,0,0,0
2026-08-26 12:44:47.169119,5600.00,transa,0,0,0
2026-08-26 12:39:18.963156,5600.00,reptiloid,0,0,0
2026-08-26 12:16:54.582352,2700.0000,USDT,0,0,34.296000
2026-08-26 12:15:15.939629,1000.00,reptiloid,0,0,0
2026-08-26 11:43:44.347198,6750.00,reptiloid,0,0,0
2026-08-26 11:43:37.681491,5600.00,transa,0,0,0
2026-08-26 11:23:53.614506,5600.00,transa,0,0,0
2026-08-26 11:21:53.542919,5600.00,transa,0,0,0
2026-08-26 11:18:23.786362,2700.00,reptiloid,0,0,0
2026-08-26 10:10:27.239647,5600.00,transa,0,0,0
2026-08-26 09:58:45.908268,5500.00,transa,0,0,0
2026-08-26 08:20:15.682144,6100.00,card,0,0,0
2026-08-26 07:03:55.026578,5600.00,transa,0,0,0
2026-08-26 02:26:58.731818,7800.00,reptiloid,0,0,0
2026-08-26 02:00:59.498055,2300.00,reptiloid,0,0,0
2026-08-25 23:00:43.837471,4500.00,reptiloid,0,0,0
2026-08-25 22:57:58.025142,5600.00,reptiloid,0,0,0
2026-08-25 22:21:43.432269,5600.00,card,0,0,0
2026-08-25 22:02:10.279215,1700.00,transa,0,0,0
2026-08-25 21:52:30.697469,3600.00,reptiloid,0,0,0
2026-08-25 21:49:58.536302,3600.00,reptiloid,0,0,0
2026-08-25 21:07:29.818509,5500.00,reptiloid,0,0,0
2026-08-25 20:20:09.29023,5600.00,reptiloid,0,0,0
2026-08-25 20:16:18.219077,7800.00,reptiloid,0,0,0
2026-08-25 20:09:20.369575,18100.00,reptiloid,0,0,0
2026-08-25 20:08:17.530559,7800.00,card,0,0,0
2026-08-25 19:41:06.474768,2500.00,reptiloid,0,0,0
2026-08-25 19:32:31.056021,3200.00,card,0,0,0
2026-08-25 19:23:29.782272,5600.00,transa,0,0,0
2026-08-25 19:19:57.082133,5600.00,reptiloid,0,0,0
2026-08-25 18:56:20.479784,3000.00,reptiloid,0,0,0
2026-08-25 18:36:06.803778,5500.00,reptiloid,0,0,0
2026-08-25 18:32:27.420193,2700.00,reptiloid,0,0,0
2026-08-25 18:32:11.164383,7500.00,reptiloid,0,0,0
2026-08-25 18:23:24.387138,3600.00,reptiloid,0,0,0
2026-08-25 18:19:21.422602,2700.00,transa,0,0,0
2026-08-25 18:03:33.891672,5600.00,reptiloid,0,0,0
2026-08-25 18:02:12.688577,5600.00,reptiloid,0,0,0
2026-08-25 18:00:35.604656,2700.00,card,0,0,0
2026-08-25 17:50:25.639102,4220.00,reptiloid,0,0,0
2026-08-25 17:49:53.585468,7500.00,reptiloid,0,0,0
2026-08-25 17:19:41.884593,5600.00,transa,0,0,0
2026-08-25 17:19:25.872465,1300.00,card,0,0,0
2026-08-25 17:12:09.684196,2300.00,card,0,0,0
2026-08-25 17:02:16.725781,20000.00,reptiloid,0,0,0
2026-08-25 16:45:57.285,2700.00,reptiloid,0,0,0
2026-08-25 16:45:06.472662,1300.00,reptiloid,0,0,0
2026-08-25 16:19:38.025174,5100.00,reptiloid,0,0,0
2026-08-25 16:02:56.699745,3300.00,reptiloid,0,0,0
2026-08-25 15:46:37.101443,5600.00,reptiloid,0,0,0
2026-08-25 15:44:42.349944,2500.00,card,0,0,0
2026-08-25 15:17:05.560287,3200.00,reptiloid,0,0,0
2026-08-25 15:01:43.76187,12000.00,card,0,0,0
2026-08-25 14:57:15.445483,3575.00,reptiloid,0,0,0
2026-08-25 14:35:41.613486,3300.00,transa,0,0,0
2026-08-25 14:35:21.526412,5625.0000,USDT,0,0,71.450000
2026-08-25 14:35:09.00049,4500.00,card,0,0,0
2026-08-25 14:25:20.637182,5600.00,card,0,0,0
2026-08-25 14:23:26.464405,8200.00,transa,0,0,0
2026-08-25 14:23:14.467026,3600.00,transa,0,0,0
2026-08-25 14:23:05.733085,4125.0000,USDT,0,0,52.397000
2026-08-25 14:03:54.693244,5500.00,reptiloid,0,0,0
2026-08-25 13:34:05.130493,5600.00,card,0,0,0
2026-08-25 13:15:23.563675,5600.00,card,0,0,0
2026-08-25 13:05:52.948009,1000.00,card,0,0,0
2026-08-25 13:02:45.577825,2475.0000,USDT,0,0,31.438000
2026-08-25 12:52:50.190324,5600.00,card,0,0,0
2026-08-25 12:48:32.671259,5600.00,reptiloid,0,0,0
2026-08-25 12:28:49.01782,5400.00,transa,0,0,0
2026-08-25 12:25:35.892987,5500.00,transa,0,0,0
2026-08-25 12:23:45.788055,5600.00,reptiloid,0,0,0
2026-08-25 12:20:58.020265,5500.00,reptiloid,0,0,0
2026-08-25 12:17:05.801138,2520.00,reptiloid,0,0,0
2026-08-25 12:11:24.022243,5600.00,reptiloid,0,0,0
2026-08-25 11:54:40.555197,5500.00,reptiloid,0,0,0
2026-08-25 11:22:38.730782,3300.00,reptiloid,0,0,0
2026-08-25 10:49:55.186752,2500.00,reptiloid,0,0,0
2026-08-25 10:27:53.795085,5500.00,reptiloid,0,0,0
2026-08-25 10:13:37.314698,5400.00,reptiloid,0,0,0
2026-08-25 09:26:05.327715,5600.00,reptiloid,0,0,0
2026-08-25 08:53:47.442077,5600.00,reptiloid,0,0,0
2026-08-25 08:45:22.667675,3600.00,reptiloid,0,0,0
2026-08-25 08:26:14.386064,3300.00,card,0,0,0
2026-08-25 08:15:44.429188,2500.00,card,0,0,0
2026-08-25 07:11:20.267633,5625.0000,USDT,0,0,71.450000
2026-08-25 05:46:29.573336,7500.00,card,0,0,0
2026-08-25 04:13:28.657013,6150.0000,USDT,0,0,78.119000
2026-08-25 03:11:38.75525,3600.00,card,0,0,0
2026-08-25 03:07:44.649901,5210.00,transa,0,0,0
2026-08-25 02:50:57.546407,8200.00,reptiloid,0,0,0
2026-08-25 01:27:13.240438,5600.00,transa,0,0,0
2026-08-25 01:25:55.459624,5600.00,transa,0,0,0
2026-08-25 00:10:45.718419,3600.00,reptiloid,0,0,0
2026-08-24 23:35:51.332514,6000.0000,USDT,0,0,76.214000
2026-08-24 23:18:34.372515,5600.00,reptiloid,0,0,0
2026-08-24 22:46:15.276693,5600.00,card,0,0,0
2026-08-24 22:39:46.255991,8000.00,reptiloid,0,0,0
2026-08-24 22:21:59.921439,8200.00,reptiloid,0,0,0
2026-08-24 22:13:12.869744,5600.00,reptiloid,0,0,0
2026-08-24 21:56:16.389065,2500.00,transa,0,0,0
2026-08-24 21:38:55.358798,3600.00,transa,0,0,0
2026-08-24 21:18:54.753482,5600.00,reptiloid,0,0,0
2026-08-24 21:09:01.472563,4000.00,reptiloid,0,0,0
2026-08-24 21:08:05.960963,2300.00,nirvana,0,0,0
2026-08-24 20:37:37.308415,3300.00,transa,0,0,0
2026-08-24 20:37:01.863854,2400.00,transa,0,0,0
2026-08-24 20:00:00.598314,5600.00,card,0,0,0
2026-08-24 19:53:35.156971,3600.00,card,0,0,0
2026-08-24 19:38:12.439677,5600.00,reptiloid,0,0,0
2026-08-24 19:34:04.08068,3200.00,reptiloid,0,0,0
2026-08-24 19:27:59.799714,3600.00,reptiloid,0,0,0
2026-08-24 19:21:36.461196,7800.00,transa,0,0,0
2026-08-24 19:19:03.595898,3600.00,card,0,0,0
2026-08-24 19:03:56.984545,8200.00,card,0,0,0
2026-08-24 18:52:20.691299,8000.00,reptiloid,0,0,0
2026-08-24 18:52:07.271434,5600.00,reptiloid,0,0,0
2026-08-24 18:37:07.903148,19000.00,reptiloid,0,0,0
2026-08-24 18:17:20.821653,5125.00,reptiloid,0,0,0
2026-08-24 18:07:46.868761,5600.00,card,0,0,0
2026-08-24 17:47:38.999763,7800.00,card,0,0,0
2026-08-24 17:33:51.864127,4850.00,reptiloid,0,0,0
2026-08-24 17:32:11.533557,5600.00,nirvana,0,0,0
2026-08-24 17:25:19.923964,2700.0000,USDT,0,0,34.296000
2026-08-24 17:24:48.307931,8625.0000,USDT,0,0,109.557000
2026-08-24 17:17:39.171556,5600.00,reptiloid,0,0,0
2026-08-24 17:17:16.106324,5500.00,reptiloid,0,0,0
2026-08-24 16:44:02.974828,2475.0000,USDT,0,0,31.438000
2026-08-24 16:43:28.029276,5200.00,transa,0,0,0
2026-08-24 16:20:42.006004,8200.00,reptiloid,0,0,0
2026-08-24 16:06:15.667873,5150.00,reptiloid,0,0,0
2026-08-24 16:06:02.243585,1450.00,card,0,0,0
2026-08-24 16:05:41.287549,2700.00,card,0,0,0
2026-08-24 15:41:39.681165,5000.00,transa,0,0,0
2026-08-24 15:33:28.170953,6000.0000,USDT,0,0,76.214000
2026-08-24 15:11:14.427653,5500.00,reptiloid,0,0,0
2026-08-24 15:01:19.72903,2150.00,card,0,0,0
2026-08-24 14:50:50.290721,5625.0000,USDT,0,0,71.450000
2026-08-24 14:49:23.251304,3300.00,card,0,0,0
2026-08-24 14:40:14.471549,1425.0000,USDT,0,0,18.101000
2026-08-24 14:35:23.5302,3300.00,reptiloid,0,0,0
2026-08-24 14:30:53.959763,2300.00,card,0,0,0
2026-08-24 14:29:11.06192,2300.00,nirvana,0,0,0
2026-08-24 14:26:27.897412,5090.00,transa,0,0,0
2026-08-24 14:09:49.642228,3600.00,reptiloid,0,0,0
2026-08-24 14:07:22.789735,2300.00,card,0,0,0
2026-08-24 14:07:12.171874,3300.00,card,0,0,0
2026-08-24 13:49:51.45019,6000.0000,USDT,0,0,76.214000
2026-08-24 13:42:31.693652,800.00,reptiloid,0,0,0
2026-08-24 13:42:11.886163,7130.00,transa,0,0,0
2026-08-24 13:29:30.583433,3010.00,reptiloid,0,0,0
2026-08-24 13:26:11.116107,3600.00,reptiloid,0,0,0
2026-08-24 13:08:48.371946,2300.00,transa,0,0,0
2026-08-24 12:45:23.333465,7500.00,reptiloid,0,0,0
2026-08-24 12:40:35.608061,7800.00,card,0,0,0
2026-08-24 12:08:12.431252,4800.00,reptiloid,0,0,0
2026-08-24 11:38:39.368818,5600.00,reptiloid,0,0,0
2026-08-24 11:24:32.652806,7020.00,reptiloid,0,0,0
2026-08-24 11:12:13.283407,8000.00,card,0,0,0
2026-08-24 11:07:35.366493,5600.00,transa,0,0,0
2026-08-24 10:59:24.847511,3300.00,reptiloid,0,0,0
2026-08-24 08:16:09.102198,3300.00,card,0,0,0
2026-08-24 07:07:47.750427,3300.00,card,0,0,0
2026-08-24 07:05:56.139043,7800.00,reptiloid,0,0,0
2026-08-24 05:57:43.780385,700.00,card,0,0,0
2026-08-24 05:17:25.990844,7800.00,reptiloid,0,0,0
2026-08-24 05:09:58.228071,7800.00,transa,0,0,0
2026-08-24 04:49:00.259829,1900.00,transa,0,0,0
2026-08-24 04:28:35.222513,7800.00,reptiloid,0,0,0
2026-08-24 03:01:25.627842,3300.00,reptiloid,0,0,0
2026-08-24 02:58:16.325494,7500.00,reptiloid,0,0,0
2026-08-24 01:01:56.077428,4800.00,reptiloid,0,0,0
2026-08-24 00:47:18.532341,2700.00,reptiloid,0,0,0
2026-08-24 00:06:29.596273,3000.00,transa,0,0,0
2026-08-24 00:04:23.729771,5600.00,reptiloid,0,0,0
2026-08-23 23:25:35.06416,2700.00,transa,0,0,0
2026-08-23 23:14:38.118827,5400.00,card,0,0,0
2026-08-23 21:57:31.68235,3000.00,transa,0,0,0
2026-08-23 21:55:43.672062,5600.00,reptiloid,0,0,0
2026-08-23 21:51:08.261693,3600.00,card,0,0,0
2026-08-23 21:38:34.213064,3600.00,reptiloid,0,0,0
2026-08-23 21:30:38.77904,1600.00,reptiloid,0,0,0
2026-08-23 21:28:14.348476,3200.00,reptiloid,0,0,0
2026-08-23 21:26:11.960252,6800.00,reptiloid,0,0,0
2026-08-23 21:10:28.779996,2700.00,transa,0,0,0
2026-08-23 20:41:46.263537,2500.00,card,0,0,0
2026-08-23 20:40:29.478753,5600.00,card,0,0,0
2026-08-23 20:17:15.076209,3300.00,card,0,0,0
2026-08-23 20:13:14.501117,7800.00,reptiloid,0,0,0
2026-08-23 19:49:17.669963,5500.00,transa,0,0,0
2026-08-23 19:15:22.916489,7800.00,card,0,0,0
2026-08-23 17:48:35.505944,5400.00,card,0,0,0
2026-08-23 17:42:09.738278,8200.00,card,0,0,0
2026-08-23 17:26:38.719376,5400.00,reptiloid,0,0,0
2026-08-23 17:02:29.128745,3300.00,reptiloid,0,0,0
2026-08-23 16:57:41.645074,7800.00,card,0,0,0
2026-08-23 16:54:44.624891,5500.00,reptiloid,0,0,0
2026-08-23 16:54:09.89784,2500.00,reptiloid,0,0,0
2026-08-23 16:42:13.645917,2500.00,reptiloid,0,0,0
2026-08-23 16:33:16.201569,4125.0000,USDT,0,0,52.397000
2026-08-23 16:17:40.882525,8200.00,transa,0,0,0
2026-08-23 16:06:50.091144,7520.00,reptiloid,0,0,0
2026-08-23 16:01:37.008439,7400.00,reptiloid,0,0,0
2026-08-23 15:57:01.971665,3300.00,reptiloid,0,0,0
2026-08-23 15:47:49.343117,7800.00,reptiloid,0,0,0
2026-08-23 15:31:22.509405,3600.00,reptiloid,0,0,0
2026-08-23 15:12:36.975294,5500.00,card,0,0,0
2026-08-23 14:52:46.176626,5500.00,reptiloid,0,0,0
2026-08-23 14:44:53.78535,7800.00,card,0,0,0
2026-08-23 14:34:50.822294,500.00,reptiloid,0,0,0
2026-08-23 14:24:20.739709,4800.00,reptiloid,0,0,0
2026-08-23 14:10:19.291795,5300.00,transa,0,0,0
2026-08-23 13:30:57.202178,12500.00,reptiloid,0,0,0
2026-08-23 13:27:28.374802,7550.00,transa,0,0,0
2026-08-23 13:21:21.872788,7800.00,transa,0,0,0
2026-08-23 13:06:12.897603,9000.00,reptiloid,0,0,0
2026-08-23 13:06:00.641469,5500.00,reptiloid,0,0,0
2026-08-23 12:36:48.504275,5500.00,reptiloid,0,0,0
2026-08-23 11:30:59.731434,7800.00,reptiloid,0,0,0
2026-08-23 11:27:13.162664,2500.00,reptiloid,0,0,0
2026-08-23 11:14:13.273223,4600.00,reptiloid,0,0,0
2026-08-23 11:11:36.221829,5500.00,reptiloid,0,0,0
2026-08-23 11:03:34.144813,2500.00,reptiloid,0,0,0
2026-08-23 10:51:50.594193,8200.00,reptiloid,0,0,0
2026-08-23 10:15:58.492238,5500.00,reptiloid,0,0,0
2026-08-23 08:58:54.310935,5110.00,reptiloid,0,0,0
2026-08-23 08:02:03.692301,7800.00,reptiloid,0,0,0
2026-08-23 07:24:04.994346,4125.0000,USDT,0,0,52.397000
2026-08-23 07:10:12.579544,7800.00,reptiloid,0,0,0
2026-08-23 06:45:12.651499,5500.00,transa,0,0,0
2026-08-23 02:38:30.378101,2550.00,reptiloid,0,0,0
2026-08-23 00:22:06.354233,20000.00,reptiloid,0,0,0
2026-08-22 23:42:53.875643,5500.00,reptiloid,0,0,0
2026-08-22 23:08:37.633995,7800.00,transa,0,0,0
2026-08-22 23:05:14.41658,8200.00,reptiloid,0,0,0
2026-08-22 22:39:41.898852,7800.00,transa,0,0,0
2026-08-22 22:33:27.252849,5500.00,reptiloid,0,0,0
2026-08-22 22:30:40.400109,7800.00,transa,0,0,0
2026-08-22 22:10:50.91767,8200.00,reptiloid,0,0,0
2026-08-22 21:51:10.25239,5500.00,card,0,0,0
2026-08-22 21:10:52.435852,2500.00,card,0,0,0
2026-08-22 21:06:50.430632,500.00,reptiloid,0,0,0
2026-08-22 20:50:43.9271,5500.00,reptiloid,0,0,0
2026-08-22 20:48:00.533928,19000.00,reptiloid,0,0,0
2026-08-22 20:35:02.272075,2500.00,reptiloid,0,0,0
2026-08-22 20:14:10.18157,1875.0000,USDT,0,0,23.817000
2026-08-22 20:11:42.236879,2250.0000,USDT,0,0,28.580000
2026-08-22 20:10:57.967178,7800.00,reptiloid,0,0,0
2026-08-22 20:07:39.280319,3300.00,nirvana,0,0,0
2026-08-22 19:49:47.495056,3050.00,reptiloid,0,0,0
2026-08-22 19:47:37.75489,2000.00,card,0,0,0
2026-08-22 19:38:31.732753,7800.00,card,0,0,0
2026-08-22 19:21:10.194433,7800.00,reptiloid,0,0,0
2026-08-22 18:54:13.900484,7500.00,reptiloid,0,0,0
2026-08-22 18:32:48.270673,2400.00,reptiloid,0,0,0
2026-08-22 18:28:50.951584,2500.00,reptiloid,0,0,0
2026-08-22 18:25:57.065399,2500.00,reptiloid,0,0,0
2026-08-22 18:22:34.700742,2500.00,reptiloid,0,0,0
2026-08-22 18:13:36.268434,5500.00,reptiloid,0,0,0
2026-08-22 18:01:34.640449,2500.00,reptiloid,0,0,0
2026-08-22 17:45:51.895218,4125.0000,USDT,0,0,52.397000
2026-08-22 17:40:57.022584,5500.00,reptiloid,0,0,0
2026-08-22 17:39:09.545706,5500.00,reptiloid,0,0,0
2026-08-22 17:28:30.925421,1875.0000,USDT,0,0,23.817000
2026-08-22 17:25:09.439343,5500.00,reptiloid,0,0,0
2026-08-22 17:14:50.781632,7500.00,transa,0,0,0
2026-08-22 17:04:07.238905,700.00,transa,0,0,0
2026-08-22 17:04:00.468937,5400.00,card,0,0,0
2026-08-22 17:03:24.116724,1425.0000,USDT,0,0,18.101000
2026-08-22 16:25:48.432932,4500.00,card,0,0,0
2026-08-22 15:40:05.54337,7500.00,transa,0,0,0
2026-08-22 15:29:19.159994,1875.0000,USDT,0,0,23.817000
2026-08-22 15:23:55.348371,5400.00,transa,0,0,0
2026-08-22 15:02:34.774536,2500.00,transa,0,0,0
2026-08-22 14:45:24.321587,4550.00,transa,0,0,0
2026-08-22 14:26:01.490154,2500.00,nirvana,0,0,0
2026-08-22 13:31:00.54358,5400.00,nirvana,0,0,0
2026-08-22 13:28:12.712392,5400.00,nirvana,0,0,0
2026-08-22 13:25:46.870215,3600.00,transa,0,0,0
2026-08-22 13:19:06.568403,5000.00,transa,0,0,0
2026-08-22 12:57:44.163182,500.00,nirvana,0,0,0
2026-08-22 12:56:01.875632,3300.00,nirvana,0,0,0
2026-08-22 12:09:46.849141,5625.0000,USDT,0,0,71.450000
2026-08-22 12:09:12.837527,3300.00,reptiloid,0,0,0
2026-08-22 11:37:21.722205,3300.00,reptiloid,0,0,0
2026-08-22 11:13:16.353915,3300.00,reptiloid,0,0,0
2026-08-22 10:00:27.192526,7500.00,reptiloid,0,0,0
2026-08-22 08:45:59.513143,3300.00,reptiloid,0,0,0
2026-08-22 08:18:04.519532,7500.00,reptiloid,0,0,0
2026-08-22 08:10:21.155777,2300.00,reptiloid,0,0,0
2026-08-22 05:52:39.413527,5600.00,transa,0,0,0
2026-08-22 04:57:49.260106,11500.00,reptiloid,0,0,0
2026-08-22 04:52:28.635015,3300.00,reptiloid,0,0,0
2026-08-22 04:35:13.193261,3300.00,reptiloid,0,0,0
2026-08-22 03:42:52.219112,5600.00,reptiloid,0,0,0
2026-08-22 03:23:47.64522,5500.00,transa,0,0,0
2026-08-22 03:12:18.372694,3300.00,reptiloid,0,0,0
2026-08-22 02:54:03.187065,7750.00,reptiloid,0,0,0
2026-08-22 02:39:05.704349,5500.00,transa,0,0,0
2026-08-22 01:31:53.263195,5625.0000,USDT,0,0,71.450000
2026-08-22 00:39:02.010157,1725.0000,USDT,0,0,21.911000
2026-08-21 23:55:01.412645,3300.00,transa,0,0,0
2026-08-21 23:18:15.961759,5600.00,reptiloid,0,0,0
2026-08-21 23:03:11.198598,5600.00,reptiloid,0,0,0
2026-08-21 22:57:24.763363,4125.0000,USDT,0,0,52.397000
2026-08-21 22:46:30.997167,20000.00,transa,0,0,0
2026-08-21 22:40:06.522812,5500.00,reptiloid,0,0,0
2026-08-21 22:38:07.609009,5225.00,reptiloid,0,0,0
2026-08-21 22:31:10.19044,5400.00,reptiloid,0,0,0
2026-08-21 22:25:22.308668,1725.0000,USDT,0,0,21.911000
2026-08-21 22:11:33.652688,7500.00,reptiloid,0,0,0
2026-08-21 22:08:41.672041,5400.00,reptiloid,0,0,0
2026-08-21 22:07:28.515961,7500.00,reptiloid,0,0,0
2026-08-21 21:52:50.176028,7500.00,reptiloid,0,0,0
2026-08-21 21:51:07.259629,4500.00,reptiloid,0,0,0
2026-08-21 21:51:06.560834,2300.00,reptiloid,0,0,0
2026-08-21 21:36:28.883553,18100.00,reptiloid,0,0,0
2026-08-21 21:35:05.321544,2300.00,transa,0,0,0
2026-08-21 20:37:23.123698,7500.00,reptiloid,0,0,0
2026-08-21 20:19:45.133764,2500.00,transa,0,0,0
2026-08-21 20:18:38.928535,5400.00,card,0,0,0
2026-08-21 20:14:04.151309,6000.0000,USDT,0,0,76.214000
2026-08-21 20:09:42.159844,5600.00,reptiloid,0,0,0
2026-08-21 19:59:52.259406,7500.00,reptiloid,0,0,0
2026-08-21 19:54:48.847084,3300.00,reptiloid,0,0,0
2026-08-21 19:49:20.890377,2300.00,card,0,0,0
2026-08-21 19:37:14.395242,2300.00,reptiloid,0,0,0
2026-08-21 19:33:44.152306,5500.00,card,0,0,0
2026-08-21 19:32:28.341568,3900.0000,USDT,0,0,49.539000
2026-08-21 19:30:13.006798,2300.00,reptiloid,0,0,0
2026-08-21 19:23:07.936892,5400.00,reptiloid,0,0,0
2026-08-21 19:13:52.082252,7500.00,reptiloid,0,0,0
2026-08-21 19:11:07.38636,5600.00,reptiloid,0,0,0
2026-08-21 19:10:29.724691,5600.00,reptiloid,0,0,0
2026-08-21 18:53:39.034275,5600.00,reptiloid,0,0,0
2026-08-21 18:47:49.322546,5500.00,reptiloid,0,0,0
2026-08-21 18:46:09.0285,2300.00,reptiloid,0,0,0
2026-08-21 18:43:44.454556,5600.00,reptiloid,0,0,0
2026-08-21 18:38:49.027011,1910.00,transa,0,0,0
2026-08-21 18:29:18.752514,500.00,reptiloid,0,0,0
2026-08-21 18:25:47.220065,2300.00,transa,0,0,0
2026-08-21 18:20:50.582658,5400.00,reptiloid,0,0,0
2026-08-21 18:20:28.331416,5500.00,nirvana,0,0,0
2026-08-21 18:19:21.635303,3150.00,reptiloid,0,0,0
2026-08-21 18:12:54.568142,500.00,reptiloid,0,0,0
2026-08-21 17:44:34.124963,2300.00,reptiloid,0,0,0
2026-08-21 17:40:54.474157,5500.00,reptiloid,0,0,0
2026-08-21 17:39:54.962123,3300.00,transa,0,0,0
2026-08-21 17:36:41.579986,5500.00,reptiloid,0,0,0
2026-08-21 17:33:44.10094,2300.00,reptiloid,0,0,0
2026-08-21 17:32:06.930212,5500.00,reptiloid,0,0,0
2026-08-21 17:26:04.912423,5500.00,reptiloid,0,0,0
2026-08-21 17:08:22.84978,3300.00,reptiloid,0,0,0
2026-08-21 16:58:24.611323,5600.00,reptiloid,0,0,0
2026-08-21 16:57:18.784906,5500.00,reptiloid,0,0,0
2026-08-21 16:30:31.223446,5600.00,reptiloid,0,0,0
2026-08-21 16:29:30.767172,500.00,reptiloid,0,0,0
2026-08-21 16:05:30.910425,3300.00,reptiloid,0,0,0
2026-08-21 15:59:20.431204,4930.00,reptiloid,0,0,0
2026-08-21 15:54:04.454617,2300.00,reptiloid,0,0,0
2026-08-21 15:38:09.640038,5600.00,reptiloid,0,0,0
2026-08-21 15:28:49.686044,7500.00,reptiloid,0,0,0
2026-08-21 15:14:27.250364,4125.0000,USDT,0,0,52.397000
2026-08-21 15:14:20.793656,2300.00,reptiloid,0,0,0
2026-08-21 14:47:32.602719,2150.00,nirvana,0,0,0
2026-08-21 14:45:23.747926,4125.0000,USDT,0,0,52.397000
2026-08-21 14:41:02.320149,7500.00,reptiloid,0,0,0
2026-08-21 14:40:00.178997,3300.00,reptiloid,0,0,0
2026-08-21 14:29:33.746595,5400.00,reptiloid,0,0,0
2026-08-21 14:24:34.530134,2300.00,reptiloid,0,0,0
2026-08-21 14:14:42.236204,8200.00,reptiloid,0,0,0
2026-08-21 14:08:43.47489,5500.00,reptiloid,0,0,0
2026-08-21 13:52:18.356342,5300.00,reptiloid,0,0,0
2026-08-21 13:31:40.277758,2970.00,reptiloid,0,0,0
2026-08-21 13:19:42.48167,935.0000,BTC,0.00017816,0,0
2026-08-21 12:58:06.260736,2300.00,reptiloid,0,0,0
2026-08-21 12:21:43.986515,5600.00,reptiloid,0,0,0
2026-08-21 11:47:01.224941,2300.00,reptiloid,0,0,0
2026-08-21 11:19:48.332434,5600.00,card,0,0,0
2026-08-21 11:18:10.859306,8200.00,reptiloid,0,0,0
2026-08-21 11:17:19.756498,7040.00,reptiloid,0,0,0
2026-08-21 11:10:01.668443,5100.00,reptiloid,0,0,0
2026-08-21 11:06:11.885706,5550.00,reptiloid,0,0,0
2026-08-21 10:07:06.19375,5600.00,reptiloid,0,0,0
2026-08-21 10:03:25.049149,5500.00,card,0,0,0
2026-08-21 09:53:04.108339,3300.00,card,0,0,0
2026-08-21 09:16:11.654816,8200.00,reptiloid,0,0,0
2026-08-21 09:15:36.946863,3300.00,card,0,0,0
2026-08-21 08:01:19.001065,8200.00,reptiloid,0,0,0
2026-08-21 07:35:07.972395,1100.00,reptiloid,0,0,0
2026-08-21 07:04:14.909041,5000.00,reptiloid,0,0,0
2026-08-21 06:58:48.804928,3600.00,reptiloid,0,0,0
2026-08-21 05:57:15.890842,6150.0000,USDT,0,0,78.119000
2026-08-21 05:02:01.557461,5400.00,reptiloid,0,0,0
2026-08-21 04:56:18.785091,5500.00,reptiloid,0,0,0
2026-08-21 04:36:13.45953,5500.00,reptiloid,0,0,0
2026-08-21 04:02:16.589948,5600.00,reptiloid,0,0,0
2026-08-21 03:39:47.606696,5600.00,reptiloid,0,0,0
2026-08-21 02:45:51.815806,5600.00,reptiloid,0,0,0
2026-08-21 02:02:48.07938,5600.00,reptiloid,0,0,0
2026-08-21 01:57:23.680437,8200.00,nirvana,0,0,0
2026-08-21 01:26:55.481918,3750.0000,USDT,0,0,47.634000
2026-08-20 23:03:39.888599,8200.00,reptiloid,0,0,0
2026-08-20 22:55:38.758632,5600.00,reptiloid,0,0,0
2026-08-20 22:52:41.270443,8200.00,card,0,0,0
2026-08-20 22:41:54.249282,850.00,reptiloid,0,0,0
2026-08-20 22:35:08.162539,4500.00,reptiloid,0,0,0
2026-08-20 22:28:35.873588,3600.00,card,0,0,0
2026-08-20 21:51:05.577249,5400.00,reptiloid,0,0,0
2026-08-20 21:28:02.339299,3290.00,reptiloid,0,0,0
2026-08-20 21:27:26.482,500.00,reptiloid,0,0,0
2026-08-20 21:08:49.397334,5400.00,reptiloid,0,0,0
2026-08-20 20:51:32.397402,5600.00,reptiloid,0,0,0
2026-08-20 20:51:06.596511,5600.00,card,0,0,0
2026-08-20 20:40:45.420621,2100.00,reptiloid,0,0,0
2026-08-20 20:34:35.000677,3600.00,card,0,0,0
2026-08-20 19:24:12.045557,3300.00,reptiloid,0,0,0
2026-08-20 19:17:02.214327,1200.0000,USDT,0,0,15.243000
2026-08-20 19:15:31.163098,4930.00,reptiloid,0,0,0
2026-08-20 19:12:53.646414,5600.00,card,0,0,0
2026-08-20 19:08:16.231078,4125.0000,USDT,0,0,52.397000
2026-08-20 19:01:54.809401,3600.00,card,0,0,0
2026-08-20 18:59:01.002207,5600.00,reptiloid,0,0,0
2026-08-20 18:57:50.319461,5000.00,reptiloid,0,0,0
2026-08-20 18:55:52.102358,7800.00,reptiloid,0,0,0
2026-08-20 18:41:32.458676,2700.0000,USDT,0,0,34.296000
2026-08-20 18:38:59.757497,2300.00,reptiloid,0,0,0
2026-08-20 18:38:37.599421,3020.00,reptiloid,0,0,0
2026-08-20 18:33:25.352064,3300.00,reptiloid,0,0,0
2026-08-20 18:30:03.499324,500.00,reptiloid,0,0,0
2026-08-20 18:24:31.441383,800.00,reptiloid,0,0,0
2026-08-20 18:24:08.138139,2750.00,reptiloid,0,0,0
2026-08-20 18:21:46.493851,7500.00,reptiloid,0,0,0
2026-08-20 18:09:51.011754,2700.0000,USDT,0,0,34.296000
2026-08-20 18:04:48.761522,5600.00,reptiloid,0,0,0
2026-08-20 17:55:47.311221,11500.00,reptiloid,0,0,0
2026-08-20 17:45:50.985878,5000.00,reptiloid,0,0,0
2026-08-20 17:33:21.454329,5600.00,reptiloid,0,0,0
2026-08-20 17:30:05.899247,3000.00,reptiloid,0,0,0
2026-08-20 17:29:30.099424,8200.00,reptiloid,0,0,0
2026-08-20 17:10:43.237376,3300.00,reptiloid,0,0,0
2026-08-20 17:09:03.548548,5000.00,reptiloid,0,0,0
2026-08-20 16:52:23.243345,12500.00,reptiloid,0,0,0
2026-08-20 16:36:49.137946,3300.00,reptiloid,0,0,0
2026-08-20 16:16:32.080563,5500.00,reptiloid,0,0,0
2026-08-20 16:13:35.978747,4900.00,reptiloid,0,0,0
2026-08-20 16:13:18.33336,5600.00,reptiloid,0,0,0
2026-08-20 16:07:21.15933,5600.00,reptiloid,0,0,0
2026-08-20 16:06:21.612635,2300.00,reptiloid,0,0,0
2026-08-20 16:02:31.661693,5600.00,reptiloid,0,0,0
2026-08-20 15:44:10.066329,3300.00,reptiloid,0,0,0
2026-08-20 15:16:43.932831,3300.00,reptiloid,0,0,0
2026-08-20 15:04:08.214533,3300.00,reptiloid,0,0,0
2026-08-20 14:29:54.906808,3600.00,reptiloid,0,0,0
2026-08-20 14:10:36.628,5100.00,reptiloid,0,0,0
2026-08-20 13:51:37.900138,2300.00,card,0,0,0
2026-08-20 13:09:14.189235,19000.00,reptiloid,0,0,0
2026-08-20 12:31:19.696766,5500.00,reptiloid,0,0,0
2026-08-20 12:01:37.653149,13500.0000,USDT,0,0,171.481000
2026-08-20 11:57:23.786065,5400.00,reptiloid,0,0,0
2026-08-20 11:45:24.841816,2500.00,reptiloid,0,0,0
2026-08-20 11:41:47.885497,4500.00,reptiloid,0,0,0
2026-08-20 11:39:35.966447,3100.00,reptiloid,0,0,0
2026-08-20 11:32:26.618102,12500.00,reptiloid,0,0,0
2026-08-20 11:29:02.387622,3600.00,transa,0,0,0
2026-08-20 11:19:33.952882,3600.00,reptiloid,0,0,0
2026-08-20 10:51:26.973602,4625.00,reptiloid,0,0,0
2026-08-20 10:43:13.787505,3600.00,reptiloid,0,0,0
2026-08-20 10:16:18.322656,5400.00,reptiloid,0,0,0
2026-08-20 10:03:41.185326,2300.00,reptiloid,0,0,0
2026-08-20 09:56:22.210711,11500.00,reptiloid,0,0,0
2026-08-20 09:38:35.923583,2300.00,reptiloid,0,0,0
2026-08-20 08:19:17.832385,7500.00,card,0,0,0
2026-08-20 07:17:44.600581,2625.0000,USDT,0,0,33.343000
2026-08-20 07:16:29.443833,2300.00,reptiloid,0,0,0
2026-08-20 05:04:57.846415,3300.00,reptiloid,0,0,0
2026-08-20 04:58:48.51387,3300.00,reptiloid,0,0,0
2026-08-20 04:31:09.807568,2300.00,reptiloid,0,0,0
2026-08-20 02:50:23.337714,3300.00,reptiloid,0,0,0
2026-08-20 02:31:53.193715,19000.00,reptiloid,0,0,0
2026-08-20 02:17:07.961098,2500.00,card,0,0,0
2026-08-20 01:56:16.433142,3300.00,card,0,0,0
2026-08-20 01:21:50.574595,5400.00,reptiloid,0,0,0
2026-08-20 01:04:08.055866,6500.00,card,0,0,0
2026-08-20 00:43:35.995658,3300.00,reptiloid,0,0,0
2026-08-20 00:33:31.601898,1920.00,reptiloid,0,0,0
2026-08-20 00:21:00.334814,5500.00,reptiloid,0,0,0
2026-08-20 00:06:26.536247,2500.00,reptiloid,0,0,0
2026-08-19 22:44:50.255456,2300.00,reptiloid,0,0,0
2026-08-19 22:44:43.434374,2550.0000,USDT,0,0,32.391000
2026-08-19 22:27:00.150528,3300.00,reptiloid,0,0,0
2026-08-19 22:26:06.139846,2300.00,card,0,0,0
2026-08-19 22:17:30.853091,3000.00,reptiloid,0,0,0
2026-08-19 22:16:27.828989,2500.00,reptiloid,0,0,0
2026-08-19 22:07:55.484421,5500.00,reptiloid,0,0,0
2026-08-19 21:45:26.687757,4700.00,reptiloid,0,0,0
2026-08-19 21:26:36.066663,3600.00,reptiloid,0,0,0
2026-08-19 21:05:24.766712,700.00,reptiloid,0,0,0
2026-08-19 21:04:08.758203,5500.00,reptiloid,0,0,0
2026-08-19 21:01:10.410236,11500.00,reptiloid,0,0,0
2026-08-19 20:54:53.298143,5500.00,reptiloid,0,0,0
2026-08-19 20:01:59.398463,5500.00,reptiloid,0,0,0
2026-08-19 19:32:08.394275,3300.00,reptiloid,0,0,0
2026-08-19 19:06:28.394382,2300.00,card,0,0,0
2026-08-19 18:56:29.172301,500.00,reptiloid,0,0,0
2026-08-19 18:38:34.744433,3300.00,reptiloid,0,0,0
2026-08-19 18:31:33.303208,2300.00,reptiloid,0,0,0
2026-08-19 18:29:57.820701,3300.00,reptiloid,0,0,0
2026-08-19 18:02:12.798236,2300.00,reptiloid,0,0,0
2026-08-19 17:38:58.115842,4700.00,nirvana,0,0,0
2026-08-19 17:35:59.159264,2300.00,reptiloid,0,0,0
2026-08-19 17:16:26.66462,7800.00,reptiloid,0,0,0
2026-08-19 17:16:23.447389,3600.00,card,0,0,0
2026-08-19 17:13:54.951327,2300.00,reptiloid,0,0,0
2026-08-19 16:48:36.001155,3300.00,reptiloid,0,0,0
2026-08-19 16:08:50.640699,7800.00,reptiloid,0,0,0
2026-08-19 15:55:49.887032,2300.00,reptiloid,0,0,0
2026-08-19 15:55:23.269185,500.00,reptiloid,0,0,0
2026-08-19 15:49:27.904447,5000.00,reptiloid,0,0,0
2026-08-19 15:46:41.325122,1000.00,reptiloid,0,0,0
2026-08-19 15:34:54.927444,7300.00,reptiloid,0,0,0
2026-08-19 15:14:36.7815,6100.00,reptiloid,0,0,0
2026-08-19 15:12:37.667559,7800.00,reptiloid,0,0,0
2026-08-19 15:03:24.200315,3300.00,reptiloid,0,0,0
2026-08-19 14:58:20.614733,3300.00,reptiloid,0,0,0
2026-08-19 14:03:40.628408,5625.0000,USDT,0,0,71.450000
2026-08-19 13:53:41.164736,3600.00,reptiloid,0,0,0
2026-08-19 13:48:01.776133,7800.00,reptiloid,0,0,0
2026-08-19 13:43:06.251857,7800.00,reptiloid,0,0,0
2026-08-19 13:38:46.280954,3300.0000,USDT,0,0,41.918000
2026-08-19 13:32:05.190972,800.00,reptiloid,0,0,0
2026-08-19 13:23:43.17984,7800.00,reptiloid,0,0,0
2026-08-19 13:23:16.62101,14250.0000,USDT,0,0,181.008000
2026-08-19 13:08:45.002959,7800.00,reptiloid,0,0,0
2026-08-19 12:48:14.55226,3300.00,reptiloid,0,0,0
2026-08-19 12:14:47.166442,3300.00,reptiloid,0,0,0
2026-08-19 12:11:13.265196,3300.00,card,0,0,0
2026-08-19 11:40:19.869281,2300.00,card,0,0,0
2026-08-19 11:06:41.542245,7800.00,transa,0,0,0
2026-08-19 09:56:28.03199,7800.00,transa,0,0,0
2026-08-19 09:43:52.904216,3300.00,card,0,0,0
2026-08-19 09:34:26.693344,3300.00,reptiloid,0,0,0
2026-08-19 06:02:25.757373,8000.00,reptiloid,0,0,0
2026-08-19 05:21:15.034953,11500.00,reptiloid,0,0,0
2026-08-19 04:51:09.386391,2500.00,card,0,0,0
2026-08-19 01:51:10.647905,5100.0000,USDT,0,0,64.782000
2026-08-19 01:39:44.743414,3300.00,reptiloid,0,0,0
2026-08-19 01:23:15.741782,3300.00,card,0,0,0
2026-08-19 00:06:41.992026,7800.00,card,0,0,0
2026-08-18 23:45:36.572397,3300.00,reptiloid,0,0,0
2026-08-18 23:44:59.739106,7900.00,transa,0,0,0
2026-08-18 23:44:40.232654,3600.00,reptiloid,0,0,0
2026-08-18 23:13:40.928456,3300.00,reptiloid,0,0,0
2026-08-18 23:12:00.702306,2300.00,reptiloid,0,0,0
2026-08-18 22:24:06.254805,4000.00,card,0,0,0
2026-08-18 21:46:49.554006,3300.00,reptiloid,0,0,0
2026-08-18 21:29:12.899454,7500.00,transa,0,0,0
2026-08-18 21:09:26.973736,2300.00,reptiloid,0,0,0
2026-08-18 21:03:09.963756,3300.00,card,0,0,0
2026-08-18 20:45:48.934485,7800.00,card,0,0,0
2026-08-18 20:44:22.18604,2300.00,reptiloid,0,0,0
2026-08-18 20:43:39.411721,3300.00,transa,0,0,0
2026-08-18 20:21:38.22058,3300.00,reptiloid,0,0,0
2026-08-18 19:27:16.642858,5600.00,transa,0,0,0
2026-08-18 19:26:46.218514,1500.00,card,0,0,0
2026-08-18 19:12:10.444756,2300.00,transa,0,0,0
2026-08-18 19:08:31.618235,5600.00,reptiloid,0,0,0
2026-08-18 18:55:02.07768,5600.00,reptiloid,0,0,0
2026-08-18 18:36:59.087597,5600.00,transa,0,0,0
2026-08-18 18:28:04.665778,8000.00,card,0,0,0
2026-08-18 18:24:20.336007,3300.00,card,0,0,0
2026-08-18 18:19:34.809892,5400.00,transa,0,0,0
2026-08-18 18:17:37.006385,2000.00,card,0,0,0
2026-08-18 18:12:19.208484,2300.00,card,0,0,0
2026-08-18 17:40:21.615396,3300.00,card,0,0,0
2026-08-18 17:35:20.877327,2000.00,reptiloid,0,0,0
2026-08-18 17:18:40.443478,3300.00,transa,0,0,0
2026-08-18 17:03:53.955216,8000.00,reptiloid,0,0,0
2026-08-18 16:53:15.115497,2300.00,card,0,0,0
2026-08-18 16:31:42.183985,5600.00,reptiloid,0,0,0
2026-08-18 16:13:50.776289,12500.00,card,0,0,0
2026-08-18 16:09:31.203206,12500.00,card,0,0,0
2026-08-18 16:07:23.299623,7800.00,reptiloid,0,0,0
2026-08-18 16:00:18.709518,5500.00,reptiloid,0,0,0
2026-08-18 15:54:18.963892,5600.00,card,0,0,0
2026-08-18 15:36:17.849675,4200.00,card,0,0,0
2026-08-18 15:29:40.733497,1700.00,transa,0,0,0
2026-08-18 15:24:52.693042,5300.00,reptiloid,0,0,0
2026-08-18 15:00:58.281936,3300.00,card,0,0,0
2026-08-18 14:24:45.291486,2300.00,reptiloid,0,0,0
2026-08-18 14:02:48.349133,2300.00,card,0,0,0
2026-08-18 13:56:34.902534,7800.00,reptiloid,0,0,0
2026-08-18 13:50:20.569631,7500.00,reptiloid,0,0,0
2026-08-18 12:55:03.893264,10000.00,nirvana,0,0,0
2026-08-18 12:53:13.761404,8000.00,reptiloid,0,0,0
2026-08-18 12:53:03.233653,3300.00,USDT,0,0,31.438000
2026-08-18 12:42:02.98446,700.00,transa,0,0,0
2026-08-18 12:35:53.1338,7800.00,transa,0,0,0
2026-08-18 12:34:21.77366,7800.00,reptiloid,0,0,0
2026-08-18 12:12:16.995166,2700.00,transa,0,0,0
2026-08-18 11:34:23.127573,2500.00,reptiloid,0,0,0
2026-08-18 11:05:24.895795,3300.00,reptiloid,0,0,0
2026-08-18 09:52:45.247717,2300.00,card,0,0,0
2026-08-18 09:26:04.89293,3300.00,card,0,0,0
2026-08-18 08:04:18.358244,12500.00,card,0,0,0
2026-08-18 07:59:27.773103,2300.00,transa,0,0,0
2026-08-18 07:08:13.255503,1000.00,card,0,0,0
2026-08-18 06:28:21.912741,2300.00,transa,0,0,0
2026-08-18 04:09:51.991591,3300.00,reptiloid,0,0,0
2026-08-18 03:16:34.101207,3300.00,card,0,0,0
2026-08-18 00:47:22.92269,3300.00,transa,0,0,0
2026-08-17 23:17:57.102696,19000.00,reptiloid,0,0,0
2026-08-17 23:09:14.263891,8000.00,reptiloid,0,0,0
2026-08-17 22:22:01.445436,3300.00,transa,0,0,0
2026-08-17 22:19:52.86005,5400.00,reptiloid,0,0,0
2026-08-17 21:59:23.386049,3300.00,card,0,0,0
2026-08-17 20:40:03.657903,5400.00,transa,0,0,0
2026-08-17 20:37:58.249248,7500.00,reptiloid,0,0,0
2026-08-17 20:36:34.030641,4100.00,nirvana,0,0,0
2026-08-17 20:30:47.716173,3300.00,reptiloid,0,0,0
2026-08-17 20:15:24.353072,7800.00,reptiloid,0,0,0
2026-08-17 20:01:00.373265,6000.0000,USDT,0,0,76.214000
2026-08-17 19:51:42.184429,5300.00,reptiloid,0,0,0
2026-08-17 19:51:08.566247,7800.00,reptiloid,0,0,0
2026-08-17 19:38:01.100742,7500.00,reptiloid,0,0,0
2026-08-17 19:11:16.436105,2300.00,reptiloid,0,0,0
2026-08-17 18:23:51.508298,7800.00,transa,0,0,0
2026-08-17 18:16:13.415873,3300.0000,USDT,0,0,41.918000
2026-08-17 17:37:52.249246,7800.00,card,0,0,0
2026-08-17 17:15:31.888636,2300.00,reptiloid,0,0,0
2026-08-17 17:06:20.665821,7800.00,card,0,0,0
2026-08-17 16:19:05.54377,2300.00,USDT,0,0,21.911000
2026-08-17 16:15:13.667166,5500.00,reptiloid,0,0,0
2026-08-17 16:09:07.497991,3300.00,reptiloid,0,0,0
2026-08-17 15:20:10.708416,4000.00,card,0,0,0
2026-08-17 15:15:50.929584,7800.00,reptiloid,0,0,0
2026-08-17 15:15:35.014569,7800.00,reptiloid,0,0,0
2026-08-17 14:06:01.622397,5400.00,reptiloid,0,0,0
2026-08-17 13:58:03.704627,20000.00,reptiloid,0,0,0
2026-08-17 13:18:48.974171,5500.00,transa,0,0,0
2026-08-17 12:46:04.383254,3300.00,reptiloid,0,0,0
2026-08-17 12:05:59.615534,2250.00,transa,0,0,0
2026-08-17 11:47:22.831848,2300.00,reptiloid,0,0,0
2026-08-17 11:26:25.788145,5500.00,nirvana,0,0,0
2026-08-17 11:03:34.381113,3300.00,reptiloid,0,0,0
2026-08-17 11:03:07.736726,2300.00,reptiloid,0,0,0
2026-08-17 10:57:23.808222,3300.00,transa,0,0,0
2026-08-17 10:50:45.005854,3300.00,reptiloid,0,0,0
2026-08-17 09:01:19.010782,5800.00,reptiloid,0,0,0
2026-08-17 08:14:39.728699,3300.00,transa,0,0,0
2026-08-17 08:04:59.586232,5500.00,reptiloid,0,0,0
2026-08-17 07:59:54.746404,2300.00,card,0,0,0
2026-08-17 06:48:02.028265,2550.00,card,0,0,0
2026-08-17 06:18:49.744101,2300.00,reptiloid,0,0,0
2026-08-17 06:16:26.740304,5400.00,reptiloid,0,0,0
2026-08-17 04:15:22.012563,5700.00,reptiloid,0,0,0
2026-08-17 02:57:53.977863,2300.00,transa,0,0,0
2026-08-17 02:06:55.30344,8200.00,transa,0,0,0
2026-08-17 01:29:33.337464,3300.00,transa,0,0,0
