date_time,amount,method,btc,ltc,usdt
2026-10-05 19:28:00.629958,4400.00,transa,0,0,0
2026-10-05 19:18:10.672744,4400.00,transa,0,0,0
2026-10-05 19:13:08.869821,4400.00,transa,0,0,0
2026-10-05 19:06:04.849068,7300.00,transa,0,0,0
2026-10-05 18:54:13.109059,1500.0000,USDT,0,0,19.948000
2026-10-05 18:39:00.838549,4400.00,merchant001,0,0,0
2026-10-05 18:35:38.887162,4500.00,transa,0,0,0
2026-10-05 18:25:55.201922,4400.00,transa,0,0,0
2026-10-05 18:24:05.344033,1000.00,merchant001,0,0,0
2026-10-05 18:22:09.812588,6800.00,merchant001,0,0,0
2026-10-05 18:18:40.909319,4400.00,transa,0,0,0
2026-10-05 18:07:16.771972,4400.00,transa,0,0,0
2026-10-05 18:07:04.131622,4500.00,transa,0,0,0
2026-10-05 17:59:59.597813,4500.00,card,0,0,0
2026-10-05 17:57:23.680889,4500.00,merchant001,0,0,0
2026-10-05 17:54:59.58601,7300.00,transa,0,0,0
2026-10-05 17:54:45.165627,4500.00,transa,0,0,0
2026-10-05 17:46:02.803231,7300.00,transa,0,0,0
2026-10-05 17:45:26.9586,7300.00,card,0,0,0
2026-10-05 17:37:43.875707,4400.00,transa,0,0,0
2026-10-05 17:32:12.196029,4500.00,transa,0,0,0
2026-10-05 17:14:45.874908,4500.00,transa,0,0,0
2026-10-05 17:09:59.402728,7300.00,transa,0,0,0
2026-10-05 17:05:34.985112,7300.00,transa,0,0,0
2026-10-05 16:54:04.650647,4400.00,transa,0,0,0
2026-10-05 16:36:56.519636,5150.00,transa,0,0,0
2026-10-05 16:33:46.439783,7300.00,transa,0,0,0
2026-10-05 16:23:49.329009,7300.00,merchant001,0,0,0
2026-10-05 16:23:14.034132,7300.00,transa,0,0,0
2026-10-05 16:21:48.389857,4400.00,transa,0,0,0
2026-10-05 16:18:18.363986,4500.00,transa,0,0,0
2026-10-05 16:16:47.063879,500.00,transa,0,0,0
2026-10-05 16:15:18.177692,3100.00,transa,0,0,0
2026-10-05 16:09:47.516775,1400.00,transa,0,0,0
2026-10-05 15:59:36.662023,7300.00,transa,0,0,0
2026-10-05 15:59:07.734368,2150.00,card,0,0,0
2026-10-05 15:58:20.082757,4000.00,transa,0,0,0
2026-10-05 15:56:03.859705,4400.00,card,0,0,0
2026-10-05 15:50:40.667036,7300.00,transa,0,0,0
2026-10-05 15:48:33.158863,7300.00,card,0,0,0
2026-10-05 15:44:11.040317,2000.00,transa,0,0,0
2026-10-05 15:43:54.738219,4400.00,transa,0,0,0
2026-10-05 15:43:54.465218,1100.00,transa,0,0,0
2026-10-05 15:42:26.011978,4500.00,merchant001,0,0,0
2026-10-05 14:06:30.940106,4400.00,transa,0,0,0
2026-10-05 14:01:16.189477,7300.00,merchant001,0,0,0
2026-10-05 13:41:36.341236,4400.00,merchant001,0,0,0
2026-10-05 13:16:23.386318,3100.00,transa,0,0,0
2026-10-05 13:10:28.161648,3100.00,merchant001,0,0,0
2026-10-05 13:07:03.462934,7300.00,merchant001,0,0,0
2026-10-05 13:02:49.436449,7300.00,merchant001,0,0,0
2026-10-05 12:34:59.912735,1000.00,card,0,0,0
2026-10-05 12:32:06.367066,4400.00,merchant001,0,0,0
2026-10-05 12:04:22.232873,7300.00,merchant001,0,0,0
2026-10-05 12:03:50.918529,4400.00,merchant001,0,0,0
2026-10-05 10:37:32.201381,4500.00,merchant001,0,0,0
2026-10-05 10:25:24.711825,3100.00,merchant001,0,0,0
2026-10-05 10:20:13.296247,2000.00,merchant001,0,0,0
2026-10-05 10:05:42.996164,1400.00,card,0,0,0
2026-10-05 09:59:36.126342,4400.00,transa,0,0,0
2026-10-05 09:48:13.783005,4400.00,merchant001,0,0,0
2026-10-05 09:36:01.68642,4400.00,merchant001,0,0,0
2026-10-05 09:15:54.401902,4400.00,card,0,0,0
2026-10-05 06:55:56.778854,3375.0000,USDT,0,0,44.883000
2026-10-05 06:36:07.45847,7300.00,merchant001,0,0,0
2026-10-05 06:28:11.766536,4500.00,merchant001,0,0,0
2026-10-05 04:24:58.968163,4400.00,transa,0,0,0
2026-10-05 03:50:24.161696,4500.00,merchant001,0,0,0
2026-10-05 03:18:00.060901,4500.00,card,0,0,0
2026-10-05 02:13:07.760171,4500.00,merchant001,0,0,0
2026-10-05 01:40:01.793563,4400.00,merchant001,0,0,0
2026-10-05 01:16:34.300161,4500.00,merchant001,0,0,0
2026-10-05 01:04:54.872497,7300.00,card,0,0,0
2026-10-05 01:01:27.768025,4400.00,transa,0,0,0
2026-10-05 00:43:43.473617,7300.00,card,0,0,0
2026-10-05 00:25:58.190172,4500.00,card,0,0,0
2026-10-05 00:04:43.304242,4400.00,card,0,0,0
2026-10-04 23:35:15.65925,4400.00,card,0,0,0
2026-10-04 23:33:26.14204,3100.00,card,0,0,0
2026-10-04 23:16:38.809235,4400.00,card,0,0,0
2026-10-04 23:07:10.162896,4500.00,card,0,0,0
2026-10-04 23:03:35.762052,4300.00,card,0,0,0
2026-10-04 22:41:16.894793,4500.00,merchant001,0,0,0
2026-10-04 22:12:02.750235,4300.00,transa,0,0,0
2026-10-04 22:03:48.098804,4500.00,card,0,0,0
2026-10-04 22:02:05.84602,4400.00,merchant001,0,0,0
2026-10-04 21:56:43.533892,4500.00,merchant001,0,0,0
2026-10-04 21:39:35.573211,4400.00,card,0,0,0
2026-10-04 21:35:42.949147,2500.00,card,0,0,0
2026-10-04 21:35:05.255474,7700.00,merchant001,0,0,0
2026-10-04 21:07:36.829543,7300.00,merchant001,0,0,0
2026-10-04 20:59:25.177919,4500.00,merchant001,0,0,0
2026-10-04 20:56:06.765661,4400.00,merchant001,0,0,0
2026-10-04 20:38:27.781322,3100.00,transa,0,0,0
2026-10-04 20:27:31.03787,4500.00,merchant001,0,0,0
2026-10-04 20:16:07.542536,3100.00,transa,0,0,0
2026-10-04 20:10:50.087488,4500.00,transa,0,0,0
2026-10-04 19:53:06.11927,4500.00,transa,0,0,0
2026-10-04 19:40:17.933708,4400.00,USDT,0,0,43.886000
2026-10-04 19:38:00.789175,1400.00,LTC,0,0.23725482,0
2026-10-04 18:54:14.160532,1100.00,LTC,0,0.18686208,0
2026-10-04 18:43:06.318312,4400.00,merchant001,0,0,0
2026-10-04 18:37:23.635624,4500.00,transa,0,0,0
2026-10-04 18:07:03.808917,7300.00,merchant001,0,0,0
2026-10-04 18:05:26.43051,7300.00,merchant001,0,0,0
2026-10-04 17:56:53.48339,4500.00,USDT,0,0,44.883000
2026-10-04 17:53:22.770813,4500.00,merchant001,0,0,0
2026-10-04 17:52:17.344333,7300.00,merchant001,0,0,0
2026-10-04 17:38:43.898199,3100.00,merchant001,0,0,0
2026-10-04 17:27:36.269601,7300.00,merchant001,0,0,0
2026-10-04 17:26:33.684057,1500.00,transa,0,0,0
2026-10-04 17:25:40.694365,4400.00,merchant001,0,0,0
2026-10-04 17:19:49.947497,4500.00,transa,0,0,0
2026-10-04 17:06:57.883408,4400.00,transa,0,0,0
2026-10-04 17:06:57.333578,1400.00,transa,0,0,0
2026-10-04 17:03:42.284182,4500.00,merchant001,0,0,0
2026-10-04 17:00:52.761655,4400.00,transa,0,0,0
2026-10-04 16:58:26.650583,4400.00,merchant001,0,0,0
2026-10-04 16:49:32.093459,4400.00,merchant001,0,0,0
2026-10-04 16:47:51.825691,7300.00,transa,0,0,0
2026-10-04 16:39:12.975482,4400.00,merchant001,0,0,0
2026-10-04 16:36:30.244092,3300.0000,USDT,0,0,43.886000
2026-10-04 16:30:48.151598,3000.00,transa,0,0,0
2026-10-04 16:30:46.311985,7700.00,merchant001,0,0,0
2026-10-04 16:30:25.686284,2000.00,transa,0,0,0
2026-10-04 16:00:00.903506,4400.00,merchant001,0,0,0
2026-10-04 15:51:33.665198,7300.00,merchant001,0,0,0
2026-10-04 15:49:18.766068,4400.00,transa,0,0,0
2026-10-04 15:42:05.877477,7300.00,merchant001,0,0,0
2026-10-04 15:40:26.693841,7300.00,merchant001,0,0,0
2026-10-04 15:40:16.245545,4300.00,transa,0,0,0
2026-10-04 15:31:45.577784,4500.00,transa,0,0,0
2026-10-04 15:27:56.472757,7200.00,merchant001,0,0,0
2026-10-04 15:24:23.902414,7200.00,merchant001,0,0,0
2026-10-04 15:19:24.161129,4200.00,transa,0,0,0
2026-10-04 15:14:20.374882,4300.00,merchant001,0,0,0
2026-10-04 14:58:09.476666,7300.00,reptiloid,0,0,0
2026-10-04 14:57:33.912691,7200.00,merchant001,0,0,0
2026-10-04 14:35:57.728448,1300.00,reptiloid,0,0,0
2026-10-04 14:21:48.235447,4300.00,reptiloid,0,0,0
2026-10-04 14:15:21.92826,7200.00,reptiloid,0,0,0
2026-10-04 14:09:04.058366,4300.00,reptiloid,0,0,0
2026-10-04 14:03:55.913827,600.00,reptiloid,0,0,0
2026-10-04 14:01:10.962077,7200.00,reptiloid,0,0,0
2026-10-04 13:57:01.995066,500.00,reptiloid,0,0,0
2026-10-04 13:34:13.49049,3100.00,reptiloid,0,0,0
2026-10-04 13:21:35.760856,7200.00,reptiloid,0,0,0
2026-10-04 13:18:09.201805,7200.00,reptiloid,0,0,0
2026-10-04 13:08:37.93953,1300.00,card,0,0,0
2026-10-04 13:05:11.76232,4300.00,card,0,0,0
2026-10-04 12:36:09.972839,4300.00,card,0,0,0
2026-10-04 12:27:21.433352,1200.00,reptiloid,0,0,0
2026-10-04 12:10:52.246919,4300.00,reptiloid,0,0,0
2026-10-04 10:56:01.068523,4300.00,reptiloid,0,0,0
2026-10-04 10:45:54.842827,10500.00,reptiloid,0,0,0
2026-10-04 10:11:21.529256,3100.00,reptiloid,0,0,0
2026-10-04 10:11:14.383172,4300.00,merchant001,0,0,0
2026-10-04 09:56:19.242632,7700.00,card,0,0,0
2026-10-04 07:24:18.846941,4300.00,reptiloid,0,0,0
2026-10-04 04:32:03.826954,4300.00,card,0,0,0
2026-10-04 04:14:24.93558,2000.00,reptiloid,0,0,0
2026-10-04 03:29:10.302881,7700.00,card,0,0,0
2026-10-04 03:19:24.539653,4300.00,reptiloid,0,0,0
2026-10-04 02:46:33.660202,2000.00,card,0,0,0
2026-10-04 02:20:54.440198,3000.00,reptiloid,0,0,0
2026-10-04 02:18:28.605943,4300.00,reptiloid,0,0,0
2026-10-04 00:37:40.77404,2200.00,card,0,0,0
2026-10-04 00:34:01.361387,7700.00,merchant001,0,0,0
2026-10-04 00:29:45.820935,3500.00,transa,0,0,0
2026-10-03 23:55:02.855616,1300.00,reptiloid,0,0,0
2026-10-03 23:53:36.091678,3100.00,merchant001,0,0,0
2026-10-03 22:55:28.834627,4300.00,reptiloid,0,0,0
2026-10-03 22:34:47.401709,2200.00,reptiloid,0,0,0
2026-10-03 22:12:13.468996,710.00,reptiloid,0,0,0
2026-10-03 22:11:37.255279,4300.00,reptiloid,0,0,0
2026-10-03 22:11:23.792229,2100.00,reptiloid,0,0,0
2026-10-03 22:06:59.263772,1999.00,reptiloid,0,0,0
2026-10-03 22:05:47.718025,3500.00,reptiloid,0,0,0
2026-10-03 22:04:51.683398,1999.00,reptiloid,0,0,0
2026-10-03 21:19:36.075701,10500.00,reptiloid,0,0,0
2026-10-03 21:15:39.035716,4300.00,reptiloid,0,0,0
2026-10-03 21:14:18.973607,1300.00,USDT,0,0,12.966000
2026-10-03 20:42:45.658635,7700.00,reptiloid,0,0,0
2026-10-03 20:41:20.786527,7700.00,reptiloid,0,0,0
2026-10-03 20:40:07.956813,1100.00,reptiloid,0,0,0
2026-10-03 20:10:57.234578,3000.00,reptiloid,0,0,0
2026-10-03 20:10:35.436173,10500.00,reptiloid,0,0,0
2026-10-03 20:04:17.65179,4700.00,transa,0,0,0
2026-10-03 19:59:20.749485,4300.00,reptiloid,0,0,0
2026-10-03 19:32:28.90455,4300.00,reptiloid,0,0,0
2026-10-03 19:31:50.865397,7700.00,reptiloid,0,0,0
2026-10-03 19:28:11.988795,4300.00,reptiloid,0,0,0
2026-10-03 19:21:20.296897,10500.00,reptiloid,0,0,0
2026-10-03 19:17:58.332815,3100.00,reptiloid,0,0,0
2026-10-03 19:06:46.399684,4250.00,reptiloid,0,0,0
2026-10-03 18:09:26.629181,1300.00,reptiloid,0,0,0
2026-10-03 18:07:20.644264,3300.00,reptiloid,0,0,0
2026-10-03 18:03:14.729364,4300.00,reptiloid,0,0,0
2026-10-03 17:54:42.59696,4300.00,reptiloid,0,0,0
2026-10-03 17:52:07.038022,4300.00,reptiloid,0,0,0
2026-10-03 17:50:37.27707,4300.00,reptiloid,0,0,0
2026-10-03 17:27:03.451144,3100.00,reptiloid,0,0,0
2026-10-03 17:21:22.238569,4300.00,reptiloid,0,0,0
2026-10-03 17:16:34.136957,4300.00,merchant001,0,0,0
2026-10-03 17:13:17.478841,4300.00,reptiloid,0,0,0
2026-10-03 17:10:37.129233,4300.00,reptiloid,0,0,0
2026-10-03 17:06:25.516863,4300.00,reptiloid,0,0,0
2026-10-03 17:04:57.529036,4300.00,reptiloid,0,0,0
2026-10-03 17:04:00.594187,4500.00,reptiloid,0,0,0
2026-10-03 16:55:15.146864,4500.00,merchant001,0,0,0
2026-10-03 16:45:02.003063,4300.00,card,0,0,0
2026-10-03 16:42:07.734678,7200.00,reptiloid,0,0,0
2026-10-03 16:41:38.812853,7200.00,reptiloid,0,0,0
2026-10-03 16:32:08.650327,4300.00,reptiloid,0,0,0
2026-10-03 16:23:51.517249,4500.00,card,0,0,0
2026-10-03 16:10:39.652422,4200.00,transa,0,0,0
2026-10-03 16:05:18.077855,4300.00,reptiloid,0,0,0
2026-10-03 15:45:50.173858,4300.00,card,0,0,0
2026-10-03 15:40:14.806244,10500.00,reptiloid,0,0,0
2026-10-03 15:33:50.525665,4300.00,card,0,0,0
2026-10-03 15:27:04.135726,4300.00,reptiloid,0,0,0
2026-10-03 15:16:36.594666,4500.00,card,0,0,0
2026-10-03 15:12:50.426202,7200.00,merchant001,0,0,0
2026-10-03 15:08:05.464638,4300.00,reptiloid,0,0,0
2026-10-03 14:57:25.989129,4300.00,card,0,0,0
2026-10-03 14:53:27.374004,1300.00,reptiloid,0,0,0
2026-10-03 14:41:10.21255,4300.00,reptiloid,0,0,0
2026-10-03 14:36:55.515008,7200.00,reptiloid,0,0,0
2026-10-03 14:30:46.035085,3100.00,reptiloid,0,0,0
2026-10-03 14:21:15.960189,3100.00,reptiloid,0,0,0
2026-10-03 14:19:17.044155,7200.00,card,0,0,0
2026-10-03 14:08:44.716394,3100.00,card,0,0,0
2026-10-03 14:05:26.132353,3800.00,reptiloid,0,0,0
2026-10-03 14:03:55.871889,4300.00,reptiloid,0,0,0
2026-10-03 14:03:26.477531,4300.00,reptiloid,0,0,0
2026-10-03 13:59:55.553739,4500.00,reptiloid,0,0,0
2026-10-03 13:53:08.746352,4500.00,reptiloid,0,0,0
2026-10-03 13:45:06.670432,600.00,reptiloid,0,0,0
2026-10-03 13:41:49.287126,3500.00,reptiloid,0,0,0
2026-10-03 13:35:45.285599,3225.0000,USDT,0,0,42.888000
2026-10-03 13:35:33.717022,4500.00,merchant001,0,0,0
2026-10-03 13:17:07.487136,4300.00,reptiloid,0,0,0
2026-10-03 13:14:28.748634,4500.00,reptiloid,0,0,0
2026-10-03 13:09:27.157817,4300.00,merchant001,0,0,0
2026-10-03 12:59:06.481222,4500.00,merchant001,0,0,0
2026-10-03 12:55:07.381857,1300.00,reptiloid,0,0,0
2026-10-03 12:54:23.073134,4300.00,reptiloid,0,0,0
2026-10-03 12:44:33.072433,4300.00,reptiloid,0,0,0
2026-10-03 12:43:19.923841,5700.00,reptiloid,0,0,0
2026-10-03 12:41:03.011637,1300.00,reptiloid,0,0,0
2026-10-03 12:37:44.195889,1300.00,reptiloid,0,0,0
2026-10-03 12:29:42.936195,4300.00,reptiloid,0,0,0
2026-10-03 12:20:54.869631,7200.00,reptiloid,0,0,0
2026-10-03 12:03:10.78771,4300.00,reptiloid,0,0,0
2026-10-03 12:02:49.000224,3100.00,reptiloid,0,0,0
2026-10-03 12:01:40.919236,3300.00,reptiloid,0,0,0
2026-10-03 11:40:12.030423,4300.00,reptiloid,0,0,0
2026-10-03 11:30:25.192888,7200.00,reptiloid,0,0,0
2026-10-03 11:28:37.28308,4500.00,reptiloid,0,0,0
2026-10-03 11:18:58.160109,7200.00,reptiloid,0,0,0
2026-10-03 11:10:02.521069,4500.00,reptiloid,0,0,0
2026-10-03 11:07:21.543733,7200.00,reptiloid,0,0,0
2026-10-03 10:53:03.142659,7700.00,reptiloid,0,0,0
2026-10-03 10:38:58.278691,4500.00,reptiloid,0,0,0
2026-10-03 10:32:13.258277,4500.00,reptiloid,0,0,0
2026-10-03 10:22:52.502809,4300.00,reptiloid,0,0,0
2026-10-03 10:15:41.672408,4300.00,reptiloid,0,0,0
2026-10-03 10:09:11.119771,4300.00,reptiloid,0,0,0
2026-10-03 10:08:42.629978,7200.00,reptiloid,0,0,0
2026-10-03 09:56:09.049793,5000.00,onlypays,0,0,0
2026-10-03 09:44:47.717525,4300.00,USDT,0,0,42.888000
2026-10-03 09:31:21.23601,3100.00,reptiloid,0,0,0
2026-10-03 09:09:02.997302,3100.00,reptiloid,0,0,0
2026-10-03 08:46:28.49694,7200.00,reptiloid,0,0,0
2026-10-03 08:41:54.363061,4300.00,reptiloid,0,0,0
2026-10-03 08:27:58.876324,4300.00,reptiloid,0,0,0
2026-10-03 08:25:11.410854,4300.00,reptiloid,0,0,0
2026-10-03 08:14:04.640091,4300.00,reptiloid,0,0,0
2026-10-03 08:06:01.30126,4500.00,reptiloid,0,0,0
2026-10-03 07:55:50.442622,2000.00,reptiloid,0,0,0
2026-10-03 07:36:44.162703,4300.00,reptiloid,0,0,0
2026-10-03 06:26:50.102431,4300.00,reptiloid,0,0,0
2026-10-03 06:04:25.459099,7200.00,reptiloid,0,0,0
2026-10-03 05:20:20.135423,4300.00,reptiloid,0,0,0
2026-10-03 05:07:15.17237,4300.00,reptiloid,0,0,0
2026-10-03 05:05:37.671863,4300.00,reptiloid,0,0,0
2026-10-03 04:32:20.380805,4300.00,reptiloid,0,0,0
2026-10-03 04:05:51.373763,1300.00,reptiloid,0,0,0
2026-10-03 03:47:19.935986,7700.00,merchant001,0,0,0
2026-10-03 03:43:00.54321,4300.00,transa,0,0,0
2026-10-03 03:08:57.265625,4300.00,reptiloid,0,0,0
2026-10-03 02:35:39.863494,4300.00,reptiloid,0,0,0
2026-10-03 02:14:42.560948,3100.00,reptiloid,0,0,0
2026-10-03 01:36:11.848252,4300.00,merchant001,0,0,0
2026-10-03 00:59:32.804926,7200.00,reptiloid,0,0,0
2026-10-03 00:53:55.97637,4300.00,reptiloid,0,0,0
2026-10-03 00:18:55.690406,4300.00,reptiloid,0,0,0
2026-10-03 00:14:42.891712,3655.0000,LTC,0,0.73736453,0
2026-10-03 00:11:37.630432,3200.00,reptiloid,0,0,0
2026-10-02 23:29:47.743378,4300.00,reptiloid,0,0,0
2026-10-02 23:17:07.492472,4300.00,transa,0,0,0
2026-10-02 23:13:43.411591,7200.00,reptiloid,0,0,0
2026-10-02 23:13:35.868928,1300.00,reptiloid,0,0,0
2026-10-02 23:13:02.097413,4300.00,reptiloid,0,0,0
2026-10-02 23:03:33.994358,4300.00,reptiloid,0,0,0
2026-10-02 22:39:31.090441,4300.00,reptiloid,0,0,0
2026-10-02 22:33:34.954677,4300.00,reptiloid,0,0,0
2026-10-02 22:29:13.422371,7200.00,reptiloid,0,0,0
2026-10-02 22:14:36.551499,4300.00,reptiloid,0,0,0
2026-10-02 21:58:10.915964,500.00,reptiloid,0,0,0
2026-10-02 21:56:44.496955,4300.00,reptiloid,0,0,0
2026-10-02 21:56:39.871362,7700.00,reptiloid,0,0,0
2026-10-02 21:53:55.856904,7200.00,reptiloid,0,0,0
2026-10-02 21:43:05.517708,4300.00,reptiloid,0,0,0
2026-10-02 21:42:06.787072,2700.00,reptiloid,0,0,0
2026-10-02 21:29:00.269098,4300.00,reptiloid,0,0,0
2026-10-02 21:25:56.271782,4300.00,reptiloid,0,0,0
2026-10-02 21:25:25.364524,4300.00,reptiloid,0,0,0
2026-10-02 21:23:46.713085,7700.00,merchant001,0,0,0
2026-10-02 20:52:36.555177,4300.00,reptiloid,0,0,0
2026-10-02 20:51:24.681255,7200.00,reptiloid,0,0,0
2026-10-02 20:35:45.514492,7700.00,reptiloid,0,0,0
2026-10-02 20:34:56.895194,7200.00,reptiloid,0,0,0
2026-10-02 20:24:52.959861,4300.00,reptiloid,0,0,0
2026-10-02 20:22:11.413795,4300.00,reptiloid,0,0,0
2026-10-02 20:20:31.269754,7200.00,reptiloid,0,0,0
2026-10-02 20:15:38.945274,4300.00,reptiloid,0,0,0
2026-10-02 20:14:13.941319,4300.00,reptiloid,0,0,0
2026-10-02 20:04:29.498132,7200.00,reptiloid,0,0,0
2026-10-02 20:03:23.704469,7200.00,reptiloid,0,0,0
2026-10-02 20:02:14.669052,4300.00,reptiloid,0,0,0
2026-10-02 19:58:23.477925,4300.00,reptiloid,0,0,0
2026-10-02 19:56:41.872,600.00,reptiloid,0,0,0
2026-10-02 19:52:20.677253,6000.00,reptiloid,0,0,0
2026-10-02 19:43:28.527398,3700.00,LTC,0,0.62902696,0
2026-10-02 19:40:08.591956,4300.00,reptiloid,0,0,0
2026-10-02 19:39:52.423484,4300.00,reptiloid,0,0,0
2026-10-02 19:39:15.9152,3500.00,transa,0,0,0
2026-10-02 19:34:04.172968,2000.00,reptiloid,0,0,0
2026-10-02 19:23:44.346664,3100.00,reptiloid,0,0,0
2026-10-02 19:21:03.611641,4300.00,reptiloid,0,0,0
2026-10-02 19:20:02.985974,4300.00,reptiloid,0,0,0
2026-10-02 19:17:25.288787,4300.00,reptiloid,0,0,0
2026-10-02 19:16:39.982726,7200.00,reptiloid,0,0,0
2026-10-02 19:11:19.7041,4300.00,reptiloid,0,0,0
2026-10-02 19:10:04.432751,7200.00,reptiloid,0,0,0
2026-10-02 19:04:59.125596,7200.00,transa,0,0,0
2026-10-02 18:46:42.907572,4300.00,reptiloid,0,0,0
2026-10-02 18:44:33.895211,4300.00,reptiloid,0,0,0
2026-10-02 18:42:39.839063,4300.00,reptiloid,0,0,0
2026-10-02 18:28:49.508752,4300.00,reptiloid,0,0,0
2026-10-02 18:26:35.96416,7700.00,card,0,0,0
2026-10-02 18:25:46.997215,4300.00,reptiloid,0,0,0
2026-10-02 18:07:32.935325,4300.00,reptiloid,0,0,0
2026-10-02 18:04:33.119454,1100.00,reptiloid,0,0,0
2026-10-02 17:58:59.892574,4300.00,reptiloid,0,0,0
2026-10-02 17:50:42.188264,4300.00,reptiloid,0,0,0
2026-10-02 17:44:11.995041,1500.00,reptiloid,0,0,0
2026-10-02 17:32:06.317742,800.00,reptiloid,0,0,0
2026-10-02 17:25:45.043701,4300.00,reptiloid,0,0,0
2026-10-02 17:17:35.223333,7200.00,card,0,0,0
2026-10-02 17:15:54.597318,4300.00,card,0,0,0
2026-10-02 17:14:55.654132,1300.00,reptiloid,0,0,0
2026-10-02 17:03:08.774086,4300.00,card,0,0,0
2026-10-02 16:56:52.406516,4300.00,reptiloid,0,0,0
2026-10-02 16:53:17.717327,4300.00,reptiloid,0,0,0
2026-10-02 16:33:25.866649,4300.00,reptiloid,0,0,0
2026-10-02 16:21:17.941579,1300.00,reptiloid,0,0,0
2026-10-02 16:15:13.300475,500.00,reptiloid,0,0,0
2026-10-02 16:12:39.30278,7200.00,reptiloid,0,0,0
2026-10-02 16:10:59.849856,7200.00,reptiloid,0,0,0
2026-10-02 16:05:48.544543,4300.00,reptiloid,0,0,0
2026-10-02 15:58:06.008837,4300.00,reptiloid,0,0,0
2026-10-02 15:57:05.790708,3100.00,reptiloid,0,0,0
2026-10-02 15:49:41.39266,1300.00,transa,0,0,0
2026-10-02 15:49:21.443619,7200.00,reptiloid,0,0,0
2026-10-02 15:48:44.502504,7200.00,reptiloid,0,0,0
2026-10-02 15:20:07.149472,3100.00,reptiloid,0,0,0
2026-10-02 14:58:46.263474,3100.00,reptiloid,0,0,0
2026-10-02 14:47:18.439552,4300.00,reptiloid,0,0,0
2026-10-02 14:30:02.785749,7200.00,reptiloid,0,0,0
2026-10-02 14:27:40.603641,4300.00,merchant001,0,0,0
2026-10-02 14:15:45.076546,4500.00,reptiloid,0,0,0
2026-10-02 14:13:02.117729,4300.00,merchant001,0,0,0
2026-10-02 13:49:47.14328,7200.00,reptiloid,0,0,0
2026-10-02 13:46:44.679514,1300.00,reptiloid,0,0,0
2026-10-02 13:43:06.597694,4200.00,reptiloid,0,0,0
2026-10-02 13:38:08.176354,7200.00,reptiloid,0,0,0
2026-10-02 13:37:12.816662,4300.00,transa,0,0,0
2026-10-02 13:26:32.712268,4300.00,reptiloid,0,0,0
2026-10-02 13:24:33.675872,4300.00,reptiloid,0,0,0
2026-10-02 13:21:40.002467,2000.00,merchant001,0,0,0
2026-10-02 13:16:36.541833,4500.00,merchant001,0,0,0
2026-10-02 13:14:48.309555,7200.00,reptiloid,0,0,0
2026-10-02 13:12:05.344063,7200.00,reptiloid,0,0,0
2026-10-02 13:02:43.824914,4300.00,reptiloid,0,0,0
2026-10-02 13:01:40.51181,2800.00,reptiloid,0,0,0
2026-10-02 12:59:21.509748,7200.00,reptiloid,0,0,0
2026-10-02 12:55:21.939775,4300.00,card,0,0,0
2026-10-02 12:54:22.001145,7200.00,reptiloid,0,0,0
2026-10-02 12:44:56.659697,4300.00,merchant001,0,0,0
2026-10-02 12:37:03.511338,7200.00,reptiloid,0,0,0
2026-10-02 12:23:02.972919,4300.00,reptiloid,0,0,0
2026-10-02 12:16:28.763411,4500.00,merchant001,0,0,0
2026-10-02 12:16:14.359206,7200.00,reptiloid,0,0,0
2026-10-02 12:14:28.001938,7200.00,reptiloid,0,0,0
2026-10-02 12:03:14.167491,1500.00,reptiloid,0,0,0
2026-10-02 11:57:09.438176,7200.00,reptiloid,0,0,0
2026-10-02 11:54:39.405683,4300.00,card,0,0,0
2026-10-02 11:54:37.181036,7200.00,card,0,0,0
2026-10-02 11:49:46.561585,1300.00,card,0,0,0
2026-10-02 11:47:19.911016,4300.00,reptiloid,0,0,0
2026-10-02 11:33:42.954309,4500.00,card,0,0,0
2026-10-02 11:18:01.587779,7200.00,reptiloid,0,0,0
2026-10-02 11:00:24.661047,3225.0000,USDT,0,0,42.888000
2026-10-02 10:57:40.434806,7200.00,reptiloid,0,0,0
2026-10-02 10:53:48.928961,4500.00,reptiloid,0,0,0
2026-10-02 10:47:11.285769,4300.00,reptiloid,0,0,0
2026-10-02 10:06:57.702465,4300.00,reptiloid,0,0,0
2026-10-02 09:51:34.341591,3100.00,reptiloid,0,0,0
2026-10-02 09:45:31.489115,3500.00,reptiloid,0,0,0
2026-10-02 08:44:49.65852,4300.00,reptiloid,0,0,0
2026-10-02 08:07:34.306792,1800.00,reptiloid,0,0,0
2026-10-02 07:54:52.249748,4300.00,reptiloid,0,0,0
2026-10-02 07:49:17.705919,4300.00,reptiloid,0,0,0
2026-10-02 07:43:51.073448,4300.00,reptiloid,0,0,0
2026-10-02 07:02:49.954245,1950.00,reptiloid,0,0,0
2026-10-02 07:00:02.596181,1950.00,reptiloid,0,0,0
2026-10-02 06:56:06.314563,1950.00,reptiloid,0,0,0
2026-10-02 06:50:55.541422,4300.00,reptiloid,0,0,0
2026-10-02 06:43:53.921533,7200.00,reptiloid,0,0,0
2026-10-02 06:29:56.73776,4300.00,reptiloid,0,0,0
2026-10-02 05:47:00.429428,7200.00,card,0,0,0
2026-10-02 04:33:15.283353,4300.00,reptiloid,0,0,0
2026-10-02 04:16:48.455184,4500.00,reptiloid,0,0,0
2026-10-02 04:11:30.500499,7200.00,reptiloid,0,0,0
2026-10-02 04:11:20.13413,4500.00,merchant001,0,0,0
2026-10-02 04:08:51.989637,4500.00,reptiloid,0,0,0
2026-10-02 04:03:10.231185,4300.00,reptiloid,0,0,0
2026-10-02 03:59:49.404064,7200.00,reptiloid,0,0,0
2026-10-02 03:05:43.81857,4500.00,reptiloid,0,0,0
2026-10-02 02:55:01.234026,7200.00,reptiloid,0,0,0
2026-10-02 01:57:18.554131,4500.00,reptiloid,0,0,0
2026-10-02 01:36:41.722627,4500.00,card,0,0,0
2026-10-02 01:24:49.603542,7200.00,reptiloid,0,0,0
2026-10-02 01:02:16.935275,4000.00,reptiloid,0,0,0
2026-10-02 01:02:04.568503,7200.00,reptiloid,0,0,0
2026-10-02 00:51:39.853816,7200.00,reptiloid,0,0,0
2026-10-02 00:31:02.512835,3100.00,merchant001,0,0,0
2026-10-02 00:19:20.421962,4200.00,transa,0,0,0
2026-10-02 00:13:38.779667,3225.0000,USDT,0,0,42.888000
2026-10-01 23:52:30.539021,3100.00,reptiloid,0,0,0
2026-10-01 23:27:23.010365,4500.00,merchant001,0,0,0
2026-10-01 23:20:02.285563,4300.00,reptiloid,0,0,0
2026-10-01 23:14:34.57525,4300.00,reptiloid,0,0,0
2026-10-01 22:54:34.882416,4300.00,reptiloid,0,0,0
2026-10-01 22:50:17.939335,4500.00,reptiloid,0,0,0
2026-10-01 22:46:19.44283,4300.00,reptiloid,0,0,0
2026-10-01 22:46:03.411966,4500.00,reptiloid,0,0,0
2026-10-01 22:31:22.735118,4300.00,reptiloid,0,0,0
2026-10-01 22:25:01.925543,4500.00,reptiloid,0,0,0
2026-10-01 22:17:55.006278,4500.00,reptiloid,0,0,0
2026-10-01 22:10:27.637216,4300.00,reptiloid,0,0,0
2026-10-01 22:09:22.389992,4500.00,reptiloid,0,0,0
2026-10-01 21:59:14.134198,4500.00,reptiloid,0,0,0
2026-10-01 21:56:34.201868,4300.00,reptiloid,0,0,0
2026-10-01 21:55:55.250878,4300.00,reptiloid,0,0,0
2026-10-01 21:53:55.686659,4300.00,reptiloid,0,0,0
2026-10-01 21:47:17.785405,7200.00,reptiloid,0,0,0
2026-10-01 21:35:45.644986,7200.00,reptiloid,0,0,0
2026-10-01 21:21:00.949969,4500.00,reptiloid,0,0,0
2026-10-01 21:19:00.847804,7200.00,reptiloid,0,0,0
2026-10-01 21:04:46.679797,4500.00,reptiloid,0,0,0
2026-10-01 21:01:30.388117,4300.00,reptiloid,0,0,0
2026-10-01 20:42:52.744097,7200.00,reptiloid,0,0,0
2026-10-01 20:40:54.494515,4300.00,reptiloid,0,0,0
2026-10-01 20:29:15.091611,4300.00,reptiloid,0,0,0
2026-10-01 20:25:50.68174,4300.00,reptiloid,0,0,0
2026-10-01 20:12:58.879345,3400.00,reptiloid,0,0,0
2026-10-01 19:40:07.07872,4500.00,card,0,0,0
2026-10-01 19:39:25.441363,7700.00,reptiloid,0,0,0
2026-10-01 19:23:14.998031,4000.00,reptiloid,0,0,0
2026-10-01 19:22:38.058936,3100.00,reptiloid,0,0,0
2026-10-01 19:21:01.804761,4300.00,reptiloid,0,0,0
2026-10-01 19:12:23.972637,7200.00,reptiloid,0,0,0
2026-10-01 18:58:29.424277,4300.00,reptiloid,0,0,0
2026-10-01 18:51:56.079471,7200.00,reptiloid,0,0,0
2026-10-01 18:44:58.831781,3100.00,card,0,0,0
2026-10-01 18:29:51.577689,4300.00,reptiloid,0,0,0
2026-10-01 18:13:35.354834,7200.00,reptiloid,0,0,0
2026-10-01 18:13:20.436561,4300.00,reptiloid,0,0,0
2026-10-01 18:10:31.015021,1300.00,reptiloid,0,0,0
2026-10-01 18:08:37.748438,7200.00,reptiloid,0,0,0
2026-10-01 18:04:44.834548,4300.00,reptiloid,0,0,0
2026-10-01 18:04:19.346477,4300.00,reptiloid,0,0,0
2026-10-01 17:54:05.38796,1250.00,card,0,0,0
2026-10-01 17:47:04.210889,2000.00,reptiloid,0,0,0
2026-10-01 17:42:10.30291,4300.00,reptiloid,0,0,0
2026-10-01 17:38:25.673296,4300.00,reptiloid,0,0,0
2026-10-01 17:36:28.684814,4500.00,merchant001,0,0,0
2026-10-01 17:33:45.463253,4300.00,card,0,0,0
2026-10-01 17:26:23.074215,3100.00,reptiloid,0,0,0
2026-10-01 17:19:43.084994,4500.00,card,0,0,0
2026-10-01 17:16:20.217468,7200.00,merchant001,0,0,0
2026-10-01 16:45:36.647711,4300.00,reptiloid,0,0,0
2026-10-01 16:34:39.027233,1300.00,reptiloid,0,0,0
2026-10-01 16:28:51.245552,4500.00,reptiloid,0,0,0
2026-10-01 16:25:45.188507,2000.00,card,0,0,0
2026-10-01 16:25:41.566382,4300.00,reptiloid,0,0,0
2026-10-01 16:25:20.511046,1300.00,reptiloid,0,0,0
2026-10-01 16:19:28.948838,7200.00,reptiloid,0,0,0
2026-10-01 16:09:45.927103,4300.00,reptiloid,0,0,0
2026-10-01 16:05:02.843642,4300.00,reptiloid,0,0,0
2026-10-01 15:58:55.131669,3500.00,card,0,0,0
2026-10-01 15:43:10.117717,3100.00,reptiloid,0,0,0
2026-10-01 15:38:36.728616,3100.00,reptiloid,0,0,0
2026-10-01 15:27:56.699042,1300.00,reptiloid,0,0,0
2026-10-01 15:27:34.88809,2000.00,reptiloid,0,0,0
2026-10-01 15:20:23.716528,4300.00,reptiloid,0,0,0
2026-10-01 15:16:12.567255,2750.00,reptiloid,0,0,0
2026-10-01 15:08:38.540151,3100.00,reptiloid,0,0,0
2026-10-01 15:08:09.754766,500.00,reptiloid,0,0,0
2026-10-01 14:27:00.17751,7200.00,reptiloid,0,0,0
2026-10-01 14:25:48.862039,4300.00,reptiloid,0,0,0
2026-10-01 14:01:04.290093,4300.00,reptiloid,0,0,0
2026-10-01 14:00:15.479472,4300.00,reptiloid,0,0,0
2026-10-01 13:59:18.780494,4300.00,merchant001,0,0,0
2026-10-01 13:59:01.18227,3100.00,reptiloid,0,0,0
2026-10-01 13:47:58.101862,3225.0000,USDT,0,0,42.888000
2026-10-01 13:29:55.548617,4300.00,reptiloid,0,0,0
2026-10-01 13:02:00.024577,7200.00,reptiloid,0,0,0
2026-10-01 12:59:00.98898,3100.00,reptiloid,0,0,0
2026-10-01 12:26:15.753351,7200.00,reptiloid,0,0,0
2026-10-01 12:25:34.619411,2800.00,reptiloid,0,0,0
2026-10-01 12:16:35.406197,4300.00,reptiloid,0,0,0
2026-10-01 11:48:58.539408,7200.00,reptiloid,0,0,0
2026-10-01 11:36:40.100339,4300.00,reptiloid,0,0,0
2026-10-01 11:29:38.080199,4300.00,reptiloid,0,0,0
2026-10-01 11:27:49.34816,2000.00,reptiloid,0,0,0
2026-10-01 11:19:09.168847,4300.00,reptiloid,0,0,0
2026-10-01 11:12:42.713411,4300.00,reptiloid,0,0,0
2026-10-01 11:11:31.032557,1300.00,reptiloid,0,0,0
2026-10-01 10:58:49.085359,7700.00,reptiloid,0,0,0
2026-10-01 10:47:33.961253,3200.00,reptiloid,0,0,0
2026-10-01 10:18:38.10318,4300.00,reptiloid,0,0,0
2026-10-01 10:17:36.076721,4300.00,reptiloid,0,0,0
2026-10-01 09:56:34.723016,4300.00,reptiloid,0,0,0
2026-10-01 09:54:42.03328,4300.00,reptiloid,0,0,0
2026-10-01 09:23:27.094474,4300.00,reptiloid,0,0,0
2026-10-01 09:02:16.417988,4300.00,reptiloid,0,0,0
2026-10-01 08:26:52.691833,4300.00,reptiloid,0,0,0
2026-10-01 08:25:44.599766,4300.00,reptiloid,0,0,0
2026-10-01 08:25:08.682599,7200.00,reptiloid,0,0,0
2026-10-01 07:45:26.534037,4300.00,reptiloid,0,0,0
2026-10-01 07:41:26.116903,4300.00,reptiloid,0,0,0
2026-10-01 07:35:40.754093,4300.00,reptiloid,0,0,0
2026-10-01 07:35:31.776984,7200.00,reptiloid,0,0,0
2026-10-01 07:07:38.842852,4300.00,reptiloid,0,0,0
2026-10-01 06:48:48.854645,2000.00,reptiloid,0,0,0
2026-10-01 06:20:08.687029,4300.00,reptiloid,0,0,0
2026-10-01 05:06:07.124999,7700.00,reptiloid,0,0,0
2026-10-01 05:03:23.189931,2000.00,reptiloid,0,0,0
2026-10-01 03:53:45.658975,4300.00,reptiloid,0,0,0
2026-10-01 03:25:54.234347,2000.00,reptiloid,0,0,0
2026-10-01 02:14:29.207675,7200.00,reptiloid,0,0,0
2026-10-01 02:03:43.953263,7200.00,reptiloid,0,0,0
2026-10-01 01:59:47.049929,4300.00,merchant001,0,0,0
2026-10-01 01:20:36.511792,4300.00,reptiloid,0,0,0
2026-10-01 00:34:26.329495,7200.00,reptiloid,0,0,0
2026-10-01 00:33:49.915237,4200.00,reptiloid,0,0,0
2026-10-01 00:33:04.992566,2000.00,reptiloid,0,0,0
2026-10-01 00:11:41.987566,7200.00,reptiloid,0,0,0
2026-10-01 00:00:05.936677,7700.00,card,0,0,0
2026-09-30 23:56:52.801346,7700.00,card,0,0,0
2026-09-30 23:51:08.961139,1300.00,reptiloid,0,0,0
2026-09-30 23:48:04.400786,4300.00,reptiloid,0,0,0
2026-09-30 23:42:15.874887,4300.00,reptiloid,0,0,0
2026-09-30 23:01:46.847267,3100.00,reptiloid,0,0,0
2026-09-30 22:28:29.711327,7200.00,reptiloid,0,0,0
2026-09-30 22:18:25.245324,4300.00,reptiloid,0,0,0
2026-09-30 22:10:44.525994,1300.00,reptiloid,0,0,0
2026-09-30 22:09:22.037244,7200.00,reptiloid,0,0,0
2026-09-30 21:58:02.353317,7200.00,reptiloid,0,0,0
2026-09-30 21:46:18.176815,4300.00,card,0,0,0
2026-09-30 21:38:17.059401,1000.00,reptiloid,0,0,0
2026-09-30 21:34:11.603962,2200.00,reptiloid,0,0,0
2026-09-30 21:29:29.037896,3100.00,reptiloid,0,0,0
2026-09-30 21:26:51.501132,7200.00,reptiloid,0,0,0
2026-09-30 21:21:35.457806,4300.00,merchant001,0,0,0
2026-09-30 21:12:21.765161,3100.00,reptiloid,0,0,0
2026-09-30 21:03:23.707853,7700.00,card,0,0,0
2026-09-30 21:02:19.142672,4300.00,card,0,0,0
2026-09-30 20:54:05.932525,7200.00,reptiloid,0,0,0
2026-09-30 20:43:31.633509,1300.00,reptiloid,0,0,0
2026-09-30 20:34:10.800628,3100.00,reptiloid,0,0,0
2026-09-30 20:16:55.892078,4300.00,reptiloid,0,0,0
2026-09-30 20:12:59.298153,4300.00,reptiloid,0,0,0
2026-09-30 20:08:38.714447,3100.00,reptiloid,0,0,0
2026-09-30 20:07:41.137487,7200.00,reptiloid,0,0,0
2026-09-30 20:04:39.470836,7200.00,reptiloid,0,0,0
2026-09-30 19:59:12.062757,1100.00,reptiloid,0,0,0
2026-09-30 19:43:59.771378,4300.00,reptiloid,0,0,0
2026-09-30 19:22:34.761353,7200.00,reptiloid,0,0,0
2026-09-30 19:16:50.219173,4300.00,reptiloid,0,0,0
2026-09-30 19:09:34.052887,3100.00,card,0,0,0
2026-09-30 18:50:07.058163,4300.00,card,0,0,0
2026-09-30 18:47:06.299843,1300.00,reptiloid,0,0,0
2026-09-30 18:44:50.839805,45000.00,reptiloid,0,0,0
2026-09-30 18:17:37.378234,7200.00,merchant001,0,0,0
2026-09-30 18:10:01.72955,4300.00,reptiloid,0,0,0
2026-09-30 18:02:54.918983,4300.00,reptiloid,0,0,0
2026-09-30 17:59:45.959252,7200.00,reptiloid,0,0,0
2026-09-30 17:35:00.560078,4500.00,card,0,0,0
2026-09-30 17:25:47.28077,7200.00,reptiloid,0,0,0
2026-09-30 17:24:28.405199,7100.00,card,0,0,0
2026-09-30 17:06:03.677865,1600.00,LTC,0,0.28500182,0
2026-09-30 17:00:28.984975,4300.00,merchant001,0,0,0
2026-09-30 16:59:11.201225,2900.00,reptiloid,0,0,0
2026-09-30 16:52:55.025588,5000.00,reptiloid,0,0,0
2026-09-30 16:46:09.322004,5775.0000,USDT,0,0,76.800000
2026-09-30 16:42:17.359415,1100.00,reptiloid,0,0,0
2026-09-30 16:34:22.077645,4300.00,reptiloid,0,0,0
2026-09-30 16:31:46.48688,4300.00,reptiloid,0,0,0
2026-09-30 16:17:50.041298,7200.00,reptiloid,0,0,0
2026-09-30 15:58:12.292792,4300.00,reptiloid,0,0,0
2026-09-30 15:52:51.502613,3200.00,reptiloid,0,0,0
2026-09-30 15:46:38.424703,7200.00,reptiloid,0,0,0
2026-09-30 15:45:03.737919,4300.00,reptiloid,0,0,0
2026-09-30 15:18:24.856342,4300.00,reptiloid,0,0,0
2026-09-30 15:16:59.726928,4300.00,reptiloid,0,0,0
2026-09-30 15:01:17.45936,7200.00,reptiloid,0,0,0
2026-09-30 15:00:24.181679,4300.00,reptiloid,0,0,0
2026-09-30 14:58:45.512359,4300.00,reptiloid,0,0,0
2026-09-30 14:55:02.381584,4300.00,reptiloid,0,0,0
2026-09-30 14:45:38.000228,4300.00,reptiloid,0,0,0
2026-09-30 14:36:30.793191,4000.00,reptiloid,0,0,0
2026-09-30 14:23:51.21108,7200.00,reptiloid,0,0,0
2026-09-30 14:23:35.984619,1500.00,card,0,0,0
2026-09-30 14:19:40.293502,7200.00,reptiloid,0,0,0
2026-09-30 14:08:04.816275,4300.00,reptiloid,0,0,0
2026-09-30 13:53:35.680072,7200.00,reptiloid,0,0,0
2026-09-30 13:52:12.297194,7200.00,reptiloid,0,0,0
2026-09-30 13:45:21.064644,4500.00,reptiloid,0,0,0
2026-09-30 13:34:50.144354,4500.00,card,0,0,0
2026-09-30 13:31:47.087859,2000.00,reptiloid,0,0,0
2026-09-30 13:31:44.088688,4500.00,card,0,0,0
2026-09-30 13:19:40.677768,4300.00,reptiloid,0,0,0
2026-09-30 13:19:18.241303,4300.00,reptiloid,0,0,0
2026-09-30 13:18:42.852627,4300.00,reptiloid,0,0,0
2026-09-30 12:52:18.309336,4300.00,card,0,0,0
2026-09-30 12:46:42.133171,7200.00,reptiloid,0,0,0
2026-09-30 12:01:38.359324,4300.00,reptiloid,0,0,0
2026-09-30 11:43:04.71568,4300.00,reptiloid,0,0,0
2026-09-30 11:31:59.383835,4300.00,reptiloid,0,0,0
2026-09-30 11:12:43.351355,4300.00,reptiloid,0,0,0
2026-09-30 11:09:04.642182,4300.00,transa,0,0,0
2026-09-30 11:07:02.974433,1300.00,reptiloid,0,0,0
2026-09-30 10:51:05.602838,4300.00,reptiloid,0,0,0
2026-09-30 10:46:30.942444,4500.00,reptiloid,0,0,0
2026-09-30 09:30:57.010978,2900.00,card,0,0,0
2026-09-30 07:25:06.909394,3000.00,reptiloid,0,0,0
2026-09-30 05:36:23.761728,7200.00,reptiloid,0,0,0
2026-09-30 04:59:43.521171,7200.00,card,0,0,0
2026-09-30 03:42:40.70106,5200.00,reptiloid,0,0,0
2026-09-30 03:42:09.894545,4500.00,reptiloid,0,0,0
2026-09-30 03:09:30.045545,7200.00,reptiloid,0,0,0
2026-09-30 02:12:28.97992,4500.00,card,0,0,0
2026-09-30 01:05:00.222755,4500.00,card,0,0,0
2026-09-30 00:34:39.240154,7200.00,reptiloid,0,0,0
2026-09-30 00:22:37.919097,4300.00,reptiloid,0,0,0
2026-09-30 00:05:04.103573,4500.00,reptiloid,0,0,0
2026-09-29 23:20:38.848841,7200.00,reptiloid,0,0,0
2026-09-29 23:15:00.660576,4300.00,reptiloid,0,0,0
2026-09-29 22:45:03.213461,2100.00,reptiloid,0,0,0
2026-09-29 21:06:15.111113,7200.00,reptiloid,0,0,0
2026-09-29 20:48:30.639616,7200.00,merchant001,0,0,0
2026-09-29 20:45:35.786161,4300.00,reptiloid,0,0,0
2026-09-29 20:35:41.343124,7200.00,reptiloid,0,0,0
2026-09-29 20:33:08.181621,2900.00,reptiloid,0,0,0
2026-09-29 20:11:37.247462,3375.0000,USDT,0,0,44.883000
2026-09-29 19:38:20.847809,7200.00,reptiloid,0,0,0
2026-09-29 19:38:06.833644,7200.00,reptiloid,0,0,0
2026-09-29 19:27:33.055676,4500.00,reptiloid,0,0,0
2026-09-29 19:23:27.795937,4300.00,reptiloid,0,0,0
2026-09-29 18:48:52.894498,4300.00,reptiloid,0,0,0
2026-09-29 18:47:54.915407,7200.00,reptiloid,0,0,0
2026-09-29 18:38:54.286583,4500.00,reptiloid,0,0,0
2026-09-29 18:35:11.231434,4300.00,card,0,0,0
2026-09-29 18:27:54.585411,1180.00,card,0,0,0
2026-09-29 18:22:26.412998,1500.00,reptiloid,0,0,0
2026-09-29 18:16:42.36897,4300.00,reptiloid,0,0,0
2026-09-29 18:12:17.82909,4300.00,card,0,0,0
2026-09-29 18:07:45.739263,7200.00,reptiloid,0,0,0
2026-09-29 18:05:58.220214,4300.00,reptiloid,0,0,0
2026-09-29 18:05:20.695467,4300.00,reptiloid,0,0,0
2026-09-29 18:01:45.294795,1700.00,reptiloid,0,0,0
2026-09-29 17:47:35.793174,1500.00,reptiloid,0,0,0
2026-09-29 17:36:31.36219,4300.00,reptiloid,0,0,0
2026-09-29 17:23:57.774132,3100.00,reptiloid,0,0,0
2026-09-29 17:11:45.760454,4300.00,card,0,0,0
2026-09-29 17:08:32.228775,4300.00,reptiloid,0,0,0
2026-09-29 17:03:57.693369,4300.00,card,0,0,0
2026-09-29 16:19:06.87195,4300.00,reptiloid,0,0,0
2026-09-29 16:15:02.583932,7200.00,reptiloid,0,0,0
2026-09-29 16:10:32.078129,4300.00,reptiloid,0,0,0
2026-09-29 15:45:38.906342,2120.00,reptiloid,0,0,0
2026-09-29 15:44:38.733435,4500.00,reptiloid,0,0,0
2026-09-29 15:43:17.374364,4500.00,merchant001,0,0,0
2026-09-29 15:30:53.519804,1300.00,reptiloid,0,0,0
2026-09-29 15:18:08.540429,4500.00,reptiloid,0,0,0
2026-09-29 15:11:13.287906,7200.00,card,0,0,0
2026-09-29 15:06:32.512828,5000.00,card,0,0,0
2026-09-29 14:49:17.32159,7200.00,reptiloid,0,0,0
2026-09-29 14:45:10.880374,4500.00,card,0,0,0
2026-09-29 14:40:09.339346,7200.00,reptiloid,0,0,0
2026-09-29 14:36:10.767723,7200.00,reptiloid,0,0,0
2026-09-29 14:27:59.096159,7200.00,reptiloid,0,0,0
2026-09-29 14:01:44.935015,4500.00,card,0,0,0
2026-09-29 13:57:58.286833,3100.00,reptiloid,0,0,0
2026-09-29 13:57:30.509701,4300.00,reptiloid,0,0,0
2026-09-29 13:42:51.784447,4300.00,card,0,0,0
2026-09-29 13:27:34.322785,4300.00,reptiloid,0,0,0
2026-09-29 13:09:15.332427,4300.00,card,0,0,0
2026-09-29 13:01:32.80013,4300.00,reptiloid,0,0,0
2026-09-29 12:57:20.992267,7200.00,reptiloid,0,0,0
2026-09-29 12:32:36.885499,4000.00,reptiloid,0,0,0
2026-09-29 12:28:05.005723,7200.00,reptiloid,0,0,0
2026-09-29 12:08:04.572117,7200.00,reptiloid,0,0,0
2026-09-29 12:02:54.989433,4300.00,reptiloid,0,0,0
2026-09-29 11:12:34.934842,7200.00,merchant001,0,0,0
2026-09-29 10:25:01.179443,6200.00,reptiloid,0,0,0
2026-09-29 08:17:31.459342,3200.00,reptiloid,0,0,0
2026-09-29 07:23:20.587413,7200.00,reptiloid,0,0,0
2026-09-29 06:33:36.031553,4300.00,reptiloid,0,0,0
2026-09-29 05:40:22.334089,4300.00,merchant001,0,0,0
2026-09-29 03:54:32.303024,4300.00,reptiloid,0,0,0
2026-09-29 03:30:39.493045,4300.00,reptiloid,0,0,0
2026-09-29 02:16:04.80089,4300.00,reptiloid,0,0,0
2026-09-29 02:13:17.677078,4300.00,merchant001,0,0,0
2026-09-29 02:03:14.38104,4300.00,reptiloid,0,0,0
2026-09-29 01:00:33.722165,7200.00,card,0,0,0
2026-09-29 00:43:38.499742,3100.00,reptiloid,0,0,0
2026-09-29 00:36:25.910021,7200.00,card,0,0,0
2026-09-29 00:28:46.446528,1100.00,reptiloid,0,0,0
2026-09-29 00:06:39.658425,4300.00,reptiloid,0,0,0
2026-09-28 23:38:07.273223,1100.00,reptiloid,0,0,0
2026-09-28 22:45:37.47227,4300.00,merchant001,0,0,0
2026-09-28 22:32:06.772962,4300.00,reptiloid,0,0,0
2026-09-28 21:39:17.814937,4300.00,reptiloid,0,0,0
2026-09-28 21:31:25.892746,4300.00,reptiloid,0,0,0
2026-09-28 21:11:36.025522,4300.00,reptiloid,0,0,0
2026-09-28 21:10:32.13249,7200.00,reptiloid,0,0,0
2026-09-28 21:06:01.033798,4300.00,reptiloid,0,0,0
2026-09-28 20:43:13.934237,7200.00,reptiloid,0,0,0
2026-09-28 20:29:07.914038,7200.00,reptiloid,0,0,0
2026-09-28 20:26:37.721979,500.00,reptiloid,0,0,0
2026-09-28 20:21:36.044564,7200.00,reptiloid,0,0,0
2026-09-28 19:50:51.588703,7200.00,reptiloid,0,0,0
2026-09-28 19:43:55.26989,4500.00,merchant001,0,0,0
2026-09-28 19:43:42.294502,10500.00,reptiloid,0,0,0
2026-09-28 19:29:51.847427,4300.00,reptiloid,0,0,0
2026-09-28 19:24:06.409768,4300.00,reptiloid,0,0,0
2026-09-28 19:15:25.157879,3225.0000,USDT,0,0,42.888000
2026-09-28 19:12:07.221832,5700.00,reptiloid,0,0,0
2026-09-28 18:37:27.862814,4300.00,card,0,0,0
2026-09-28 18:36:17.011398,7200.00,reptiloid,0,0,0
2026-09-28 18:31:53.268564,1300.00,reptiloid,0,0,0
2026-09-28 18:21:09.055262,7200.00,reptiloid,0,0,0
2026-09-28 18:18:09.607762,4300.00,card,0,0,0
2026-09-28 18:13:43.938576,4500.00,card,0,0,0
2026-09-28 18:09:47.510597,2000.00,merchant001,0,0,0
2026-09-28 17:54:23.704266,7200.00,reptiloid,0,0,0
2026-09-28 17:35:53.311937,10500.00,reptiloid,0,0,0
2026-09-28 17:34:04.643142,4300.00,card,0,0,0
2026-09-28 16:35:53.090906,4300.00,merchant001,0,0,0
2026-09-28 16:31:42.850507,3300.00,card,0,0,0
2026-09-28 16:28:13.832663,4500.00,card,0,0,0
2026-09-28 16:27:40.06683,7200.00,reptiloid,0,0,0
2026-09-28 16:07:01.37561,4300.00,merchant001,0,0,0
2026-09-28 15:42:15.888164,1300.00,reptiloid,0,0,0
2026-09-28 15:40:33.952228,4300.00,merchant001,0,0,0
2026-09-28 15:35:15.598026,4500.00,card,0,0,0
2026-09-28 15:31:46.101814,4300.00,reptiloid,0,0,0
2026-09-28 15:05:12.126279,7200.00,card,0,0,0
2026-09-28 14:35:23.107967,7200.00,reptiloid,0,0,0
2026-09-28 14:07:09.212479,7300.00,card,0,0,0
2026-09-28 13:59:01.66731,7200.00,reptiloid,0,0,0
2026-09-28 13:41:15.391168,3100.00,reptiloid,0,0,0
2026-09-28 13:40:43.976597,4200.00,reptiloid,0,0,0
2026-09-28 13:37:24.573856,4300.00,reptiloid,0,0,0
2026-09-28 13:32:21.156039,4300.00,reptiloid,0,0,0
2026-09-28 13:25:21.400948,2000.00,reptiloid,0,0,0
2026-09-28 13:24:44.29119,7200.00,reptiloid,0,0,0
2026-09-28 13:22:07.662231,7200.00,reptiloid,0,0,0
2026-09-28 13:17:24.509618,3100.00,reptiloid,0,0,0
2026-09-28 12:50:28.726562,2000.00,reptiloid,0,0,0
2026-09-28 12:48:55.895448,7200.00,reptiloid,0,0,0
2026-09-28 12:40:20.666424,7200.00,merchant001,0,0,0
2026-09-28 12:28:31.409422,7200.00,merchant001,0,0,0
2026-09-28 12:27:24.25974,7200.00,reptiloid,0,0,0
2026-09-28 12:16:30.887492,7200.00,reptiloid,0,0,0
2026-09-28 12:11:37.474147,3600.00,reptiloid,0,0,0
2026-09-28 12:06:38.863092,7700.00,card,0,0,0
2026-09-28 11:57:54.581625,3100.00,reptiloid,0,0,0
2026-09-28 11:51:56.125616,2000.00,merchant001,0,0,0
2026-09-28 11:29:51.533592,7200.00,reptiloid,0,0,0
2026-09-28 11:29:22.098518,4300.00,reptiloid,0,0,0
2026-09-28 11:19:17.574749,4500.00,card,0,0,0
2026-09-28 11:16:16.138645,4300.00,reptiloid,0,0,0
2026-09-28 11:10:05.860801,7200.00,reptiloid,0,0,0
2026-09-28 11:09:11.655164,7200.00,reptiloid,0,0,0
2026-09-28 11:04:23.749337,1300.00,reptiloid,0,0,0
2026-09-28 11:03:45.010045,4200.00,reptiloid,0,0,0
2026-09-28 10:52:19.905959,3100.00,reptiloid,0,0,0
2026-09-28 10:43:10.842804,2000.00,reptiloid,0,0,0
2026-09-28 10:08:04.800501,2000.00,reptiloid,0,0,0
2026-09-28 09:47:37.02167,7200.00,reptiloid,0,0,0
2026-09-28 09:25:28.801381,10500.00,reptiloid,0,0,0
2026-09-28 08:37:43.660957,4300.00,card,0,0,0
2026-09-28 08:29:38.564672,2000.00,reptiloid,0,0,0
2026-09-28 07:08:40.900581,4000.00,reptiloid,0,0,0
2026-09-28 06:45:48.256404,4300.00,reptiloid,0,0,0
2026-09-28 06:01:53.176018,7200.00,reptiloid,0,0,0
2026-09-28 05:41:06.513185,7200.00,reptiloid,0,0,0
2026-09-28 04:54:24.617385,4500.00,reptiloid,0,0,0
2026-09-28 04:54:19.624715,7700.00,card,0,0,0
2026-09-28 03:13:11.331144,7200.00,reptiloid,0,0,0
2026-09-28 02:53:49.210944,3100.00,reptiloid,0,0,0
2026-09-28 02:33:16.663923,7700.00,card,0,0,0
2026-09-28 01:48:12.296484,4300.00,reptiloid,0,0,0
2026-09-28 01:47:07.189818,4500.00,card,0,0,0
2026-09-28 01:46:06.88138,3100.00,reptiloid,0,0,0
2026-09-28 00:58:30.061894,4300.00,reptiloid,0,0,0
2026-09-28 00:08:40.502217,4500.00,reptiloid,0,0,0
2026-09-27 23:21:51.862334,7200.00,merchant001,0,0,0
2026-09-27 22:55:07.545166,4300.00,reptiloid,0,0,0
2026-09-27 22:46:58.191238,4200.00,reptiloid,0,0,0
2026-09-27 22:44:54.53184,7200.00,reptiloid,0,0,0
2026-09-27 22:39:20.807364,3100.00,merchant001,0,0,0
2026-09-27 22:35:33.164646,7200.00,card,0,0,0
2026-09-27 21:54:49.563655,2000.00,reptiloid,0,0,0
2026-09-27 21:45:03.515377,7200.00,merchant001,0,0,0
2026-09-27 21:36:15.64952,1300.00,reptiloid,0,0,0
2026-09-27 21:34:25.713084,7200.00,reptiloid,0,0,0
2026-09-27 21:30:49.023522,7200.00,reptiloid,0,0,0
2026-09-27 20:58:27.430084,7200.00,reptiloid,0,0,0
2026-09-27 20:46:37.256049,7200.00,reptiloid,0,0,0
2026-09-27 20:44:33.932555,4300.00,reptiloid,0,0,0
2026-09-27 20:40:22.36839,7200.00,reptiloid,0,0,0
2026-09-27 20:09:34.676258,4200.00,reptiloid,0,0,0
2026-09-27 19:50:26.518992,4300.00,reptiloid,0,0,0
2026-09-27 19:39:40.119918,7200.00,reptiloid,0,0,0
2026-09-27 19:31:21.537147,3100.00,reptiloid,0,0,0
2026-09-27 19:21:06.011943,700.00,reptiloid,0,0,0
2026-09-27 19:17:02.227348,7200.00,reptiloid,0,0,0
2026-09-27 19:10:28.476767,1200.00,reptiloid,0,0,0
2026-09-27 19:08:51.52789,4500.00,card,0,0,0
2026-09-27 19:00:04.515757,4300.00,reptiloid,0,0,0
2026-09-27 18:50:42.39809,3100.00,reptiloid,0,0,0
2026-09-27 18:39:04.581606,7200.00,reptiloid,0,0,0
2026-09-27 18:38:35.680488,4500.00,card,0,0,0
2026-09-27 18:36:10.880511,4300.00,reptiloid,0,0,0
2026-09-27 18:14:31.984801,7200.00,reptiloid,0,0,0
2026-09-27 18:13:12.077622,4300.00,card,0,0,0
2026-09-27 18:11:38.208556,1300.00,card,0,0,0
2026-09-27 17:54:35.064477,3100.00,reptiloid,0,0,0
2026-09-27 17:53:27.706949,4300.00,reptiloid,0,0,0
2026-09-27 17:37:34.153069,4200.00,reptiloid,0,0,0
2026-09-27 17:35:26.843803,2000.00,reptiloid,0,0,0
2026-09-27 17:29:56.165502,4300.00,reptiloid,0,0,0
2026-09-27 17:28:38.681316,4300.00,reptiloid,0,0,0
2026-09-27 17:24:37.196263,4300.00,card,0,0,0
2026-09-27 17:19:41.14227,7200.00,card,0,0,0
2026-09-27 17:16:22.824257,4600.00,card,0,0,0
2026-09-27 17:14:04.642431,4300.00,reptiloid,0,0,0
2026-09-27 16:59:02.668127,1300.00,reptiloid,0,0,0
2026-09-27 16:56:06.502656,4300.00,reptiloid,0,0,0
2026-09-27 16:52:41.081856,4300.00,reptiloid,0,0,0
2026-09-27 16:41:21.294063,6700.00,card,0,0,0
2026-09-27 16:38:40.466493,7700.00,card,0,0,0
2026-09-27 16:37:03.523438,5400.0000,USDT,0,0,71.813000
2026-09-27 16:34:19.096076,1300.00,reptiloid,0,0,0
2026-09-27 16:24:02.249279,4500.00,reptiloid,0,0,0
2026-09-27 16:23:21.343048,4300.00,reptiloid,0,0,0
2026-09-27 16:22:14.524101,7200.00,reptiloid,0,0,0
2026-09-27 16:05:20.750482,4300.00,card,0,0,0
2026-09-27 15:47:25.245787,7200.00,reptiloid,0,0,0
2026-09-27 15:39:00.313791,7200.00,reptiloid,0,0,0
2026-09-27 15:26:34.666674,7200.00,reptiloid,0,0,0
2026-09-27 15:22:09.055722,4300.00,card,0,0,0
2026-09-27 15:18:24.259618,4300.00,reptiloid,0,0,0
2026-09-27 15:12:02.229822,3225.0000,USDT,0,0,42.888000
2026-09-27 15:06:04.863826,3100.00,reptiloid,0,0,0
2026-09-27 14:55:54.584923,2635.0000,LTC,0,0.51483454,0
2026-09-27 14:54:52.087606,7200.00,reptiloid,0,0,0
2026-09-27 14:48:43.809078,4300.00,card,0,0,0
2026-09-27 14:48:32.087961,4300.00,reptiloid,0,0,0
2026-09-27 14:45:20.606534,2000.00,reptiloid,0,0,0
2026-09-27 14:36:32.95395,7200.00,reptiloid,0,0,0
2026-09-27 14:34:56.011377,2635.0000,LTC,0,0.51422742,0
2026-09-27 14:19:28.656918,4300.00,reptiloid,0,0,0
2026-09-27 14:08:21.170421,7200.00,reptiloid,0,0,0
2026-09-27 13:53:57.778207,4300.00,reptiloid,0,0,0
2026-09-27 13:37:30.32079,7200.00,reptiloid,0,0,0
2026-09-27 13:37:16.151792,4300.00,reptiloid,0,0,0
2026-09-27 13:35:29.662831,3100.00,reptiloid,0,0,0
2026-09-27 13:31:44.578782,4300.00,reptiloid,0,0,0
2026-09-27 13:31:44.544969,4300.00,merchant001,0,0,0
2026-09-27 13:18:14.379932,7200.00,reptiloid,0,0,0
2026-09-27 13:14:44.289075,7200.00,reptiloid,0,0,0
2026-09-27 13:07:39.665756,2250.00,reptiloid,0,0,0
2026-09-27 13:01:34.167349,7200.00,reptiloid,0,0,0
2026-09-27 13:00:17.043542,1150.00,reptiloid,0,0,0
2026-09-27 12:31:27.62918,4300.00,reptiloid,0,0,0
2026-09-27 12:12:29.857478,4300.00,reptiloid,0,0,0
2026-09-27 10:30:29.48281,7200.00,reptiloid,0,0,0
2026-09-27 05:37:04.139732,4300.00,merchant001,0,0,0
2026-09-27 04:16:46.734586,2000.00,merchant001,0,0,0
2026-09-27 04:12:56.81357,7200.00,reptiloid,0,0,0
2026-09-27 03:45:22.37541,5775.0000,USDT,0,0,76.800000
2026-09-27 03:36:11.658806,4300.00,reptiloid,0,0,0
2026-09-27 03:20:17.577463,7200.00,reptiloid,0,0,0
2026-09-27 01:55:37.22589,7200.00,reptiloid,0,0,0
2026-09-27 01:01:33.823609,2000.00,reptiloid,0,0,0
2026-09-27 00:59:05.302779,2000.00,reptiloid,0,0,0
2026-09-27 00:54:04.4638,3500.00,reptiloid,0,0,0
2026-09-26 23:53:41.731694,3600.00,reptiloid,0,0,0
2026-09-26 23:47:15.945329,7200.00,reptiloid,0,0,0
2026-09-26 23:39:05.489059,4300.00,reptiloid,0,0,0
2026-09-26 22:40:45.996853,7200.00,reptiloid,0,0,0
2026-09-26 22:33:40.85195,3100.00,reptiloid,0,0,0
2026-09-26 22:12:35.914192,4300.00,reptiloid,0,0,0
2026-09-26 21:48:07.105868,7200.00,card,0,0,0
2026-09-26 21:47:57.719142,7200.00,reptiloid,0,0,0
2026-09-26 21:25:53.688944,7000.00,reptiloid,0,0,0
2026-09-26 21:23:29.593836,7200.00,reptiloid,0,0,0
2026-09-26 21:19:51.914899,4300.00,reptiloid,0,0,0
2026-09-26 21:15:02.895357,4300.00,reptiloid,0,0,0
2026-09-26 21:09:22.226604,7200.00,reptiloid,0,0,0
2026-09-26 21:04:16.14444,7200.00,reptiloid,0,0,0
2026-09-26 20:23:23.545498,7200.00,reptiloid,0,0,0
2026-09-26 20:13:12.218131,7200.00,reptiloid,0,0,0
2026-09-26 20:08:43.507754,4300.00,reptiloid,0,0,0
2026-09-26 20:02:58.645617,7200.00,reptiloid,0,0,0
2026-09-26 19:51:17.168466,4500.00,card,0,0,0
2026-09-26 19:47:42.484582,7700.00,card,0,0,0
2026-09-26 19:27:26.322268,7200.00,card,0,0,0
2026-09-26 19:20:47.706558,7200.00,card,0,0,0
2026-09-26 19:17:33.518249,4300.00,reptiloid,0,0,0
2026-09-26 19:00:36.251816,7200.00,reptiloid,0,0,0
2026-09-26 18:50:05.129711,4300.00,reptiloid,0,0,0
2026-09-26 18:42:28.549563,7700.00,merchant001,0,0,0
2026-09-26 18:40:22.739827,7200.00,reptiloid,0,0,0
2026-09-26 18:37:06.948109,7200.00,reptiloid,0,0,0
2026-09-26 18:29:55.608629,4300.00,card,0,0,0
2026-09-26 18:25:53.173278,7200.00,reptiloid,0,0,0
2026-09-26 18:11:25.670967,4300.00,reptiloid,0,0,0
2026-09-26 17:56:40.724624,4300.00,reptiloid,0,0,0
2026-09-26 17:43:27.049519,7200.00,reptiloid,0,0,0
2026-09-26 17:37:00.353865,7200.00,reptiloid,0,0,0
2026-09-26 17:31:54.853311,2000.00,reptiloid,0,0,0
2026-09-26 17:07:46.060064,7200.00,reptiloid,0,0,0
2026-09-26 17:00:04.025879,7200.00,reptiloid,0,0,0
2026-09-26 16:46:10.596948,7200.00,card,0,0,0
2026-09-26 16:45:10.201686,7700.00,card,0,0,0
2026-09-26 16:32:43.21833,7200.00,reptiloid,0,0,0
2026-09-26 16:20:20.497524,4300.00,card,0,0,0
2026-09-26 16:17:19.689616,600.00,reptiloid,0,0,0
2026-09-26 16:00:10.04115,4300.00,reptiloid,0,0,0
2026-09-26 15:55:40.115493,7200.00,reptiloid,0,0,0
2026-09-26 15:40:19.545088,4300.00,card,0,0,0
2026-09-26 15:27:51.772415,7200.00,reptiloid,0,0,0
2026-09-26 15:26:41.748079,4300.00,reptiloid,0,0,0
2026-09-26 15:26:00.886868,4300.00,reptiloid,0,0,0
2026-09-26 15:14:30.76181,4300.00,card,0,0,0
2026-09-26 15:07:12.383078,4300.00,card,0,0,0
2026-09-26 14:59:49.108253,4200.00,card,0,0,0
2026-09-26 14:56:57.648585,7200.00,reptiloid,0,0,0
2026-09-26 14:44:09.25831,4300.00,reptiloid,0,0,0
2026-09-26 14:39:55.886116,7200.00,card,0,0,0
2026-09-26 14:39:33.865134,7200.00,reptiloid,0,0,0
2026-09-26 14:23:31.365407,7200.00,card,0,0,0
2026-09-26 14:14:59.550929,4200.00,reptiloid,0,0,0
2026-09-26 14:09:48.293656,7200.00,merchant001,0,0,0
2026-09-26 14:02:32.352085,3100.00,reptiloid,0,0,0
2026-09-26 14:00:57.231172,4200.00,reptiloid,0,0,0
2026-09-26 13:59:27.969225,5000.00,transa,0,0,0
2026-09-26 13:59:11.01623,7200.00,reptiloid,0,0,0
2026-09-26 13:53:45.229631,4300.00,card,0,0,0
2026-09-26 13:51:47.763473,4150.00,card,0,0,0
2026-09-26 13:48:20.735414,2200.00,reptiloid,0,0,0
2026-09-26 13:47:20.759086,6200.00,reptiloid,0,0,0
2026-09-26 13:39:27.028638,7200.00,reptiloid,0,0,0
2026-09-26 13:38:58.410779,2500.00,reptiloid,0,0,0
2026-09-26 13:34:07.227126,7200.00,reptiloid,0,0,0
2026-09-26 13:16:12.7881,2200.00,card,0,0,0
2026-09-26 13:15:29.96572,7200.00,reptiloid,0,0,0
2026-09-26 13:13:39.801944,4200.00,reptiloid,0,0,0
2026-09-26 13:04:21.147515,2000.00,reptiloid,0,0,0
2026-09-26 13:03:43.403736,7200.00,merchant001,0,0,0
2026-09-26 12:57:15.318342,7200.00,merchant001,0,0,0
2026-09-26 12:54:34.343179,4100.00,reptiloid,0,0,0
2026-09-26 12:16:49.681423,5400.0000,USDT,0,0,71.813000
2026-09-26 11:55:13.114716,7200.00,reptiloid,0,0,0
2026-09-26 09:41:13.947413,7200.00,reptiloid,0,0,0
2026-09-26 09:16:39.580254,2000.00,reptiloid,0,0,0
2026-09-26 03:58:41.052076,7700.00,reptiloid,0,0,0
2026-09-26 03:40:14.12087,3100.00,reptiloid,0,0,0
2026-09-26 00:10:34.757929,7200.00,reptiloid,0,0,0
2026-09-25 23:32:38.724911,3100.00,merchant001,0,0,0
2026-09-25 22:28:00.033982,3100.00,reptiloid,0,0,0
2026-09-25 22:26:39.05218,3100.00,reptiloid,0,0,0
2026-09-25 22:10:38.925023,7200.00,card,0,0,0
2026-09-25 22:10:15.900334,7200.00,transa,0,0,0
2026-09-25 22:00:59.043031,2900.00,card,0,0,0
2026-09-25 21:45:59.834062,5900.00,reptiloid,0,0,0
2026-09-25 21:18:29.252147,1300.00,transa,0,0,0
2026-09-25 20:57:16.598815,2000.00,reptiloid,0,0,0
2026-09-25 20:49:21.410444,7200.00,reptiloid,0,0,0
2026-09-25 20:42:06.370445,2000.00,reptiloid,0,0,0
2026-09-25 20:25:23.892751,1600.00,card,0,0,0
2026-09-25 20:14:52.55357,4300.00,reptiloid,0,0,0
2026-09-25 20:10:53.027881,3000.00,card,0,0,0
2026-09-25 20:08:38.432637,4300.00,reptiloid,0,0,0
2026-09-25 19:43:11.724015,4300.00,reptiloid,0,0,0
2026-09-25 19:35:14.137183,4300.00,reptiloid,0,0,0
2026-09-25 19:25:03.212673,7200.00,reptiloid,0,0,0
2026-09-25 18:52:31.577173,7200.00,transa,0,0,0
2026-09-25 18:30:50.876407,7200.00,reptiloid,0,0,0
2026-09-25 17:59:01.863918,7200.00,reptiloid,0,0,0
2026-09-25 17:44:49.086445,4300.00,transa,0,0,0
2026-09-25 17:36:12.858087,7200.00,reptiloid,0,0,0
2026-09-25 17:29:35.927625,4300.00,merchant001,0,0,0
2026-09-25 17:24:24.132145,4300.00,reptiloid,0,0,0
2026-09-25 17:18:40.717658,4300.00,reptiloid,0,0,0
2026-09-25 17:18:11.991328,4300.00,reptiloid,0,0,0
2026-09-25 17:15:22.801061,1300.00,reptiloid,0,0,0
2026-09-25 17:14:27.860354,1300.00,card,0,0,0
2026-09-25 16:03:27.034162,4300.00,reptiloid,0,0,0
2026-09-25 15:39:11.382402,7200.00,merchant001,0,0,0
2026-09-25 15:38:50.989041,7200.00,reptiloid,0,0,0
2026-09-25 15:08:40.038029,7200.00,merchant001,0,0,0
2026-09-25 14:45:54.024137,2000.00,reptiloid,0,0,0
2026-09-25 14:30:13.303372,4200.00,reptiloid,0,0,0
2026-09-25 14:24:58.187105,5700.00,reptiloid,0,0,0
2026-09-25 13:20:59.180504,7200.00,reptiloid,0,0,0
2026-09-25 13:19:30.6482,7200.00,reptiloid,0,0,0
2026-09-25 12:50:26.637344,7200.00,reptiloid,0,0,0
2026-09-25 12:24:24.418515,7200.00,reptiloid,0,0,0
2026-09-25 12:09:21.815076,7200.00,reptiloid,0,0,0
2026-09-25 12:04:33.570884,2000.00,merchant001,0,0,0
2026-09-25 11:40:34.874586,4300.00,reptiloid,0,0,0
2026-09-25 10:56:19.871322,2000.00,reptiloid,0,0,0
2026-09-25 10:53:48.809698,7200.00,reptiloid,0,0,0
2026-09-25 08:17:09.182458,4300.00,reptiloid,0,0,0
2026-09-25 07:50:19.74124,4300.00,reptiloid,0,0,0
2026-09-25 06:30:49.88597,4300.00,reptiloid,0,0,0
2026-09-25 05:14:37.908857,2635.0000,LTC,0,0.515645,0
2026-09-25 04:47:26.492203,7200.00,reptiloid,0,0,0
2026-09-25 04:22:38.785159,4300.00,reptiloid,0,0,0
2026-09-25 03:47:11.173333,4300.00,reptiloid,0,0,0
2026-09-25 02:54:47.904102,4300.00,merchant001,0,0,0
2026-09-25 02:03:55.676762,7200.00,reptiloid,0,0,0
2026-09-25 01:50:17.277331,1300.00,reptiloid,0,0,0
2026-09-25 01:34:06.855376,4300.00,reptiloid,0,0,0
2026-09-25 01:23:19.767191,7200.00,merchant001,0,0,0
2026-09-25 00:59:55.436404,1300.00,reptiloid,0,0,0
2026-09-25 00:40:26.699165,1300.00,reptiloid,0,0,0
2026-09-25 00:16:19.863339,4300.00,reptiloid,0,0,0
2026-09-25 00:15:22.988544,2000.00,reptiloid,0,0,0
2026-09-24 23:38:56.36858,4300.00,reptiloid,0,0,0
2026-09-24 23:35:59.492368,2000.00,reptiloid,0,0,0
2026-09-24 23:19:01.050091,4300.00,reptiloid,0,0,0
2026-09-24 22:51:45.492059,2000.00,card,0,0,0
2026-09-24 22:51:35.345934,4300.00,reptiloid,0,0,0
2026-09-24 22:48:33.327345,4300.00,card,0,0,0
2026-09-24 22:36:47.698526,4300.00,reptiloid,0,0,0
2026-09-24 22:34:45.163033,3100.00,reptiloid,0,0,0
2026-09-24 22:23:33.226519,3100.00,reptiloid,0,0,0
2026-09-24 21:45:33.319996,2000.00,reptiloid,0,0,0
2026-09-24 21:41:38.273238,2000.00,merchant001,0,0,0
2026-09-24 20:14:09.660578,7200.00,reptiloid,0,0,0
2026-09-24 19:58:40.955889,7200.00,reptiloid,0,0,0
2026-09-24 19:43:57.610498,2000.00,merchant001,0,0,0
2026-09-24 19:31:45.280097,7200.00,card,0,0,0
2026-09-24 19:18:32.083498,7200.00,reptiloid,0,0,0
2026-09-24 19:11:04.44133,2000.00,reptiloid,0,0,0
2026-09-24 19:07:06.681467,7200.00,reptiloid,0,0,0
2026-09-24 19:02:12.100405,7200.00,reptiloid,0,0,0
2026-09-24 18:58:33.792217,7200.00,reptiloid,0,0,0
2026-09-24 18:54:36.562482,7200.00,reptiloid,0,0,0
2026-09-24 18:42:34.13288,7200.00,merchant001,0,0,0
2026-09-24 18:34:46.199219,7200.00,card,0,0,0
2026-09-24 18:28:32.907373,7200.00,reptiloid,0,0,0
2026-09-24 18:27:36.438832,7200.00,reptiloid,0,0,0
2026-09-24 18:09:42.942428,4300.00,reptiloid,0,0,0
2026-09-24 18:04:51.576915,3100.00,reptiloid,0,0,0
2026-09-24 18:00:11.826488,800.00,reptiloid,0,0,0
2026-09-24 17:56:58.647225,3100.00,reptiloid,0,0,0
2026-09-24 17:37:28.108194,4600.00,reptiloid,0,0,0
2026-09-24 17:02:41.806008,1300.00,reptiloid,0,0,0
2026-09-24 16:43:01.046139,7700.00,card,0,0,0
2026-09-24 16:39:11.428198,500.00,card,0,0,0
2026-09-24 16:38:34.757333,4300.00,reptiloid,0,0,0
2026-09-24 16:30:53.321639,4300.00,card,0,0,0
2026-09-24 16:03:51.815895,4300.00,card,0,0,0
2026-09-24 15:58:18.42283,2000.00,reptiloid,0,0,0
2026-09-24 15:41:36.016685,7200.00,merchant001,0,0,0
2026-09-24 15:36:00.806516,7200.00,card,0,0,0
2026-09-24 15:33:13.566162,4300.00,reptiloid,0,0,0
2026-09-24 15:17:57.297904,3100.00,merchant001,0,0,0
2026-09-24 14:55:18.064778,1300.00,reptiloid,0,0,0
2026-09-24 14:36:20.129103,4300.00,reptiloid,0,0,0
2026-09-24 14:30:29.155738,1899.00,BTC,0.00026692,0,0
2026-09-24 14:16:16.346313,10500.00,reptiloid,0,0,0
2026-09-24 14:14:25.086962,4300.00,transa,0,0,0
2026-09-24 14:06:17.444359,4300.00,reptiloid,0,0,0
2026-09-24 13:44:25.626821,7200.00,reptiloid,0,0,0
2026-09-24 13:40:41.460013,7200.00,reptiloid,0,0,0
2026-09-24 12:51:21.248799,7200.00,reptiloid,0,0,0
2026-09-24 12:48:35.733603,7200.00,card,0,0,0
2026-09-24 12:16:43.86342,7200.00,reptiloid,0,0,0
2026-09-24 11:19:15.581534,3100.00,reptiloid,0,0,0
2026-09-24 11:18:28.728444,7200.00,reptiloid,0,0,0
2026-09-24 10:50:49.987513,4200.00,reptiloid,0,0,0
2026-09-24 10:50:25.244567,7200.00,card,0,0,0
2026-09-24 10:41:15.620725,7200.00,reptiloid,0,0,0
2026-09-24 10:32:59.943744,3200.00,reptiloid,0,0,0
2026-09-24 10:29:23.460273,7200.00,reptiloid,0,0,0
2026-09-24 09:57:33.166625,10500.00,merchant001,0,0,0
2026-09-24 09:34:53.585847,3100.00,reptiloid,0,0,0
2026-09-24 08:24:12.056898,3100.00,card,0,0,0
2026-09-24 07:46:47.851191,7200.00,reptiloid,0,0,0
2026-09-24 03:19:19.774735,7200.00,reptiloid,0,0,0
2026-09-24 02:25:07.473641,7700.00,card,0,0,0
2026-09-24 02:23:47.751882,10500.00,reptiloid,0,0,0
2026-09-24 02:21:05.032411,7200.00,card,0,0,0
2026-09-24 02:12:05.275592,3000.00,reptiloid,0,0,0
2026-09-24 02:10:30.105475,10500.00,merchant001,0,0,0
2026-09-24 01:38:43.183064,3000.00,reptiloid,0,0,0
2026-09-24 00:56:03.919409,2000.00,reptiloid,0,0,0
2026-09-24 00:21:58.835031,7600.00,card,0,0,0
2026-09-24 00:07:46.742408,3000.00,card,0,0,0
2026-09-24 00:03:59.145044,7700.00,reptiloid,0,0,0
2026-09-24 00:02:21.035106,7200.00,reptiloid,0,0,0
2026-09-23 23:57:19.656026,2000.00,merchant001,0,0,0
2026-09-23 23:36:47.006013,3000.00,reptiloid,0,0,0
2026-09-23 23:06:25.97628,3000.00,reptiloid,0,0,0
2026-09-23 22:50:36.183843,1900.00,card,0,0,0
2026-09-23 22:45:34.772644,4200.00,reptiloid,0,0,0
2026-09-23 21:44:35.31218,7200.00,reptiloid,0,0,0
2026-09-23 21:42:49.887547,7200.00,reptiloid,0,0,0
2026-09-23 21:41:34.310382,7200.00,reptiloid,0,0,0
2026-09-23 21:24:55.590811,1910.00,card,0,0,0
2026-09-23 21:24:49.591995,2000.00,card,0,0,0
2026-09-23 21:12:23.138397,1900.00,card,0,0,0
2026-09-23 20:48:11.080773,7200.00,transa,0,0,0
2026-09-23 20:45:42.047076,3100.00,merchant001,0,0,0
2026-09-23 20:35:16.798202,7200.00,transa,0,0,0
2026-09-23 20:33:25.681879,7200.00,reptiloid,0,0,0
2026-09-23 20:20:23.285901,1900.00,transa,0,0,0
2026-09-23 20:05:39.878405,7700.00,card,0,0,0
2026-09-23 20:03:58.115042,7200.00,merchant001,0,0,0
2026-09-23 19:58:22.486344,910.00,reptiloid,0,0,0
2026-09-23 19:33:31.967129,3000.00,reptiloid,0,0,0
2026-09-23 19:11:00.977573,4300.00,reptiloid,0,0,0
2026-09-23 19:05:51.968323,4300.00,reptiloid,0,0,0
2026-09-23 18:55:57.323359,1900.00,reptiloid,0,0,0
2026-09-23 18:54:44.512851,4300.00,reptiloid,0,0,0
2026-09-23 18:48:03.597195,1900.00,reptiloid,0,0,0
2026-09-23 18:47:37.317701,7200.00,merchant001,0,0,0
2026-09-23 18:36:02.615349,3100.00,reptiloid,0,0,0
2026-09-23 18:29:44.820776,7200.00,reptiloid,0,0,0
2026-09-23 18:19:18.416946,4300.00,reptiloid,0,0,0
2026-09-23 18:02:40.02833,10500.00,merchant001,0,0,0
2026-09-23 17:40:30.440196,7200.00,reptiloid,0,0,0
2026-09-23 17:39:47.780321,4300.00,reptiloid,0,0,0
2026-09-23 17:34:28.701009,3000.00,reptiloid,0,0,0
2026-09-23 17:14:10.239196,1000.00,reptiloid,0,0,0
2026-09-23 17:08:34.209915,100.00,card,0,0,0
2026-09-23 16:58:51.848409,1300.00,reptiloid,0,0,0
2026-09-23 16:58:23.271998,6200.00,reptiloid,0,0,0
2026-09-23 16:58:04.15624,1900.00,card,0,0,0
2026-09-23 16:57:18.068971,7200.00,merchant001,0,0,0
2026-09-23 16:57:01.571135,7200.00,reptiloid,0,0,0
2026-09-23 16:45:33.027933,7200.00,card,0,0,0
2026-09-23 16:41:22.131504,1900.00,reptiloid,0,0,0
2026-09-23 16:40:23.671175,2100.00,card,0,0,0
2026-09-23 16:35:04.09555,1300.00,reptiloid,0,0,0
2026-09-23 16:34:14.491535,4300.00,reptiloid,0,0,0
2026-09-23 16:27:18.001467,3000.00,reptiloid,0,0,0
2026-09-23 16:27:08.271605,4300.00,reptiloid,0,0,0
2026-09-23 16:15:24.773179,3000.00,reptiloid,0,0,0
2026-09-23 15:52:23.646393,2900.00,reptiloid,0,0,0
2026-09-23 15:52:17.205773,7200.00,reptiloid,0,0,0
2026-09-23 15:41:08.90851,7200.00,reptiloid,0,0,0
2026-09-23 15:37:49.013204,7200.00,reptiloid,0,0,0
2026-09-23 15:33:58.453313,7200.00,reptiloid,0,0,0
2026-09-23 15:23:07.180622,1000.00,reptiloid,0,0,0
2026-09-23 15:19:47.636552,7200.00,reptiloid,0,0,0
2026-09-23 15:16:28.930555,800.00,reptiloid,0,0,0
2026-09-23 15:13:06.850758,7200.00,reptiloid,0,0,0
2026-09-23 15:12:43.03133,2250.0000,USDT,0,0,29.922000
2026-09-23 15:12:19.834836,7200.00,card,0,0,0
2026-09-23 14:56:51.370841,3000.00,reptiloid,0,0,0
2026-09-23 14:53:56.921462,7700.00,card,0,0,0
2026-09-23 14:53:38.213442,7200.00,card,0,0,0
2026-09-23 14:43:36.366727,7200.00,reptiloid,0,0,0
2026-09-23 14:35:29.671369,4200.00,reptiloid,0,0,0
2026-09-23 14:27:55.485996,7200.00,reptiloid,0,0,0
2026-09-23 14:24:17.85394,7200.00,reptiloid,0,0,0
2026-09-23 14:12:41.375254,7200.00,reptiloid,0,0,0
2026-09-23 14:03:42.784254,3100.00,reptiloid,0,0,0
2026-09-23 14:00:01.363345,7200.00,reptiloid,0,0,0
2026-09-23 13:58:56.551964,7200.00,reptiloid,0,0,0
2026-09-23 13:54:21.222097,7200.00,reptiloid,0,0,0
2026-09-23 13:52:46.932641,7000.00,reptiloid,0,0,0
2026-09-23 13:52:31.836569,7300.00,reptiloid,0,0,0
2026-09-23 12:56:38.383422,7200.00,merchant001,0,0,0
2026-09-23 12:53:47.084043,7200.00,reptiloid,0,0,0
2026-09-23 12:31:06.649194,3000.00,reptiloid,0,0,0
2026-09-23 12:13:34.331946,7200.00,reptiloid,0,0,0
2026-09-23 11:58:21.801622,7200.00,reptiloid,0,0,0
2026-09-23 11:11:07.576446,7200.00,reptiloid,0,0,0
2026-09-23 11:02:51.457561,7200.00,reptiloid,0,0,0
2026-09-23 10:30:47.772951,7200.00,reptiloid,0,0,0
2026-09-23 10:21:10.551379,2000.00,reptiloid,0,0,0
2026-09-23 10:20:57.724052,7700.00,reptiloid,0,0,0
2026-09-23 09:36:38.943204,3000.00,reptiloid,0,0,0
2026-09-23 08:53:56.761651,3100.00,reptiloid,0,0,0
2026-09-23 08:38:45.704557,7200.00,reptiloid,0,0,0
2026-09-23 08:36:39.950492,7200.00,reptiloid,0,0,0
2026-09-23 08:21:55.213642,5400.0000,USDT,0,0,71.813000
2026-09-23 08:17:56.244643,3100.00,reptiloid,0,0,0
2026-09-23 07:52:31.79902,7200.00,reptiloid,0,0,0
2026-09-23 06:24:39.478681,7200.00,reptiloid,0,0,0
2026-09-23 05:15:34.139267,500.00,reptiloid,0,0,0
2026-09-23 04:13:42.476664,7700.00,reptiloid,0,0,0
2026-09-23 02:09:38.955152,7200.00,reptiloid,0,0,0
2026-09-23 02:04:52.302225,7200.00,reptiloid,0,0,0
2026-09-23 01:41:20.773593,7200.00,reptiloid,0,0,0
2026-09-23 01:39:43.894452,600.00,reptiloid,0,0,0
2026-09-23 01:14:44.801252,7200.00,card,0,0,0
2026-09-23 01:09:48.5111,7200.00,reptiloid,0,0,0
2026-09-22 23:32:06.934865,7200.00,reptiloid,0,0,0
2026-09-22 22:56:45.697688,7200.00,reptiloid,0,0,0
2026-09-22 22:35:17.060174,5200.00,reptiloid,0,0,0
2026-09-22 22:23:47.295515,2000.00,reptiloid,0,0,0
2026-09-22 22:05:37.642353,7700.00,card,0,0,0
2026-09-22 21:37:32.44149,7200.00,reptiloid,0,0,0
2026-09-22 21:21:04.931179,7200.00,reptiloid,0,0,0
2026-09-22 21:06:12.963701,3000.00,reptiloid,0,0,0
2026-09-22 20:57:04.646552,2000.00,reptiloid,0,0,0
2026-09-22 20:52:11.787509,7200.00,reptiloid,0,0,0
2026-09-22 20:36:24.137994,2000.00,reptiloid,0,0,0
2026-09-22 20:13:29.183654,2000.00,reptiloid,0,0,0
2026-09-22 20:04:19.702354,7200.00,reptiloid,0,0,0
2026-09-22 20:02:40.350597,7200.00,reptiloid,0,0,0
2026-09-22 19:56:08.596491,7200.00,reptiloid,0,0,0
2026-09-22 19:55:14.31443,4200.00,USDT,0,0,41.891000
2026-09-22 19:48:03.44072,7200.00,reptiloid,0,0,0
2026-09-22 19:45:17.797978,7200.00,reptiloid,0,0,0
2026-09-22 19:18:12.769917,7200.00,reptiloid,0,0,0
2026-09-22 18:43:47.10469,7200.00,reptiloid,0,0,0
2026-09-22 18:41:30.99776,1300.00,USDT,0,0,12.966000
2026-09-22 18:29:10.166106,3100.00,reptiloid,0,0,0
2026-09-22 17:47:07.182521,7200.00,reptiloid,0,0,0
2026-09-22 17:40:11.893186,4500.00,card,0,0,0
2026-09-22 17:32:48.281276,7200.00,reptiloid,0,0,0
2026-09-22 17:28:35.81638,4500.00,card,0,0,0
2026-09-22 17:17:39.731155,7200.00,reptiloid,0,0,0
2026-09-22 17:11:26.052315,7200.00,reptiloid,0,0,0
2026-09-22 17:07:07.292396,7200.00,reptiloid,0,0,0
2026-09-22 17:04:04.163515,700.00,reptiloid,0,0,0
2026-09-22 17:03:15.726968,4300.00,card,0,0,0
2026-09-22 16:58:15.278246,4100.00,reptiloid,0,0,0
2026-09-22 16:50:29.496355,2500.00,reptiloid,0,0,0
2026-09-22 16:33:30.868223,3000.00,reptiloid,0,0,0
2026-09-22 16:30:44.792994,7200.00,reptiloid,0,0,0
2026-09-22 16:29:46.842233,4500.00,reptiloid,0,0,0
2026-09-22 16:20:53.262838,7200.00,reptiloid,0,0,0
2026-09-22 16:17:07.124352,7200.00,reptiloid,0,0,0
2026-09-22 15:58:06.97056,7200.00,reptiloid,0,0,0
2026-09-22 15:34:56.214388,4300.00,reptiloid,0,0,0
2026-09-22 15:19:15.915361,4500.00,reptiloid,0,0,0
2026-09-22 15:09:08.704525,7200.00,reptiloid,0,0,0
2026-09-22 14:56:46.164194,7200.00,reptiloid,0,0,0
2026-09-22 14:56:09.42245,2900.00,card,0,0,0
2026-09-22 14:49:09.202408,1300.00,card,0,0,0
2026-09-22 14:47:57.407026,4500.00,card,0,0,0
2026-09-22 14:43:19.731072,7200.00,reptiloid,0,0,0
2026-09-22 14:41:39.569686,4300.00,card,0,0,0
2026-09-22 14:38:14.346817,3300.00,reptiloid,0,0,0
2026-09-22 14:38:08.999536,4300.00,reptiloid,0,0,0
2026-09-22 14:14:52.28809,1300.00,reptiloid,0,0,0
2026-09-22 14:08:48.755489,7200.00,merchant001,0,0,0
2026-09-22 14:05:58.654334,4300.00,reptiloid,0,0,0
2026-09-22 14:05:11.76509,4500.00,reptiloid,0,0,0
2026-09-22 14:00:27.7838,7200.00,reptiloid,0,0,0
2026-09-22 13:58:32.540591,7200.00,reptiloid,0,0,0
2026-09-22 13:42:58.770715,7200.00,card,0,0,0
2026-09-22 13:37:03.347491,7200.00,reptiloid,0,0,0
2026-09-22 13:36:42.023382,7200.00,reptiloid,0,0,0
2026-09-22 13:36:41.977207,5400.0000,USDT,0,0,71.813000
2026-09-22 13:36:07.161588,7200.00,card,0,0,0
2026-09-22 13:27:39.669096,7200.00,reptiloid,0,0,0
2026-09-22 13:10:30.503727,7200.00,reptiloid,0,0,0
2026-09-22 13:09:09.050232,7200.00,transa,0,0,0
2026-09-22 12:43:49.829538,7200.00,reptiloid,0,0,0
2026-09-22 12:43:40.666381,7200.00,reptiloid,0,0,0
2026-09-22 12:30:32.082323,3200.00,reptiloid,0,0,0
2026-09-22 12:00:05.521024,3300.00,reptiloid,0,0,0
2026-09-22 11:41:38.079474,2000.00,reptiloid,0,0,0
2026-09-22 11:40:05.880649,700.00,reptiloid,0,0,0
2026-09-22 11:34:15.092751,7200.00,reptiloid,0,0,0
2026-09-22 11:31:37.575688,3400.00,reptiloid,0,0,0
2026-09-22 11:26:21.516726,7200.00,reptiloid,0,0,0
2026-09-22 10:50:07.83993,4000.00,reptiloid,0,0,0
2026-09-22 10:37:30.734409,2900.00,reptiloid,0,0,0
2026-09-22 10:30:51.962981,780.00,BTC,0.00010885,0,0
2026-09-22 10:18:08.099534,4500.00,reptiloid,0,0,0
2026-09-22 09:50:39.00397,7200.00,reptiloid,0,0,0
2026-09-22 09:11:10.162026,7200.00,reptiloid,0,0,0
2026-09-22 09:08:28.179528,7200.00,reptiloid,0,0,0
2026-09-22 08:55:50.185103,4300.00,reptiloid,0,0,0
2026-09-22 08:55:44.245132,7200.00,reptiloid,0,0,0
2026-09-22 08:17:20.868267,3100.00,reptiloid,0,0,0
2026-09-22 07:33:37.292092,1300.00,reptiloid,0,0,0
2026-09-22 06:48:02.694364,7200.00,reptiloid,0,0,0
2026-09-22 05:50:28.303602,4000.00,LTC,0,0.81025332,0
2026-09-22 05:03:48.347512,7200.00,reptiloid,0,0,0
2026-09-22 05:03:37.567638,4200.00,reptiloid,0,0,0
2026-09-22 04:35:48.866564,3375.0000,USDT,0,0,44.883000
2026-09-22 04:17:01.203191,7200.00,reptiloid,0,0,0
2026-09-22 04:15:51.289658,3300.00,reptiloid,0,0,0
2026-09-22 02:25:28.98095,7200.00,reptiloid,0,0,0
2026-09-22 01:29:49.122416,3300.00,reptiloid,0,0,0
2026-09-22 00:16:17.977105,1300.00,reptiloid,0,0,0
2026-09-22 00:11:20.093801,7200.00,reptiloid,0,0,0
2026-09-21 23:53:04.971618,7200.00,reptiloid,0,0,0
2026-09-21 23:23:08.551781,4300.00,merchant001,0,0,0
2026-09-21 23:21:39.780155,4300.00,merchant001,0,0,0
2026-09-21 23:15:00.247082,4300.00,reptiloid,0,0,0
2026-09-21 23:04:54.142128,4300.00,reptiloid,0,0,0
2026-09-21 22:51:57.260234,7200.00,merchant001,0,0,0
2026-09-21 22:49:37.019283,4500.00,reptiloid,0,0,0
2026-09-21 22:29:26.661008,7200.00,reptiloid,0,0,0
2026-09-21 22:16:07.620441,4300.00,reptiloid,0,0,0
2026-09-21 22:13:19.497389,3300.00,reptiloid,0,0,0
2026-09-21 22:12:32.29921,4300.00,reptiloid,0,0,0
2026-09-21 21:54:38.041581,7200.00,reptiloid,0,0,0
2026-09-21 21:54:19.964594,4300.00,reptiloid,0,0,0
2026-09-21 21:50:56.642004,4300.00,reptiloid,0,0,0
2026-09-21 21:50:23.028999,7200.00,reptiloid,0,0,0
2026-09-21 21:48:59.518999,7200.00,reptiloid,0,0,0
2026-09-21 20:56:38.242309,3375.0000,USDT,0,0,44.883000
2026-09-21 20:48:59.044026,7200.00,reptiloid,0,0,0
2026-09-21 20:09:54.669232,3300.00,reptiloid,0,0,0
2026-09-21 19:59:16.305694,4500.00,merchant001,0,0,0
2026-09-21 19:45:16.361733,7200.00,reptiloid,0,0,0
2026-09-21 19:43:29.76967,33750.0000,USDT,0,0,448.833000
2026-09-21 19:04:04.807795,3300.00,reptiloid,0,0,0
2026-09-21 19:01:26.200982,2100.00,reptiloid,0,0,0
2026-09-21 18:56:35.172195,7200.00,reptiloid,0,0,0
2026-09-21 18:53:47.01533,7200.00,reptiloid,0,0,0
2026-09-21 18:25:24.036004,7200.00,reptiloid,0,0,0
2026-09-21 17:50:47.902108,2100.00,reptiloid,0,0,0
2026-09-21 17:39:44.002235,7200.00,reptiloid,0,0,0
2026-09-21 17:22:23.836023,3200.00,reptiloid,0,0,0
2026-09-21 16:24:48.64681,4300.00,reptiloid,0,0,0
2026-09-21 16:07:51.389243,4500.00,reptiloid,0,0,0
2026-09-21 16:01:44.852699,1500.00,reptiloid,0,0,0
2026-09-21 15:58:10.443859,7200.00,reptiloid,0,0,0
2026-09-21 15:46:37.389249,4300.00,reptiloid,0,0,0
2026-09-21 15:44:16.006023,4300.00,reptiloid,0,0,0
2026-09-21 15:29:49.183278,1300.00,reptiloid,0,0,0
2026-09-21 15:08:54.751758,4300.00,reptiloid,0,0,0
2026-09-21 15:07:29.118364,7200.00,reptiloid,0,0,0
2026-09-21 14:56:29.36338,4000.00,reptiloid,0,0,0
2026-09-21 14:56:17.909133,4300.00,reptiloid,0,0,0
2026-09-21 14:50:53.343595,4300.00,reptiloid,0,0,0
2026-09-21 14:44:04.292837,4300.00,reptiloid,0,0,0
2026-09-21 14:39:22.599587,3375.0000,USDT,0,0,44.883000
2026-09-21 14:25:13.083957,7200.00,reptiloid,0,0,0
2026-09-21 14:15:01.332092,7700.00,card,0,0,0
2026-09-21 14:15:01.22346,4500.00,card,0,0,0
2026-09-21 14:05:54.06811,7200.00,reptiloid,0,0,0
2026-09-21 14:02:33.213932,7200.00,card,0,0,0
2026-09-21 14:01:09.054861,7200.00,reptiloid,0,0,0
2026-09-21 13:57:44.398951,7200.00,merchant001,0,0,0
2026-09-21 13:49:23.982084,7200.00,reptiloid,0,0,0
2026-09-21 13:37:44.388308,4500.00,card,0,0,0
2026-09-21 13:25:55.308255,4300.00,merchant001,0,0,0
2026-09-21 13:25:29.712142,3000.00,card,0,0,0
2026-09-21 13:23:48.205174,7200.00,reptiloid,0,0,0
2026-09-21 13:02:34.670191,7200.00,reptiloid,0,0,0
2026-09-21 13:02:03.881702,7200.00,reptiloid,0,0,0
2026-09-21 12:59:25.883274,4300.00,reptiloid,0,0,0
2026-09-21 12:52:31.690564,7200.00,transa,0,0,0
2026-09-21 12:44:43.929076,7200.00,reptiloid,0,0,0
2026-09-21 12:39:12.139977,4300.00,reptiloid,0,0,0
2026-09-21 12:33:29.493925,4300.00,reptiloid,0,0,0
2026-09-21 12:18:04.149875,3300.00,reptiloid,0,0,0
2026-09-21 11:43:21.01494,4300.00,card,0,0,0
2026-09-21 11:28:42.919159,4300.00,card,0,0,0
2026-09-21 11:09:53.538463,4300.00,reptiloid,0,0,0
2026-09-21 11:05:02.163712,7200.00,reptiloid,0,0,0
2026-09-21 11:02:07.245753,4300.00,card,0,0,0
2026-09-21 10:48:29.838092,7200.00,reptiloid,0,0,0
2026-09-21 10:35:31.851646,7200.00,reptiloid,0,0,0
2026-09-21 10:33:52.697466,1500.00,LTC,0,0.3068197,0
2026-09-21 10:26:27.602489,4300.00,card,0,0,0
2026-09-21 10:24:41.75479,4300.00,card,0,0,0
2026-09-21 09:18:13.432089,4300.00,reptiloid,0,0,0
2026-09-21 09:17:33.688999,7200.00,reptiloid,0,0,0
2026-09-21 08:21:15.174444,7200.00,reptiloid,0,0,0
2026-09-21 08:17:21.124081,1799.00,reptiloid,0,0,0
2026-09-21 08:11:47.969542,4300.00,reptiloid,0,0,0
2026-09-21 07:02:05.59102,4300.00,reptiloid,0,0,0
2026-09-21 06:52:37.059213,4300.00,reptiloid,0,0,0
2026-09-21 04:13:00.344843,7200.00,reptiloid,0,0,0
2026-09-21 01:27:54.275103,3200.00,reptiloid,0,0,0
2026-09-21 01:24:45.90757,2100.00,merchant001,0,0,0
2026-09-21 01:14:04.754403,4300.00,card,0,0,0
2026-09-21 01:00:20.86399,7200.00,reptiloid,0,0,0
2026-09-20 23:29:39.638456,2700.00,reptiloid,0,0,0
2026-09-20 23:09:32.160686,4300.00,reptiloid,0,0,0
2026-09-20 23:02:26.474561,6545.0000,LTC,0,1.57576612,0
2026-09-20 22:56:21.921041,7700.00,card,0,0,0
2026-09-20 22:14:05.039816,4300.00,reptiloid,0,0,0
2026-09-20 22:03:39.574981,3300.00,reptiloid,0,0,0
2026-09-20 22:00:02.814208,7200.00,card,0,0,0
2026-09-20 21:53:46.471001,7200.00,reptiloid,0,0,0
2026-09-20 21:52:54.705382,4300.00,merchant001,0,0,0
2026-09-20 21:48:35.90313,2100.00,merchant001,0,0,0
2026-09-20 21:47:28.920769,4300.00,card,0,0,0
2026-09-20 21:28:39.716226,7200.00,reptiloid,0,0,0
2026-09-20 21:23:01.669986,7200.00,merchant001,0,0,0
2026-09-20 21:11:26.974566,2100.00,merchant001,0,0,0
2026-09-20 20:47:00.153838,4300.00,reptiloid,0,0,0
2026-09-20 20:45:55.816009,4300.00,merchant001,0,0,0
2026-09-20 20:21:00.852372,4300.00,reptiloid,0,0,0
2026-09-20 20:19:25.130956,4300.00,merchant001,0,0,0
2026-09-20 20:19:11.976427,7200.00,card,0,0,0
2026-09-20 19:49:04.952155,1300.00,reptiloid,0,0,0
2026-09-20 19:47:05.608711,7200.00,reptiloid,0,0,0
2026-09-20 19:41:12.519322,4300.00,reptiloid,0,0,0
2026-09-20 19:39:59.035996,3300.00,reptiloid,0,0,0
2026-09-20 19:09:41.9868,2100.00,merchant001,0,0,0
2026-09-20 19:05:09.551743,7200.00,card,0,0,0
2026-09-20 18:59:46.472545,3225.0000,USDT,0,0,42.888000
2026-09-20 18:54:57.076937,7200.00,reptiloid,0,0,0
2026-09-20 18:47:50.874258,4200.00,reptiloid,0,0,0
2026-09-20 18:32:47.877193,3900.00,reptiloid,0,0,0
2026-09-20 17:50:47.600746,4300.00,reptiloid,0,0,0
2026-09-20 17:44:18.031979,4100.00,reptiloid,0,0,0
2026-09-20 17:22:18.056925,4300.00,reptiloid,0,0,0
2026-09-20 17:15:45.673332,7200.00,reptiloid,0,0,0
2026-09-20 17:14:25.513323,4300.00,reptiloid,0,0,0
2026-09-20 16:51:57.365425,4300.00,reptiloid,0,0,0
2026-09-20 16:46:24.098876,2200.00,reptiloid,0,0,0
2026-09-20 16:36:56.678403,3300.00,reptiloid,0,0,0
2026-09-20 16:34:35.58274,4300.00,reptiloid,0,0,0
2026-09-20 16:31:37.200471,4300.00,reptiloid,0,0,0
2026-09-20 16:17:30.273258,7200.00,reptiloid,0,0,0
2026-09-20 16:12:04.2505,4300.00,reptiloid,0,0,0
2026-09-20 15:51:08.789161,4300.00,reptiloid,0,0,0
2026-09-20 15:49:15.22599,5775.0000,USDT,0,0,76.800000
2026-09-20 15:42:47.879942,7200.00,reptiloid,0,0,0
2026-09-20 15:28:34.668101,4300.00,reptiloid,0,0,0
2026-09-20 15:27:08.078673,7200.00,reptiloid,0,0,0
2026-09-20 15:26:33.465583,4300.00,reptiloid,0,0,0
2026-09-20 14:51:58.075983,7000.00,reptiloid,0,0,0
2026-09-20 14:46:54.296695,7200.00,reptiloid,0,0,0
2026-09-20 14:41:44.368794,4300.00,card,0,0,0
2026-09-20 14:29:31.137189,4300.00,reptiloid,0,0,0
2026-09-20 14:24:33.254867,1300.00,reptiloid,0,0,0
2026-09-20 14:22:51.636309,4300.00,reptiloid,0,0,0
2026-09-20 14:21:22.956756,4300.00,reptiloid,0,0,0
2026-09-20 14:09:49.974066,500.00,reptiloid,0,0,0
2026-09-20 14:01:06.047513,4300.00,reptiloid,0,0,0
2026-09-20 13:54:40.791359,4300.00,reptiloid,0,0,0
2026-09-20 13:44:45.948645,4300.00,card,0,0,0
2026-09-20 13:34:28.654445,7200.00,reptiloid,0,0,0
2026-09-20 13:30:08.891778,7200.00,reptiloid,0,0,0
2026-09-20 13:29:16.430621,7200.00,merchant001,0,0,0
2026-09-20 13:11:47.169841,4300.00,reptiloid,0,0,0
2026-09-20 12:46:50.556495,4300.00,reptiloid,0,0,0
2026-09-20 12:42:19.191388,4300.00,reptiloid,0,0,0
2026-09-20 12:40:29.914867,7200.00,reptiloid,0,0,0
2026-09-20 12:33:25.020186,4500.00,reptiloid,0,0,0
2026-09-20 12:32:41.77095,7200.00,reptiloid,0,0,0
2026-09-20 12:29:05.408715,4300.00,card,0,0,0
2026-09-20 12:06:17.669254,3000.00,reptiloid,0,0,0
2026-09-20 11:57:57.222207,4300.00,card,0,0,0
2026-09-20 11:55:02.455192,4300.00,reptiloid,0,0,0
2026-09-20 11:50:04.951426,2200.00,reptiloid,0,0,0
2026-09-20 11:30:28.998982,7200.00,reptiloid,0,0,0
2026-09-20 11:27:19.77523,4300.00,reptiloid,0,0,0
2026-09-20 10:43:47.503097,4300.00,reptiloid,0,0,0
2026-09-20 10:05:51.724811,4300.00,reptiloid,0,0,0
2026-09-20 09:47:40.21233,4300.00,reptiloid,0,0,0
2026-09-20 09:21:24.139667,4300.00,reptiloid,0,0,0
2026-09-20 09:04:35.776044,4300.00,reptiloid,0,0,0
2026-09-20 08:21:33.301677,1300.00,reptiloid,0,0,0
2026-09-20 08:03:06.102466,1250.00,reptiloid,0,0,0
2026-09-20 07:11:48.679669,7200.00,reptiloid,0,0,0
2026-09-20 06:32:22.338376,4300.00,reptiloid,0,0,0
2026-09-20 05:05:23.740786,4300.00,reptiloid,0,0,0
2026-09-20 05:02:43.08279,4300.00,reptiloid,0,0,0
2026-09-20 04:51:39.879086,7200.00,reptiloid,0,0,0
2026-09-20 04:40:24.335555,7200.00,reptiloid,0,0,0
2026-09-20 03:53:12.827082,4300.00,merchant001,0,0,0
2026-09-20 03:52:58.454933,7200.00,card,0,0,0
2026-09-20 03:47:04.607087,4300.00,reptiloid,0,0,0
2026-09-20 02:58:38.714371,7200.00,reptiloid,0,0,0
2026-09-20 02:57:27.599813,3200.00,reptiloid,0,0,0
2026-09-20 02:53:09.819411,7200.00,reptiloid,0,0,0
2026-09-20 02:40:13.356266,4300.00,reptiloid,0,0,0
2026-09-20 02:19:43.848599,4300.00,reptiloid,0,0,0
2026-09-20 01:53:47.234354,7200.00,card,0,0,0
2026-09-20 00:26:31.779083,7200.00,reptiloid,0,0,0
2026-09-20 00:17:30.413483,4000.00,reptiloid,0,0,0
2026-09-20 00:08:03.750836,7700.00,reptiloid,0,0,0
2026-09-20 00:05:29.244938,4300.00,card,0,0,0
2026-09-19 23:58:09.222219,7200.00,reptiloid,0,0,0
2026-09-19 23:50:08.117713,3200.00,reptiloid,0,0,0
2026-09-19 23:37:30.288135,2100.00,reptiloid,0,0,0
2026-09-19 23:29:03.12469,7200.00,reptiloid,0,0,0
2026-09-19 23:20:26.156186,7200.00,reptiloid,0,0,0
2026-09-19 22:51:39.278035,4300.00,merchant001,0,0,0
2026-09-19 22:45:56.961405,4300.00,reptiloid,0,0,0
2026-09-19 22:42:49.076715,7200.00,reptiloid,0,0,0
2026-09-19 22:35:41.724338,7200.00,reptiloid,0,0,0
2026-09-19 22:28:57.30713,7200.00,merchant001,0,0,0
2026-09-19 22:14:10.240015,4300.00,reptiloid,0,0,0
2026-09-19 21:59:42.808494,2300.00,reptiloid,0,0,0
2026-09-19 21:29:56.055344,4300.00,reptiloid,0,0,0
2026-09-19 21:20:57.971784,7700.00,card,0,0,0
2026-09-19 21:05:30.042759,4300.00,merchant001,0,0,0
2026-09-19 20:56:35.249463,10500.00,merchant001,0,0,0
2026-09-19 20:56:07.139268,4300.00,reptiloid,0,0,0
2026-09-19 20:46:30.34184,4300.00,card,0,0,0
2026-09-19 20:27:40.172475,1300.00,reptiloid,0,0,0
2026-09-19 20:26:44.377205,1300.00,USDT,0,0,12.966000
2026-09-19 20:17:38.898655,4300.00,reptiloid,0,0,0
2026-09-19 20:17:17.831217,3300.00,reptiloid,0,0,0
2026-09-19 19:53:25.44717,4300.00,merchant001,0,0,0
2026-09-19 19:50:55.012061,4300.00,reptiloid,0,0,0
2026-09-19 19:29:41.435599,4300.00,reptiloid,0,0,0
2026-09-19 19:24:56.979157,4300.00,reptiloid,0,0,0
2026-09-19 19:11:41.659615,10500.00,reptiloid,0,0,0
2026-09-19 19:08:25.905687,4200.00,reptiloid,0,0,0
2026-09-19 19:06:23.313353,4300.00,reptiloid,0,0,0
2026-09-19 19:02:10.021902,4300.00,reptiloid,0,0,0
2026-09-19 18:52:47.849013,10500.00,reptiloid,0,0,0
2026-09-19 18:37:23.549255,1300.00,reptiloid,0,0,0
2026-09-19 18:32:08.431949,4300.00,reptiloid,0,0,0
2026-09-19 18:24:05.200263,4300.00,reptiloid,0,0,0
2026-09-19 18:21:11.984764,7200.00,reptiloid,0,0,0
2026-09-19 18:21:04.845883,4300.00,reptiloid,0,0,0
2026-09-19 18:18:41.525504,4300.00,card,0,0,0
2026-09-19 18:13:42.601404,3225.0000,USDT,0,0,42.888000
2026-09-19 18:11:18.828,3800.00,reptiloid,0,0,0
2026-09-19 18:09:32.868195,10500.00,reptiloid,0,0,0
2026-09-19 17:58:21.296578,4300.00,card,0,0,0
2026-09-19 17:55:51.927096,4300.00,reptiloid,0,0,0
2026-09-19 17:47:48.467828,7200.00,reptiloid,0,0,0
2026-09-19 17:45:05.646407,1800.00,card,0,0,0
2026-09-19 17:36:08.374395,4300.00,reptiloid,0,0,0
2026-09-19 17:02:08.500894,4300.00,reptiloid,0,0,0
2026-09-19 16:49:28.731543,4300.00,transa,0,0,0
2026-09-19 16:31:40.764808,1300.00,reptiloid,0,0,0
2026-09-19 16:15:58.801511,10400.00,reptiloid,0,0,0
2026-09-19 16:14:11.126408,4300.00,reptiloid,0,0,0
2026-09-19 16:04:11.872717,4300.00,reptiloid,0,0,0
2026-09-19 16:03:47.80342,4300.00,reptiloid,0,0,0
2026-09-19 16:00:26.160529,4300.00,reptiloid,0,0,0
2026-09-19 15:49:34.525968,4300.00,card,0,0,0
2026-09-19 15:41:55.64927,7200.00,reptiloid,0,0,0
2026-09-19 15:33:39.283807,3300.00,reptiloid,0,0,0
2026-09-19 15:32:51.346967,7200.00,reptiloid,0,0,0
2026-09-19 15:23:24.924792,3300.00,reptiloid,0,0,0
2026-09-19 15:13:27.053205,4300.00,reptiloid,0,0,0
2026-09-19 15:12:10.439766,4300.00,reptiloid,0,0,0
2026-09-19 15:10:26.191524,4300.00,reptiloid,0,0,0
2026-09-19 14:53:36.24245,7200.00,reptiloid,0,0,0
2026-09-19 14:52:59.77574,4300.00,reptiloid,0,0,0
2026-09-19 14:36:01.638931,7200.00,reptiloid,0,0,0
2026-09-19 14:27:45.816118,1300.00,reptiloid,0,0,0
2026-09-19 14:25:00.767512,10500.00,reptiloid,0,0,0
2026-09-19 14:15:42.707991,2100.00,card,0,0,0
2026-09-19 14:15:21.424767,7200.00,reptiloid,0,0,0
2026-09-19 14:04:07.973926,7200.00,reptiloid,0,0,0
2026-09-19 13:55:58.514742,2100.00,reptiloid,0,0,0
2026-09-19 13:51:25.910159,3225.0000,USDT,0,0,42.888000
2026-09-19 13:39:55.411868,4300.00,reptiloid,0,0,0
2026-09-19 13:33:42.280593,4300.00,card,0,0,0
2026-09-19 13:28:08.767336,7200.00,reptiloid,0,0,0
2026-09-19 13:26:56.0617,4300.00,reptiloid,0,0,0
2026-09-19 13:26:08.301721,2100.00,card,0,0,0
2026-09-19 13:25:12.761909,2800.00,reptiloid,0,0,0
2026-09-19 12:59:03.032166,4300.00,reptiloid,0,0,0
2026-09-19 12:52:07.463137,4300.00,card,0,0,0
2026-09-19 12:31:00.322578,7200.00,reptiloid,0,0,0
2026-09-19 12:25:51.863359,4300.00,reptiloid,0,0,0
2026-09-19 12:15:41.02543,1300.00,card,0,0,0
2026-09-19 12:14:52.731985,4300.00,reptiloid,0,0,0
2026-09-19 12:13:26.56104,4300.00,reptiloid,0,0,0
2026-09-19 12:13:07.728153,4300.00,reptiloid,0,0,0
2026-09-19 12:10:35.963375,4300.00,reptiloid,0,0,0
2026-09-19 12:02:55.898299,7200.00,reptiloid,0,0,0
2026-09-19 11:55:59.82979,7200.00,card,0,0,0
2026-09-19 11:49:33.202476,4300.00,merchant001,0,0,0
2026-09-19 11:39:07.077696,4300.00,reptiloid,0,0,0
2026-09-19 11:31:17.989891,4300.00,card,0,0,0
2026-09-19 11:28:19.431364,4300.00,card,0,0,0
2026-09-19 11:08:14.794384,10500.00,reptiloid,0,0,0
2026-09-19 10:02:43.658458,3800.00,reptiloid,0,0,0
2026-09-19 08:49:02.731643,7200.00,reptiloid,0,0,0
2026-09-19 07:07:45.932773,7200.00,reptiloid,0,0,0
2026-09-19 04:50:14.283472,5400.0000,USDT,0,0,71.813000
2026-09-19 04:20:06.851468,3300.00,reptiloid,0,0,0
2026-09-19 02:58:50.725728,7200.00,reptiloid,0,0,0
2026-09-19 02:51:16.330016,7200.00,reptiloid,0,0,0
2026-09-19 02:49:12.651108,7200.00,reptiloid,0,0,0
2026-09-19 02:30:00.699443,7200.00,reptiloid,0,0,0
2026-09-19 01:31:00.265948,7200.00,reptiloid,0,0,0
2026-09-19 00:40:24.752441,7700.00,merchant001,0,0,0
2026-09-19 00:04:34.72454,7200.00,reptiloid,0,0,0
2026-09-18 23:45:23.059872,10500.00,reptiloid,0,0,0
2026-09-18 23:19:29.740764,3200.00,reptiloid,0,0,0
2026-09-18 23:10:55.618746,3300.00,reptiloid,0,0,0
2026-09-18 22:47:04.734804,7200.00,reptiloid,0,0,0
2026-09-18 22:30:55.888344,7200.00,reptiloid,0,0,0
2026-09-18 22:28:07.358485,6400.00,reptiloid,0,0,0
2026-09-18 22:18:35.69903,2000.00,reptiloid,0,0,0
2026-09-18 22:11:01.167857,1200.00,reptiloid,0,0,0
2026-09-18 21:58:24.838352,2000.00,reptiloid,0,0,0
2026-09-18 21:39:49.309198,5400.0000,USDT,0,0,71.813000
2026-09-18 21:39:40.804692,3300.00,reptiloid,0,0,0
2026-09-18 21:34:28.196377,7200.00,reptiloid,0,0,0
2026-09-18 21:32:52.918562,7200.00,reptiloid,0,0,0
2026-09-18 21:05:33.704838,7200.00,reptiloid,0,0,0
2026-09-18 20:46:13.239715,4200.00,reptiloid,0,0,0
2026-09-18 20:39:10.934484,7200.00,reptiloid,0,0,0
2026-09-18 20:30:10.912365,7200.00,card,0,0,0
2026-09-18 20:16:55.329865,7200.00,reptiloid,0,0,0
2026-09-18 19:59:57.472788,7200.00,transa,0,0,0
2026-09-18 19:50:46.335781,7200.00,card,0,0,0
2026-09-18 19:38:30.891101,4200.00,reptiloid,0,0,0
2026-09-18 19:36:16.026825,4200.00,reptiloid,0,0,0
2026-09-18 19:35:43.802497,1300.00,card,0,0,0
2026-09-18 19:32:29.637752,4300.00,reptiloid,0,0,0
2026-09-18 19:29:31.052237,10500.00,merchant001,0,0,0
2026-09-18 18:52:32.565991,7200.00,reptiloid,0,0,0
2026-09-18 18:31:49.203685,7200.00,card,0,0,0
2026-09-18 18:18:32.261041,4300.00,card,0,0,0
2026-09-18 18:12:28.000854,2000.00,card,0,0,0
2026-09-18 18:11:19.817562,7200.00,reptiloid,0,0,0
2026-09-18 18:10:52.230478,4300.00,reptiloid,0,0,0
2026-09-18 18:07:35.634155,4300.00,card,0,0,0
2026-09-18 18:03:47.780822,3300.00,transa,0,0,0
2026-09-18 17:52:07.717699,4400.00,reptiloid,0,0,0
2026-09-18 17:42:55.744339,2000.00,card,0,0,0
2026-09-18 17:41:31.330964,3500.00,reptiloid,0,0,0
2026-09-18 17:39:59.293675,7200.00,reptiloid,0,0,0
2026-09-18 17:37:34.70716,7200.00,reptiloid,0,0,0
2026-09-18 17:31:47.796557,4300.00,reptiloid,0,0,0
2026-09-18 17:25:21.56398,4300.00,reptiloid,0,0,0
2026-09-18 17:25:05.513624,2000.00,card,0,0,0
2026-09-18 17:14:52.403774,7200.00,reptiloid,0,0,0
2026-09-18 17:14:08.593599,4300.00,reptiloid,0,0,0
2026-09-18 16:17:55.801375,7200.00,reptiloid,0,0,0
2026-09-18 16:13:58.586751,7200.00,reptiloid,0,0,0
2026-09-18 16:09:21.305882,3200.00,reptiloid,0,0,0
2026-09-18 16:07:25.445575,7200.00,reptiloid,0,0,0
2026-09-18 15:55:04.714015,7200.00,reptiloid,0,0,0
2026-09-18 15:50:58.001572,7200.00,reptiloid,0,0,0
2026-09-18 15:46:39.773348,7200.00,reptiloid,0,0,0
2026-09-18 14:57:21.122783,3100.00,reptiloid,0,0,0
2026-09-18 14:56:21.863467,7200.00,reptiloid,0,0,0
2026-09-18 14:49:06.753458,2100.00,card,0,0,0
2026-09-18 14:28:14.65,7200.00,reptiloid,0,0,0
2026-09-18 14:16:42.739905,4300.00,reptiloid,0,0,0
2026-09-18 14:10:17.518632,7200.00,reptiloid,0,0,0
2026-09-18 14:09:23.8182,4200.00,reptiloid,0,0,0
2026-09-18 14:05:58.509728,1300.00,reptiloid,0,0,0
2026-09-18 14:01:28.107728,3300.00,reptiloid,0,0,0
2026-09-18 13:40:43.398521,3300.00,reptiloid,0,0,0
2026-09-18 13:35:51.696167,4300.00,card,0,0,0
2026-09-18 13:28:42.300066,3200.00,card,0,0,0
2026-09-18 13:26:30.742861,2900.00,card,0,0,0
2026-09-18 13:21:54.854111,4300.00,card,0,0,0
2026-09-18 13:16:51.004036,1300.00,card,0,0,0
2026-09-18 13:11:03.819705,4300.00,reptiloid,0,0,0
2026-09-18 13:10:04.672547,3100.00,reptiloid,0,0,0
2026-09-18 13:01:02.574561,7200.00,transa,0,0,0
2026-09-18 12:56:38.706856,4000.00,reptiloid,0,0,0
2026-09-18 12:52:23.49946,1500.00,USDT,0,0,14.961000
2026-09-18 12:46:11.750132,7200.00,reptiloid,0,0,0
2026-09-18 12:41:57.807036,4200.00,reptiloid,0,0,0
2026-09-18 12:41:46.857388,1900.00,reptiloid,0,0,0
2026-09-18 12:38:40.14895,4300.00,reptiloid,0,0,0
2026-09-18 12:21:39.411383,7200.00,reptiloid,0,0,0
2026-09-18 11:30:16.192493,3300.00,transa,0,0,0
2026-09-18 11:12:26.32044,4300.00,reptiloid,0,0,0
2026-09-18 11:08:50.474944,2800.00,reptiloid,0,0,0
2026-09-18 11:01:58.809577,2100.00,transa,0,0,0
2026-09-18 10:53:23.550469,3225.0000,USDT,0,0,42.888000
2026-09-18 10:11:08.386131,7200.00,card,0,0,0
2026-09-18 09:41:46.671882,7200.00,reptiloid,0,0,0
2026-09-18 08:57:40.791836,4300.00,card,0,0,0
2026-09-18 08:54:31.871539,3225.0000,USDT,0,0,42.888000
2026-09-18 08:23:36.405144,4300.00,reptiloid,0,0,0
2026-09-18 07:00:21.572871,2000.00,card,0,0,0
2026-09-18 06:14:02.267988,4300.00,reptiloid,0,0,0
2026-09-18 06:11:21.646494,4300.00,reptiloid,0,0,0
2026-09-18 05:35:09.547546,4300.00,card,0,0,0
2026-09-18 05:34:00.701855,4300.00,card,0,0,0
2026-09-18 05:06:24.776115,7200.00,reptiloid,0,0,0
2026-09-18 05:04:52.418533,4300.00,card,0,0,0
2026-09-18 04:48:55.336153,4300.00,reptiloid,0,0,0
2026-09-18 04:13:50.639279,4300.00,card,0,0,0
2026-09-18 03:44:16.04252,4300.00,reptiloid,0,0,0
2026-09-18 02:24:27.169058,4300.00,card,0,0,0
2026-09-18 02:21:56.190002,4300.00,card,0,0,0
2026-09-18 02:21:18.839001,7200.00,reptiloid,0,0,0
2026-09-18 00:39:58.310376,4300.00,reptiloid,0,0,0
2026-09-18 00:38:48.841515,7200.00,reptiloid,0,0,0
2026-09-18 00:31:14.062023,7700.00,card,0,0,0
2026-09-18 00:25:34.694909,3300.00,reptiloid,0,0,0
2026-09-17 23:50:42.524451,3000.00,reptiloid,0,0,0
2026-09-17 23:35:56.791658,4300.00,reptiloid,0,0,0
2026-09-17 23:34:05.727036,4300.00,reptiloid,0,0,0
2026-09-17 23:08:49.872331,7200.00,reptiloid,0,0,0
2026-09-17 22:48:31.647342,4300.00,card,0,0,0
2026-09-17 22:31:32.254827,2300.00,reptiloid,0,0,0
2026-09-17 22:19:19.867836,7200.00,transa,0,0,0
2026-09-17 22:04:55.261273,7200.00,reptiloid,0,0,0
2026-09-17 21:56:18.899984,7200.00,reptiloid,0,0,0
2026-09-17 21:33:09.787163,3200.00,card,0,0,0
2026-09-17 21:29:18.208631,7200.00,reptiloid,0,0,0
2026-09-17 21:28:12.646245,3200.00,card,0,0,0
2026-09-17 21:26:10.050175,7200.00,card,0,0,0
2026-09-17 21:01:40.930121,4300.00,card,0,0,0
2026-09-17 20:58:48.30308,3300.00,reptiloid,0,0,0
2026-09-17 20:55:30.646971,2100.00,transa,0,0,0
2026-09-17 20:51:15.681994,7200.00,reptiloid,0,0,0
2026-09-17 20:31:52.16274,7200.00,reptiloid,0,0,0
2026-09-17 20:21:29.083007,7200.00,reptiloid,0,0,0
2026-09-17 20:18:53.311462,4300.00,reptiloid,0,0,0
2026-09-17 19:51:10.593884,3000.00,reptiloid,0,0,0
2026-09-17 19:50:16.633865,7700.00,reptiloid,0,0,0
2026-09-17 19:35:14.363205,4300.00,reptiloid,0,0,0
2026-09-17 19:28:23.445598,4300.00,reptiloid,0,0,0
2026-09-17 19:11:31.629754,3000.00,reptiloid,0,0,0
2026-09-17 19:07:38.558216,7200.00,reptiloid,0,0,0
2026-09-17 19:05:47.67281,7200.00,reptiloid,0,0,0
2026-09-17 19:01:07.739542,7200.00,merchant001,0,0,0
2026-09-17 18:39:51.915242,2000.00,reptiloid,0,0,0
2026-09-17 18:27:39.14302,3000.00,reptiloid,0,0,0
2026-09-17 18:25:18.599397,7200.00,reptiloid,0,0,0
2026-09-17 18:21:53.190451,3200.00,reptiloid,0,0,0
2026-09-17 18:19:37.217381,4300.00,reptiloid,0,0,0
2026-09-17 18:19:13.965202,3000.00,reptiloid,0,0,0
2026-09-17 18:18:27.589917,2250.0000,USDT,0,0,29.922000
2026-09-17 18:11:33.269308,4300.00,reptiloid,0,0,0
2026-09-17 18:02:40.323598,3000.00,reptiloid,0,0,0
2026-09-17 17:53:32.724395,7200.00,merchant001,0,0,0
2026-09-17 17:49:57.679033,3000.00,reptiloid,0,0,0
2026-09-17 17:46:25.81204,7200.00,reptiloid,0,0,0
2026-09-17 17:45:24.409089,1200.00,reptiloid,0,0,0
2026-09-17 17:45:04.642534,4300.00,reptiloid,0,0,0
2026-09-17 17:30:10.034974,7200.00,reptiloid,0,0,0
2026-09-17 17:18:33.516502,7200.00,USDT,0,0,71.813000
2026-09-17 17:16:10.373115,7700.00,reptiloid,0,0,0
2026-09-17 17:12:41.504633,4200.00,USDT,0,0,41.891000
2026-09-17 17:02:58.382811,7200.00,reptiloid,0,0,0
2026-09-17 16:53:40.902625,7200.00,reptiloid,0,0,0
2026-09-17 16:38:41.877879,3225.0000,USDT,0,0,42.888000
2026-09-17 16:36:31.147982,7200.00,reptiloid,0,0,0
2026-09-17 16:28:47.272461,3300.00,reptiloid,0,0,0
2026-09-17 16:25:07.099475,4300.00,reptiloid,0,0,0
2026-09-17 16:11:00.775785,4300.00,reptiloid,0,0,0
2026-09-17 16:04:55.992339,7200.00,reptiloid,0,0,0
2026-09-17 15:59:11.019648,7200.00,reptiloid,0,0,0
2026-09-17 15:46:45.81938,4300.00,reptiloid,0,0,0
2026-09-17 15:46:09.597249,7200.00,reptiloid,0,0,0
2026-09-17 15:44:56.178088,7200.00,reptiloid,0,0,0
2026-09-17 15:39:52.533316,4300.00,reptiloid,0,0,0
2026-09-17 15:38:24.991732,7200.00,reptiloid,0,0,0
2026-09-17 15:37:32.287371,7200.00,transa,0,0,0
2026-09-17 15:35:33.563618,7200.00,reptiloid,0,0,0
2026-09-17 15:28:55.686618,2000.00,card,0,0,0
2026-09-17 15:26:53.076849,4300.00,reptiloid,0,0,0
2026-09-17 15:21:43.824505,7200.00,reptiloid,0,0,0
2026-09-17 15:18:29.949842,4300.00,card,0,0,0
2026-09-17 15:16:06.896171,1300.00,reptiloid,0,0,0
2026-09-17 15:14:29.542372,4300.00,reptiloid,0,0,0
2026-09-17 15:12:12.052122,7200.00,merchant001,0,0,0
2026-09-17 15:05:05.122171,7200.00,reptiloid,0,0,0
2026-09-17 14:50:43.25109,4300.00,card,0,0,0
2026-09-17 14:50:24.993393,4400.00,reptiloid,0,0,0
2026-09-17 14:44:15.358901,4300.00,reptiloid,0,0,0
2026-09-17 14:40:44.165877,4300.00,card,0,0,0
2026-09-17 14:36:33.006191,4300.00,reptiloid,0,0,0
2026-09-17 14:06:48.007499,1200.00,reptiloid,0,0,0
2026-09-17 13:49:49.363923,4300.00,card,0,0,0
2026-09-17 13:49:38.7531,4300.00,reptiloid,0,0,0
2026-09-17 13:48:31.783812,4300.00,reptiloid,0,0,0
2026-09-17 13:48:03.292498,7200.00,card,0,0,0
2026-09-17 13:42:30.148646,4300.00,merchant001,0,0,0
2026-09-17 13:40:39.228517,7200.00,reptiloid,0,0,0
2026-09-17 13:37:45.666802,7200.00,reptiloid,0,0,0
2026-09-17 13:33:22.297942,4300.00,reptiloid,0,0,0
2026-09-17 13:28:21.486725,4300.00,reptiloid,0,0,0
2026-09-17 13:22:22.997087,4300.00,reptiloid,0,0,0
2026-09-17 13:20:35.593858,4300.00,reptiloid,0,0,0
2026-09-17 12:57:04.781,7200.00,reptiloid,0,0,0
2026-09-17 12:33:30.14192,4300.00,card,0,0,0
2026-09-17 12:24:06.221002,1300.00,USDT,0,0,12.966000
2026-09-17 12:00:04.123835,7200.00,reptiloid,0,0,0
2026-09-17 11:55:04.492347,3225.0000,USDT,0,0,42.888000
2026-09-17 10:55:53.538433,4300.00,reptiloid,0,0,0
2026-09-17 10:27:17.275674,7200.00,reptiloid,0,0,0
2026-09-17 10:24:08.087123,7200.00,reptiloid,0,0,0
2026-09-17 10:22:37.518118,4300.00,reptiloid,0,0,0
2026-09-17 10:16:33.495949,3225.0000,USDT,0,0,42.888000
2026-09-17 09:59:54.880123,2100.00,reptiloid,0,0,0
2026-09-17 09:34:37.771033,7200.00,card,0,0,0
2026-09-17 09:28:09.886139,7200.00,reptiloid,0,0,0
2026-09-17 09:00:11.59133,4300.00,reptiloid,0,0,0
2026-09-17 08:29:34.051366,9600.00,USDT,0,0,95.751000
2026-09-17 08:11:48.761182,4300.00,reptiloid,0,0,0
2026-09-17 07:15:59.137237,10500.00,reptiloid,0,0,0
2026-09-17 05:04:27.040258,7200.00,reptiloid,0,0,0
2026-09-17 03:46:23.643093,500.00,reptiloid,0,0,0
2026-09-17 03:38:26.64689,10000.00,card,0,0,0
2026-09-17 02:53:28.305415,3300.00,reptiloid,0,0,0
2026-09-17 02:09:37.603204,4200.00,reptiloid,0,0,0
2026-09-17 00:34:41.057679,4300.00,reptiloid,0,0,0
2026-09-17 00:18:10.503857,1700.00,card,0,0,0
2026-09-17 00:10:28.504191,7200.00,merchant001,0,0,0
2026-09-16 23:40:12.483197,4300.00,merchant001,0,0,0
2026-09-16 23:30:29.662974,5500.00,reptiloid,0,0,0
2026-09-16 23:20:09.359563,3300.00,reptiloid,0,0,0
2026-09-16 23:17:12.114121,7700.00,card,0,0,0
2026-09-16 22:53:01.932668,2000.00,card,0,0,0
2026-09-16 22:40:51.442426,4300.00,reptiloid,0,0,0
2026-09-16 22:33:16.724585,3200.00,card,0,0,0
2026-09-16 21:59:39.521337,7200.00,reptiloid,0,0,0
2026-09-16 21:59:18.148392,4100.00,reptiloid,0,0,0
2026-09-16 21:33:31.897176,7200.00,reptiloid,0,0,0
2026-09-16 21:31:55.566916,3200.00,merchant001,0,0,0
2026-09-16 21:31:01.222169,3200.00,reptiloid,0,0,0
2026-09-16 21:17:51.992234,7000.00,reptiloid,0,0,0
2026-09-16 20:54:14.174281,7200.00,reptiloid,0,0,0
2026-09-16 20:41:12.574418,3500.00,reptiloid,0,0,0
2026-09-16 20:37:36.604501,7200.00,reptiloid,0,0,0
2026-09-16 20:23:26.492951,4300.00,reptiloid,0,0,0
2026-09-16 20:21:07.009958,10500.00,reptiloid,0,0,0
2026-09-16 20:17:57.413032,10500.00,reptiloid,0,0,0
2026-09-16 20:17:42.948078,4300.00,reptiloid,0,0,0
2026-09-16 20:16:49.080816,7200.00,reptiloid,0,0,0
2026-09-16 20:04:42.369088,7200.00,reptiloid,0,0,0
2026-09-16 20:03:08.72736,4300.00,reptiloid,0,0,0
2026-09-16 20:03:03.463179,7200.00,reptiloid,0,0,0
2026-09-16 20:02:19.234915,7200.00,reptiloid,0,0,0
2026-09-16 19:45:11.631262,4300.00,card,0,0,0
2026-09-16 19:38:51.339783,7200.00,merchant001,0,0,0
2026-09-16 19:26:21.929769,3000.00,reptiloid,0,0,0
2026-09-16 19:25:06.09166,4300.00,reptiloid,0,0,0
2026-09-16 19:16:55.833424,2100.00,reptiloid,0,0,0
2026-09-16 19:11:26.132479,2100.00,merchant001,0,0,0
2026-09-16 19:08:52.318399,3300.00,card,0,0,0
2026-09-16 18:59:01.163189,7200.00,reptiloid,0,0,0
2026-09-16 18:52:48.95733,4300.00,reptiloid,0,0,0
2026-09-16 18:47:09.591618,4300.00,reptiloid,0,0,0
2026-09-16 18:30:37.927309,4300.00,reptiloid,0,0,0
2026-09-16 18:26:12.038546,4300.00,reptiloid,0,0,0
2026-09-16 18:21:08.182414,2000.00,card,0,0,0
2026-09-16 18:09:13.825248,10500.00,reptiloid,0,0,0
2026-09-16 17:54:29.411113,4300.00,reptiloid,0,0,0
2026-09-16 17:18:27.361064,10500.00,reptiloid,0,0,0
2026-09-16 17:15:08.718444,2900.00,reptiloid,0,0,0
2026-09-16 17:14:17.845646,4300.00,reptiloid,0,0,0
2026-09-16 16:59:46.979741,3200.00,reptiloid,0,0,0
2026-09-16 16:47:26.638163,3000.00,reptiloid,0,0,0
2026-09-16 16:20:54.178237,3300.00,reptiloid,0,0,0
2026-09-16 16:06:34.124407,4300.00,reptiloid,0,0,0
2026-09-16 16:04:35.881017,3200.00,merchant001,0,0,0
2026-09-16 15:58:58.545474,4200.00,reptiloid,0,0,0
2026-09-16 15:48:46.343819,3300.00,reptiloid,0,0,0
2026-09-16 15:47:56.014203,4300.00,reptiloid,0,0,0
2026-09-16 15:47:19.277426,7200.00,merchant001,0,0,0
2026-09-16 15:38:44.066966,3150.00,reptiloid,0,0,0
2026-09-16 15:32:00.038467,1300.00,reptiloid,0,0,0
2026-09-16 15:31:41.957698,7200.00,reptiloid,0,0,0
2026-09-16 15:18:08.308043,4300.00,reptiloid,0,0,0
2026-09-16 15:18:02.60103,4200.00,reptiloid,0,0,0
2026-09-16 15:03:01.87019,7200.00,reptiloid,0,0,0
2026-09-16 15:02:46.435944,4300.00,reptiloid,0,0,0
2026-09-16 14:30:00.233694,4300.00,reptiloid,0,0,0
2026-09-16 14:21:53.471268,7200.00,reptiloid,0,0,0
2026-09-16 14:14:25.557872,4300.00,reptiloid,0,0,0
2026-09-16 13:56:41.899433,4300.00,reptiloid,0,0,0
2026-09-16 13:55:33.022769,4300.00,reptiloid,0,0,0
2026-09-16 13:54:31.78941,500.00,reptiloid,0,0,0
2026-09-16 13:51:03.099445,4300.00,reptiloid,0,0,0
2026-09-16 13:38:18.895972,4300.00,reptiloid,0,0,0
2026-09-16 13:36:00.760331,7000.00,reptiloid,0,0,0
2026-09-16 13:28:34.536123,4300.00,reptiloid,0,0,0
2026-09-16 13:25:17.24374,2100.00,reptiloid,0,0,0
2026-09-16 13:20:45.262522,7200.00,reptiloid,0,0,0
2026-09-16 12:53:17.086488,6200.00,USDT,0,0,61.839000
2026-09-16 12:48:36.029023,3300.00,reptiloid,0,0,0
2026-09-16 12:16:20.003654,700.00,card,0,0,0
2026-09-16 12:04:18.707617,7200.00,merchant001,0,0,0
2026-09-16 12:03:55.775472,4300.00,card,0,0,0
2026-09-16 11:54:16.351755,7200.00,reptiloid,0,0,0
2026-09-16 11:38:32.284989,7200.00,reptiloid,0,0,0
2026-09-16 11:01:05.254537,7200.00,reptiloid,0,0,0
2026-09-16 10:55:19.473155,4300.00,reptiloid,0,0,0
2026-09-16 10:47:37.496452,3300.00,reptiloid,0,0,0
2026-09-16 10:45:11.109807,7200.00,reptiloid,0,0,0
2026-09-16 10:26:18.854686,7200.00,card,0,0,0
2026-09-16 10:08:57.493664,10500.00,reptiloid,0,0,0
2026-09-16 09:36:18.442537,4300.00,card,0,0,0
2026-09-16 09:33:58.818347,4300.00,reptiloid,0,0,0
2026-09-16 09:16:59.45213,4300.00,card,0,0,0
2026-09-16 09:02:26.900857,2000.00,card,0,0,0
2026-09-16 08:36:21.463379,7200.00,reptiloid,0,0,0
2026-09-16 08:29:16.82654,4300.00,reptiloid,0,0,0
2026-09-16 08:00:38.28421,3200.00,merchant001,0,0,0
2026-09-16 07:58:03.648038,2000.00,card,0,0,0
2026-09-16 07:18:43.761898,7200.00,card,0,0,0
2026-09-16 07:13:44.33491,1300.00,reptiloid,0,0,0
2026-09-16 07:06:51.990553,4300.00,card,0,0,0
2026-09-16 07:00:38.23246,4300.00,reptiloid,0,0,0
2026-09-16 06:53:41.221381,1300.00,reptiloid,0,0,0
2026-09-16 04:27:47.048894,4300.00,reptiloid,0,0,0
2026-09-16 04:20:19.680728,3200.00,reptiloid,0,0,0
2026-09-16 04:13:20.889715,4300.00,reptiloid,0,0,0
2026-09-16 02:31:22.367313,2100.00,reptiloid,0,0,0
2026-09-16 02:26:59.738719,4300.00,reptiloid,0,0,0
2026-09-16 02:04:11.989323,3200.00,merchant001,0,0,0
2026-09-16 02:01:50.489963,3200.00,reptiloid,0,0,0
2026-09-16 01:56:11.271181,2150.00,reptiloid,0,0,0
2026-09-16 01:05:00.471936,3300.00,reptiloid,0,0,0
2026-09-16 00:21:51.612628,2000.00,card,0,0,0
2026-09-16 00:02:49.738003,4300.00,reptiloid,0,0,0
2026-09-15 23:59:45.832192,3200.00,reptiloid,0,0,0
2026-09-15 23:45:15.617453,4300.00,reptiloid,0,0,0
2026-09-15 23:29:53.349156,2100.00,reptiloid,0,0,0
2026-09-15 23:25:48.82078,4300.00,reptiloid,0,0,0
2026-09-15 23:22:51.004394,4300.00,reptiloid,0,0,0
2026-09-15 22:36:35.784642,4200.00,LTC,0,0.94690334,0
2026-09-15 22:32:32.643704,4200.00,reptiloid,0,0,0
2026-09-15 22:16:33.313068,3200.00,reptiloid,0,0,0
2026-09-15 22:01:37.80138,7200.00,merchant001,0,0,0
2026-09-15 22:01:16.5096,3225.0000,USDT,0,0,42.888000
2026-09-15 22:00:47.210522,10500.00,reptiloid,0,0,0
2026-09-15 22:00:10.754891,4300.00,reptiloid,0,0,0
2026-09-15 21:48:06.170893,3500.00,reptiloid,0,0,0
2026-09-15 21:47:59.440372,2000.00,card,0,0,0
2026-09-15 21:33:53.629526,2100.00,card,0,0,0
2026-09-15 21:32:40.802162,7200.00,reptiloid,0,0,0
2026-09-15 20:56:58.864809,3200.00,card,0,0,0
2026-09-15 20:53:30.197269,7200.00,reptiloid,0,0,0
2026-09-15 20:44:21.1645,3200.00,card,0,0,0
2026-09-15 20:13:10.215122,3200.00,reptiloid,0,0,0
2026-09-15 20:05:31.063476,10500.00,reptiloid,0,0,0
2026-09-15 19:52:59.389002,3300.00,reptiloid,0,0,0
2026-09-15 19:42:26.578626,7200.00,reptiloid,0,0,0
2026-09-15 19:31:30.83522,4300.00,reptiloid,0,0,0
2026-09-15 19:20:10.416748,4300.00,reptiloid,0,0,0
2026-09-15 19:18:55.506841,10500.00,reptiloid,0,0,0
2026-09-15 19:13:50.739407,3300.00,reptiloid,0,0,0
2026-09-15 19:09:16.180725,7200.00,reptiloid,0,0,0
2026-09-15 19:03:28.732797,10500.00,reptiloid,0,0,0
2026-09-15 18:55:48.669888,4300.00,reptiloid,0,0,0
2026-09-15 18:51:08.660447,1300.00,reptiloid,0,0,0
2026-09-15 18:21:58.658589,7200.00,merchant001,0,0,0
2026-09-15 18:08:31.442773,4100.00,reptiloid,0,0,0
2026-09-15 18:08:19.059723,3300.00,card,0,0,0
2026-09-15 17:49:38.902043,10500.00,reptiloid,0,0,0
2026-09-15 17:47:47.977048,4300.00,reptiloid,0,0,0
2026-09-15 17:28:32.924716,7200.00,reptiloid,0,0,0
2026-09-15 17:24:04.194599,7200.00,reptiloid,0,0,0
2026-09-15 17:23:47.73211,7200.00,reptiloid,0,0,0
2026-09-15 17:09:47.222199,7200.00,reptiloid,0,0,0
2026-09-15 16:39:39.927742,7200.00,reptiloid,0,0,0
2026-09-15 16:36:27.954493,4300.00,card,0,0,0
2026-09-15 16:34:12.182981,4300.00,reptiloid,0,0,0
2026-09-15 16:33:36.236663,7200.00,reptiloid,0,0,0
2026-09-15 16:21:33.508321,3200.00,reptiloid,0,0,0
2026-09-15 16:18:15.79371,4300.00,reptiloid,0,0,0
2026-09-15 15:54:09.204851,7200.00,reptiloid,0,0,0
2026-09-15 15:53:46.232909,3300.00,reptiloid,0,0,0
2026-09-15 15:47:40.134591,3200.00,reptiloid,0,0,0
2026-09-15 15:42:53.940078,4300.00,reptiloid,0,0,0
2026-09-15 15:38:42.660586,4300.00,reptiloid,0,0,0
2026-09-15 15:36:38.692777,4100.00,reptiloid,0,0,0
2026-09-15 15:36:33.302139,7200.00,reptiloid,0,0,0
2026-09-15 15:19:00.390637,7200.00,reptiloid,0,0,0
2026-09-15 15:12:09.903089,4300.00,reptiloid,0,0,0
2026-09-15 15:03:14.125918,7200.00,reptiloid,0,0,0
2026-09-15 14:59:19.486273,2100.00,reptiloid,0,0,0
2026-09-15 14:53:10.692822,7200.00,reptiloid,0,0,0
2026-09-15 14:35:00.757645,4300.00,card,0,0,0
2026-09-15 14:28:39.802203,3300.00,reptiloid,0,0,0
2026-09-15 14:21:40.41432,4300.00,reptiloid,0,0,0
2026-09-15 14:09:23.591527,7200.00,transa,0,0,0
2026-09-15 14:06:38.507005,4300.00,reptiloid,0,0,0
2026-09-15 14:05:05.38675,4300.00,reptiloid,0,0,0
2026-09-15 14:04:51.501081,7200.00,card,0,0,0
2026-09-15 13:53:40.163052,4300.00,transa,0,0,0
2026-09-15 13:49:12.008772,1200.00,reptiloid,0,0,0
2026-09-15 13:46:26.463301,3500.00,card,0,0,0
2026-09-15 13:42:26.222115,10000.00,card,0,0,0
2026-09-15 13:34:23.358601,7200.00,reptiloid,0,0,0
2026-09-15 13:20:46.254636,4300.00,reptiloid,0,0,0
2026-09-15 13:12:22.037715,7200.00,reptiloid,0,0,0
2026-09-15 13:06:41.027513,7200.00,reptiloid,0,0,0
2026-09-15 13:05:40.208214,1200.00,reptiloid,0,0,0
2026-09-15 13:04:00.997358,3300.00,reptiloid,0,0,0
2026-09-15 12:44:55.925143,3200.00,card,0,0,0
2026-09-15 12:42:42.870892,7200.00,reptiloid,0,0,0
2026-09-15 11:51:07.283981,7200.00,card,0,0,0
2026-09-15 11:41:43.482717,7200.00,reptiloid,0,0,0
2026-09-15 11:40:01.787135,4300.00,reptiloid,0,0,0
2026-09-15 11:38:10.501892,1300.00,USDT,0,0,12.966000
2026-09-15 11:33:59.577331,3200.00,reptiloid,0,0,0
2026-09-15 11:31:03.858487,7200.00,reptiloid,0,0,0
2026-09-15 11:18:25.880057,7200.00,merchant001,0,0,0
2026-09-15 10:43:12.624312,6000.00,reptiloid,0,0,0
2026-09-15 10:39:01.342841,7200.00,card,0,0,0
2026-09-15 10:37:01.790987,2900.00,card,0,0,0
2026-09-15 10:01:45.799205,3200.00,card,0,0,0
2026-09-15 09:30:03.765601,7200.00,card,0,0,0
2026-09-15 09:25:02.873704,3300.00,card,0,0,0
2026-09-15 09:17:01.401694,4300.00,reptiloid,0,0,0
2026-09-15 08:50:11.923245,4300.00,card,0,0,0
2026-09-15 08:45:29.138814,4300.00,reptiloid,0,0,0
2026-09-15 08:31:32.802244,4300.00,reptiloid,0,0,0
2026-09-15 08:23:16.072559,4300.00,card,0,0,0
2026-09-15 07:44:52.855077,1300.00,reptiloid,0,0,0
2026-09-15 05:44:01.174028,4300.00,reptiloid,0,0,0
2026-09-15 05:39:29.023274,7200.00,reptiloid,0,0,0
2026-09-15 05:35:00.783378,7200.00,reptiloid,0,0,0
2026-09-15 04:41:02.444767,1300.00,reptiloid,0,0,0
2026-09-15 03:56:06.419317,7200.00,card,0,0,0
2026-09-15 03:43:29.08258,2800.00,card,0,0,0
2026-09-15 03:42:52.475138,7200.00,transa,0,0,0
2026-09-15 03:18:46.854342,7200.00,reptiloid,0,0,0
2026-09-15 02:37:43.572133,3200.00,reptiloid,0,0,0
2026-09-15 01:52:04.789703,7200.00,card,0,0,0
2026-09-15 01:15:05.441056,7200.00,reptiloid,0,0,0
2026-09-15 00:58:44.664189,7200.00,reptiloid,0,0,0
2026-09-15 00:54:32.480936,7200.00,card,0,0,0
2026-09-14 23:32:48.939579,5400.0000,USDT,0,0,71.813000
2026-09-14 23:32:45.879916,4300.00,reptiloid,0,0,0
2026-09-14 23:16:20.902117,1200.00,reptiloid,0,0,0
2026-09-14 21:33:47.951034,3300.00,reptiloid,0,0,0
2026-09-14 21:15:37.369082,4300.00,onlypays,0,0,0
2026-09-14 21:12:28.948135,4300.00,reptiloid,0,0,0
2026-09-14 21:08:33.743096,4300.00,reptiloid,0,0,0
2026-09-14 21:03:57.748514,2100.00,merchant001,0,0,0
2026-09-14 20:49:29.724521,1300.00,reptiloid,0,0,0
2026-09-14 20:26:05.473577,3000.00,reptiloid,0,0,0
2026-09-14 20:25:15.437897,2100.00,nirvana,0,0,0
2026-09-14 20:20:12.693228,3300.00,reptiloid,0,0,0
2026-09-14 19:45:51.850014,7200.00,reptiloid,0,0,0
2026-09-14 19:44:33.272896,7200.00,transa,0,0,0
2026-09-14 19:41:51.741248,7200.00,reptiloid,0,0,0
2026-09-14 19:31:27.113954,7200.00,reptiloid,0,0,0
2026-09-14 19:29:46.446967,7200.00,reptiloid,0,0,0
2026-09-14 19:23:06.217264,3300.00,reptiloid,0,0,0
2026-09-14 19:18:26.352639,7200.00,reptiloid,0,0,0
2026-09-14 19:12:53.361047,7200.00,reptiloid,0,0,0
2026-09-14 19:07:56.539306,7200.00,reptiloid,0,0,0
2026-09-14 18:59:37.616415,1100.00,reptiloid,0,0,0
2026-09-14 18:55:28.658907,7200.00,reptiloid,0,0,0
2026-09-14 18:44:19.565344,3000.00,card,0,0,0
2026-09-14 18:43:03.971188,3200.00,merchant001,0,0,0
2026-09-14 18:24:38.900062,7200.00,reptiloid,0,0,0
2026-09-14 18:18:22.230461,3300.00,reptiloid,0,0,0
2026-09-14 18:16:57.894031,7200.00,reptiloid,0,0,0
2026-09-14 18:05:56.028096,7200.00,reptiloid,0,0,0
2026-09-14 18:02:18.708592,2700.00,reptiloid,0,0,0
2026-09-14 17:47:15.45039,7200.00,reptiloid,0,0,0
2026-09-14 17:42:32.996745,1200.00,reptiloid,0,0,0
2026-09-14 17:40:10.048362,7200.00,card,0,0,0
2026-09-14 17:37:46.691352,4000.00,reptiloid,0,0,0
2026-09-14 17:32:32.583696,7200.00,reptiloid,0,0,0
2026-09-14 17:24:23.793193,5100.00,reptiloid,0,0,0
2026-09-14 17:14:33.989046,4300.00,reptiloid,0,0,0
2026-09-14 17:08:42.151352,7200.00,reptiloid,0,0,0
2026-09-14 17:06:22.675131,7200.00,card,0,0,0
2026-09-14 17:02:22.881823,4200.00,reptiloid,0,0,0
2026-09-14 17:01:46.433894,3300.00,reptiloid,0,0,0
2026-09-14 16:56:08.753275,2100.00,reptiloid,0,0,0
2026-09-14 16:44:06.936425,4150.00,reptiloid,0,0,0
2026-09-14 16:27:31.585622,5400.0000,USDT,0,0,71.813000
2026-09-14 16:06:15.243924,7200.00,merchant001,0,0,0
2026-09-14 16:03:42.463284,4300.00,card,0,0,0
2026-09-14 16:02:09.938637,4300.00,reptiloid,0,0,0
2026-09-14 15:59:24.047509,4300.00,reptiloid,0,0,0
2026-09-14 15:56:05.772577,5400.0000,USDT,0,0,71.813000
2026-09-14 15:54:34.276014,4200.00,reptiloid,0,0,0
2026-09-14 15:42:18.689312,3300.00,reptiloid,0,0,0
2026-09-14 15:38:11.310048,500.00,reptiloid,0,0,0
2026-09-14 15:11:29.790098,4300.00,card,0,0,0
2026-09-14 15:08:43.981804,3300.00,reptiloid,0,0,0
2026-09-14 14:59:48.960021,3000.00,card,0,0,0
2026-09-14 14:38:36.583739,7200.00,card,0,0,0
2026-09-14 14:27:23.729549,4300.00,reptiloid,0,0,0
2026-09-14 14:08:16.478341,4300.00,reptiloid,0,0,0
2026-09-14 14:06:58.295997,4300.00,card,0,0,0
2026-09-14 14:03:37.647634,4300.00,reptiloid,0,0,0
2026-09-14 13:58:30.801389,4300.00,card,0,0,0
2026-09-14 13:45:41.559482,4300.00,reptiloid,0,0,0
2026-09-14 13:20:48.132179,7200.00,reptiloid,0,0,0
2026-09-14 13:19:50.932366,4300.00,card,0,0,0
2026-09-14 12:49:42.446748,4300.00,reptiloid,0,0,0
2026-09-14 12:46:32.23378,7200.00,reptiloid,0,0,0
2026-09-14 12:42:08.545822,2100.00,reptiloid,0,0,0
2026-09-14 12:38:55.555843,4300.00,card,0,0,0
2026-09-14 12:12:30.474056,3300.00,reptiloid,0,0,0
2026-09-14 11:24:44.694746,7200.00,reptiloid,0,0,0
2026-09-14 11:22:42.684356,7200.00,reptiloid,0,0,0
2026-09-14 11:13:08.603981,3300.00,transa,0,0,0
2026-09-14 10:38:41.500397,4300.00,reptiloid,0,0,0
2026-09-14 10:13:42.647104,2100.00,reptiloid,0,0,0
2026-09-14 09:22:04.214449,4300.00,reptiloid,0,0,0
2026-09-14 08:57:02.220163,4300.00,card,0,0,0
2026-09-14 08:48:41.056218,4300.00,reptiloid,0,0,0
2026-09-14 08:40:18.987679,4100.00,card,0,0,0
2026-09-14 08:29:33.395899,2900.00,card,0,0,0
2026-09-14 08:19:17.642825,4300.00,card,0,0,0
2026-09-14 08:16:24.70036,3000.00,reptiloid,0,0,0
2026-09-14 08:05:27.117747,7200.00,reptiloid,0,0,0
2026-09-14 07:57:25.398056,9000.00,reptiloid,0,0,0
2026-09-14 07:56:23.986088,4300.00,reptiloid,0,0,0
2026-09-14 07:32:56.361131,500.00,reptiloid,0,0,0
2026-09-14 07:08:08.284561,4000.00,reptiloid,0,0,0
2026-09-14 06:48:36.404365,2700.00,reptiloid,0,0,0
2026-09-14 05:55:53.338548,4300.00,reptiloid,0,0,0
2026-09-14 03:49:57.636124,7200.00,merchant001,0,0,0
2026-09-14 03:07:53.615939,4300.00,reptiloid,0,0,0
2026-09-14 03:02:08.859663,4300.00,reptiloid,0,0,0
2026-09-14 02:55:30.918138,4300.00,reptiloid,0,0,0
2026-09-14 02:33:34.434828,3225.0000,USDT,0,0,42.888000
2026-09-14 01:55:02.448051,4300.00,reptiloid,0,0,0
2026-09-14 01:28:33.296879,4300.00,reptiloid,0,0,0
2026-09-14 01:26:53.890001,4300.00,reptiloid,0,0,0
2026-09-14 00:01:02.354235,7200.00,reptiloid,0,0,0
2026-09-13 23:58:00.61944,1300.00,USDT,0,0,12.966000
2026-09-13 22:37:47.580877,7200.00,reptiloid,0,0,0
2026-09-13 22:15:31.147333,7200.00,reptiloid,0,0,0
2026-09-13 22:01:20.085196,4300.00,reptiloid,0,0,0
2026-09-13 21:08:06.38481,4300.00,reptiloid,0,0,0
2026-09-13 21:05:42.872606,7200.00,transa,0,0,0
2026-09-13 20:47:43.719566,7200.00,reptiloid,0,0,0
2026-09-13 20:40:36.798667,3200.00,reptiloid,0,0,0
2026-09-13 20:39:48.522125,2100.00,card,0,0,0
2026-09-13 20:34:07.452329,2100.00,nirvana,0,0,0
2026-09-13 20:26:32.944404,4300.00,reptiloid,0,0,0
2026-09-13 20:04:23.860537,2100.00,reptiloid,0,0,0
2026-09-13 19:39:12.372141,7200.00,reptiloid,0,0,0
2026-09-13 19:37:42.185232,4300.00,reptiloid,0,0,0
2026-09-13 19:35:07.832367,4300.00,reptiloid,0,0,0
2026-09-13 19:30:51.066015,7200.00,reptiloid,0,0,0
2026-09-13 19:30:40.765277,4300.00,reptiloid,0,0,0
2026-09-13 19:26:07.080848,7200.00,reptiloid,0,0,0
2026-09-13 19:24:28.842572,7200.00,reptiloid,0,0,0
2026-09-13 19:24:15.617577,1300.00,reptiloid,0,0,0
2026-09-13 19:20:11.796185,7700.00,merchant001,0,0,0
2026-09-13 19:06:54.407838,4300.00,reptiloid,0,0,0
2026-09-13 19:05:29.591986,4300.00,merchant001,0,0,0
2026-09-13 19:00:20.177095,18800.00,reptiloid,0,0,0
2026-09-13 18:54:41.026789,7200.00,merchant001,0,0,0
2026-09-13 18:45:51.478896,3200.00,reptiloid,0,0,0
2026-09-13 18:45:24.466379,4100.00,reptiloid,0,0,0
2026-09-13 18:40:22.058741,7200.00,reptiloid,0,0,0
2026-09-13 18:05:01.455402,5400.0000,USDT,0,0,71.813000
2026-09-13 17:59:09.721414,7200.00,reptiloid,0,0,0
2026-09-13 17:58:52.785718,2475.0000,USDT,0,0,32.914000
2026-09-13 17:40:40.267949,800.00,reptiloid,0,0,0
2026-09-13 17:37:58.592521,4300.00,reptiloid,0,0,0
2026-09-13 17:36:40.268413,7200.00,reptiloid,0,0,0
2026-09-13 17:33:02.334438,3655.0000,LTC,0,0.94872717,0
2026-09-13 17:28:02.567444,2900.00,reptiloid,0,0,0
2026-09-13 17:22:54.712783,7200.00,reptiloid,0,0,0
2026-09-13 17:14:41.385422,7200.00,onlypays,0,0,0
2026-09-13 16:50:43.386771,4300.00,reptiloid,0,0,0
2026-09-13 16:47:20.298381,7200.00,reptiloid,0,0,0
2026-09-13 16:40:08.434864,4300.00,reptiloid,0,0,0
2026-09-13 16:26:55.572582,4300.00,reptiloid,0,0,0
2026-09-13 16:16:01.44734,2100.00,reptiloid,0,0,0
2026-09-13 16:14:35.665613,7200.00,reptiloid,0,0,0
2026-09-13 16:07:12.743485,7200.00,transa,0,0,0
2026-09-13 16:00:05.139945,2100.00,reptiloid,0,0,0
2026-09-13 15:47:13.002442,1300.00,reptiloid,0,0,0
2026-09-13 15:43:22.2965,1300.00,reptiloid,0,0,0
2026-09-13 15:35:20.629463,7200.00,reptiloid,0,0,0
2026-09-13 15:33:46.637826,4300.00,reptiloid,0,0,0
2026-09-13 15:21:04.358574,1000.00,reptiloid,0,0,0
2026-09-13 15:12:27.392364,4300.00,reptiloid,0,0,0
2026-09-13 15:09:22.588095,1300.00,reptiloid,0,0,0
2026-09-13 15:09:06.009075,4300.00,card,0,0,0
2026-09-13 15:01:06.844163,7200.00,reptiloid,0,0,0
2026-09-13 14:54:00.017245,4300.00,reptiloid,0,0,0
2026-09-13 14:44:18.767354,4300.00,reptiloid,0,0,0
2026-09-13 14:39:18.433846,7700.00,reptiloid,0,0,0
2026-09-13 14:33:48.697934,3300.00,nirvana,0,0,0
2026-09-13 13:36:41.588355,7200.00,reptiloid,0,0,0
2026-09-13 13:31:57.545222,2800.00,card,0,0,0
2026-09-13 13:13:36.880885,2100.00,card,0,0,0
2026-09-13 13:09:23.952564,4300.00,card,0,0,0
2026-09-13 13:07:22.718628,4300.00,reptiloid,0,0,0
2026-09-13 13:03:43.103838,4300.00,reptiloid,0,0,0
2026-09-13 13:01:19.956534,4300.00,reptiloid,0,0,0
2026-09-13 13:01:18.106593,7200.00,reptiloid,0,0,0
2026-09-13 13:00:09.410942,7200.00,card,0,0,0
2026-09-13 12:58:30.428217,7200.00,card,0,0,0
2026-09-13 12:55:43.244349,7200.00,reptiloid,0,0,0
2026-09-13 12:47:51.119723,7200.00,LTC,0,1.57725184,0
2026-09-13 12:47:03.838693,4000.00,card,0,0,0
2026-09-13 12:32:12.684829,16200.00,reptiloid,0,0,0
2026-09-13 12:26:33.003482,4300.00,reptiloid,0,0,0
2026-09-13 12:09:34.252986,4300.00,reptiloid,0,0,0
2026-09-13 11:54:17.988156,4300.00,reptiloid,0,0,0
2026-09-13 11:48:11.627277,2100.00,reptiloid,0,0,0
2026-09-13 11:38:20.192705,7200.00,card,0,0,0
2026-09-13 10:58:38.837431,3225.0000,USDT,0,0,42.888000
2026-09-13 10:54:29.021731,4300.00,reptiloid,0,0,0
2026-09-13 10:44:00.773169,4300.00,reptiloid,0,0,0
2026-09-13 10:41:42.495197,4300.00,reptiloid,0,0,0
2026-09-13 10:36:32.434028,4300.00,reptiloid,0,0,0
2026-09-13 09:55:45.567449,4300.00,reptiloid,0,0,0
2026-09-13 09:40:20.679768,4300.00,reptiloid,0,0,0
2026-09-13 09:38:35.12983,4300.00,card,0,0,0
2026-09-13 09:25:59.100531,7200.00,reptiloid,0,0,0
2026-09-13 07:58:44.972187,4300.00,card,0,0,0
2026-09-13 03:31:18.830167,2100.00,reptiloid,0,0,0
2026-09-13 03:13:33.687423,2100.00,reptiloid,0,0,0
2026-09-13 02:21:13.113353,4300.00,reptiloid,0,0,0
2026-09-13 02:10:48.773341,3300.00,reptiloid,0,0,0
2026-09-13 02:01:19.995156,4300.00,transa,0,0,0
2026-09-13 00:38:06.758713,4050.00,reptiloid,0,0,0
2026-09-13 00:34:56.586772,7200.00,reptiloid,0,0,0
2026-09-13 00:17:02.932946,3300.00,card,0,0,0
2026-09-12 23:40:38.762215,7200.00,card,0,0,0
2026-09-12 23:20:41.480598,7200.00,card,0,0,0
2026-09-12 23:15:10.719079,4300.00,reptiloid,0,0,0
2026-09-12 22:59:23.53608,4200.00,reptiloid,0,0,0
2026-09-12 22:55:56.659353,4300.00,card,0,0,0
2026-09-12 22:54:12.907953,2100.00,card,0,0,0
2026-09-12 22:47:59.656036,4300.00,merchant001,0,0,0
2026-09-12 22:46:06.195962,3300.00,card,0,0,0
2026-09-12 22:34:28.325422,2100.00,card,0,0,0
2026-09-12 22:30:15.814501,1300.00,reptiloid,0,0,0
2026-09-12 22:26:41.066406,6500.00,card,0,0,0
2026-09-12 22:18:55.378814,4300.00,reptiloid,0,0,0
2026-09-12 22:16:26.538348,2100.00,reptiloid,0,0,0
2026-09-12 21:57:37.347688,4300.00,card,0,0,0
2026-09-12 21:52:17.369683,4300.00,card,0,0,0
2026-09-12 21:46:47.63045,4300.00,reptiloid,0,0,0
2026-09-12 21:22:31.380506,4300.00,reptiloid,0,0,0
2026-09-12 21:18:15.723112,4300.00,reptiloid,0,0,0
2026-09-12 21:11:20.592575,4300.00,merchant001,0,0,0
2026-09-12 21:09:22.659566,7200.00,reptiloid,0,0,0
2026-09-12 21:08:39.804148,4300.00,reptiloid,0,0,0
2026-09-12 21:08:29.796264,5200.00,LTC,0,1.144097,0
2026-09-12 20:57:27.251607,4300.00,reptiloid,0,0,0
2026-09-12 20:52:47.385227,4300.00,merchant001,0,0,0
2026-09-12 20:29:35.625444,4300.00,reptiloid,0,0,0
2026-09-12 20:28:35.373122,7200.00,merchant001,0,0,0
2026-09-12 20:27:54.880142,4300.00,transa,0,0,0
2026-09-12 20:25:17.254548,4300.00,reptiloid,0,0,0
2026-09-12 20:24:46.394915,4300.00,reptiloid,0,0,0
2026-09-12 20:06:11.3329,7200.00,reptiloid,0,0,0
2026-09-12 19:52:45.280383,2100.00,reptiloid,0,0,0
2026-09-12 19:46:14.258459,7200.00,reptiloid,0,0,0
2026-09-12 19:46:01.90578,7200.00,reptiloid,0,0,0
2026-09-12 19:44:36.463189,7200.00,reptiloid,0,0,0
2026-09-12 19:43:15.99847,7200.00,reptiloid,0,0,0
2026-09-12 19:40:57.116951,4300.00,reptiloid,0,0,0
2026-09-12 19:40:46.297931,4300.00,reptiloid,0,0,0
2026-09-12 19:24:46.781269,4300.00,merchant001,0,0,0
2026-09-12 19:22:28.251107,4300.00,reptiloid,0,0,0
2026-09-12 19:08:14.465149,4300.00,reptiloid,0,0,0
2026-09-12 18:59:13.59289,4300.00,reptiloid,0,0,0
2026-09-12 18:54:19.877125,3000.00,merchant001,0,0,0
2026-09-12 18:52:37.10864,7200.00,reptiloid,0,0,0
2026-09-12 18:51:39.87993,7200.00,reptiloid,0,0,0
2026-09-12 18:45:06.446023,4300.00,merchant001,0,0,0
2026-09-12 18:40:31.639084,4300.00,reptiloid,0,0,0
2026-09-12 18:23:49.333113,4300.00,reptiloid,0,0,0
2026-09-12 18:16:52.639012,4300.00,reptiloid,0,0,0
2026-09-12 18:15:41.133535,10500.00,reptiloid,0,0,0
2026-09-12 18:08:31.497613,4300.00,reptiloid,0,0,0
2026-09-12 18:08:19.291219,10500.00,reptiloid,0,0,0
2026-09-12 18:05:56.062506,7200.00,reptiloid,0,0,0
2026-09-12 18:00:59.80592,1100.00,reptiloid,0,0,0
2026-09-12 18:00:42.449739,4300.00,reptiloid,0,0,0
2026-09-12 17:58:35.874503,4300.00,reptiloid,0,0,0
2026-09-12 17:50:32.894025,4300.00,reptiloid,0,0,0
2026-09-12 17:48:52.269397,3225.0000,USDT,0,0,42.888000
2026-09-12 17:44:46.45856,4300.00,reptiloid,0,0,0
2026-09-12 17:37:09.955244,4300.00,reptiloid,0,0,0
2026-09-12 17:16:58.905067,3225.0000,USDT,0,0,42.888000
2026-09-12 17:12:51.447553,750.00,reptiloid,0,0,0
2026-09-12 16:54:37.075276,4300.00,reptiloid,0,0,0
2026-09-12 16:40:20.194642,3655.0000,LTC,0,0.94743562,0
2026-09-12 16:33:55.176078,4300.00,reptiloid,0,0,0
2026-09-12 16:29:12.901738,4300.00,reptiloid,0,0,0
2026-09-12 16:29:04.162795,3000.00,merchant001,0,0,0
2026-09-12 16:27:37.186028,10500.00,reptiloid,0,0,0
2026-09-12 16:24:58.530486,7200.00,reptiloid,0,0,0
2026-09-12 16:22:13.418284,1100.00,reptiloid,0,0,0
2026-09-12 16:20:48.745939,4300.00,merchant001,0,0,0
2026-09-12 13:36:11.728184,4300.00,reptiloid,0,0,0
2026-09-12 13:29:00.635887,3000.00,card,0,0,0
2026-09-12 13:28:12.193982,2750.00,card,0,0,0
2026-09-12 13:20:51.23906,10500.00,reptiloid,0,0,0
2026-09-12 12:47:38.206473,10500.00,merchant001,0,0,0
2026-09-12 12:46:03.717571,4300.00,reptiloid,0,0,0
2026-09-12 12:42:57.924331,4300.00,reptiloid,0,0,0
2026-09-12 12:24:25.352891,1300.00,USDT,0,0,12.966000
2026-09-12 12:16:22.189036,900.00,reptiloid,0,0,0
2026-09-12 12:16:16.62427,3300.00,reptiloid,0,0,0
2026-09-12 12:05:17.746478,3000.00,reptiloid,0,0,0
2026-09-12 12:01:52.052165,3000.00,reptiloid,0,0,0
2026-09-12 11:59:05.442901,3000.00,reptiloid,0,0,0
2026-09-12 11:57:22.922622,4300.00,reptiloid,0,0,0
2026-09-12 11:53:26.424623,3000.00,reptiloid,0,0,0
2026-09-12 11:50:19.645365,3000.00,reptiloid,0,0,0
2026-09-12 11:50:09.587213,6545.0000,LTC,0,1.70389409,0
2026-09-12 11:49:01.065996,4300.00,reptiloid,0,0,0
2026-09-12 11:47:06.288732,4300.00,reptiloid,0,0,0
2026-09-12 11:43:42.040414,3000.00,reptiloid,0,0,0
2026-09-12 11:24:10.650362,7700.00,merchant001,0,0,0
2026-09-12 10:56:30.147812,3000.00,nirvana,0,0,0
2026-09-12 10:36:35.734578,3000.00,reptiloid,0,0,0
2026-09-12 10:33:59.555953,3000.00,reptiloid,0,0,0
2026-09-12 10:24:39.751978,4300.00,reptiloid,0,0,0
2026-09-12 09:48:03.179419,4300.00,reptiloid,0,0,0
2026-09-12 09:08:47.775683,3300.00,reptiloid,0,0,0
2026-09-12 09:05:06.347688,7200.00,reptiloid,0,0,0
2026-09-12 08:16:07.079078,4300.00,reptiloid,0,0,0
2026-09-12 08:01:43.213864,7200.00,reptiloid,0,0,0
2026-09-12 07:53:33.555049,4300.00,reptiloid,0,0,0
2026-09-12 07:06:41.611367,7200.00,merchant001,0,0,0
2026-09-12 06:39:26.388358,4300.00,reptiloid,0,0,0
2026-09-12 06:30:09.65355,4300.00,reptiloid,0,0,0
2026-09-12 05:39:02.002232,7200.00,reptiloid,0,0,0
2026-09-12 05:25:49.469474,7200.00,reptiloid,0,0,0
2026-09-12 04:54:01.41601,3000.00,reptiloid,0,0,0
2026-09-12 04:53:51.784745,7200.00,reptiloid,0,0,0
2026-09-12 03:26:38.142341,4300.00,merchant001,0,0,0
2026-09-12 03:18:43.462561,4200.00,reptiloid,0,0,0
2026-09-12 02:06:00.949676,4300.00,reptiloid,0,0,0
2026-09-12 01:43:39.613805,3000.00,nirvana,0,0,0
2026-09-12 01:39:10.42328,4300.00,reptiloid,0,0,0
2026-09-12 01:22:14.167099,7200.00,reptiloid,0,0,0
2026-09-12 01:21:55.689425,4300.00,reptiloid,0,0,0
2026-09-12 01:04:11.052242,3000.00,reptiloid,0,0,0
2026-09-12 00:59:39.987919,1100.00,nirvana,0,0,0
2026-09-12 00:55:35.811214,3300.00,reptiloid,0,0,0
2026-09-12 00:46:43.949619,2100.00,reptiloid,0,0,0
2026-09-12 00:43:41.513127,4400.00,reptiloid,0,0,0
2026-09-12 00:09:44.150217,4300.00,reptiloid,0,0,0
2026-09-11 23:52:43.767531,4300.00,reptiloid,0,0,0
2026-09-11 23:44:06.327191,3000.00,reptiloid,0,0,0
2026-09-11 23:34:41.92397,16200.00,reptiloid,0,0,0
2026-09-11 23:32:53.662121,3600.00,reptiloid,0,0,0
2026-09-11 23:31:19.20987,3300.00,reptiloid,0,0,0
2026-09-11 23:26:14.162634,2100.00,reptiloid,0,0,0
2026-09-11 23:21:42.066454,4300.00,reptiloid,0,0,0
2026-09-11 23:13:58.167833,2100.00,reptiloid,0,0,0
2026-09-11 22:56:08.761808,2300.00,reptiloid,0,0,0
2026-09-11 22:51:59.11838,3000.00,nirvana,0,0,0
2026-09-11 22:41:35.552839,3300.00,reptiloid,0,0,0
2026-09-11 22:27:13.193457,4300.00,reptiloid,0,0,0
2026-09-11 22:26:51.026649,4300.00,reptiloid,0,0,0
2026-09-11 22:24:55.699468,2300.00,reptiloid,0,0,0
2026-09-11 22:18:26.766324,2100.00,reptiloid,0,0,0
2026-09-11 22:17:17.549445,2000.00,reptiloid,0,0,0
2026-09-11 22:06:48.33877,7200.00,reptiloid,0,0,0
2026-09-11 21:58:50.181758,4300.00,reptiloid,0,0,0
2026-09-11 21:54:52.888794,4300.00,reptiloid,0,0,0
2026-09-11 21:42:56.343495,4300.00,reptiloid,0,0,0
2026-09-11 21:06:22.196478,7200.00,merchant001,0,0,0
2026-09-11 20:54:16.298887,3000.00,reptiloid,0,0,0
2026-09-11 20:40:35.210997,4300.00,reptiloid,0,0,0
2026-09-11 20:21:50.01338,2500.00,reptiloid,0,0,0
2026-09-11 20:19:22.39086,4300.00,reptiloid,0,0,0
2026-09-11 20:18:39.645474,3225.0000,USDT,0,0,42.888000
2026-09-11 20:16:38.430759,500.00,reptiloid,0,0,0
2026-09-11 20:15:45.388381,1000.00,reptiloid,0,0,0
2026-09-11 20:13:34.499438,4300.00,card,0,0,0
2026-09-11 20:08:46.743446,4300.00,reptiloid,0,0,0
2026-09-11 20:08:24.081262,2600.00,reptiloid,0,0,0
2026-09-11 19:59:50.661736,2100.00,reptiloid,0,0,0
2026-09-11 19:59:31.79771,3300.00,card,0,0,0
2026-09-11 19:54:51.114889,7200.00,reptiloid,0,0,0
2026-09-11 19:53:43.856377,1200.00,reptiloid,0,0,0
2026-09-11 19:11:05.116174,7200.00,merchant001,0,0,0
2026-09-11 19:02:23.001302,4300.00,reptiloid,0,0,0
2026-09-11 19:02:05.595152,16200.00,reptiloid,0,0,0
2026-09-11 18:42:07.672915,7200.00,reptiloid,0,0,0
2026-09-11 18:27:31.034341,1100.00,card,0,0,0
2026-09-11 18:00:16.829956,7200.00,merchant001,0,0,0
2026-09-11 17:59:16.042545,4300.00,card,0,0,0
2026-09-11 17:41:41.111695,7200.00,merchant001,0,0,0
2026-09-11 17:16:34.558148,7200.00,reptiloid,0,0,0
2026-09-11 17:14:11.620914,3300.00,card,0,0,0
2026-09-11 17:03:11.285733,4300.00,card,0,0,0
2026-09-11 16:49:12.450536,7200.00,reptiloid,0,0,0
2026-09-11 16:46:00.645243,3000.00,reptiloid,0,0,0
2026-09-11 16:41:25.341771,3300.00,reptiloid,0,0,0
2026-09-11 15:58:51.49193,7200.00,reptiloid,0,0,0
2026-09-11 15:49:36.137447,1200.00,reptiloid,0,0,0
2026-09-11 15:23:24.288732,4300.00,card,0,0,0
2026-09-11 15:11:45.515476,1300.00,reptiloid,0,0,0
2026-09-11 15:10:07.520652,4300.00,reptiloid,0,0,0
2026-09-11 15:05:06.763169,7200.00,reptiloid,0,0,0
2026-09-11 15:04:47.55774,7300.00,reptiloid,0,0,0
2026-09-11 14:54:33.310752,4300.00,merchant001,0,0,0
2026-09-11 14:47:20.666826,7200.00,reptiloid,0,0,0
2026-09-11 14:39:14.488597,4300.00,reptiloid,0,0,0
2026-09-11 14:37:08.575484,4300.00,reptiloid,0,0,0
2026-09-11 14:33:18.7731,2100.00,reptiloid,0,0,0
2026-09-11 14:22:48.817812,4300.00,reptiloid,0,0,0
2026-09-11 14:03:51.056894,7200.00,reptiloid,0,0,0
2026-09-11 13:53:34.825381,4300.00,reptiloid,0,0,0
2026-09-11 13:51:13.685787,7200.00,reptiloid,0,0,0
2026-09-11 13:50:06.517971,4300.00,reptiloid,0,0,0
2026-09-11 13:43:12.95511,4300.00,reptiloid,0,0,0
2026-09-11 13:35:10.842126,4300.00,card,0,0,0
2026-09-11 13:28:23.609658,7200.00,reptiloid,0,0,0
2026-09-11 13:20:17.969494,7200.00,card,0,0,0
2026-09-11 12:57:16.720056,4500.00,reptiloid,0,0,0
2026-09-11 12:49:56.513567,4300.00,reptiloid,0,0,0
2026-09-11 12:46:10.814491,4300.00,reptiloid,0,0,0
2026-09-11 12:14:39.561598,4300.00,card,0,0,0
2026-09-11 12:14:08.985355,4300.00,card,0,0,0
2026-09-11 12:06:48.934207,4300.00,card,0,0,0
2026-09-11 11:46:54.910512,4500.00,card,0,0,0
2026-09-11 11:33:51.774902,2400.00,card,0,0,0
2026-09-11 10:40:26.593933,4300.00,card,0,0,0
2026-09-11 10:35:27.492759,500.00,reptiloid,0,0,0
2026-09-11 08:54:19.179355,4300.00,card,0,0,0
2026-09-11 08:39:21.980015,7200.00,reptiloid,0,0,0
2026-09-11 07:40:09.995597,4300.00,card,0,0,0
2026-09-11 07:17:52.818034,7200.00,card,0,0,0
2026-09-11 04:56:50.537877,7200.00,merchant001,0,0,0
2026-09-11 04:13:41.837491,4500.00,card,0,0,0
2026-09-11 03:18:11.820049,7200.00,reptiloid,0,0,0
2026-09-11 02:33:07.863509,4300.00,reptiloid,0,0,0
2026-09-11 02:00:51.98319,7200.00,reptiloid,0,0,0
2026-09-11 01:47:36.549265,7200.00,reptiloid,0,0,0
2026-09-11 01:40:40.656419,2000.00,reptiloid,0,0,0
2026-09-11 01:30:41.549421,7200.00,reptiloid,0,0,0
2026-09-11 01:25:34.591034,4200.00,merchant001,0,0,0
2026-09-11 01:08:14.110897,3225.0000,USDT,0,0,42.888000
2026-09-11 00:57:47.181387,7200.00,reptiloid,0,0,0
2026-09-11 00:36:04.899517,7200.00,card,0,0,0
2026-09-11 00:34:57.727998,7200.00,reptiloid,0,0,0
2026-09-11 00:12:07.673665,7200.00,card,0,0,0
2026-09-10 23:26:02.233521,4200.00,reptiloid,0,0,0
2026-09-10 23:08:25.3758,3300.00,reptiloid,0,0,0
2026-09-10 22:41:50.022438,7200.00,reptiloid,0,0,0
2026-09-10 22:28:44.144494,7200.00,card,0,0,0
2026-09-10 21:56:28.881527,4300.00,reptiloid,0,0,0
2026-09-10 21:52:41.379513,2100.00,card,0,0,0
2026-09-10 21:44:43.813857,4300.00,reptiloid,0,0,0
2026-09-10 21:39:25.876083,7200.00,reptiloid,0,0,0
2026-09-10 21:38:37.627019,4500.00,card,0,0,0
2026-09-10 21:34:06.997141,4300.00,reptiloid,0,0,0
2026-09-10 21:26:34.01592,4300.00,card,0,0,0
2026-09-10 21:24:14.728744,4300.00,reptiloid,0,0,0
2026-09-10 21:21:13.842882,4300.00,reptiloid,0,0,0
2026-09-10 21:03:49.934523,2000.00,card,0,0,0
2026-09-10 20:59:51.438845,4300.00,card,0,0,0
2026-09-10 20:54:55.916978,4300.00,card,0,0,0
2026-09-10 20:51:37.613658,4300.00,reptiloid,0,0,0
2026-09-10 20:48:25.806947,4300.00,reptiloid,0,0,0
2026-09-10 20:45:33.366666,3300.00,reptiloid,0,0,0
2026-09-10 20:44:07.732207,4300.00,reptiloid,0,0,0
2026-09-10 20:37:31.053791,4300.00,card,0,0,0
2026-09-10 20:27:44.432,4300.00,reptiloid,0,0,0
2026-09-10 20:22:35.190616,3225.0000,USDT,0,0,42.888000
2026-09-10 20:20:12.313309,4300.00,card,0,0,0
2026-09-10 20:18:32.654802,10500.00,reptiloid,0,0,0
2026-09-10 20:13:25.169539,4300.00,reptiloid,0,0,0
2026-09-10 20:00:24.87238,4300.00,reptiloid,0,0,0
2026-09-10 19:53:58.215368,2100.00,reptiloid,0,0,0
2026-09-10 19:46:48.236913,1300.00,reptiloid,0,0,0
2026-09-10 19:45:40.420211,3300.00,reptiloid,0,0,0
2026-09-10 19:43:00.971109,7700.00,card,0,0,0
2026-09-10 19:40:14.515844,4300.00,reptiloid,0,0,0
2026-09-10 19:34:18.236003,4300.00,reptiloid,0,0,0
2026-09-10 19:28:32.080955,3225.0000,USDT,0,0,42.888000
2026-09-10 19:21:29.206341,7200.00,reptiloid,0,0,0
2026-09-10 19:17:16.480344,4300.00,card,0,0,0
2026-09-10 19:11:47.989465,7201.00,card,0,0,0
2026-09-10 19:06:04.652033,5500.00,card,0,0,0
2026-09-10 19:00:43.83136,5000.00,card,0,0,0
2026-09-10 19:00:39.307537,4300.00,merchant001,0,0,0
2026-09-10 19:00:27.42724,1800.00,reptiloid,0,0,0
2026-09-10 18:53:13.553517,1300.00,reptiloid,0,0,0
2026-09-10 18:51:53.860996,4300.00,card,0,0,0
2026-09-10 18:47:56.874652,4500.00,card,0,0,0
2026-09-10 18:42:26.299136,4300.00,reptiloid,0,0,0
2026-09-10 18:41:33.119864,2250.00,card,0,0,0
2026-09-10 18:31:06.405088,1900.00,nirvana,0,0,0
2026-09-10 18:29:46.152701,4500.00,card,0,0,0
2026-09-10 18:24:14.480452,4300.00,nirvana,0,0,0
2026-09-10 18:20:51.684344,1400.00,reptiloid,0,0,0
2026-09-10 18:16:48.83054,7200.00,reptiloid,0,0,0
2026-09-10 18:15:45.694094,7200.00,reptiloid,0,0,0
2026-09-10 18:11:35.292377,4300.00,reptiloid,0,0,0
2026-09-10 18:10:22.275395,4300.00,reptiloid,0,0,0
2026-09-10 18:08:42.520947,3225.0000,USDT,0,0,42.888000
2026-09-10 18:06:47.166614,4300.00,card,0,0,0
2026-09-10 17:51:09.916755,7200.00,card,0,0,0
2026-09-10 17:32:50.695056,4300.00,card,0,0,0
2026-09-10 17:25:29.203383,2100.00,reptiloid,0,0,0
2026-09-10 17:19:45.072669,1300.00,reptiloid,0,0,0
2026-09-10 17:19:11.356542,4500.00,reptiloid,0,0,0
2026-09-10 17:05:48.46122,4300.00,reptiloid,0,0,0
2026-09-10 16:54:54.771246,4300.00,reptiloid,0,0,0
2026-09-10 16:38:16.648616,4300.00,card,0,0,0
2026-09-10 16:32:40.350837,7200.00,reptiloid,0,0,0
2026-09-10 16:29:16.143316,4100.00,reptiloid,0,0,0
2026-09-10 16:21:35.061097,7200.00,reptiloid,0,0,0
2026-09-10 16:15:28.526791,4300.00,reptiloid,0,0,0
2026-09-10 16:13:54.326694,4300.00,reptiloid,0,0,0
2026-09-10 16:10:20.994503,7200.00,reptiloid,0,0,0
2026-09-10 16:09:21.645391,3225.0000,USDT,0,0,42.888000
2026-09-10 16:05:43.509284,7200.00,reptiloid,0,0,0
2026-09-10 15:55:40.077598,4300.00,reptiloid,0,0,0
2026-09-10 15:54:16.613137,4300.00,reptiloid,0,0,0
2026-09-10 15:39:09.344042,4300.00,reptiloid,0,0,0
2026-09-10 15:36:46.992215,7200.00,merchant001,0,0,0
2026-09-10 15:31:21.304595,5700.00,reptiloid,0,0,0
2026-09-10 15:24:18.261965,2400.00,reptiloid,0,0,0
2026-09-10 15:22:18.11415,7200.00,reptiloid,0,0,0
2026-09-10 15:19:32.790115,7200.00,reptiloid,0,0,0
2026-09-10 15:19:11.416845,7200.00,reptiloid,0,0,0
2026-09-10 15:00:04.636024,4300.00,reptiloid,0,0,0
2026-09-10 14:52:46.030865,2100.00,reptiloid,0,0,0
2026-09-10 14:41:10.286511,6700.00,reptiloid,0,0,0
2026-09-10 14:18:51.555196,7200.00,reptiloid,0,0,0
2026-09-10 13:55:08.67651,7200.00,reptiloid,0,0,0
2026-09-10 13:45:56.538698,4300.00,reptiloid,0,0,0
2026-09-10 13:33:46.950854,3500.00,merchant001,0,0,0
2026-09-10 13:25:47.159171,10500.00,reptiloid,0,0,0
2026-09-10 13:18:14.511471,7200.00,reptiloid,0,0,0
2026-09-10 13:17:08.755624,7200.00,card,0,0,0
2026-09-10 13:05:39.197129,4300.00,card,0,0,0
2026-09-10 13:05:15.389355,4500.00,card,0,0,0
2026-09-10 12:58:42.115979,3500.00,merchant001,0,0,0
2026-09-10 12:54:39.305864,7200.00,card,0,0,0
2026-09-10 12:36:47.093383,7200.00,reptiloid,0,0,0
2026-09-10 11:48:10.217965,3300.00,card,0,0,0
2026-09-10 11:47:23.261719,4300.00,reptiloid,0,0,0
2026-09-10 10:43:14.566181,4300.00,reptiloid,0,0,0
2026-09-10 10:31:03.88057,7200.00,merchant001,0,0,0
2026-09-10 10:26:35.254065,7200.00,reptiloid,0,0,0
2026-09-10 10:02:43.799971,7200.00,reptiloid,0,0,0
2026-09-10 09:58:02.043819,7200.00,merchant001,0,0,0
2026-09-10 09:43:52.292766,7200.00,reptiloid,0,0,0
2026-09-10 09:39:41.000785,2100.00,reptiloid,0,0,0
2026-09-10 08:43:07.826359,6400.00,USDT,0,0,63.834000
2026-09-10 07:20:43.421341,3375.0000,USDT,0,0,44.883000
2026-09-10 06:22:50.292709,7200.00,reptiloid,0,0,0
2026-09-10 06:19:28.632798,7200.00,reptiloid,0,0,0
2026-09-10 06:01:09.486925,7200.00,reptiloid,0,0,0
2026-09-10 05:08:59.907715,4300.00,merchant001,0,0,0
2026-09-10 04:43:23.45709,1300.00,reptiloid,0,0,0
2026-09-10 01:51:53.17365,7700.00,reptiloid,0,0,0
2026-09-10 01:22:58.609764,2650.00,USDT,0,0,26.431000
2026-09-09 23:56:50.497015,7200.00,reptiloid,0,0,0
2026-09-09 23:27:55.627397,3300.00,reptiloid,0,0,0
2026-09-09 23:09:58.146185,4500.00,merchant001,0,0,0
2026-09-09 22:44:53.372729,500.00,reptiloid,0,0,0
2026-09-09 22:19:03.049664,7200.00,reptiloid,0,0,0
2026-09-09 21:50:23.601807,7200.00,reptiloid,0,0,0
2026-09-09 21:32:28.483413,7200.00,reptiloid,0,0,0
2026-09-09 21:31:18.791272,3200.00,reptiloid,0,0,0
2026-09-09 21:01:41.556664,5000.00,USDT,0,0,49.870000
2026-09-09 20:46:29.066773,7200.00,reptiloid,0,0,0
2026-09-09 20:45:05.835702,7200.00,reptiloid,0,0,0
2026-09-09 20:14:19.090032,4300.00,reptiloid,0,0,0
2026-09-09 20:04:30.06549,4500.00,reptiloid,0,0,0
2026-09-09 20:03:16.735638,1900.00,reptiloid,0,0,0
2026-09-09 20:00:15.254856,500.00,reptiloid,0,0,0
2026-09-09 19:53:50.899791,1300.00,reptiloid,0,0,0
2026-09-09 19:45:38.067996,1400.00,reptiloid,0,0,0
2026-09-09 19:19:23.676586,3200.00,reptiloid,0,0,0
2026-09-09 19:06:37.229695,1900.00,reptiloid,0,0,0
2026-09-09 18:51:05.50708,7200.00,reptiloid,0,0,0
2026-09-09 18:49:28.258891,4300.00,reptiloid,0,0,0
2026-09-09 18:31:37.592407,7200.00,reptiloid,0,0,0
2026-09-09 18:18:23.22307,4200.00,reptiloid,0,0,0
2026-09-09 18:14:13.025523,3200.00,merchant001,0,0,0
2026-09-09 18:09:26.069826,7200.00,reptiloid,0,0,0
2026-09-09 18:01:50.297483,3300.00,reptiloid,0,0,0
2026-09-09 17:43:01.736555,1600.00,card,0,0,0
2026-09-09 17:42:32.087414,7200.00,card,0,0,0
2026-09-09 17:40:39.094353,4300.00,merchant001,0,0,0
2026-09-09 17:35:16.787268,850.00,reptiloid,0,0,0
2026-09-09 17:32:59.846816,7200.00,reptiloid,0,0,0
2026-09-09 17:21:28.203069,4300.00,reptiloid,0,0,0
2026-09-09 17:11:53.575824,1000.00,reptiloid,0,0,0
2026-09-09 17:04:49.406898,4300.00,reptiloid,0,0,0
2026-09-09 16:34:55.951076,1800.00,card,0,0,0
2026-09-09 16:27:14.969395,4300.00,merchant001,0,0,0
2026-09-09 16:25:52.317735,7200.00,card,0,0,0
2026-09-09 16:24:20.462186,3200.00,reptiloid,0,0,0
2026-09-09 16:21:21.330242,2400.00,card,0,0,0
2026-09-09 15:55:55.205525,1900.00,card,0,0,0
2026-09-09 15:29:35.418834,4300.00,reptiloid,0,0,0
2026-09-09 15:27:48.710813,3200.00,transa,0,0,0
2026-09-09 15:20:56.399869,4700.00,card,0,0,0
2026-09-09 15:18:13.678155,4300.00,reptiloid,0,0,0
2026-09-09 14:57:13.374497,7200.00,merchant001,0,0,0
2026-09-09 14:45:35.136374,3225.0000,USDT,0,0,42.888000
2026-09-09 14:35:02.164015,4300.00,reptiloid,0,0,0
2026-09-09 14:33:41.583336,7700.00,card,0,0,0
2026-09-09 14:18:12.204204,4300.00,reptiloid,0,0,0
2026-09-09 14:12:17.155855,1900.00,reptiloid,0,0,0
2026-09-09 14:08:57.38637,4300.00,reptiloid,0,0,0
2026-09-09 14:03:24.204778,4200.00,merchant001,0,0,0
2026-09-09 13:59:18.986246,7200.00,reptiloid,0,0,0
2026-09-09 13:51:13.618697,800.00,LTC,0,0.1724716,0
2026-09-09 13:24:33.998345,4300.00,reptiloid,0,0,0
2026-09-09 13:22:05.602785,4200.00,reptiloid,0,0,0
2026-09-09 13:17:09.676935,4300.00,reptiloid,0,0,0
2026-09-09 13:15:43.696638,7200.00,reptiloid,0,0,0
2026-09-09 13:09:19.832007,7200.00,reptiloid,0,0,0
2026-09-09 12:58:47.197387,3000.00,card,0,0,0
2026-09-09 12:43:08.450801,4300.00,reptiloid,0,0,0
2026-09-09 12:16:52.957624,7200.00,reptiloid,0,0,0
2026-09-09 12:09:00.51982,4300.00,card,0,0,0
2026-09-09 12:07:54.515667,4300.00,reptiloid,0,0,0
2026-09-09 11:53:29.608478,4200.00,reptiloid,0,0,0
2026-09-09 11:19:51.74443,7200.00,reptiloid,0,0,0
2026-09-09 11:00:43.679312,7200.00,reptiloid,0,0,0
2026-09-09 10:14:25.198205,7200.00,reptiloid,0,0,0
2026-09-09 08:53:34.573401,1900.00,reptiloid,0,0,0
2026-09-09 08:43:18.417352,7200.00,reptiloid,0,0,0
2026-09-09 08:34:02.223198,1900.00,reptiloid,0,0,0
2026-09-09 08:31:46.214705,3200.00,reptiloid,0,0,0
2026-09-09 03:23:11.525114,10500.00,merchant001,0,0,0
2026-09-09 02:39:05.325406,4300.00,reptiloid,0,0,0
2026-09-09 02:25:26.11825,4300.00,merchant001,0,0,0
2026-09-09 02:24:10.988773,3200.00,reptiloid,0,0,0
2026-09-09 02:17:48.317526,1301.00,BTC,0.00019121,0,0
2026-09-09 01:41:27.36276,7200.00,reptiloid,0,0,0
2026-09-09 01:32:11.347736,1900.00,merchant001,0,0,0
2026-09-09 01:14:40.329902,3200.00,reptiloid,0,0,0
2026-09-09 00:48:33.176279,4300.00,card,0,0,0
2026-09-09 00:45:06.99315,4300.00,reptiloid,0,0,0
2026-09-09 00:39:44.582459,3200.00,reptiloid,0,0,0
2026-09-09 00:28:38.284641,7700.00,card,0,0,0
2026-09-09 00:04:02.672458,3000.00,card,0,0,0
2026-09-09 00:03:23.488791,3200.00,transa,0,0,0
2026-09-08 23:44:47.250164,7200.00,merchant001,0,0,0
2026-09-08 23:38:42.05848,4300.00,reptiloid,0,0,0
2026-09-08 23:25:08.37375,7700.00,reptiloid,0,0,0
2026-09-08 23:03:52.625103,7200.00,card,0,0,0
2026-09-08 22:37:31.197707,3200.00,reptiloid,0,0,0
2026-09-08 22:31:29.835856,3200.00,merchant001,0,0,0
2026-09-08 22:15:49.424046,7200.00,reptiloid,0,0,0
2026-09-08 21:58:45.22741,7200.00,reptiloid,0,0,0
2026-09-08 21:58:11.616623,3000.00,card,0,0,0
2026-09-08 21:42:11.454654,700.00,nirvana,0,0,0
2026-09-08 21:19:25.891774,7200.00,reptiloid,0,0,0
2026-09-08 21:12:47.108888,2900.00,reptiloid,0,0,0
2026-09-08 21:10:21.046079,15000.00,USDT,0,0,149.611000
2026-09-08 21:08:36.67163,1900.00,merchant001,0,0,0
2026-09-08 20:49:40.562141,10500.00,reptiloid,0,0,0
2026-09-08 20:18:39.007985,1800.00,card,0,0,0
2026-09-08 20:15:07.080199,7200.00,reptiloid,0,0,0
2026-09-08 20:10:48.743748,3000.00,reptiloid,0,0,0
2026-09-08 20:07:37.720323,7200.00,reptiloid,0,0,0
2026-09-08 20:02:36.049487,1900.00,reptiloid,0,0,0
2026-09-08 20:01:14.11931,7200.00,reptiloid,0,0,0
2026-09-08 19:57:45.402115,5400.0000,USDT,0,0,71.813000
2026-09-08 19:54:37.743198,7200.00,reptiloid,0,0,0
2026-09-08 19:52:35.445314,3000.00,reptiloid,0,0,0
2026-09-08 19:45:48.407419,3000.00,card,0,0,0
2026-09-08 19:39:48.411739,4300.00,card,0,0,0
2026-09-08 19:36:52.852392,3200.00,reptiloid,0,0,0
2026-09-08 19:36:46.115566,3000.00,card,0,0,0
2026-09-08 19:28:42.129716,4300.00,reptiloid,0,0,0
2026-09-08 19:00:23.058962,1100.00,reptiloid,0,0,0
2026-09-08 18:56:42.233193,1900.00,reptiloid,0,0,0
2026-09-08 18:51:28.436268,7200.00,merchant001,0,0,0
2026-09-08 18:45:34.48899,3200.00,reptiloid,0,0,0
2026-09-08 18:42:42.235534,4300.00,reptiloid,0,0,0
2026-09-08 18:41:24.855693,3000.00,card,0,0,0
2026-09-08 18:24:06.10473,7200.00,reptiloid,0,0,0
2026-09-08 18:17:58.07098,7800.00,reptiloid,0,0,0
2026-09-08 18:17:39.54669,7200.00,reptiloid,0,0,0
2026-09-08 18:13:18.321263,1300.00,reptiloid,0,0,0
2026-09-08 18:06:32.427344,4300.00,reptiloid,0,0,0
2026-09-08 17:57:32.839606,3000.00,reptiloid,0,0,0
2026-09-08 17:51:53.911578,4300.00,reptiloid,0,0,0
2026-09-08 17:45:24.627955,7700.00,card,0,0,0
2026-09-08 17:40:25.821629,4300.00,reptiloid,0,0,0
2026-09-08 17:40:17.394782,10500.00,reptiloid,0,0,0
2026-09-08 16:47:03.729438,6700.00,reptiloid,0,0,0
2026-09-08 16:42:27.862739,4300.00,reptiloid,0,0,0
2026-09-08 16:19:43.81707,1300.00,reptiloid,0,0,0
2026-09-08 16:18:09.497978,7200.00,reptiloid,0,0,0
2026-09-08 16:10:45.381759,3000.00,reptiloid,0,0,0
2026-09-08 15:59:32.196706,4300.00,card,0,0,0
2026-09-08 15:56:12.299973,4300.00,reptiloid,0,0,0
2026-09-08 15:53:42.651411,1900.00,reptiloid,0,0,0
2026-09-08 15:40:29.198136,555.00,BTC,0.00008157,0,0
2026-09-08 15:32:25.145171,4300.00,reptiloid,0,0,0
2026-09-08 15:19:56.651842,4300.00,reptiloid,0,0,0
2026-09-08 15:18:45.695115,3000.00,nirvana,0,0,0
2026-09-08 15:14:37.261348,7200.00,reptiloid,0,0,0
2026-09-08 15:13:47.83175,1900.00,reptiloid,0,0,0
2026-09-08 15:07:14.667522,7200.00,reptiloid,0,0,0
2026-09-08 14:49:52.139184,7500.00,reptiloid,0,0,0
2026-09-08 14:19:55.477091,7200.00,reptiloid,0,0,0
2026-09-08 14:18:38.183264,3000.00,reptiloid,0,0,0
2026-09-08 14:14:17.068555,7200.00,reptiloid,0,0,0
2026-09-08 14:10:35.371452,3000.00,reptiloid,0,0,0
2026-09-08 13:59:11.114393,2300.00,nirvana,0,0,0
2026-09-08 13:41:50.983477,3200.00,reptiloid,0,0,0
2026-09-08 13:01:27.621464,4300.00,card,0,0,0
2026-09-08 13:00:48.621146,3000.00,card,0,0,0
2026-09-08 12:57:55.884557,3000.00,card,0,0,0
2026-09-08 12:54:47.085583,1900.00,reptiloid,0,0,0
2026-09-08 12:50:22.669156,7700.00,card,0,0,0
2026-09-08 12:45:54.06716,10500.00,reptiloid,0,0,0
2026-09-08 12:31:19.443471,4300.00,card,0,0,0
2026-09-08 12:21:58.099792,3200.00,transa,0,0,0
2026-09-08 12:03:11.401744,7200.00,reptiloid,0,0,0
2026-09-08 11:42:16.509523,7200.00,card,0,0,0
2026-09-08 11:29:26.540104,1600.00,reptiloid,0,0,0
2026-09-08 10:26:37.892879,4300.00,merchant001,0,0,0
2026-09-08 10:19:23.689425,7700.00,reptiloid,0,0,0
2026-09-08 09:33:56.655164,1900.00,reptiloid,0,0,0
2026-09-08 09:31:40.372621,4300.00,card,0,0,0
2026-09-08 09:03:05.317566,300.00,card,0,0,0
2026-09-08 08:42:36.65379,7200.00,reptiloid,0,0,0
2026-09-08 06:33:42.592175,1300.00,reptiloid,0,0,0
2026-09-08 06:00:46.910904,4300.00,card,0,0,0
2026-09-08 05:12:46.390889,10500.00,reptiloid,0,0,0
2026-09-08 04:32:41.743876,10000.00,card,0,0,0
2026-09-08 04:31:17.480598,4300.00,card,0,0,0
2026-09-08 04:12:01.171142,7200.00,reptiloid,0,0,0
2026-09-08 04:07:47.782407,7700.00,card,0,0,0
2026-09-08 02:47:52.81395,3200.00,reptiloid,0,0,0
2026-09-08 02:43:11.085501,4300.00,card,0,0,0
2026-09-08 02:25:17.617038,3200.00,reptiloid,0,0,0
2026-09-08 02:06:49.640818,7200.00,reptiloid,0,0,0
2026-09-08 01:58:54.597866,1900.00,reptiloid,0,0,0
2026-09-08 01:39:28.691662,4300.00,reptiloid,0,0,0
2026-09-08 01:24:22.147081,4300.00,card,0,0,0
2026-09-08 01:03:04.775771,7200.00,merchant001,0,0,0
2026-09-08 00:58:18.12334,7200.00,reptiloid,0,0,0
2026-09-08 00:45:46.411654,1900.00,card,0,0,0
2026-09-08 00:44:23.717597,3225.0000,USDT,0,0,42.888000
2026-09-08 00:19:57.417498,10500.00,merchant001,0,0,0
2026-09-07 23:56:06.527026,3200.00,reptiloid,0,0,0
2026-09-07 23:40:20.295521,3000.00,reptiloid,0,0,0
2026-09-07 23:37:46.055218,4300.00,reptiloid,0,0,0
2026-09-07 23:14:29.699013,4300.00,reptiloid,0,0,0
2026-09-07 23:03:03.255086,4300.00,card,0,0,0
2026-09-07 22:58:22.476881,1900.00,reptiloid,0,0,0
2026-09-07 22:47:41.089178,4300.00,nirvana,0,0,0
2026-09-07 22:18:24.886009,7200.00,card,0,0,0
2026-09-07 22:06:57.741037,4300.00,merchant001,0,0,0
2026-09-07 22:05:35.134603,3200.00,reptiloid,0,0,0
2026-09-07 21:58:46.009343,4300.00,reptiloid,0,0,0
2026-09-07 21:57:05.28692,7200.00,reptiloid,0,0,0
2026-09-07 21:56:25.722322,7200.00,reptiloid,0,0,0
2026-09-07 21:52:21.182393,7200.00,reptiloid,0,0,0
2026-09-07 21:39:11.148914,3200.00,merchant001,0,0,0
2026-09-07 21:26:47.172885,7200.00,reptiloid,0,0,0
2026-09-07 20:49:04.002939,7200.00,merchant001,0,0,0
2026-09-07 20:37:59.51426,7300.00,reptiloid,0,0,0
2026-09-07 20:20:41.768709,4500.00,reptiloid,0,0,0
2026-09-07 20:14:21.90286,3200.00,card,0,0,0
2026-09-07 20:08:14.178851,4200.00,reptiloid,0,0,0
2026-09-07 20:05:25.156591,7200.00,reptiloid,0,0,0
2026-09-07 20:02:32.312177,7200.00,reptiloid,0,0,0
2026-09-07 19:52:13.127005,7200.00,reptiloid,0,0,0
2026-09-07 19:51:50.036667,7200.00,reptiloid,0,0,0
2026-09-07 19:46:13.494826,4300.00,transa,0,0,0
2026-09-07 19:38:48.992806,7200.00,reptiloid,0,0,0
2026-09-07 19:15:56.150886,5400.0000,USDT,0,0,71.813000
2026-09-07 18:53:48.407539,7400.00,card,0,0,0
2026-09-07 18:50:32.814478,3200.00,merchant001,0,0,0
2026-09-07 18:42:06.882617,2900.00,reptiloid,0,0,0
2026-09-07 18:30:37.173012,5150.00,reptiloid,0,0,0
2026-09-07 18:20:25.631728,4700.00,card,0,0,0
2026-09-07 18:16:12.327067,7200.00,reptiloid,0,0,0
2026-09-07 18:14:55.824597,4300.00,reptiloid,0,0,0
2026-09-07 18:12:04.651835,7200.00,merchant001,0,0,0
2026-09-07 17:42:54.965066,1300.00,reptiloid,0,0,0
2026-09-07 17:41:34.386713,4000.00,card,0,0,0
2026-09-07 17:28:47.462395,1300.00,reptiloid,0,0,0
2026-09-07 17:20:09.19561,4300.00,reptiloid,0,0,0
2026-09-07 17:17:41.847344,4300.00,card,0,0,0
2026-09-07 17:15:04.856193,1900.00,reptiloid,0,0,0
2026-09-07 17:14:04.328094,7400.00,card,0,0,0
2026-09-07 16:51:51.92751,7200.00,card,0,0,0
2026-09-07 16:31:28.467106,4300.00,reptiloid,0,0,0
2026-09-07 16:23:13.700332,900.00,reptiloid,0,0,0
2026-09-07 16:22:06.137325,7200.00,reptiloid,0,0,0
2026-09-07 16:20:59.640198,4300.00,card,0,0,0
2026-09-07 16:15:07.194842,2150.00,USDT,0,0,21.444000
2026-09-07 16:10:54.714685,4200.00,reptiloid,0,0,0
2026-09-07 15:58:59.637508,7200.00,card,0,0,0
2026-09-07 15:55:35.530267,4300.00,reptiloid,0,0,0
2026-09-07 15:52:17.37327,3200.00,merchant001,0,0,0
2026-09-07 15:48:13.634398,4300.00,reptiloid,0,0,0
2026-09-07 15:46:16.876208,7200.00,reptiloid,0,0,0
2026-09-07 15:44:46.183833,7200.00,merchant001,0,0,0
2026-09-07 15:43:28.917049,7200.00,card,0,0,0
2026-09-07 15:36:06.096261,7200.00,reptiloid,0,0,0
2026-09-07 15:35:13.683434,4300.00,card,0,0,0
2026-09-07 15:24:58.079512,1900.00,reptiloid,0,0,0
2026-09-07 15:20:53.062374,2200.00,card,0,0,0
2026-09-07 15:15:53.282776,3200.00,reptiloid,0,0,0
2026-09-07 15:12:02.660236,1300.00,reptiloid,0,0,0
2026-09-07 15:07:10.741696,500.00,reptiloid,0,0,0
2026-09-07 14:49:54.733653,1900.00,reptiloid,0,0,0
2026-09-07 14:43:36.897018,7200.00,reptiloid,0,0,0
2026-09-07 14:35:51.771343,4300.00,reptiloid,0,0,0
2026-09-07 14:18:10.18127,900.00,reptiloid,0,0,0
2026-09-07 14:10:36.325307,7200.00,reptiloid,0,0,0
2026-09-07 14:06:00.405261,1900.00,reptiloid,0,0,0
2026-09-07 14:03:01.848235,4300.00,card,0,0,0
2026-09-07 13:54:57.870718,7200.00,reptiloid,0,0,0
2026-09-07 06:26:03.04253,4300.00,reptiloid,0,0,0
2026-09-07 06:16:41.461066,4300.00,reptiloid,0,0,0
2026-09-07 05:04:17.344852,4300.00,reptiloid,0,0,0
2026-09-07 04:50:57.92714,4300.00,reptiloid,0,0,0
2026-09-07 03:27:48.358595,7200.00,reptiloid,0,0,0
2026-09-07 03:19:06.569266,3225.0000,USDT,0,0,42.888000
2026-09-07 03:02:33.05847,3200.00,reptiloid,0,0,0
2026-09-07 02:22:55.013753,3655.0000,LTC,0,0.90498454,0
2026-09-07 01:37:08.538846,4300.00,reptiloid,0,0,0
2026-09-07 01:34:46.558011,1600.00,reptiloid,0,0,0
2026-09-07 00:29:38.622942,4300.00,reptiloid,0,0,0
2026-09-07 00:19:57.56994,500.00,nirvana,0,0,0
2026-09-06 23:59:09.732448,4300.00,card,0,0,0
2026-09-06 23:48:47.004136,7400.00,reptiloid,0,0,0
2026-09-06 23:23:46.107455,1300.00,nirvana,0,0,0
2026-09-06 23:13:24.624854,4300.00,card,0,0,0
2026-09-06 22:49:42.593736,4300.00,reptiloid,0,0,0
2026-09-06 22:47:37.229362,3000.00,reptiloid,0,0,0
2026-09-06 22:37:17.886097,1500.00,reptiloid,0,0,0
2026-09-06 22:09:46.61083,4300.00,reptiloid,0,0,0
2026-09-06 22:09:42.565319,3200.00,reptiloid,0,0,0
2026-09-06 22:01:14.622781,4300.00,transa,0,0,0
2026-09-06 21:57:45.851785,4300.00,card,0,0,0
2026-09-06 21:55:52.818643,7200.00,card,0,0,0
2026-09-06 21:46:29.451664,4300.00,reptiloid,0,0,0
2026-09-06 21:07:59.574362,7200.00,reptiloid,0,0,0
2026-09-06 21:06:19.631312,1900.00,reptiloid,0,0,0
2026-09-06 21:04:36.845372,4300.00,card,0,0,0
2026-09-06 20:55:34.943825,4300.00,transa,0,0,0
2026-09-06 20:42:04.371364,1900.00,reptiloid,0,0,0
2026-09-06 20:10:50.796378,7200.00,reptiloid,0,0,0
2026-09-06 19:56:30.199819,4300.00,reptiloid,0,0,0
2026-09-06 19:53:53.157341,4300.00,reptiloid,0,0,0
2026-09-06 19:39:45.583341,7200.00,reptiloid,0,0,0
2026-09-06 19:23:56.441696,6450.00,reptiloid,0,0,0
2026-09-06 19:21:07.2351,4300.00,reptiloid,0,0,0
2026-09-06 19:17:17.287464,7200.00,reptiloid,0,0,0
2026-09-06 19:07:40.523823,7200.00,reptiloid,0,0,0
2026-09-06 19:02:00.970138,1900.00,card,0,0,0
2026-09-06 18:36:30.756026,4300.00,reptiloid,0,0,0
2026-09-06 18:28:34.011361,3655.0000,LTC,0,0.91566282,0
2026-09-06 18:19:19.586374,1900.00,reptiloid,0,0,0
2026-09-06 18:19:00.755674,6500.00,LTC,0,1.38414148,0
2026-09-06 17:55:37.293941,7200.00,reptiloid,0,0,0
2026-09-06 17:49:10.272265,1900.00,nirvana,0,0,0
2026-09-06 17:42:15.436844,2900.00,reptiloid,0,0,0
2026-09-06 17:28:25.692429,1300.00,reptiloid,0,0,0
2026-09-06 17:23:25.180571,4300.00,reptiloid,0,0,0
2026-09-06 17:17:53.323339,3200.00,reptiloid,0,0,0
2026-09-06 17:14:27.05825,7200.00,reptiloid,0,0,0
2026-09-06 16:59:56.001504,1300.00,reptiloid,0,0,0
2026-09-06 16:24:16.408426,7200.00,reptiloid,0,0,0
2026-09-06 16:23:53.319587,7400.00,reptiloid,0,0,0
2026-09-06 16:22:02.804869,3200.00,reptiloid,0,0,0
2026-09-06 15:33:05.675797,4300.00,reptiloid,0,0,0
2026-09-06 15:32:50.023971,4300.00,merchant001,0,0,0
2026-09-06 15:19:29.717175,4300.00,reptiloid,0,0,0
2026-09-06 15:18:10.07961,3200.00,reptiloid,0,0,0
2026-09-06 15:09:12.761246,4300.00,reptiloid,0,0,0
2026-09-06 15:05:09.757948,7200.00,reptiloid,0,0,0
2026-09-06 14:57:09.931203,7200.00,reptiloid,0,0,0
2026-09-06 14:53:27.023518,3200.00,reptiloid,0,0,0
2026-09-06 14:33:27.418323,7200.00,reptiloid,0,0,0
2026-09-06 14:23:54.620861,4300.00,reptiloid,0,0,0
2026-09-06 14:10:22.750778,3000.00,reptiloid,0,0,0
2026-09-06 14:07:13.671218,3200.00,reptiloid,0,0,0
2026-09-06 13:49:59.338155,1900.00,reptiloid,0,0,0
2026-09-06 13:16:41.573189,4500.00,card,0,0,0
2026-09-06 13:02:38.57644,7200.00,reptiloid,0,0,0
2026-09-06 12:51:41.386304,4300.00,reptiloid,0,0,0
2026-09-06 12:39:27.282077,1900.00,card,0,0,0
2026-09-06 12:33:05.879177,7700.00,card,0,0,0
2026-09-06 12:23:31.328848,5400.0000,USDT,0,0,71.813000
2026-09-06 12:23:24.577043,4300.00,card,0,0,0
2026-09-06 12:19:49.335446,3000.00,reptiloid,0,0,0
2026-09-06 12:00:47.445476,3200.00,reptiloid,0,0,0
2026-09-06 11:34:21.86927,4300.00,reptiloid,0,0,0
2026-09-06 11:00:23.364907,3200.00,reptiloid,0,0,0
2026-09-06 09:53:44.327969,5400.0000,USDT,0,0,71.813000
2026-09-06 09:30:23.953348,11500.00,reptiloid,0,0,0
2026-09-06 08:32:00.088811,4300.00,reptiloid,0,0,0
2026-09-06 07:41:23.439835,4300.00,reptiloid,0,0,0
2026-09-06 07:27:54.538635,7200.00,reptiloid,0,0,0
2026-09-06 06:39:17.013194,7700.00,merchant001,0,0,0
2026-09-06 06:22:42.510581,4300.00,reptiloid,0,0,0
2026-09-06 06:13:10.31493,4300.00,reptiloid,0,0,0
2026-09-06 05:46:47.273852,7200.00,reptiloid,0,0,0
2026-09-06 05:06:41.237226,2500.00,LTC,0,0.53441839,0
2026-09-06 03:54:13.66162,1900.00,reptiloid,0,0,0
2026-09-06 03:29:12.803888,4300.00,reptiloid,0,0,0
2026-09-06 02:23:34.955249,4300.00,reptiloid,0,0,0
2026-09-06 02:19:32.087016,4300.00,reptiloid,0,0,0
2026-09-06 01:48:00.828152,4300.00,merchant001,0,0,0
2026-09-06 01:47:56.277755,2400.00,reptiloid,0,0,0
2026-09-06 01:44:18.074501,3200.00,reptiloid,0,0,0
2026-09-06 01:41:54.679408,2600.00,reptiloid,0,0,0
2026-09-06 00:42:58.68071,2200.00,USDT,0,0,21.943000
2026-09-06 00:42:16.662569,3225.0000,USDT,0,0,42.888000
2026-09-06 00:33:55.715517,1550.00,reptiloid,0,0,0
2026-09-06 00:21:49.477482,4100.00,USDT,0,0,40.894000
2026-09-06 00:08:01.280922,3000.00,reptiloid,0,0,0
2026-09-05 23:57:43.312536,1900.00,reptiloid,0,0,0
2026-09-05 23:41:23.255526,4300.00,merchant001,0,0,0
2026-09-05 23:28:20.629397,7700.00,reptiloid,0,0,0
2026-09-05 23:17:50.349487,7200.00,reptiloid,0,0,0
2026-09-05 23:17:04.054363,4300.00,reptiloid,0,0,0
2026-09-05 23:12:27.87111,7200.00,reptiloid,0,0,0
2026-09-05 23:07:08.677941,4300.00,reptiloid,0,0,0
2026-09-05 23:05:12.619578,4300.00,reptiloid,0,0,0
2026-09-05 22:48:02.994831,7700.00,reptiloid,0,0,0
2026-09-05 22:44:37.973504,2550.0000,LTC,0,0.64317996,0
2026-09-05 22:42:27.842411,4300.00,reptiloid,0,0,0
2026-09-05 22:32:25.50527,7700.00,merchant001,0,0,0
2026-09-05 22:14:17.923011,4300.00,reptiloid,0,0,0
2026-09-05 22:13:01.758511,4200.00,reptiloid,0,0,0
2026-09-05 22:10:19.629354,4300.00,reptiloid,0,0,0
2026-09-05 21:57:55.174995,1900.00,reptiloid,0,0,0
2026-09-05 21:52:19.81895,7200.00,reptiloid,0,0,0
2026-09-05 21:48:00.848125,1300.00,reptiloid,0,0,0
2026-09-05 21:29:14.85003,7200.00,reptiloid,0,0,0
2026-09-05 21:21:44.43777,4300.00,reptiloid,0,0,0
2026-09-05 21:10:45.799818,4300.00,reptiloid,0,0,0
2026-09-05 21:08:34.088106,4300.00,reptiloid,0,0,0
2026-09-05 20:41:29.098212,7200.00,transa,0,0,0
2026-09-05 20:33:56.441366,1300.00,reptiloid,0,0,0
2026-09-05 20:16:38.457004,1900.00,transa,0,0,0
2026-09-05 19:58:26.790774,7700.00,merchant001,0,0,0
2026-09-05 19:44:17.270906,1900.00,merchant001,0,0,0
2026-09-05 19:38:42.306677,3200.00,reptiloid,0,0,0
2026-09-05 19:35:37.627127,1900.00,card,0,0,0
2026-09-05 19:32:23.899991,7200.00,card,0,0,0
2026-09-05 19:26:04.093683,4300.00,reptiloid,0,0,0
2026-09-05 19:11:45.57059,1900.00,reptiloid,0,0,0
2026-09-05 18:56:05.864645,7200.00,reptiloid,0,0,0
2026-09-05 18:55:42.727019,4300.00,card,0,0,0
2026-09-05 18:53:15.645816,7200.00,reptiloid,0,0,0
2026-09-05 18:42:03.770964,3200.00,reptiloid,0,0,0
2026-09-05 18:39:52.862255,4300.00,reptiloid,0,0,0
2026-09-05 18:07:31.95496,3200.00,merchant001,0,0,0
2026-09-05 18:06:54.450984,4300.00,reptiloid,0,0,0
2026-09-05 18:03:30.381163,4000.00,reptiloid,0,0,0
2026-09-05 17:56:05.53724,7200.00,reptiloid,0,0,0
2026-09-05 17:49:10.830043,7200.00,reptiloid,0,0,0
2026-09-05 17:47:01.684337,4300.00,reptiloid,0,0,0
2026-09-05 17:38:51.177744,4300.00,merchant001,0,0,0
2026-09-05 17:32:54.257887,4300.00,reptiloid,0,0,0
2026-09-05 17:23:20.148984,1300.00,reptiloid,0,0,0
2026-09-05 17:19:16.176272,3500.00,merchant001,0,0,0
2026-09-05 17:17:28.62869,4300.00,nirvana,0,0,0
2026-09-05 16:49:59.625043,2200.00,nirvana,0,0,0
2026-09-05 16:37:33.972492,7200.00,merchant001,0,0,0
2026-09-05 16:08:52.325136,7200.00,reptiloid,0,0,0
