date_time,amount,method,btc,ltc,usdt
2026-10-05 17:08:15.59263,15000.00,card,0,0,0
2026-10-05 17:04:42.114632,4500.00,transa,0,0,0
2026-10-05 17:01:06.094243,2400.00,transa,0,0,0
2026-10-05 17:00:19.366512,4520.00,merchant001,0,0,0
2026-10-05 16:52:14.371849,1000.00,merchant001,0,0,0
2026-10-05 16:47:43.918717,3500.00,merchant001,0,0,0
2026-10-05 16:42:32.542608,4300.00,transa,0,0,0
2026-10-05 16:25:20.522335,2700.00,transa,0,0,0
2026-10-05 16:25:19.253663,4650.00,transa,0,0,0
2026-10-05 16:21:57.945742,500.00,merchant001,0,0,0
2026-10-05 16:15:26.822032,4650.00,transa,0,0,0
2026-10-05 15:58:11.414749,1700.00,transa,0,0,0
2026-10-05 15:38:48.786285,4500.00,transa,0,0,0
2026-10-05 15:10:56.050018,500.00,merchant001,0,0,0
2026-10-05 15:09:35.257846,4650.00,transa,0,0,0
2026-10-05 15:07:14.93802,4650.00,card,0,0,0
2026-10-05 15:02:26.949277,4500.00,merchant001,0,0,0
2026-10-05 14:58:20.620907,3487.5000,USDT,0,0,44.299000
2026-10-05 14:57:44.150767,2500.00,transa,0,0,0
2026-10-05 14:47:16.167549,500.00,transa,0,0,0
2026-10-05 14:43:52.883356,2100.00,transa,0,0,0
2026-10-05 14:42:46.195967,4600.00,transa,0,0,0
2026-10-05 14:36:10.940774,2550.00,transa,0,0,0
2026-10-05 14:25:26.369009,4650.00,transa,0,0,0
2026-10-05 14:20:55.697253,4600.00,merchant001,0,0,0
2026-10-05 14:20:35.490144,14700.00,transa,0,0,0
2026-10-05 14:13:00.74297,4650.00,transa,0,0,0
2026-10-05 14:05:42.104878,1950.00,transa,0,0,0
2026-10-05 13:52:12.874105,4650.00,transa,0,0,0
2026-10-05 13:49:50.633045,4650.00,card,0,0,0
2026-10-05 13:49:34.675792,2500.00,transa,0,0,0
2026-10-05 13:38:29.102418,2150.00,transa,0,0,0
2026-10-05 13:28:11.050317,3487.5000,USDT,0,0,44.299000
2026-10-05 13:16:58.932168,4600.00,transa,0,0,0
2026-10-05 12:40:11.245187,4450.00,transa,0,0,0
2026-10-05 12:36:19.465697,4600.00,transa,0,0,0
2026-10-05 11:31:03.907775,4500.00,merchant001,0,0,0
2026-10-05 11:25:52.493595,4500.00,transa,0,0,0
2026-10-05 11:10:16.507239,2300.00,card,0,0,0
2026-10-05 11:06:36.225389,4600.00,card,0,0,0
2026-10-05 10:56:03.615763,4500.00,transa,0,0,0
2026-10-05 10:39:36.978243,4600.00,card,0,0,0
2026-10-05 10:35:27.015163,4479.00,transa,0,0,0
2026-10-05 10:11:32.594765,4600.00,transa,0,0,0
2026-10-05 09:37:29.870757,1500.00,transa,0,0,0
2026-10-05 09:33:59.045046,3000.00,transa,0,0,0
2026-10-05 09:25:59.292428,2600.00,card,0,0,0
2026-10-05 09:19:44.578404,4500.00,transa,0,0,0
2026-10-05 09:09:07.411278,4600.00,transa,0,0,0
2026-10-05 08:10:28.372652,4360.00,transa,0,0,0
2026-10-05 06:29:29.311501,4500.00,transa,0,0,0
2026-10-05 06:25:00.938291,4600.00,transa,0,0,0
2026-10-05 01:23:32.149635,4500.00,card,0,0,0
2026-10-04 23:36:52.749014,4600.00,merchant001,0,0,0
2026-10-04 23:09:08.278816,550.00,transa,0,0,0
2026-10-04 21:56:56.490768,4600.00,transa,0,0,0
2026-10-04 21:37:22.755596,4380.00,transa,0,0,0
2026-10-04 21:21:27.073769,4240.00,transa,0,0,0
2026-10-04 20:33:00.425979,4600.00,transa,0,0,0
2026-10-04 20:28:08.391103,4200.00,transa,0,0,0
2026-10-04 19:45:15.125452,4600.00,transa,0,0,0
2026-10-04 19:42:48.283327,4600.00,transa,0,0,0
2026-10-04 18:55:35.517476,4300.00,transa,0,0,0
2026-10-04 18:50:24.038005,4400.00,transa,0,0,0
2026-10-04 18:20:03.307745,4600.00,transa,0,0,0
2026-10-04 18:10:53.949005,4600.00,transa,0,0,0
2026-10-04 17:50:21.839238,4600.00,card,0,0,0
2026-10-04 17:47:57.242603,4600.00,merchant001,0,0,0
2026-10-04 17:37:44.815409,4600.00,merchant001,0,0,0
2026-10-04 17:34:01.317772,4600.00,merchant001,0,0,0
2026-10-04 17:30:41.835121,4600.00,transa,0,0,0
2026-10-04 17:23:22.407998,4600.00,transa,0,0,0
2026-10-04 17:18:37.663999,4520.00,transa,0,0,0
2026-10-04 16:58:26.800834,4600.00,merchant001,0,0,0
2026-10-04 16:26:44.901226,4600.00,transa,0,0,0
2026-10-04 16:23:01.414902,4600.00,card,0,0,0
2026-10-04 16:00:11.967594,4600.00,merchant001,0,0,0
2026-10-04 15:14:49.861998,4600.00,merchant001,0,0,0
2026-10-04 15:06:19.974621,4600.00,transa,0,0,0
2026-10-04 14:46:32.962225,4600.00,transa,0,0,0
2026-10-04 14:39:36.11683,4601.00,transa,0,0,0
2026-10-04 14:09:59.69028,4600.00,transa,0,0,0
2026-10-04 14:05:56.631396,4600.00,transa,0,0,0
2026-10-04 13:56:28.493547,4600.00,merchant001,0,0,0
2026-10-04 13:49:26.988967,4600.00,transa,0,0,0
2026-10-04 13:35:56.954238,4600.00,merchant001,0,0,0
2026-10-04 13:32:43.721225,4600.00,transa,0,0,0
2026-10-04 13:27:39.090137,4600.00,transa,0,0,0
2026-10-04 13:10:43.761368,4600.00,reptiloid,0,0,0
2026-10-04 13:08:26.714805,4600.00,reptiloid,0,0,0
2026-10-04 12:15:21.283634,15000.00,reptiloid,0,0,0
2026-10-04 10:39:19.198058,4600.00,reptiloid,0,0,0
2026-10-04 10:36:24.824868,4600.00,reptiloid,0,0,0
2026-10-04 10:26:07.296775,15000.00,card,0,0,0
2026-10-04 09:47:42.568885,2520.00,reptiloid,0,0,0
2026-10-04 09:21:15.209091,14900.00,reptiloid,0,0,0
2026-10-04 09:12:57.41589,4450.00,reptiloid,0,0,0
2026-10-04 08:43:50.651922,2200.00,reptiloid,0,0,0
2026-10-04 07:42:30.404073,4500.00,reptiloid,0,0,0
2026-10-04 07:22:33.448041,4200.00,reptiloid,0,0,0
2026-10-04 06:06:10.634511,4600.00,transa,0,0,0
2026-10-04 06:04:22.273193,4600.00,reptiloid,0,0,0
2026-10-04 04:50:11.349494,4600.00,reptiloid,0,0,0
2026-10-04 03:26:20.37761,2500.00,reptiloid,0,0,0
2026-10-04 02:20:43.103933,4600.00,merchant001,0,0,0
2026-10-04 02:18:39.481187,550.00,reptiloid,0,0,0
2026-10-04 02:16:53.083506,850.00,reptiloid,0,0,0
2026-10-04 02:13:10.892447,1000.00,reptiloid,0,0,0
2026-10-03 21:37:40.810311,1900.00,reptiloid,0,0,0
2026-10-03 21:33:05.726217,4600.00,reptiloid,0,0,0
2026-10-03 20:56:24.920117,4350.00,reptiloid,0,0,0
2026-10-03 20:54:48.743038,4450.00,reptiloid,0,0,0
2026-10-03 20:35:42.03186,4600.00,reptiloid,0,0,0
2026-10-03 20:35:14.505001,2100.00,reptiloid,0,0,0
2026-10-03 20:32:47.408474,500.00,reptiloid,0,0,0
2026-10-03 20:28:39.706132,7000.00,reptiloid,0,0,0
2026-10-03 20:25:29.781851,3000.00,reptiloid,0,0,0
2026-10-03 20:25:18.479814,4000.00,reptiloid,0,0,0
2026-10-03 20:21:24.050764,4600.00,reptiloid,0,0,0
2026-10-03 20:05:52.142403,4600.00,reptiloid,0,0,0
2026-10-03 19:05:27.185675,4600.00,reptiloid,0,0,0
2026-10-03 18:56:08.691659,4500.00,reptiloid,0,0,0
2026-10-03 17:42:01.078792,2050.00,reptiloid,0,0,0
2026-10-03 17:39:02.093981,4600.00,reptiloid,0,0,0
2026-10-03 17:35:38.881983,2500.00,reptiloid,0,0,0
2026-10-03 17:33:17.255049,4600.00,reptiloid,0,0,0
2026-10-03 17:02:49.965727,4200.00,reptiloid,0,0,0
2026-10-03 16:36:12.643148,15000.00,reptiloid,0,0,0
2026-10-03 16:28:22.79397,10400.00,reptiloid,0,0,0
2026-10-03 16:27:16.094582,4500.00,reptiloid,0,0,0
2026-10-03 16:18:43.360941,4509.00,reptiloid,0,0,0
2026-10-03 16:12:34.612666,4310.00,reptiloid,0,0,0
2026-10-03 16:12:21.576665,4600.00,transa,0,0,0
2026-10-03 16:12:05.721215,4600.00,merchant001,0,0,0
2026-10-03 16:04:22.612545,2500.00,reptiloid,0,0,0
2026-10-03 15:44:46.898076,2500.00,reptiloid,0,0,0
2026-10-03 15:39:00.835984,4600.00,reptiloid,0,0,0
2026-10-03 14:58:48.447996,4600.00,reptiloid,0,0,0
2026-10-03 14:43:52.399467,4500.00,reptiloid,0,0,0
2026-10-03 14:42:40.247955,15000.00,reptiloid,0,0,0
2026-10-03 14:07:04.743652,4200.00,card,0,0,0
2026-10-03 13:57:52.118817,4460.00,reptiloid,0,0,0
2026-10-03 13:56:39.687166,4120.00,reptiloid,0,0,0
2026-10-03 13:21:17.764675,15000.00,card,0,0,0
2026-10-03 13:00:39.406921,500.00,reptiloid,0,0,0
2026-10-03 12:53:35.115311,4500.00,reptiloid,0,0,0
2026-10-03 12:32:11.545829,1800.00,reptiloid,0,0,0
2026-10-03 12:27:05.750991,4600.00,card,0,0,0
2026-10-03 12:16:09.644839,15000.00,transa,0,0,0
2026-10-03 12:12:58.931454,4600.00,reptiloid,0,0,0
2026-10-03 11:21:47.720769,2400.00,reptiloid,0,0,0
2026-10-03 11:16:28.986701,4600.00,reptiloid,0,0,0
2026-10-03 10:53:47.874525,4600.00,reptiloid,0,0,0
2026-10-03 10:27:23.536893,1800.00,reptiloid,0,0,0
2026-10-03 10:16:59.899203,14700.00,reptiloid,0,0,0
2026-10-03 09:31:31.478575,2500.00,reptiloid,0,0,0
2026-10-03 09:06:33.483416,4300.00,reptiloid,0,0,0
2026-10-03 08:22:38.316973,2600.00,reptiloid,0,0,0
2026-10-03 03:03:54.312644,4600.00,reptiloid,0,0,0
2026-10-03 01:25:45.077044,2400.00,reptiloid,0,0,0
2026-10-02 23:00:52.795567,2000.00,reptiloid,0,0,0
2026-10-02 22:42:27.389393,2000.00,reptiloid,0,0,0
2026-10-02 21:54:46.896869,4200.00,reptiloid,0,0,0
2026-10-02 21:54:21.547569,2100.00,reptiloid,0,0,0
2026-10-02 21:39:55.723122,2200.00,reptiloid,0,0,0
2026-10-02 21:05:23.50166,4200.00,transa,0,0,0
2026-10-02 20:20:43.44603,4200.00,reptiloid,0,0,0
2026-10-02 20:18:52.747291,7000.00,reptiloid,0,0,0
2026-10-02 20:09:11.591624,3700.00,reptiloid,0,0,0
2026-10-02 19:42:28.173937,1000.00,reptiloid,0,0,0
2026-10-02 19:39:16.963109,1900.00,reptiloid,0,0,0
2026-10-02 19:35:41.831277,14150.00,reptiloid,0,0,0
2026-10-02 19:31:47.937935,4100.00,reptiloid,0,0,0
2026-10-02 19:30:38.75439,2000.00,reptiloid,0,0,0
2026-10-02 19:28:32.494885,500.00,reptiloid,0,0,0
2026-10-02 19:22:06.480367,6500.00,reptiloid,0,0,0
2026-10-02 19:17:59.803039,4450.00,reptiloid,0,0,0
2026-10-02 18:59:35.034224,2400.00,BTC,0.00033254,0,0
2026-10-02 18:51:17.757587,2450.00,reptiloid,0,0,0
2026-10-02 18:43:58.479486,7000.00,reptiloid,0,0,0
2026-10-02 18:29:42.499084,7000.00,merchant001,0,0,0
2026-10-02 18:27:27.090294,4050.00,reptiloid,0,0,0
2026-10-02 18:03:15.487159,4900.00,reptiloid,0,0,0
2026-10-02 18:01:46.855068,6900.00,reptiloid,0,0,0
2026-10-02 17:58:22.617924,2400.00,reptiloid,0,0,0
2026-10-02 17:48:27.67719,2000.00,reptiloid,0,0,0
2026-10-02 17:43:00.284302,7000.00,merchant001,0,0,0
2026-10-02 17:37:19.79247,4400.00,reptiloid,0,0,0
2026-10-02 17:36:24.43163,2400.00,reptiloid,0,0,0
2026-10-02 17:34:52.632746,2400.00,reptiloid,0,0,0
2026-10-02 17:31:44.706734,7000.00,reptiloid,0,0,0
2026-10-02 17:15:02.233739,3500.00,reptiloid,0,0,0
2026-10-02 17:05:51.464698,1000.00,reptiloid,0,0,0
2026-10-02 16:56:22.114018,4500.00,reptiloid,0,0,0
2026-10-02 16:55:36.585433,1000.00,reptiloid,0,0,0
2026-10-02 16:45:38.638054,4200.00,reptiloid,0,0,0
2026-10-02 16:39:52.966571,2600.00,reptiloid,0,0,0
2026-10-02 16:33:52.909964,15000.00,reptiloid,0,0,0
2026-10-02 16:33:12.678626,500.00,reptiloid,0,0,0
2026-10-02 16:27:21.352311,4600.00,card,0,0,0
2026-10-02 16:25:14.014287,4200.00,reptiloid,0,0,0
2026-10-02 16:18:52.468568,7000.00,reptiloid,0,0,0
2026-10-02 16:18:35.758536,4000.00,reptiloid,0,0,0
2026-10-02 16:16:57.222226,6800.00,reptiloid,0,0,0
2026-10-02 16:06:57.361883,11250.0000,USDT,0,0,142.901000
2026-10-02 15:58:19.695656,4200.00,reptiloid,0,0,0
2026-10-02 15:48:19.334997,6900.00,reptiloid,0,0,0
2026-10-02 15:34:45.655734,4500.00,reptiloid,0,0,0
2026-10-02 15:30:48.370495,2500.00,reptiloid,0,0,0
2026-10-02 15:24:26.228173,7000.00,reptiloid,0,0,0
2026-10-02 15:10:38.500606,4200.00,transa,0,0,0
2026-10-02 15:01:19.838771,4600.00,merchant001,0,0,0
2026-10-02 14:46:04.641622,4550.00,reptiloid,0,0,0
2026-10-02 14:32:45.585921,7000.00,card,0,0,0
2026-10-02 14:25:58.608007,7000.00,reptiloid,0,0,0
2026-10-02 14:24:34.852149,4700.00,card,0,0,0
2026-10-02 14:02:57.503147,2400.00,reptiloid,0,0,0
2026-10-02 13:51:28.816788,4600.00,reptiloid,0,0,0
2026-10-02 13:48:06.377551,500.00,reptiloid,0,0,0
2026-10-02 13:44:37.156785,1800.00,reptiloid,0,0,0
2026-10-02 13:40:37.218045,2000.00,reptiloid,0,0,0
2026-10-02 13:39:17.310988,3450.0000,USDT,0,0,43.823000
2026-10-02 13:33:58.739275,2450.00,reptiloid,0,0,0
2026-10-02 13:25:49.650788,4600.00,transa,0,0,0
2026-10-02 13:10:44.642212,4600.00,transa,0,0,0
2026-10-02 13:07:45.588355,4200.00,reptiloid,0,0,0
2026-10-02 13:05:55.830944,2300.00,reptiloid,0,0,0
2026-10-02 12:55:09.040322,3450.0000,USDT,0,0,43.823000
2026-10-02 12:54:34.630181,1700.00,reptiloid,0,0,0
2026-10-02 12:47:18.488041,3900.00,reptiloid,0,0,0
2026-10-02 12:39:13.455133,4540.00,reptiloid,0,0,0
2026-10-02 12:29:40.155317,4600.00,reptiloid,0,0,0
2026-10-02 12:10:09.398266,7000.00,merchant001,0,0,0
2026-10-02 12:09:03.218149,4050.00,reptiloid,0,0,0
2026-10-02 12:05:02.728033,15000.00,reptiloid,0,0,0
2026-10-02 12:00:21.757072,4600.00,merchant001,0,0,0
2026-10-02 12:00:08.808362,4600.00,transa,0,0,0
2026-10-02 12:00:06.127777,500.00,reptiloid,0,0,0
2026-10-02 11:57:30.604134,4500.00,reptiloid,0,0,0
2026-10-02 11:55:12.319745,4550.00,reptiloid,0,0,0
2026-10-02 11:39:00.896302,4500.00,reptiloid,0,0,0
2026-10-02 11:21:15.618727,4500.00,reptiloid,0,0,0
2026-10-02 11:00:39.202206,4100.00,card,0,0,0
2026-10-02 10:32:19.385153,2400.00,reptiloid,0,0,0
2026-10-02 10:23:16.766905,4500.00,reptiloid,0,0,0
2026-10-02 09:33:36.831585,4600.00,reptiloid,0,0,0
2026-10-02 09:31:58.580574,4540.00,reptiloid,0,0,0
2026-10-02 09:29:48.210478,15000.00,reptiloid,0,0,0
2026-10-02 09:27:01.131728,4600.00,reptiloid,0,0,0
2026-10-02 08:39:33.715326,15000.00,reptiloid,0,0,0
2026-10-02 08:02:12.594306,2400.00,reptiloid,0,0,0
2026-10-02 07:02:30.10938,1200.00,reptiloid,0,0,0
2026-10-02 04:15:33.800069,4250.00,reptiloid,0,0,0
2026-10-02 04:07:32.332994,4500.00,reptiloid,0,0,0
2026-10-01 23:38:43.589373,2550.00,reptiloid,0,0,0
2026-10-01 23:05:01.844624,4120.00,reptiloid,0,0,0
2026-10-01 22:16:54.5406,4600.00,merchant001,0,0,0
2026-10-01 21:13:48.631281,4300.00,reptiloid,0,0,0
2026-10-01 21:05:53.363445,1300.00,reptiloid,0,0,0
2026-10-01 20:48:07.244447,2600.00,reptiloid,0,0,0
2026-10-01 20:42:41.924728,4600.00,transa,0,0,0
2026-10-01 20:26:28.650088,4400.00,reptiloid,0,0,0
2026-10-01 20:23:30.06585,4600.00,card,0,0,0
2026-10-01 20:13:02.971567,1500.00,reptiloid,0,0,0
2026-10-01 18:56:00.29018,4500.00,reptiloid,0,0,0
2026-10-01 18:28:16.092477,2500.00,reptiloid,0,0,0
2026-10-01 18:10:14.859566,4600.00,reptiloid,0,0,0
2026-10-01 18:07:03.079316,2200.00,reptiloid,0,0,0
2026-10-01 18:01:40.699692,4600.00,reptiloid,0,0,0
2026-10-01 17:53:50.640742,2500.00,reptiloid,0,0,0
2026-10-01 17:53:31.142301,2600.00,reptiloid,0,0,0
2026-10-01 17:48:09.671356,500.00,reptiloid,0,0,0
2026-10-01 17:41:37.554379,4000.00,reptiloid,0,0,0
2026-10-01 16:55:30.277979,4500.00,reptiloid,0,0,0
2026-10-01 16:53:33.807184,4500.00,reptiloid,0,0,0
2026-10-01 16:50:33.389422,13000.00,reptiloid,0,0,0
2026-10-01 16:47:08.221952,15000.00,reptiloid,0,0,0
2026-10-01 16:45:23.148726,4600.00,transa,0,0,0
2026-10-01 16:42:49.045573,4600.00,transa,0,0,0
2026-10-01 16:38:16.520324,3450.0000,USDT,0,0,43.823000
2026-10-01 16:25:32.487382,2150.00,reptiloid,0,0,0
2026-10-01 14:21:45.209346,4300.00,reptiloid,0,0,0
2026-10-01 14:04:13.623774,500.00,reptiloid,0,0,0
2026-10-01 14:02:21.699666,1500.00,reptiloid,0,0,0
2026-10-01 13:56:39.524863,2500.00,reptiloid,0,0,0
2026-10-01 13:45:47.827634,2100.00,reptiloid,0,0,0
2026-10-01 13:20:13.476937,4320.00,reptiloid,0,0,0
2026-10-01 13:19:08.969625,2700.00,merchant001,0,0,0
2026-10-01 13:12:43.864055,4530.00,reptiloid,0,0,0
2026-10-01 13:06:35.267132,4600.00,merchant001,0,0,0
2026-10-01 12:57:35.996486,2200.00,reptiloid,0,0,0
2026-10-01 12:47:26.496777,4600.00,reptiloid,0,0,0
2026-10-01 12:40:06.734852,4600.00,reptiloid,0,0,0
2026-10-01 12:27:16.199194,2600.00,reptiloid,0,0,0
2026-10-01 12:26:55.279174,4600.00,reptiloid,0,0,0
2026-10-01 11:36:07.878485,4200.00,reptiloid,0,0,0
2026-10-01 11:31:55.857041,4550.00,reptiloid,0,0,0
2026-10-01 09:35:00.116679,2500.00,reptiloid,0,0,0
2026-10-01 08:45:12.174324,2100.00,reptiloid,0,0,0
2026-10-01 06:57:42.626831,2000.00,reptiloid,0,0,0
2026-10-01 03:16:29.308647,3000.00,reptiloid,0,0,0
2026-10-01 01:55:00.836449,500.00,reptiloid,0,0,0
2026-10-01 01:49:42.251334,4000.00,reptiloid,0,0,0
2026-09-30 23:42:39.853946,4600.00,reptiloid,0,0,0
2026-09-30 23:07:59.385175,4600.00,reptiloid,0,0,0
2026-09-30 22:26:51.669341,5000.00,merchant001,0,0,0
2026-09-30 22:06:30.00616,4600.00,reptiloid,0,0,0
2026-09-30 21:54:03.708185,4600.00,reptiloid,0,0,0
2026-09-30 21:48:35.772536,4500.00,reptiloid,0,0,0
2026-09-30 21:43:23.074994,8600.00,card,0,0,0
2026-09-30 21:42:18.145881,4200.00,merchant001,0,0,0
2026-09-30 21:41:34.647953,2550.00,reptiloid,0,0,0
2026-09-30 21:23:49.7945,4600.00,reptiloid,0,0,0
2026-09-30 21:08:14.279734,4600.00,reptiloid,0,0,0
2026-09-30 20:35:46.909399,4600.00,reptiloid,0,0,0
2026-09-30 20:24:36.26556,4550.00,reptiloid,0,0,0
2026-09-30 19:57:41.304191,4600.00,reptiloid,0,0,0
2026-09-30 19:57:04.708723,2500.00,card,0,0,0
2026-09-30 19:26:54.575529,4600.00,card,0,0,0
2026-09-30 19:26:36.280601,2600.00,reptiloid,0,0,0
2026-09-30 19:11:41.537997,2300.00,reptiloid,0,0,0
2026-09-30 18:50:45.289508,4260.00,card,0,0,0
2026-09-30 18:35:19.479407,2550.00,reptiloid,0,0,0
2026-09-30 18:04:06.860089,4600.00,reptiloid,0,0,0
2026-09-30 18:02:25.664899,4100.00,reptiloid,0,0,0
2026-09-30 18:02:25.00419,4600.00,reptiloid,0,0,0
2026-09-30 17:55:10.63059,2600.00,reptiloid,0,0,0
2026-09-30 17:38:39.772822,4600.00,card,0,0,0
2026-09-30 17:04:29.984863,4600.00,reptiloid,0,0,0
2026-09-30 17:01:51.392381,4600.00,merchant001,0,0,0
2026-09-30 16:50:32.922438,4600.00,reptiloid,0,0,0
2026-09-30 16:18:14.741811,2510.00,reptiloid,0,0,0
2026-09-30 16:09:57.472326,4400.00,reptiloid,0,0,0
2026-09-30 15:40:02.186879,2150.00,card,0,0,0
2026-09-30 15:32:59.262189,2600.00,reptiloid,0,0,0
2026-09-30 15:25:32.361574,4600.00,card,0,0,0
2026-09-30 14:59:44.931734,4600.00,reptiloid,0,0,0
2026-09-30 14:58:27.749862,15000.00,reptiloid,0,0,0
2026-09-30 14:56:47.918027,3500.00,card,0,0,0
2026-09-30 14:49:42.636408,4600.00,merchant001,0,0,0
2026-09-30 14:33:00.462217,15000.00,reptiloid,0,0,0
2026-09-30 14:25:57.454426,4600.00,reptiloid,0,0,0
2026-09-30 14:24:43.567692,9000.00,reptiloid,0,0,0
2026-09-30 14:15:40.896785,4600.00,reptiloid,0,0,0
2026-09-30 13:29:42.791863,4600.00,reptiloid,0,0,0
2026-09-30 13:26:01.749454,2300.00,reptiloid,0,0,0
2026-09-30 13:14:27.542664,500.00,reptiloid,0,0,0
2026-09-30 13:04:26.664483,4500.00,reptiloid,0,0,0
2026-09-30 12:57:28.938376,15000.00,reptiloid,0,0,0
2026-09-30 12:49:00.551479,2520.00,reptiloid,0,0,0
2026-09-30 12:42:55.74289,4010.00,reptiloid,0,0,0
2026-09-30 12:38:36.134595,4300.00,reptiloid,0,0,0
2026-09-30 12:24:44.578764,2600.00,reptiloid,0,0,0
2026-09-30 11:49:07.723646,4600.00,reptiloid,0,0,0
2026-09-30 11:46:40.5658,4600.00,reptiloid,0,0,0
2026-09-30 11:42:10.024317,4600.00,merchant001,0,0,0
2026-09-30 11:17:17.880214,4700.00,card,0,0,0
2026-09-30 11:15:02.470025,2500.00,reptiloid,0,0,0
2026-09-30 11:12:57.564178,4300.00,reptiloid,0,0,0
2026-09-30 11:08:53.615835,4600.00,reptiloid,0,0,0
2026-09-30 11:02:49.928469,4600.00,card,0,0,0
2026-09-30 10:05:53.810467,14900.00,reptiloid,0,0,0
2026-09-30 10:05:39.125269,4600.00,reptiloid,0,0,0
2026-09-30 09:29:56.659068,4600.00,card,0,0,0
2026-09-30 09:27:49.205853,4600.00,reptiloid,0,0,0
2026-09-30 09:03:40.649622,4500.00,reptiloid,0,0,0
2026-09-30 09:01:08.406564,1800.00,reptiloid,0,0,0
2026-09-30 07:35:39.011381,9200.00,BTC,0.00130828,0,0
2026-09-30 07:17:41.275296,4600.00,merchant001,0,0,0
2026-09-30 05:52:36.039803,4600.00,reptiloid,0,0,0
2026-09-30 04:54:57.903088,4600.00,BTC,0.00065414,0,0
2026-09-30 01:26:31.799913,2300.00,reptiloid,0,0,0
2026-09-30 00:30:42.419765,4550.00,reptiloid,0,0,0
2026-09-30 00:21:47.422703,4300.00,reptiloid,0,0,0
2026-09-30 00:19:20.486317,2000.00,reptiloid,0,0,0
2026-09-29 23:35:03.546959,2600.00,reptiloid,0,0,0
2026-09-29 23:19:55.219641,4600.00,card,0,0,0
2026-09-29 22:49:13.221837,4600.00,reptiloid,0,0,0
2026-09-29 22:40:13.840181,500.00,reptiloid,0,0,0
2026-09-29 22:09:27.346278,3100.00,reptiloid,0,0,0
2026-09-29 22:01:12.33868,2000.00,reptiloid,0,0,0
2026-09-29 21:48:03.777457,4600.00,reptiloid,0,0,0
2026-09-29 21:40:48.150292,4500.00,reptiloid,0,0,0
2026-09-29 20:33:14.664046,2400.00,reptiloid,0,0,0
2026-09-29 20:31:40.879367,2000.00,reptiloid,0,0,0
2026-09-29 20:26:38.894825,500.00,reptiloid,0,0,0
2026-09-29 20:26:24.619862,3450.0000,USDT,0,0,43.823000
2026-09-29 20:14:09.573793,4600.00,card,0,0,0
2026-09-29 19:45:26.52956,4600.00,reptiloid,0,0,0
2026-09-29 19:29:54.025873,4505.00,reptiloid,0,0,0
2026-09-29 19:08:33.84562,4511.00,reptiloid,0,0,0
2026-09-29 19:06:33.904626,800.00,reptiloid,0,0,0
2026-09-29 19:02:09.257814,720.00,reptiloid,0,0,0
2026-09-29 19:01:45.910655,4150.00,reptiloid,0,0,0
2026-09-29 19:01:01.634374,2300.00,reptiloid,0,0,0
2026-09-29 19:00:04.734251,500.00,reptiloid,0,0,0
2026-09-29 18:59:25.58658,800.00,reptiloid,0,0,0
2026-09-29 18:52:09.455557,4600.00,reptiloid,0,0,0
2026-09-29 18:47:34.578297,500.00,reptiloid,0,0,0
2026-09-29 18:46:31.923488,2242.00,reptiloid,0,0,0
2026-09-29 18:35:43.488617,4400.00,reptiloid,0,0,0
2026-09-29 18:25:48.799466,4600.00,reptiloid,0,0,0
2026-09-29 18:16:58.48579,2470.00,reptiloid,0,0,0
2026-09-29 18:15:20.982324,2700.00,reptiloid,0,0,0
2026-09-29 17:55:46.342992,1500.00,reptiloid,0,0,0
2026-09-29 17:37:08.938967,4600.00,reptiloid,0,0,0
2026-09-29 16:46:59.305269,500.00,reptiloid,0,0,0
2026-09-29 16:45:16.067562,4600.00,reptiloid,0,0,0
2026-09-29 16:42:46.026584,2450.00,reptiloid,0,0,0
2026-09-29 16:40:07.643913,4600.00,merchant001,0,0,0
2026-09-29 16:26:34.994019,2100.00,reptiloid,0,0,0
2026-09-29 16:19:14.699598,2600.00,reptiloid,0,0,0
2026-09-29 16:07:38.133289,500.00,reptiloid,0,0,0
2026-09-29 16:05:23.249541,4300.00,reptiloid,0,0,0
2026-09-29 16:02:10.124348,500.00,reptiloid,0,0,0
2026-09-29 15:59:12.543698,4400.00,reptiloid,0,0,0
2026-09-29 15:53:56.520077,4360.00,reptiloid,0,0,0
2026-09-29 15:43:58.870031,3600.00,reptiloid,0,0,0
2026-09-29 15:37:16.22493,4600.00,card,0,0,0
2026-09-29 15:34:00.227822,2560.00,LTC,0,0.44612884,0
2026-09-29 15:31:19.955169,2200.00,reptiloid,0,0,0
2026-09-29 15:24:12.710167,2370.00,card,0,0,0
2026-09-29 15:07:41.204639,500.00,BTC,0.00007111,0,0
2026-09-29 15:04:06.746408,4200.00,reptiloid,0,0,0
2026-09-29 15:03:23.424732,4600.00,reptiloid,0,0,0
2026-09-29 14:57:45.848709,4150.00,reptiloid,0,0,0
2026-09-29 14:12:52.355001,700.00,reptiloid,0,0,0
2026-09-29 14:10:28.871481,14000.00,reptiloid,0,0,0
2026-09-29 13:46:52.863411,500.00,reptiloid,0,0,0
2026-09-29 13:18:58.063284,5000.00,LTC,0,0.87134539,0
2026-09-29 12:54:01.458401,2500.00,reptiloid,0,0,0
2026-09-29 12:36:59.192599,2600.00,reptiloid,0,0,0
2026-09-29 12:22:37.32487,4600.00,reptiloid,0,0,0
2026-09-29 12:18:54.394873,500.00,reptiloid,0,0,0
2026-09-29 12:17:44.559144,2100.00,reptiloid,0,0,0
2026-09-29 12:04:00.189742,4500.00,reptiloid,0,0,0
2026-09-29 11:54:35.595802,4339.00,reptiloid,0,0,0
2026-09-29 11:24:21.631279,500.00,reptiloid,0,0,0
2026-09-29 11:19:37.764373,4370.00,reptiloid,0,0,0
2026-09-29 11:11:44.332401,4400.00,reptiloid,0,0,0
2026-09-29 10:50:29.318778,2200.00,reptiloid,0,0,0
2026-09-29 09:51:05.360455,4600.00,reptiloid,0,0,0
2026-09-29 08:54:42.988235,4600.00,reptiloid,0,0,0
2026-09-29 07:30:06.458756,4500.00,reptiloid,0,0,0
2026-09-29 04:34:49.762567,4150.00,reptiloid,0,0,0
2026-09-29 03:42:16.469717,2500.00,reptiloid,0,0,0
2026-09-29 01:57:38.669929,4600.00,reptiloid,0,0,0
2026-09-28 23:53:08.853015,4600.00,reptiloid,0,0,0
2026-09-28 23:33:44.152652,4600.00,reptiloid,0,0,0
2026-09-28 22:42:32.758184,4600.00,merchant001,0,0,0
2026-09-28 22:31:09.524991,4450.00,reptiloid,0,0,0
2026-09-28 22:16:12.923591,500.00,reptiloid,0,0,0
2026-09-28 21:49:46.541905,4600.00,reptiloid,0,0,0
2026-09-28 21:45:29.737184,4600.00,reptiloid,0,0,0
2026-09-28 21:41:01.844864,4450.00,reptiloid,0,0,0
2026-09-28 21:26:13.514644,7000.00,reptiloid,0,0,0
2026-09-28 21:25:21.612504,2500.00,reptiloid,0,0,0
2026-09-28 21:16:57.312845,4600.00,merchant001,0,0,0
2026-09-28 20:53:13.974378,4600.00,reptiloid,0,0,0
2026-09-28 20:45:30.940374,4350.00,reptiloid,0,0,0
2026-09-28 20:41:18.649272,4600.00,card,0,0,0
2026-09-28 20:37:04.997355,4600.00,reptiloid,0,0,0
2026-09-28 20:30:19.331973,4600.00,reptiloid,0,0,0
2026-09-28 20:24:07.877855,4400.00,reptiloid,0,0,0
2026-09-28 20:07:03.547876,500.00,card,0,0,0
2026-09-28 20:01:07.722163,4300.00,card,0,0,0
2026-09-28 19:58:55.781388,4100.00,reptiloid,0,0,0
2026-09-28 18:39:30.64357,10300.00,reptiloid,0,0,0
2026-09-28 18:32:17.835688,15000.00,reptiloid,0,0,0
2026-09-28 17:58:57.466102,2700.00,reptiloid,0,0,0
2026-09-28 17:52:18.161831,4600.00,card,0,0,0
2026-09-28 17:51:18.720015,2700.00,reptiloid,0,0,0
2026-09-28 16:28:49.893675,4400.00,reptiloid,0,0,0
2026-09-28 15:55:51.328088,2200.00,reptiloid,0,0,0
2026-09-28 15:47:52.521676,13000.00,reptiloid,0,0,0
2026-09-28 14:44:22.625621,15000.00,merchant001,0,0,0
2026-09-28 13:56:50.576892,2500.00,reptiloid,0,0,0
2026-09-28 13:47:30.872618,4451.00,reptiloid,0,0,0
2026-09-28 13:35:08.423009,4500.00,reptiloid,0,0,0
2026-09-28 13:02:28.50828,15000.00,reptiloid,0,0,0
2026-09-28 12:59:54.904884,4100.00,reptiloid,0,0,0
2026-09-28 12:57:00.31249,4500.00,reptiloid,0,0,0
2026-09-28 12:18:10.401958,4600.00,merchant001,0,0,0
2026-09-28 12:14:45.585407,4500.00,reptiloid,0,0,0
2026-09-28 12:09:20.789923,4600.00,reptiloid,0,0,0
2026-09-28 12:02:54.862987,4550.00,reptiloid,0,0,0
2026-09-28 11:47:48.409334,4600.00,reptiloid,0,0,0
2026-09-28 11:44:53.114492,2300.00,reptiloid,0,0,0
2026-09-28 11:43:24.519028,2100.00,reptiloid,0,0,0
2026-09-28 11:40:37.67689,2240.00,reptiloid,0,0,0
2026-09-28 11:27:37.850325,1150.00,reptiloid,0,0,0
2026-09-28 10:59:10.938243,4600.00,reptiloid,0,0,0
2026-09-28 10:58:09.782506,4600.00,LTC,0,0.767531,0
2026-09-28 10:27:24.712382,4600.00,merchant001,0,0,0
2026-09-28 09:47:01.072686,4500.00,reptiloid,0,0,0
2026-09-28 05:18:25.791317,4600.00,reptiloid,0,0,0
2026-09-28 02:20:05.12457,700.00,nirvana,0,0,0
2026-09-28 02:01:14.112464,4600.00,reptiloid,0,0,0
2026-09-28 01:13:53.052182,4600.00,card,0,0,0
2026-09-28 00:33:04.090376,4600.00,reptiloid,0,0,0
2026-09-27 23:50:19.266249,4400.00,card,0,0,0
2026-09-27 23:36:34.84385,2500.00,reptiloid,0,0,0
2026-09-27 22:18:05.304492,1050.00,reptiloid,0,0,0
2026-09-27 22:10:17.335531,1500.00,reptiloid,0,0,0
2026-09-27 21:59:52.006006,4600.00,reptiloid,0,0,0
2026-09-27 21:31:17.511127,2500.00,reptiloid,0,0,0
2026-09-27 20:55:27.901046,4600.00,reptiloid,0,0,0
2026-09-27 20:49:45.908088,500.00,reptiloid,0,0,0
2026-09-27 20:42:51.190715,4600.00,merchant001,0,0,0
2026-09-27 19:59:28.434405,4600.00,card,0,0,0
2026-09-27 19:57:32.328434,2491.00,transa,0,0,0
2026-09-27 19:46:36.787925,4600.00,reptiloid,0,0,0
2026-09-27 19:45:21.36149,4600.00,transa,0,0,0
2026-09-27 19:40:48.868663,4600.00,card,0,0,0
2026-09-27 19:39:17.673588,2200.00,reptiloid,0,0,0
2026-09-27 19:32:36.065591,4500.00,reptiloid,0,0,0
2026-09-27 19:17:50.517877,2450.00,transa,0,0,0
2026-09-27 19:02:46.160231,2680.00,reptiloid,0,0,0
2026-09-27 18:41:39.845647,4600.00,reptiloid,0,0,0
2026-09-27 18:35:41.606706,500.00,reptiloid,0,0,0
2026-09-27 18:31:37.006409,2500.00,reptiloid,0,0,0
2026-09-27 18:01:41.975597,4600.00,reptiloid,0,0,0
2026-09-27 17:31:58.916407,2500.00,reptiloid,0,0,0
2026-09-27 17:29:48.362314,2700.00,card,0,0,0
2026-09-27 17:25:19.43811,2400.00,reptiloid,0,0,0
2026-09-27 16:25:13.280723,2200.00,reptiloid,0,0,0
2026-09-27 16:07:37.263179,2500.00,reptiloid,0,0,0
2026-09-27 15:55:22.860767,2600.00,card,0,0,0
2026-09-27 15:32:52.293191,700.00,reptiloid,0,0,0
2026-09-27 15:24:00.791989,4600.00,reptiloid,0,0,0
2026-09-27 14:48:47.692917,3100.00,reptiloid,0,0,0
2026-09-27 14:41:23.211962,4500.00,reptiloid,0,0,0
2026-09-27 14:40:27.435712,4500.00,card,0,0,0
2026-09-27 14:19:23.20027,4150.00,reptiloid,0,0,0
2026-09-27 14:14:21.466118,4050.00,reptiloid,0,0,0
2026-09-27 13:49:58.069822,4600.00,reptiloid,0,0,0
2026-09-27 13:48:48.706816,2485.00,transa,0,0,0
2026-09-27 13:40:04.744048,4600.00,merchant001,0,0,0
2026-09-27 13:37:58.266745,3450.0000,USDT,0,0,43.823000
2026-09-27 13:24:32.282817,4480.00,reptiloid,0,0,0
2026-09-27 13:19:13.596177,1100.00,card,0,0,0
2026-09-27 13:16:21.420415,4500.00,reptiloid,0,0,0
2026-09-27 13:16:03.487733,2700.00,card,0,0,0
2026-09-27 13:00:09.199562,4600.00,reptiloid,0,0,0
2026-09-27 12:45:38.524657,4600.00,card,0,0,0
2026-09-27 12:40:01.840587,4600.00,reptiloid,0,0,0
2026-09-27 12:22:07.722151,3800.00,reptiloid,0,0,0
2026-09-27 11:41:38.433109,4200.00,reptiloid,0,0,0
2026-09-27 11:15:37.123136,3910.0000,BTC,0.00064707,0,0
2026-09-27 11:11:26.455472,4250.00,reptiloid,0,0,0
2026-09-27 11:09:24.443843,4600.00,reptiloid,0,0,0
2026-09-27 10:45:59.073854,4600.00,reptiloid,0,0,0
2026-09-27 10:32:50.495431,500.00,reptiloid,0,0,0
2026-09-27 10:21:50.028574,2400.00,reptiloid,0,0,0
2026-09-27 10:19:55.850971,4600.00,card,0,0,0
2026-09-27 09:58:12.887112,4600.00,reptiloid,0,0,0
2026-09-27 08:39:32.293895,4600.00,card,0,0,0
2026-09-27 07:41:20.897817,4600.00,card,0,0,0
2026-09-27 06:56:42.185014,4100.00,card,0,0,0
2026-09-27 06:36:34.727739,500.00,card,0,0,0
2026-09-27 04:45:47.802531,4600.00,card,0,0,0
2026-09-27 03:39:45.498227,4500.00,reptiloid,0,0,0
2026-09-27 03:23:30.000258,2300.00,reptiloid,0,0,0
2026-09-27 01:21:44.632666,2300.00,transa,0,0,0
2026-09-27 01:21:13.247504,4600.00,reptiloid,0,0,0
2026-09-27 01:06:36.306877,4050.00,card,0,0,0
2026-09-27 01:04:19.638133,4600.00,transa,0,0,0
2026-09-27 00:44:08.509419,2000.00,card,0,0,0
2026-09-27 00:38:07.870668,3910.0000,LTC,0,0.75999793,0
2026-09-27 00:14:25.663456,4300.00,reptiloid,0,0,0
2026-09-27 00:07:35.140032,4600.00,reptiloid,0,0,0
2026-09-27 00:04:54.797392,4550.00,reptiloid,0,0,0
2026-09-26 23:55:45.250104,4600.00,reptiloid,0,0,0
2026-09-26 23:53:25.562375,2700.00,card,0,0,0
2026-09-26 23:50:14.314167,500.00,reptiloid,0,0,0
2026-09-26 23:34:34.136819,4500.00,transa,0,0,0
2026-09-26 23:16:18.823836,4300.00,reptiloid,0,0,0
2026-09-26 23:05:33.33496,4600.00,reptiloid,0,0,0
2026-09-26 22:43:23.719509,4600.00,reptiloid,0,0,0
2026-09-26 22:37:10.679172,4100.00,reptiloid,0,0,0
2026-09-26 22:33:43.093461,2400.00,card,0,0,0
2026-09-26 21:57:23.982434,4600.00,merchant001,0,0,0
2026-09-26 21:55:11.573686,4300.00,card,0,0,0
2026-09-26 21:53:17.99012,2600.00,card,0,0,0
2026-09-26 21:48:35.874791,4400.00,merchant001,0,0,0
2026-09-26 21:40:54.134344,2100.00,reptiloid,0,0,0
2026-09-26 21:35:02.042575,4600.00,reptiloid,0,0,0
2026-09-26 21:26:50.505957,500.00,reptiloid,0,0,0
2026-09-26 21:26:01.417413,4400.00,reptiloid,0,0,0
2026-09-26 21:24:10.513419,4400.00,reptiloid,0,0,0
2026-09-26 21:20:34.207242,4120.00,reptiloid,0,0,0
2026-09-26 21:18:44.05336,4400.00,reptiloid,0,0,0
2026-09-26 19:01:03.514876,2400.00,transa,0,0,0
2026-09-26 18:54:21.469369,4000.00,reptiloid,0,0,0
2026-09-26 18:46:54.254869,2430.00,reptiloid,0,0,0
2026-09-26 18:16:53.192564,4600.00,reptiloid,0,0,0
2026-09-26 18:11:04.714604,4600.00,reptiloid,0,0,0
2026-09-26 18:08:35.481493,500.00,reptiloid,0,0,0
2026-09-26 18:00:42.066316,2550.00,reptiloid,0,0,0
2026-09-26 17:37:54.460214,1400.00,reptiloid,0,0,0
2026-09-26 17:14:44.50735,2300.00,transa,0,0,0
2026-09-26 17:03:26.420617,4100.00,transa,0,0,0
2026-09-26 16:53:49.791161,4250.00,reptiloid,0,0,0
2026-09-26 16:48:53.329575,4400.00,reptiloid,0,0,0
2026-09-26 16:42:40.586581,4600.00,reptiloid,0,0,0
2026-09-26 16:39:57.434028,1600.00,reptiloid,0,0,0
2026-09-26 16:32:50.775753,4600.00,reptiloid,0,0,0
2026-09-26 16:10:50.807943,9100.00,reptiloid,0,0,0
2026-09-26 15:45:37.392784,4600.00,reptiloid,0,0,0
2026-09-26 15:40:15.913184,2300.00,reptiloid,0,0,0
2026-09-26 15:30:08.380341,2000.00,reptiloid,0,0,0
2026-09-26 15:07:24.34957,2500.00,reptiloid,0,0,0
2026-09-26 14:40:08.873324,4200.00,reptiloid,0,0,0
2026-09-26 14:33:48.19071,7000.00,reptiloid,0,0,0
2026-09-26 14:31:46.189779,2700.00,card,0,0,0
2026-09-26 14:27:43.923563,4600.00,reptiloid,0,0,0
2026-09-26 14:09:18.630633,4300.00,reptiloid,0,0,0
2026-09-26 14:00:18.747614,2700.00,card,0,0,0
2026-09-26 13:45:12.105366,4600.00,merchant001,0,0,0
2026-09-26 13:43:16.351764,5400.00,reptiloid,0,0,0
2026-09-26 13:28:17.042679,4600.00,reptiloid,0,0,0
2026-09-26 13:25:16.448685,4600.00,reptiloid,0,0,0
2026-09-26 12:34:31.812387,500.00,transa,0,0,0
2026-09-26 12:31:08.370847,2050.00,reptiloid,0,0,0
2026-09-26 11:48:46.880794,4170.00,card,0,0,0
2026-09-26 11:45:18.589984,500.00,transa,0,0,0
2026-09-26 11:42:53.168992,4000.00,transa,0,0,0
2026-09-26 11:29:47.857084,2700.00,merchant001,0,0,0
2026-09-26 11:29:02.950104,7000.00,merchant001,0,0,0
2026-09-26 11:28:39.831148,4400.00,reptiloid,0,0,0
2026-09-26 11:11:46.381723,4600.00,reptiloid,0,0,0
2026-09-26 11:07:32.87615,4600.00,reptiloid,0,0,0
2026-09-26 10:51:48.417734,4600.00,reptiloid,0,0,0
2026-09-26 10:40:34.512749,4900.00,reptiloid,0,0,0
2026-09-26 10:23:31.06284,500.00,reptiloid,0,0,0
2026-09-26 10:20:51.783776,4350.00,reptiloid,0,0,0
2026-09-26 10:04:01.236867,4600.00,reptiloid,0,0,0
2026-09-26 10:02:46.876196,7000.00,reptiloid,0,0,0
2026-09-26 09:42:26.534284,4000.00,reptiloid,0,0,0
2026-09-26 09:11:03.42081,4600.00,merchant001,0,0,0
2026-09-26 09:05:53.931816,4600.00,reptiloid,0,0,0
2026-09-26 08:57:54.981135,2200.00,reptiloid,0,0,0
2026-09-26 08:00:38.242431,4600.00,merchant001,0,0,0
2026-09-26 07:32:06.4472,2500.00,reptiloid,0,0,0
2026-09-26 07:19:05.490041,4600.00,reptiloid,0,0,0
2026-09-26 07:06:02.193825,4500.00,reptiloid,0,0,0
2026-09-26 07:02:48.787106,4600.00,reptiloid,0,0,0
2026-09-26 05:34:38.11042,4400.00,transa,0,0,0
2026-09-26 03:30:20.65862,4600.00,merchant001,0,0,0
2026-09-26 03:03:21.127363,4600.00,transa,0,0,0
2026-09-26 02:51:03.182133,4500.00,transa,0,0,0
2026-09-26 01:24:04.057545,2700.00,merchant001,0,0,0
2026-09-26 00:49:33.58902,500.00,reptiloid,0,0,0
2026-09-26 00:44:04.34753,2000.00,reptiloid,0,0,0
2026-09-26 00:23:16.6891,2700.00,reptiloid,0,0,0
2026-09-25 23:54:15.163375,6400.00,reptiloid,0,0,0
2026-09-25 23:23:04.926943,4600.00,reptiloid,0,0,0
2026-09-25 22:39:14.215576,4600.00,reptiloid,0,0,0
2026-09-25 22:25:45.613221,4500.00,reptiloid,0,0,0
2026-09-25 22:21:30.517588,500.00,reptiloid,0,0,0
2026-09-25 22:18:19.034614,4400.00,reptiloid,0,0,0
2026-09-25 22:12:15.200725,4400.00,reptiloid,0,0,0
2026-09-25 21:51:17.742401,4700.00,reptiloid,0,0,0
2026-09-25 21:44:00.925076,2450.00,reptiloid,0,0,0
2026-09-25 21:26:52.968634,4600.00,reptiloid,0,0,0
2026-09-25 21:09:33.341207,2400.00,transa,0,0,0
2026-09-25 20:56:37.544155,4600.00,reptiloid,0,0,0
2026-09-25 20:45:12.337625,4600.00,merchant001,0,0,0
2026-09-25 20:42:17.166203,4100.00,transa,0,0,0
2026-09-25 20:24:06.261044,1600.00,nirvana,0,0,0
2026-09-25 20:09:20.194111,4600.00,merchant001,0,0,0
2026-09-25 19:54:09.55701,1500.00,reptiloid,0,0,0
2026-09-25 19:50:45.002379,3000.00,transa,0,0,0
2026-09-25 19:44:27.803164,4500.00,reptiloid,0,0,0
2026-09-25 19:10:55.199011,500.00,transa,0,0,0
2026-09-25 19:07:29.26333,1900.00,reptiloid,0,0,0
2026-09-25 19:05:57.883937,4650.00,reptiloid,0,0,0
2026-09-25 18:50:59.852213,14000.00,reptiloid,0,0,0
2026-09-25 18:39:56.495417,7000.00,reptiloid,0,0,0
2026-09-25 18:27:56.456181,2200.00,reptiloid,0,0,0
2026-09-25 18:24:26.653141,4600.00,transa,0,0,0
2026-09-25 18:17:32.071261,6700.00,transa,0,0,0
2026-09-25 18:15:48.959118,2700.00,nirvana,0,0,0
2026-09-25 17:54:41.053789,4700.00,reptiloid,0,0,0
2026-09-25 17:33:44.034428,2853.00,reptiloid,0,0,0
2026-09-25 17:11:33.042192,5250.0000,USDT,0,0,66.687000
2026-09-25 17:06:26.551455,4600.00,reptiloid,0,0,0
2026-09-25 17:03:57.530768,2500.00,USDT,0,0,23.817000
2026-09-25 17:01:58.888348,2700.00,reptiloid,0,0,0
2026-09-25 16:52:51.367796,4600.00,transa,0,0,0
2026-09-25 16:44:43.99191,4600.00,reptiloid,0,0,0
2026-09-25 16:32:05.80885,4200.00,reptiloid,0,0,0
2026-09-25 16:31:30.609862,1500.00,reptiloid,0,0,0
2026-09-25 16:11:11.491375,4600.00,reptiloid,0,0,0
2026-09-25 16:08:21.721299,4600.00,merchant001,0,0,0
2026-09-25 15:43:10.433606,5980.00,transa,0,0,0
2026-09-25 15:40:50.699263,3450.0000,USDT,0,0,43.823000
2026-09-25 15:36:29.274662,500.00,transa,0,0,0
2026-09-25 15:32:10.127124,500.00,transa,0,0,0
2026-09-25 15:26:46.87899,4500.00,reptiloid,0,0,0
2026-09-25 15:24:16.321391,4150.00,transa,0,0,0
2026-09-25 14:42:28.776074,4600.00,reptiloid,0,0,0
2026-09-25 14:30:21.895188,2600.00,card,0,0,0
2026-09-25 14:19:42.639212,4000.00,reptiloid,0,0,0
2026-09-25 14:18:52.91647,500.00,reptiloid,0,0,0
2026-09-25 14:16:01.861272,4600.00,merchant001,0,0,0
2026-09-25 14:13:04.518595,4600.00,card,0,0,0
2026-09-25 14:05:54.925176,4300.00,reptiloid,0,0,0
2026-09-25 14:05:08.599944,4600.00,card,0,0,0
2026-09-25 13:55:08.775727,4600.00,card,0,0,0
2026-09-25 13:54:06.319706,500.00,reptiloid,0,0,0
2026-09-25 13:51:41.444669,4600.00,reptiloid,0,0,0
2026-09-25 13:51:34.873899,6350.00,reptiloid,0,0,0
2026-09-25 13:33:32.583326,9200.00,transa,0,0,0
2026-09-25 13:15:44.242311,500.00,reptiloid,0,0,0
2026-09-25 13:04:47.384842,2500.00,reptiloid,0,0,0
2026-09-25 13:01:22.984072,1900.00,reptiloid,0,0,0
2026-09-25 12:56:21.474577,4500.00,reptiloid,0,0,0
2026-09-25 12:51:47.971344,4450.00,reptiloid,0,0,0
2026-09-25 12:44:45.335107,4400.00,reptiloid,0,0,0
2026-09-25 12:40:13.768986,2100.00,reptiloid,0,0,0
2026-09-25 12:27:38.306549,4600.00,reptiloid,0,0,0
2026-09-25 12:17:35.561554,2000.00,transa,0,0,0
2026-09-25 12:13:59.674871,500.00,transa,0,0,0
2026-09-25 12:11:41.276989,2450.00,transa,0,0,0
2026-09-25 11:55:59.532043,2500.00,reptiloid,0,0,0
2026-09-25 11:26:26.200935,500.00,transa,0,0,0
2026-09-25 11:21:20.993788,4000.00,reptiloid,0,0,0
2026-09-25 11:18:55.286942,4820.00,card,0,0,0
2026-09-25 11:13:22.393979,2200.00,reptiloid,0,0,0
2026-09-25 11:05:52.620755,4500.00,reptiloid,0,0,0
2026-09-25 10:39:55.501782,2000.00,reptiloid,0,0,0
2026-09-25 10:31:18.2337,4600.00,card,0,0,0
2026-09-25 10:23:39.611191,4300.00,card,0,0,0
2026-09-25 10:22:33.151961,2500.00,reptiloid,0,0,0
2026-09-25 10:09:46.620722,4600.00,card,0,0,0
2026-09-25 09:54:29.054372,7000.00,reptiloid,0,0,0
2026-09-25 09:36:28.432102,4600.00,reptiloid,0,0,0
2026-09-25 08:59:44.852879,4400.00,reptiloid,0,0,0
2026-09-25 08:55:48.120511,500.00,card,0,0,0
2026-09-25 07:56:43.272944,2400.00,card,0,0,0
2026-09-25 07:44:20.197669,2700.00,merchant001,0,0,0
2026-09-25 07:42:55.597101,4600.00,transa,0,0,0
2026-09-25 07:11:57.736209,2500.00,card,0,0,0
2026-09-25 06:12:41.802141,7000.00,transa,0,0,0
2026-09-25 05:36:19.271851,4600.00,transa,0,0,0
2026-09-25 02:07:12.19828,4600.00,reptiloid,0,0,0
2026-09-25 02:03:32.596499,2000.00,reptiloid,0,0,0
2026-09-25 01:46:22.505135,4600.00,reptiloid,0,0,0
2026-09-24 23:30:05.368308,4600.00,reptiloid,0,0,0
2026-09-24 23:27:04.727609,500.00,reptiloid,0,0,0
2026-09-24 23:24:51.731655,4000.00,reptiloid,0,0,0
2026-09-24 23:14:04.234897,500.00,reptiloid,0,0,0
2026-09-24 22:26:57.324497,2200.00,transa,0,0,0
2026-09-24 22:19:30.210807,4500.00,reptiloid,0,0,0
2026-09-24 22:14:05.892494,2700.00,reptiloid,0,0,0
2026-09-24 22:02:50.738227,500.00,reptiloid,0,0,0
2026-09-24 22:00:00.868464,6700.00,reptiloid,0,0,0
2026-09-24 21:33:40.916985,2400.00,reptiloid,0,0,0
2026-09-24 20:17:40.077918,4100.00,reptiloid,0,0,0
2026-09-24 20:01:01.214205,500.00,reptiloid,0,0,0
2026-09-24 19:55:32.1928,1860.00,reptiloid,0,0,0
2026-09-24 19:32:31.098133,1000.00,reptiloid,0,0,0
2026-09-24 18:56:17.221683,4800.00,transa,0,0,0
2026-09-24 18:47:48.288087,7000.00,transa,0,0,0
2026-09-24 18:43:37.713139,2150.00,reptiloid,0,0,0
2026-09-24 18:36:37.010108,7000.00,reptiloid,0,0,0
2026-09-24 18:34:40.688446,7000.00,transa,0,0,0
2026-09-24 18:29:09.711301,2050.00,reptiloid,0,0,0
2026-09-24 18:26:21.224537,6700.00,reptiloid,0,0,0
2026-09-24 18:21:17.338074,2550.00,reptiloid,0,0,0
2026-09-24 18:06:48.20963,1150.00,reptiloid,0,0,0
2026-09-24 17:55:30.010878,4000.00,card,0,0,0
2026-09-24 17:35:07.001539,2600.00,reptiloid,0,0,0
2026-09-24 17:28:24.450203,7000.00,merchant001,0,0,0
2026-09-24 17:26:19.231898,500.00,nirvana,0,0,0
2026-09-24 17:16:30.897355,4600.00,reptiloid,0,0,0
2026-09-24 17:16:02.519053,2300.00,transa,0,0,0
2026-09-24 16:57:59.354926,4600.00,reptiloid,0,0,0
2026-09-24 16:31:19.122669,5300.00,reptiloid,0,0,0
2026-09-24 16:29:44.513285,6600.00,reptiloid,0,0,0
2026-09-24 16:24:14.149898,4400.00,reptiloid,0,0,0
2026-09-24 16:24:08.544586,5300.00,merchant001,0,0,0
2026-09-24 16:19:11.672458,4700.00,transa,0,0,0
2026-09-24 15:57:19.000103,2500.00,reptiloid,0,0,0
2026-09-24 15:53:22.588395,4200.00,transa,0,0,0
2026-09-24 15:36:40.139342,2300.00,reptiloid,0,0,0
2026-09-24 15:34:10.86207,5300.00,merchant001,0,0,0
2026-09-24 15:28:10.168754,2700.00,reptiloid,0,0,0
2026-09-24 15:24:18.742738,2350.00,reptiloid,0,0,0
2026-09-24 15:23:21.539143,2025.0000,USDT,0,0,25.722000
2026-09-24 15:19:07.257563,2400.00,transa,0,0,0
2026-09-24 15:01:52.096423,2400.00,reptiloid,0,0,0
2026-09-24 14:48:27.009149,4400.00,reptiloid,0,0,0
2026-09-24 14:45:34.629072,4900.00,reptiloid,0,0,0
2026-09-24 14:41:07.782207,7000.00,reptiloid,0,0,0
2026-09-24 14:40:49.216961,7000.00,card,0,0,0
2026-09-24 14:35:33.225545,2700.00,nirvana,0,0,0
2026-09-24 14:27:25.053511,2100.00,reptiloid,0,0,0
2026-09-24 14:27:08.814775,7000.00,card,0,0,0
2026-09-24 14:08:19.553691,5300.00,card,0,0,0
2026-09-24 14:04:44.626775,2600.00,reptiloid,0,0,0
2026-09-24 13:55:30.026799,4600.00,merchant001,0,0,0
2026-09-24 13:30:00.400246,7000.00,merchant001,0,0,0
2026-09-24 13:29:40.320227,1800.00,card,0,0,0
2026-09-24 13:09:49.133878,5250.0000,USDT,0,0,66.687000
2026-09-24 12:36:31.326371,7000.00,merchant001,0,0,0
2026-09-24 12:35:15.388633,7000.00,reptiloid,0,0,0
2026-09-24 12:18:59.547561,1700.00,reptiloid,0,0,0
2026-09-24 11:57:00.65829,2200.00,reptiloid,0,0,0
2026-09-24 11:41:43.883547,2600.00,reptiloid,0,0,0
2026-09-24 11:15:53.496637,2000.00,reptiloid,0,0,0
2026-09-24 10:55:33.00786,7000.00,transa,0,0,0
2026-09-24 10:54:55.854885,7000.00,reptiloid,0,0,0
2026-09-24 10:42:31.343538,2500.00,reptiloid,0,0,0
2026-09-24 10:36:01.580126,6800.00,reptiloid,0,0,0
2026-09-24 10:32:50.036338,7000.00,LTC,0,1.22221605,0
2026-09-24 10:08:36.584947,4700.00,reptiloid,0,0,0
2026-09-24 10:06:18.949719,7000.00,transa,0,0,0
2026-09-24 10:00:06.456308,2400.00,reptiloid,0,0,0
2026-09-24 09:57:05.907482,2400.00,reptiloid,0,0,0
2026-09-24 09:53:41.425211,5000.00,reptiloid,0,0,0
2026-09-24 09:44:56.027143,3600.00,reptiloid,0,0,0
2026-09-24 09:42:56.577576,6782.00,reptiloid,0,0,0
2026-09-24 09:35:00.063425,6700.00,reptiloid,0,0,0
2026-09-24 09:33:44.891005,4500.00,reptiloid,0,0,0
2026-09-24 09:26:08.470642,2300.00,transa,0,0,0
2026-09-24 04:12:52.450095,2700.00,reptiloid,0,0,0
2026-09-24 04:03:01.881186,7000.00,reptiloid,0,0,0
2026-09-24 03:08:54.031986,6700.00,transa,0,0,0
2026-09-24 02:50:21.125968,900.00,reptiloid,0,0,0
2026-09-24 02:35:03.828056,2350.00,reptiloid,0,0,0
2026-09-24 02:29:47.288004,1500.00,reptiloid,0,0,0
2026-09-24 02:28:14.274821,2450.00,reptiloid,0,0,0
2026-09-24 01:09:07.820377,500.00,merchant001,0,0,0
2026-09-24 01:04:41.342244,4500.00,transa,0,0,0
2026-09-24 01:00:44.431965,2300.00,reptiloid,0,0,0
2026-09-24 00:33:06.514199,2350.00,transa,0,0,0
2026-09-24 00:05:41.219768,4400.00,reptiloid,0,0,0
2026-09-23 22:38:09.910406,7000.00,merchant001,0,0,0
2026-09-23 21:31:45.814284,4400.00,transa,0,0,0
2026-09-23 21:31:18.885451,7000.00,reptiloid,0,0,0
2026-09-23 21:24:26.374659,7000.00,merchant001,0,0,0
2026-09-23 21:04:00.375605,790.00,transa,0,0,0
2026-09-23 20:59:32.668938,1200.00,transa,0,0,0
2026-09-23 20:51:41.583083,3000.00,transa,0,0,0
2026-09-23 20:51:28.986264,2400.00,BTC,0.00032808,0,0
2026-09-23 20:48:39.056291,5500.00,reptiloid,0,0,0
2026-09-23 20:47:57.557443,4600.00,transa,0,0,0
2026-09-23 20:45:05.879179,2550.00,card,0,0,0
2026-09-23 20:44:29.097765,2300.00,reptiloid,0,0,0
2026-09-23 20:41:19.118986,3900.00,reptiloid,0,0,0
2026-09-23 20:39:13.53673,7000.00,merchant001,0,0,0
2026-09-23 20:34:00.345319,1111.00,BTC,0.00015188,0,0
2026-09-23 20:33:26.340744,670.00,card,0,0,0
2026-09-23 20:33:00.289249,5000.00,nirvana,0,0,0
2026-09-23 20:28:23.044588,4000.00,card,0,0,0
2026-09-23 20:01:01.238049,2450.00,reptiloid,0,0,0
2026-09-23 20:00:21.687356,4600.00,reptiloid,0,0,0
2026-09-23 19:58:16.718238,6500.00,reptiloid,0,0,0
2026-09-23 19:38:22.210294,4600.00,merchant001,0,0,0
2026-09-23 19:36:46.974908,7000.00,reptiloid,0,0,0
2026-09-23 19:35:21.170572,4500.00,reptiloid,0,0,0
2026-09-23 18:53:05.798935,2700.00,card,0,0,0
2026-09-23 16:45:08.582257,4200.00,card,0,0,0
2026-09-23 13:07:33.156083,750.00,reptiloid,0,0,0
2026-09-23 12:26:16.064071,4357.00,reptiloid,0,0,0
2026-09-23 11:23:31.01748,1800.00,reptiloid,0,0,0
2026-09-23 09:05:45.05844,7000.00,reptiloid,0,0,0
2026-09-23 07:34:01.675123,2400.00,reptiloid,0,0,0
2026-09-23 06:23:38.441669,7000.00,transa,0,0,0
2026-09-23 06:11:26.009274,7000.00,reptiloid,0,0,0
2026-09-23 06:02:58.223539,6700.00,reptiloid,0,0,0
2026-09-23 05:50:30.968408,6345.00,USDT,0,0,60.447000
2026-09-23 05:29:48.563489,7000.00,reptiloid,0,0,0
2026-09-23 05:28:10.338064,4800.00,reptiloid,0,0,0
2026-09-23 04:53:55.643732,2300.00,reptiloid,0,0,0
2026-09-23 03:03:33.962504,6320.00,reptiloid,0,0,0
2026-09-23 01:10:08.360403,4300.00,reptiloid,0,0,0
2026-09-23 00:39:19.181751,7000.00,merchant001,0,0,0
2026-09-23 00:05:47.018819,7000.00,reptiloid,0,0,0
2026-09-22 23:43:10.825613,7000.00,reptiloid,0,0,0
2026-09-22 23:25:09.360348,500.00,reptiloid,0,0,0
2026-09-22 23:23:33.85201,2400.00,reptiloid,0,0,0
2026-09-22 23:20:44.645867,1000.00,reptiloid,0,0,0
2026-09-22 23:09:13.013913,6800.00,reptiloid,0,0,0
2026-09-22 23:08:28.447505,2300.00,reptiloid,0,0,0
2026-09-22 23:03:10.238432,2000.00,reptiloid,0,0,0
2026-09-22 22:48:29.555607,7100.00,reptiloid,0,0,0
2026-09-22 22:45:12.889332,7000.00,reptiloid,0,0,0
2026-09-22 22:21:55.203206,2300.00,reptiloid,0,0,0
2026-09-22 22:15:32.529857,4400.00,reptiloid,0,0,0
2026-09-22 22:14:22.761397,2200.00,reptiloid,0,0,0
2026-09-22 22:12:17.756938,7000.00,transa,0,0,0
2026-09-22 22:03:32.480726,2200.00,reptiloid,0,0,0
2026-09-22 21:57:43.819156,4000.00,reptiloid,0,0,0
2026-09-22 21:56:54.39559,3900.00,reptiloid,0,0,0
2026-09-22 21:47:30.313799,1500.00,reptiloid,0,0,0
2026-09-22 21:45:27.374245,6700.00,reptiloid,0,0,0
2026-09-22 21:35:45.629017,4600.00,reptiloid,0,0,0
2026-09-22 21:35:09.851435,2500.00,reptiloid,0,0,0
2026-09-22 21:23:59.468232,7000.00,reptiloid,0,0,0
2026-09-22 20:51:15.651306,7000.00,card,0,0,0
2026-09-22 20:43:19.146932,2000.00,reptiloid,0,0,0
2026-09-22 20:29:20.673338,2400.00,reptiloid,0,0,0
2026-09-22 20:07:14.158702,1200.00,reptiloid,0,0,0
2026-09-22 20:00:58.591264,7000.00,reptiloid,0,0,0
2026-09-22 19:47:40.611463,4600.00,reptiloid,0,0,0
2026-09-22 19:45:26.241828,2100.00,reptiloid,0,0,0
2026-09-22 19:38:34.269097,4000.00,reptiloid,0,0,0
2026-09-22 19:18:05.355886,2500.00,reptiloid,0,0,0
2026-09-22 19:15:05.638294,7000.00,transa,0,0,0
2026-09-22 19:11:46.080565,4400.00,reptiloid,0,0,0
2026-09-22 19:07:39.253031,4600.00,reptiloid,0,0,0
2026-09-22 19:02:39.03491,4600.00,reptiloid,0,0,0
2026-09-22 18:58:59.367433,2509.00,reptiloid,0,0,0
2026-09-22 18:55:40.356549,4200.00,reptiloid,0,0,0
2026-09-22 18:54:09.146634,500.00,reptiloid,0,0,0
2026-09-22 18:47:04.775076,2300.00,reptiloid,0,0,0
2026-09-22 18:33:09.221678,2400.00,reptiloid,0,0,0
2026-09-22 18:32:58.24447,4600.00,card,0,0,0
2026-09-22 18:23:20.057861,4500.00,reptiloid,0,0,0
2026-09-22 18:17:13.068677,4100.00,reptiloid,0,0,0
2026-09-22 18:04:52.500406,4600.00,reptiloid,0,0,0
2026-09-22 17:53:24.409353,4600.00,reptiloid,0,0,0
2026-09-22 17:48:44.075265,4600.00,merchant001,0,0,0
2026-09-22 17:23:44.672016,4300.00,reptiloid,0,0,0
2026-09-22 17:23:29.156509,4600.00,reptiloid,0,0,0
2026-09-22 17:21:51.908559,4400.00,reptiloid,0,0,0
2026-09-22 17:13:01.331156,4500.00,reptiloid,0,0,0
2026-09-22 17:03:30.282958,4600.00,merchant001,0,0,0
2026-09-22 16:38:14.459865,2450.00,reptiloid,0,0,0
2026-09-22 16:36:52.714127,2300.00,reptiloid,0,0,0
2026-09-22 15:49:14.23919,4100.00,reptiloid,0,0,0
2026-09-22 15:40:04.142634,1700.00,reptiloid,0,0,0
2026-09-22 15:39:35.521978,2500.00,reptiloid,0,0,0
2026-09-22 15:38:04.571104,2450.00,reptiloid,0,0,0
2026-09-22 15:36:37.940727,2800.00,card,0,0,0
2026-09-22 15:28:08.540818,4600.00,reptiloid,0,0,0
2026-09-22 15:26:51.904539,2000.00,card,0,0,0
2026-09-22 15:11:04.731642,2400.00,reptiloid,0,0,0
2026-09-22 15:08:52.678507,4100.00,reptiloid,0,0,0
2026-09-22 15:03:41.875839,4400.00,reptiloid,0,0,0
2026-09-22 14:57:01.566769,4400.00,reptiloid,0,0,0
2026-09-22 14:43:09.637745,800.00,card,0,0,0
2026-09-22 14:08:00.301064,3000.00,USDT,0,0,28.580000
2026-09-22 13:56:34.504173,5600.00,reptiloid,0,0,0
2026-09-22 13:36:18.55531,500.00,reptiloid,0,0,0
2026-09-22 13:31:26.237289,2400.00,reptiloid,0,0,0
2026-09-22 13:18:03.580036,7000.00,reptiloid,0,0,0
2026-09-22 13:11:25.549087,500.00,nirvana,0,0,0
2026-09-22 12:50:55.684463,2500.00,card,0,0,0
2026-09-22 12:48:38.420044,500.00,card,0,0,0
2026-09-22 12:36:34.582993,2000.00,reptiloid,0,0,0
2026-09-22 11:52:29.566239,4600.00,reptiloid,0,0,0
2026-09-22 11:36:01.192152,2800.00,card,0,0,0
2026-09-22 11:13:04.414646,4500.00,reptiloid,0,0,0
2026-09-22 11:09:45.217902,820.00,reptiloid,0,0,0
2026-09-22 11:02:48.68911,800.00,reptiloid,0,0,0
2026-09-22 10:52:06.648973,2300.00,reptiloid,0,0,0
2026-09-22 10:47:02.665247,3200.00,LTC,0,0.62803526,0
2026-09-22 10:34:31.028356,2150.00,reptiloid,0,0,0
2026-09-22 10:21:02.184711,4400.00,reptiloid,0,0,0
2026-09-22 09:51:03.923235,4600.00,reptiloid,0,0,0
2026-09-22 09:29:46.790792,2200.00,reptiloid,0,0,0
2026-09-22 09:25:13.980275,1000.00,reptiloid,0,0,0
2026-09-22 09:22:30.325191,1000.00,reptiloid,0,0,0
2026-09-22 09:19:40.206501,2400.00,reptiloid,0,0,0
2026-09-22 09:12:15.261307,2409.00,reptiloid,0,0,0
2026-09-22 08:59:36.651966,2600.00,card,0,0,0
2026-09-22 08:55:06.666787,4600.00,reptiloid,0,0,0
2026-09-22 08:24:59.422149,4500.00,reptiloid,0,0,0
2026-09-22 08:22:44.961176,3500.00,reptiloid,0,0,0
2026-09-22 07:02:28.970577,700.00,nirvana,0,0,0
2026-09-22 06:08:16.00149,5000.00,reptiloid,0,0,0
2026-09-22 06:04:32.011085,4600.00,reptiloid,0,0,0
2026-09-22 05:16:13.20778,4200.00,reptiloid,0,0,0
2026-09-22 03:08:46.527213,2300.00,reptiloid,0,0,0
2026-09-22 01:48:56.246805,4400.00,reptiloid,0,0,0
2026-09-22 00:59:08.059242,4600.00,reptiloid,0,0,0
2026-09-22 00:38:33.011129,2450.00,reptiloid,0,0,0
2026-09-22 00:24:28.442798,2250.00,reptiloid,0,0,0
2026-09-21 23:51:04.063889,4600.00,card,0,0,0
2026-09-21 23:46:51.901481,2800.00,reptiloid,0,0,0
2026-09-21 23:34:00.44365,4600.00,transa,0,0,0
2026-09-21 23:11:29.902692,2800.00,reptiloid,0,0,0
2026-09-21 23:05:46.229219,2800.00,reptiloid,0,0,0
2026-09-21 22:27:34.953575,500.00,reptiloid,0,0,0
2026-09-21 22:20:01.736758,690.00,reptiloid,0,0,0
2026-09-21 22:18:52.2697,4000.00,reptiloid,0,0,0
2026-09-21 22:12:24.966394,1700.00,reptiloid,0,0,0
2026-09-21 22:08:25.721895,2000.00,reptiloid,0,0,0
2026-09-21 21:43:26.518597,4000.00,reptiloid,0,0,0
2026-09-21 21:39:59.65781,4600.00,reptiloid,0,0,0
2026-09-21 21:15:15.121947,3450.0000,USDT,0,0,43.823000
2026-09-21 21:02:05.04423,4600.00,reptiloid,0,0,0
2026-09-21 20:56:32.112754,2500.00,reptiloid,0,0,0
2026-09-21 20:56:26.684255,4600.00,merchant001,0,0,0
2026-09-21 20:01:16.775742,4400.00,reptiloid,0,0,0
2026-09-21 19:59:07.560854,500.00,reptiloid,0,0,0
2026-09-21 19:40:07.344498,2450.00,reptiloid,0,0,0
2026-09-21 19:36:16.188189,4600.00,transa,0,0,0
2026-09-21 19:27:17.579764,4600.00,reptiloid,0,0,0
2026-09-21 19:26:10.007646,4500.00,reptiloid,0,0,0
2026-09-21 19:16:44.566098,4350.00,reptiloid,0,0,0
2026-09-21 19:06:15.290941,1900.00,reptiloid,0,0,0
2026-09-21 18:55:04.428636,4600.00,card,0,0,0
2026-09-21 18:43:49.822127,3500.00,reptiloid,0,0,0
2026-09-21 18:40:30.869719,4250.00,reptiloid,0,0,0
2026-09-21 18:32:48.960828,2517.00,card,0,0,0
2026-09-21 18:13:03.775299,4600.00,reptiloid,0,0,0
2026-09-21 18:12:23.8821,4400.00,reptiloid,0,0,0
2026-09-21 18:07:21.843407,4600.00,reptiloid,0,0,0
2026-09-21 18:01:06.347149,2600.00,reptiloid,0,0,0
2026-09-21 17:25:04.341498,4600.00,reptiloid,0,0,0
2026-09-21 17:25:01.268892,2500.00,reptiloid,0,0,0
2026-09-21 17:08:20.353277,2800.00,reptiloid,0,0,0
2026-09-21 17:08:19.941393,4350.00,reptiloid,0,0,0
2026-09-21 17:08:04.032787,600.00,card,0,0,0
2026-09-21 17:03:40.673706,4000.00,reptiloid,0,0,0
2026-09-21 17:00:24.721239,4600.00,reptiloid,0,0,0
2026-09-21 17:00:24.185292,4600.00,card,0,0,0
2026-09-21 16:34:01.358026,4400.00,reptiloid,0,0,0
2026-09-21 16:32:56.970642,4600.00,reptiloid,0,0,0
2026-09-21 16:32:17.395442,2400.00,reptiloid,0,0,0
2026-09-21 16:30:33.944017,4600.00,transa,0,0,0
2026-09-21 16:24:28.201946,4400.00,reptiloid,0,0,0
2026-09-21 16:04:03.970422,4300.00,reptiloid,0,0,0
2026-09-21 15:55:19.821788,3000.00,reptiloid,0,0,0
2026-09-21 15:41:13.86758,4600.00,reptiloid,0,0,0
2026-09-21 15:35:35.424419,2400.00,reptiloid,0,0,0
2026-09-21 15:23:41.216779,600.00,reptiloid,0,0,0
2026-09-21 15:18:46.799355,4400.00,reptiloid,0,0,0
2026-09-21 15:18:45.86697,4461.00,reptiloid,0,0,0
2026-09-21 15:07:36.198092,2018.00,reptiloid,0,0,0
2026-09-21 15:04:45.511899,4600.00,reptiloid,0,0,0
2026-09-21 15:01:22.777102,2560.00,reptiloid,0,0,0
2026-09-21 15:00:47.168174,500.00,reptiloid,0,0,0
2026-09-21 14:51:36.788345,4600.00,reptiloid,0,0,0
2026-09-21 14:48:33.75868,4300.00,reptiloid,0,0,0
2026-09-21 14:36:45.319733,4000.00,reptiloid,0,0,0
2026-09-21 14:36:06.149128,2800.00,reptiloid,0,0,0
2026-09-21 14:30:39.306011,4600.00,reptiloid,0,0,0
2026-09-21 14:29:04.146253,8500.00,reptiloid,0,0,0
2026-09-21 13:50:30.105077,4500.00,reptiloid,0,0,0
2026-09-21 13:27:00.441426,2600.00,reptiloid,0,0,0
2026-09-21 13:18:30.957827,4300.00,reptiloid,0,0,0
2026-09-21 12:52:11.153555,4400.00,reptiloid,0,0,0
2026-09-21 12:48:25.408458,4350.00,reptiloid,0,0,0
2026-09-21 12:40:34.73186,4127.00,reptiloid,0,0,0
2026-09-21 12:13:15.456469,2100.00,reptiloid,0,0,0
2026-09-21 12:00:01.423633,2700.00,reptiloid,0,0,0
2026-09-21 11:58:09.749944,800.00,reptiloid,0,0,0
2026-09-21 11:36:47.928869,800.00,reptiloid,0,0,0
2026-09-21 10:56:36.602002,4600.00,reptiloid,0,0,0
2026-09-21 10:35:48.662001,2000.00,reptiloid,0,0,0
2026-09-21 10:19:02.608577,4600.00,reptiloid,0,0,0
2026-09-21 09:43:04.511416,2300.00,reptiloid,0,0,0
2026-09-21 09:31:41.722823,4400.00,reptiloid,0,0,0
2026-09-21 08:58:25.885548,2000.00,reptiloid,0,0,0
2026-09-21 08:37:39.358664,4600.00,reptiloid,0,0,0
2026-09-21 08:19:24.061769,4600.00,reptiloid,0,0,0
2026-09-21 06:32:29.172835,520.00,reptiloid,0,0,0
2026-09-21 05:25:59.295703,4600.00,reptiloid,0,0,0
2026-09-21 03:54:38.331711,2400.00,reptiloid,0,0,0
2026-09-21 03:46:05.933561,2500.00,reptiloid,0,0,0
2026-09-21 02:31:13.967657,4250.00,reptiloid,0,0,0
2026-09-21 01:59:37.156107,2800.00,merchant001,0,0,0
2026-09-21 01:27:24.415969,4600.00,reptiloid,0,0,0
2026-09-21 01:26:45.277982,4600.00,transa,0,0,0
2026-09-21 01:01:39.861444,4600.00,reptiloid,0,0,0
2026-09-21 00:36:44.483687,4600.00,reptiloid,0,0,0
2026-09-21 00:17:05.027121,2900.00,reptiloid,0,0,0
2026-09-20 23:20:59.126674,4600.00,card,0,0,0
2026-09-20 22:42:49.935368,4400.00,reptiloid,0,0,0
2026-09-20 22:18:43.733759,4200.00,reptiloid,0,0,0
2026-09-20 21:58:37.821233,2400.00,card,0,0,0
2026-09-20 21:33:20.376759,4600.00,transa,0,0,0
2026-09-20 21:10:11.8015,4600.00,reptiloid,0,0,0
2026-09-20 21:03:33.965216,4200.00,reptiloid,0,0,0
2026-09-20 21:01:18.600844,4600.00,reptiloid,0,0,0
2026-09-20 20:55:38.078664,2800.00,veyfora,0,0,0
2026-09-20 20:36:46.310817,5100.00,reptiloid,0,0,0
2026-09-20 20:31:39.993096,2450.00,reptiloid,0,0,0
2026-09-20 19:58:18.38788,800.00,card,0,0,0
2026-09-20 19:50:39.762573,4400.00,reptiloid,0,0,0
2026-09-20 19:46:29.038982,4600.00,reptiloid,0,0,0
2026-09-20 19:45:11.448687,3000.00,card,0,0,0
2026-09-20 19:42:48.395577,4700.00,card,0,0,0
2026-09-20 19:41:10.367922,2600.00,reptiloid,0,0,0
2026-09-20 19:39:21.131603,4500.00,reptiloid,0,0,0
2026-09-20 19:29:39.517275,2400.00,reptiloid,0,0,0
2026-09-20 19:24:39.745885,4200.00,reptiloid,0,0,0
2026-09-20 19:05:41.782535,4800.00,card,0,0,0
2026-09-20 19:01:35.311745,4600.00,transa,0,0,0
2026-09-20 18:51:23.154962,4600.00,merchant001,0,0,0
2026-09-20 18:49:27.285896,2000.00,reptiloid,0,0,0
2026-09-20 18:48:13.499612,2800.00,reptiloid,0,0,0
2026-09-20 18:38:57.52515,4600.00,transa,0,0,0
2026-09-20 18:31:44.259595,500.00,reptiloid,0,0,0
2026-09-20 18:27:18.794416,2150.00,reptiloid,0,0,0
2026-09-20 18:25:55.894502,2000.00,reptiloid,0,0,0
2026-09-20 18:21:20.997265,1600.00,reptiloid,0,0,0
2026-09-20 18:11:16.392294,4600.00,reptiloid,0,0,0
2026-09-20 17:59:00.441892,2600.00,card,0,0,0
2026-09-20 17:58:37.928663,2000.00,reptiloid,0,0,0
2026-09-20 17:54:38.48168,4600.00,reptiloid,0,0,0
2026-09-20 17:35:49.13581,4400.00,reptiloid,0,0,0
2026-09-20 17:31:00.009864,2200.00,reptiloid,0,0,0
2026-09-20 17:24:47.734053,500.00,reptiloid,0,0,0
2026-09-20 17:23:13.96627,3800.00,reptiloid,0,0,0
2026-09-20 17:15:09.917681,4600.00,reptiloid,0,0,0
2026-09-20 17:12:16.614653,4600.00,merchant001,0,0,0
2026-09-20 17:08:37.788743,4600.00,card,0,0,0
2026-09-20 17:06:54.403018,3100.00,reptiloid,0,0,0
2026-09-20 17:05:28.127333,4600.00,merchant001,0,0,0
2026-09-20 16:59:32.75999,4600.00,veyfora,0,0,0
2026-09-20 16:51:43.278186,4400.00,reptiloid,0,0,0
2026-09-20 16:48:44.361334,4900.00,card,0,0,0
2026-09-20 16:48:30.195754,2500.00,reptiloid,0,0,0
2026-09-20 16:42:26.882569,2700.00,reptiloid,0,0,0
2026-09-20 16:40:27.283829,500.00,reptiloid,0,0,0
2026-09-20 16:36:47.03813,4300.00,reptiloid,0,0,0
2026-09-20 16:27:33.421587,2400.00,reptiloid,0,0,0
2026-09-20 15:53:08.645567,4320.00,reptiloid,0,0,0
2026-09-20 14:51:19.110702,20000.00,reptiloid,0,0,0
2026-09-20 11:57:13.136547,4400.00,reptiloid,0,0,0
2026-09-20 11:55:50.157065,2500.00,reptiloid,0,0,0
2026-09-20 11:54:43.861715,2800.00,card,0,0,0
2026-09-20 11:25:43.534251,1000.00,reptiloid,0,0,0
2026-09-20 11:23:29.182234,3300.00,reptiloid,0,0,0
2026-09-20 09:44:29.501607,700.00,reptiloid,0,0,0
2026-09-20 08:50:23.921447,2800.00,card,0,0,0
2026-09-20 06:38:07.265246,500.00,reptiloid,0,0,0
2026-09-20 01:49:54.403284,4600.00,reptiloid,0,0,0
2026-09-19 23:57:01.334424,4600.00,reptiloid,0,0,0
2026-09-19 23:06:28.819889,3300.00,reptiloid,0,0,0
2026-09-19 22:45:22.166575,4600.00,card,0,0,0
2026-09-19 22:36:02.78949,4600.00,reptiloid,0,0,0
2026-09-19 22:10:26.560022,4600.00,reptiloid,0,0,0
2026-09-19 21:47:44.301494,4400.00,reptiloid,0,0,0
2026-09-19 21:31:37.077641,4600.00,reptiloid,0,0,0
2026-09-19 21:15:16.74517,5600.00,reptiloid,0,0,0
2026-09-19 20:08:17.628406,4600.00,reptiloid,0,0,0
2026-09-19 19:39:24.037173,2800.00,reptiloid,0,0,0
2026-09-19 19:30:39.271928,2300.00,reptiloid,0,0,0
2026-09-19 19:20:45.332061,5000.00,reptiloid,0,0,0
2026-09-19 19:20:13.454173,4350.00,reptiloid,0,0,0
2026-09-19 19:12:14.91167,4200.00,reptiloid,0,0,0
2026-09-19 19:11:26.73975,3350.00,card,0,0,0
2026-09-19 19:02:39.584276,4400.00,reptiloid,0,0,0
2026-09-19 19:00:56.91687,4600.00,reptiloid,0,0,0
2026-09-19 18:53:43.568025,2400.00,reptiloid,0,0,0
2026-09-19 18:50:06.67356,4400.00,reptiloid,0,0,0
2026-09-19 18:33:11.389666,2400.00,reptiloid,0,0,0
2026-09-19 18:32:13.160232,2800.00,card,0,0,0
2026-09-19 18:31:33.260975,500.00,merchant001,0,0,0
2026-09-19 18:31:27.834011,4600.00,reptiloid,0,0,0
2026-09-19 18:30:42.281409,500.00,reptiloid,0,0,0
2026-09-19 18:28:14.668462,1500.00,reptiloid,0,0,0
2026-09-19 18:24:55.217137,4400.00,reptiloid,0,0,0
2026-09-19 18:24:40.904069,2400.00,reptiloid,0,0,0
2026-09-19 18:18:06.401143,4400.00,reptiloid,0,0,0
2026-09-19 18:02:40.328584,4600.00,reptiloid,0,0,0
2026-09-19 17:53:46.337023,1720.00,reptiloid,0,0,0
2026-09-19 17:41:46.000179,4481.00,reptiloid,0,0,0
2026-09-19 17:38:29.763654,4380.00,reptiloid,0,0,0
2026-09-19 17:34:40.965976,2400.00,reptiloid,0,0,0
2026-09-19 17:27:57.271155,4600.00,reptiloid,0,0,0
2026-09-19 17:16:28.663505,4600.00,merchant001,0,0,0
2026-09-19 17:09:29.084655,4600.00,merchant001,0,0,0
2026-09-19 17:01:35.631082,4500.00,reptiloid,0,0,0
2026-09-19 16:51:46.179788,4300.00,reptiloid,0,0,0
2026-09-19 16:46:40.050224,4600.00,merchant001,0,0,0
2026-09-19 16:36:54.778353,4400.00,reptiloid,0,0,0
2026-09-19 16:34:27.791966,4400.00,reptiloid,0,0,0
2026-09-19 16:22:27.876409,4600.00,reptiloid,0,0,0
2026-09-19 16:16:23.871285,500.00,reptiloid,0,0,0
2026-09-19 15:48:00.460468,2100.00,reptiloid,0,0,0
2026-09-19 15:30:15.674331,2800.00,reptiloid,0,0,0
2026-09-19 15:15:11.948062,4000.00,reptiloid,0,0,0
2026-09-19 15:10:57.787457,4600.00,reptiloid,0,0,0
2026-09-19 15:01:10.597,2700.00,card,0,0,0
2026-09-19 15:00:46.747228,4300.00,reptiloid,0,0,0
2026-09-19 14:57:53.410031,4600.00,card,0,0,0
2026-09-19 14:49:14.905749,4380.00,reptiloid,0,0,0
2026-09-19 14:30:15.26908,2600.00,card,0,0,0
2026-09-19 14:02:37.700631,2100.00,reptiloid,0,0,0
2026-09-19 14:00:11.40984,4400.00,reptiloid,0,0,0
2026-09-19 13:59:53.223991,4400.00,reptiloid,0,0,0
2026-09-19 13:47:53.545749,4400.00,reptiloid,0,0,0
2026-09-19 13:42:13.436394,4400.00,reptiloid,0,0,0
2026-09-19 13:32:16.039574,2600.00,reptiloid,0,0,0
2026-09-19 13:25:53.304485,4400.00,reptiloid,0,0,0
2026-09-19 13:24:36.455404,4600.00,transa,0,0,0
2026-09-19 13:13:32.741574,1500.00,USDT,0,0,14.290000
2026-09-19 13:12:49.688272,4370.00,reptiloid,0,0,0
2026-09-19 13:03:35.330291,4300.00,reptiloid,0,0,0
2026-09-19 12:52:12.416165,4600.00,reptiloid,0,0,0
2026-09-19 12:29:47.574124,4600.00,transa,0,0,0
2026-09-19 12:06:52.845463,4600.00,card,0,0,0
2026-09-19 12:04:54.517397,2320.00,reptiloid,0,0,0
2026-09-19 12:03:13.203471,9000.00,reptiloid,0,0,0
2026-09-19 11:09:46.968166,4600.00,transa,0,0,0
2026-09-19 10:55:53.375211,4000.00,card,0,0,0
2026-09-19 10:22:07.679542,4600.00,reptiloid,0,0,0
2026-09-19 10:19:37.968504,4050.00,reptiloid,0,0,0
2026-09-19 10:06:25.256098,1300.00,reptiloid,0,0,0
2026-09-19 10:04:33.201351,2800.00,card,0,0,0
2026-09-19 10:04:01.417858,800.00,card,0,0,0
2026-09-19 09:49:29.709415,4600.00,card,0,0,0
2026-09-19 09:40:12.245384,2800.00,reptiloid,0,0,0
2026-09-19 09:10:08.784133,2600.00,reptiloid,0,0,0
2026-09-19 07:50:02.492925,2500.00,reptiloid,0,0,0
2026-09-19 07:45:32.639748,4300.00,reptiloid,0,0,0
2026-09-19 07:40:19.240243,4400.00,reptiloid,0,0,0
2026-09-19 06:07:27.911393,900.00,reptiloid,0,0,0
2026-09-19 04:29:12.880757,4600.00,veyfora,0,0,0
2026-09-19 04:16:38.151802,4200.00,reptiloid,0,0,0
2026-09-19 02:23:29.23071,4600.00,transa,0,0,0
2026-09-19 01:59:13.403905,4300.00,reptiloid,0,0,0
2026-09-19 01:55:13.876349,8700.00,reptiloid,0,0,0
2026-09-19 01:47:52.487207,800.00,reptiloid,0,0,0
2026-09-19 00:22:11.91105,5000.00,card,0,0,0
2026-09-19 00:03:53.421255,4000.00,reptiloid,0,0,0
2026-09-18 23:42:25.762226,4400.00,reptiloid,0,0,0
2026-09-18 23:34:40.575457,4400.00,reptiloid,0,0,0
2026-09-18 23:28:00.628887,500.00,reptiloid,0,0,0
2026-09-18 23:27:48.75691,4600.00,reptiloid,0,0,0
2026-09-18 23:22:56.471234,4500.00,reptiloid,0,0,0
2026-09-18 23:19:42.619803,4300.00,reptiloid,0,0,0
2026-09-18 23:10:29.020884,2350.00,reptiloid,0,0,0
2026-09-18 23:01:03.842312,4400.00,reptiloid,0,0,0
2026-09-18 22:43:57.737552,4600.00,reptiloid,0,0,0
2026-09-18 22:42:02.805559,4600.00,reptiloid,0,0,0
2026-09-18 22:40:34.302616,900.00,reptiloid,0,0,0
2026-09-18 22:23:42.344068,2381.00,reptiloid,0,0,0
2026-09-18 22:20:25.293179,4400.00,reptiloid,0,0,0
2026-09-18 22:14:53.09662,500.00,reptiloid,0,0,0
2026-09-18 22:09:30.558504,4400.00,reptiloid,0,0,0
2026-09-18 22:05:39.76868,2250.00,reptiloid,0,0,0
2026-09-18 22:00:21.191714,4500.00,reptiloid,0,0,0
2026-09-18 21:35:47.980634,4600.00,reptiloid,0,0,0
2026-09-18 21:32:22.747624,2000.00,nirvana,0,0,0
2026-09-18 21:31:15.246873,4600.00,merchant001,0,0,0
2026-09-18 21:12:36.755416,1880.00,reptiloid,0,0,0
2026-09-18 21:09:14.963773,4600.00,reptiloid,0,0,0
2026-09-18 20:55:36.705788,4600.00,merchant001,0,0,0
2026-09-18 20:41:30.608775,4400.00,reptiloid,0,0,0
2026-09-18 20:27:47.250137,4360.00,reptiloid,0,0,0
2026-09-18 20:09:57.324615,2100.00,reptiloid,0,0,0
2026-09-18 20:07:10.854397,4300.00,reptiloid,0,0,0
2026-09-18 20:02:57.228895,2400.00,reptiloid,0,0,0
2026-09-18 19:30:26.995298,4400.00,reptiloid,0,0,0
2026-09-18 19:20:13.154206,4350.00,reptiloid,0,0,0
2026-09-18 19:12:47.957322,4400.00,reptiloid,0,0,0
2026-09-18 19:11:09.245571,4500.00,reptiloid,0,0,0
2026-09-18 19:06:53.082393,4300.00,reptiloid,0,0,0
2026-09-18 19:03:50.632327,1100.00,reptiloid,0,0,0
2026-09-18 18:55:29.619323,4600.00,reptiloid,0,0,0
2026-09-18 18:46:12.361357,4400.00,reptiloid,0,0,0
2026-09-18 18:39:48.6963,4400.00,reptiloid,0,0,0
2026-09-18 18:36:40.665587,2400.00,reptiloid,0,0,0
2026-09-18 18:34:36.440759,3350.00,reptiloid,0,0,0
2026-09-18 18:22:37.280243,4620.00,card,0,0,0
2026-09-18 18:21:04.890739,4100.00,reptiloid,0,0,0
2026-09-18 18:18:16.199558,4200.00,reptiloid,0,0,0
2026-09-18 18:14:48.445533,4600.00,transa,0,0,0
2026-09-18 18:11:00.085657,4600.00,reptiloid,0,0,0
2026-09-18 18:10:11.570271,2400.00,reptiloid,0,0,0
2026-09-18 18:09:58.927445,4600.00,reptiloid,0,0,0
2026-09-18 17:48:18.110823,2400.00,reptiloid,0,0,0
2026-09-18 17:40:10.374808,4600.00,merchant001,0,0,0
2026-09-18 17:05:30.392999,4600.00,reptiloid,0,0,0
2026-09-18 17:00:16.81386,3300.00,reptiloid,0,0,0
2026-09-18 16:38:33.53615,3450.0000,USDT,0,0,43.823000
2026-09-18 16:35:31.760667,4600.00,reptiloid,0,0,0
2026-09-18 16:28:25.687812,4600.00,veyfora,0,0,0
2026-09-18 16:25:25.628693,2100.00,reptiloid,0,0,0
2026-09-18 16:21:31.820707,4600.00,reptiloid,0,0,0
2026-09-18 16:11:20.945108,3800.00,reptiloid,0,0,0
2026-09-18 15:56:06.017306,4600.00,card,0,0,0
2026-09-18 15:53:49.838259,4600.00,merchant001,0,0,0
2026-09-18 15:49:37.335564,1980.00,reptiloid,0,0,0
2026-09-18 15:48:04.807391,4600.00,reptiloid,0,0,0
2026-09-18 15:47:36.534382,4200.00,reptiloid,0,0,0
2026-09-18 15:45:51.987022,2350.00,reptiloid,0,0,0
2026-09-18 15:41:50.869213,4600.00,reptiloid,0,0,0
2026-09-18 15:40:40.399604,4600.00,veyfora,0,0,0
2026-09-18 15:40:06.545,2130.00,reptiloid,0,0,0
2026-09-18 15:31:41.081309,3600.00,reptiloid,0,0,0
2026-09-18 15:29:28.441717,4500.00,reptiloid,0,0,0
2026-09-18 15:29:10.136931,9000.00,reptiloid,0,0,0
2026-09-18 15:25:32.044573,4550.00,reptiloid,0,0,0
2026-09-18 15:24:44.829348,4400.00,reptiloid,0,0,0
2026-09-18 15:23:55.49185,2470.00,reptiloid,0,0,0
2026-09-18 15:21:31.121909,2200.00,reptiloid,0,0,0
2026-09-18 15:21:05.78133,4600.00,veyfora,0,0,0
2026-09-18 15:17:39.886414,4600.00,reptiloid,0,0,0
2026-09-18 15:11:58.133672,4600.00,reptiloid,0,0,0
2026-09-18 15:11:55.55822,4400.00,reptiloid,0,0,0
2026-09-18 15:11:29.762021,4400.00,reptiloid,0,0,0
2026-09-18 15:01:57.189512,500.00,reptiloid,0,0,0
2026-09-18 14:58:30.35011,4400.00,reptiloid,0,0,0
2026-09-18 14:44:55.578953,4200.00,reptiloid,0,0,0
2026-09-18 14:38:42.642921,4600.00,merchant001,0,0,0
2026-09-18 14:37:43.502343,2300.00,reptiloid,0,0,0
2026-09-18 14:26:07.508703,4381.00,reptiloid,0,0,0
2026-09-18 14:01:49.362949,4150.00,reptiloid,0,0,0
2026-09-18 13:54:09.439248,2250.00,reptiloid,0,0,0
2026-09-18 13:46:15.950995,2400.00,reptiloid,0,0,0
2026-09-18 13:45:48.344781,4600.00,transa,0,0,0
2026-09-18 13:43:29.637672,4600.00,reptiloid,0,0,0
2026-09-18 13:02:48.871541,4600.00,reptiloid,0,0,0
2026-09-18 12:53:24.645952,4600.00,veyfora,0,0,0
2026-09-18 12:46:28.632156,2000.00,reptiloid,0,0,0
2026-09-18 12:43:37.381802,4500.00,reptiloid,0,0,0
2026-09-18 12:20:09.181566,4500.00,reptiloid,0,0,0
2026-09-18 12:08:22.422711,4600.00,reptiloid,0,0,0
2026-09-18 11:54:57.960105,4250.00,reptiloid,0,0,0
2026-09-18 11:34:15.959253,2500.00,card,0,0,0
2026-09-18 11:31:05.027849,1800.00,reptiloid,0,0,0
2026-09-18 11:21:16.036284,4200.00,reptiloid,0,0,0
2026-09-18 10:34:06.241747,2100.00,reptiloid,0,0,0
2026-09-18 10:13:56.737237,4360.00,reptiloid,0,0,0
2026-09-18 10:01:47.431946,3450.0000,USDT,0,0,43.823000
2026-09-18 09:43:57.405606,4600.00,reptiloid,0,0,0
2026-09-18 08:40:27.309455,9200.00,reptiloid,0,0,0
2026-09-18 08:28:53.701038,4450.00,reptiloid,0,0,0
2026-09-18 08:14:49.84598,4600.00,reptiloid,0,0,0
2026-09-18 08:07:17.725603,4600.00,transa,0,0,0
2026-09-18 08:00:00.819626,4600.00,veyfora,0,0,0
2026-09-18 07:49:09.111125,4400.00,reptiloid,0,0,0
2026-09-18 04:55:53.150058,4600.00,veyfora,0,0,0
2026-09-18 03:21:17.4677,4300.00,reptiloid,0,0,0
2026-09-18 03:19:51.181541,4600.00,card,0,0,0
2026-09-18 03:05:55.4329,4000.00,reptiloid,0,0,0
2026-09-18 02:55:11.703917,1860.00,reptiloid,0,0,0
2026-09-18 02:51:22.368374,2550.00,reptiloid,0,0,0
2026-09-18 01:23:33.473183,4600.00,reptiloid,0,0,0
2026-09-18 00:25:38.239,4600.00,reptiloid,0,0,0
2026-09-17 23:50:32.202831,4600.00,transa,0,0,0
2026-09-17 23:26:50.586442,4600.00,reptiloid,0,0,0
2026-09-17 23:22:27.778121,3700.00,reptiloid,0,0,0
2026-09-17 23:05:36.94039,4600.00,veyfora,0,0,0
2026-09-17 23:04:57.543345,4400.00,reptiloid,0,0,0
2026-09-17 22:54:40.032504,2216.00,reptiloid,0,0,0
2026-09-17 22:34:40.235188,4400.00,reptiloid,0,0,0
2026-09-17 21:43:56.381831,4600.00,veyfora,0,0,0
2026-09-17 21:30:56.760318,4400.00,reptiloid,0,0,0
2026-09-17 21:28:39.157545,4200.00,reptiloid,0,0,0
2026-09-17 20:54:37.2465,4600.00,reptiloid,0,0,0
2026-09-17 20:47:24.780858,4600.00,reptiloid,0,0,0
2026-09-17 20:40:57.990262,1250.00,reptiloid,0,0,0
2026-09-17 20:35:59.369855,2500.00,card,0,0,0
2026-09-17 20:25:24.27937,500.00,reptiloid,0,0,0
2026-09-17 20:23:50.487797,2600.00,reptiloid,0,0,0
2026-09-17 20:19:28.066564,4400.00,reptiloid,0,0,0
2026-09-17 19:47:15.726894,4400.00,reptiloid,0,0,0
2026-09-17 19:38:08.965361,4600.00,reptiloid,0,0,0
2026-09-17 19:32:32.291967,4600.00,transa,0,0,0
2026-09-17 19:19:42.838267,4500.00,reptiloid,0,0,0
2026-09-17 19:18:50.335815,4600.00,reptiloid,0,0,0
2026-09-17 19:03:23.692077,4500.00,reptiloid,0,0,0
2026-09-17 18:53:40.042873,2100.00,reptiloid,0,0,0
2026-09-17 18:44:24.86762,4400.00,reptiloid,0,0,0
2026-09-17 18:40:00.427131,4600.00,reptiloid,0,0,0
2026-09-17 18:33:18.278464,4600.00,merchant001,0,0,0
2026-09-17 18:31:59.268805,2300.00,reptiloid,0,0,0
2026-09-17 18:31:16.921964,2350.00,reptiloid,0,0,0
2026-09-17 18:28:47.080678,4250.00,reptiloid,0,0,0
2026-09-17 18:25:32.644264,2500.00,reptiloid,0,0,0
2026-09-17 18:20:22.619471,500.00,reptiloid,0,0,0
2026-09-17 18:17:20.14864,2200.00,reptiloid,0,0,0
2026-09-17 18:07:02.845639,1900.00,reptiloid,0,0,0
2026-09-17 18:06:41.042287,4469.00,reptiloid,0,0,0
2026-09-17 18:00:53.501843,4600.00,reptiloid,0,0,0
2026-09-17 17:54:16.006227,4500.00,reptiloid,0,0,0
2026-09-17 17:50:49.173458,4600.00,veyfora,0,0,0
2026-09-17 17:50:37.923955,4600.00,card,0,0,0
2026-09-17 17:43:05.498798,4400.00,reptiloid,0,0,0
2026-09-17 17:35:22.71901,2400.00,reptiloid,0,0,0
2026-09-17 17:28:48.550912,4600.00,card,0,0,0
2026-09-17 17:23:36.155327,4400.00,reptiloid,0,0,0
2026-09-17 17:23:18.159574,4600.00,reptiloid,0,0,0
2026-09-17 16:49:12.92484,4400.00,reptiloid,0,0,0
2026-09-17 16:43:15.688568,4600.00,veyfora,0,0,0
2026-09-17 16:26:52.04771,2500.00,reptiloid,0,0,0
2026-09-17 16:22:21.283604,4600.00,reptiloid,0,0,0
2026-09-17 16:15:36.288763,4600.00,reptiloid,0,0,0
2026-09-17 16:11:12.200272,4250.00,reptiloid,0,0,0
2026-09-17 16:10:37.002838,4600.00,reptiloid,0,0,0
2026-09-17 16:02:03.467366,4600.00,reptiloid,0,0,0
2026-09-17 15:59:16.683486,3900.00,reptiloid,0,0,0
2026-09-17 15:56:33.04138,4600.00,veyfora,0,0,0
2026-09-17 15:54:00.577796,4600.00,veyfora,0,0,0
2026-09-17 15:46:10.585428,4300.00,reptiloid,0,0,0
2026-09-17 15:37:13.587096,4600.00,reptiloid,0,0,0
2026-09-17 14:48:21.85581,4400.00,reptiloid,0,0,0
2026-09-17 14:45:00.776881,500.00,reptiloid,0,0,0
2026-09-17 14:36:30.851494,4400.00,reptiloid,0,0,0
2026-09-17 14:30:08.558877,4250.00,reptiloid,0,0,0
2026-09-17 14:26:27.745649,4600.00,reptiloid,0,0,0
2026-09-17 14:23:42.390371,4600.00,reptiloid,0,0,0
2026-09-17 14:20:54.956122,4400.00,reptiloid,0,0,0
2026-09-17 14:19:27.026251,4300.00,reptiloid,0,0,0
2026-09-17 14:13:41.814957,2350.00,reptiloid,0,0,0
2026-09-17 14:06:29.592688,4600.00,reptiloid,0,0,0
2026-09-17 13:55:10.880867,4200.00,reptiloid,0,0,0
2026-09-17 13:51:28.642541,4600.00,reptiloid,0,0,0
2026-09-17 13:46:08.962174,500.00,reptiloid,0,0,0
2026-09-17 13:35:31.854666,4600.00,reptiloid,0,0,0
2026-09-17 13:34:13.455795,2200.00,reptiloid,0,0,0
2026-09-17 13:23:02.660542,4600.00,reptiloid,0,0,0
2026-09-17 13:17:29.814613,4600.00,reptiloid,0,0,0
2026-09-17 12:58:30.080776,2100.00,reptiloid,0,0,0
2026-09-17 12:15:37.704742,4600.00,reptiloid,0,0,0
2026-09-17 11:44:54.748889,4600.00,card,0,0,0
2026-09-17 11:42:48.357598,4600.00,merchant001,0,0,0
2026-09-17 11:31:20.096609,4600.00,merchant001,0,0,0
2026-09-17 11:31:04.463775,2080.00,reptiloid,0,0,0
2026-09-17 11:23:12.443143,4400.00,reptiloid,0,0,0
2026-09-17 11:06:51.933071,500.00,reptiloid,0,0,0
2026-09-17 11:00:12.548351,4600.00,merchant001,0,0,0
2026-09-17 10:50:41.756122,3900.00,reptiloid,0,0,0
2026-09-17 10:42:24.940868,4382.00,reptiloid,0,0,0
2026-09-17 10:39:00.482829,4500.00,reptiloid,0,0,0
2026-09-17 10:11:38.700736,4600.00,reptiloid,0,0,0
2026-09-17 10:02:39.671063,500.00,reptiloid,0,0,0
2026-09-17 10:00:59.975494,4500.00,reptiloid,0,0,0
2026-09-17 09:29:51.813809,4600.00,reptiloid,0,0,0
2026-09-17 09:19:20.877334,2400.00,reptiloid,0,0,0
2026-09-17 08:53:59.572186,4000.00,reptiloid,0,0,0
2026-09-17 08:30:36.976298,4600.00,transa,0,0,0
2026-09-17 08:26:02.361579,4300.00,reptiloid,0,0,0
2026-09-17 07:58:54.884317,4600.00,reptiloid,0,0,0
2026-09-17 07:21:41.599247,4300.00,reptiloid,0,0,0
2026-09-17 06:30:33.778939,4650.00,reptiloid,0,0,0
2026-09-17 02:26:03.738447,2000.00,reptiloid,0,0,0
2026-09-17 01:49:05.95975,500.00,reptiloid,0,0,0
2026-09-17 01:12:59.324161,4600.00,transa,0,0,0
2026-09-17 00:53:54.855377,4600.00,card,0,0,0
2026-09-17 00:42:57.685695,4600.00,merchant001,0,0,0
2026-09-17 00:29:47.787755,4400.00,reptiloid,0,0,0
2026-09-16 23:25:12.241374,4356.00,reptiloid,0,0,0
2026-09-16 22:59:53.512557,2200.00,reptiloid,0,0,0
2026-09-16 22:59:31.370995,1950.00,card,0,0,0
2026-09-16 22:44:14.007885,4700.00,card,0,0,0
2026-09-16 22:19:12.562582,4350.00,reptiloid,0,0,0
2026-09-16 21:49:53.101239,2500.00,reptiloid,0,0,0
2026-09-16 21:46:41.134664,4400.00,reptiloid,0,0,0
2026-09-16 21:44:04.66716,4600.00,reptiloid,0,0,0
2026-09-16 21:23:16.456158,2000.00,reptiloid,0,0,0
2026-09-16 21:22:58.929731,4600.00,reptiloid,0,0,0
2026-09-16 21:14:29.07498,4350.00,reptiloid,0,0,0
2026-09-16 21:09:25.894004,4600.00,reptiloid,0,0,0
2026-09-16 21:05:43.505986,4600.00,reptiloid,0,0,0
2026-09-16 21:04:56.786168,4600.00,reptiloid,0,0,0
2026-09-16 21:02:04.307078,4600.00,reptiloid,0,0,0
2026-09-16 20:52:09.003671,4600.00,card,0,0,0
2026-09-16 20:49:25.481933,4100.00,reptiloid,0,0,0
2026-09-16 20:36:04.244541,500.00,reptiloid,0,0,0
2026-09-16 20:27:18.545977,4400.00,reptiloid,0,0,0
2026-09-16 20:09:56.19869,3960.00,reptiloid,0,0,0
2026-09-16 20:05:10.47355,3950.00,reptiloid,0,0,0
2026-09-16 20:02:43.773426,4500.00,reptiloid,0,0,0
2026-09-16 19:59:34.861165,4600.00,reptiloid,0,0,0
2026-09-16 19:48:41.732839,2400.00,reptiloid,0,0,0
2026-09-16 19:44:29.765586,4600.00,reptiloid,0,0,0
2026-09-16 18:54:17.853651,4200.00,reptiloid,0,0,0
2026-09-16 18:53:38.585732,4600.00,reptiloid,0,0,0
2026-09-16 18:53:24.921239,4300.00,reptiloid,0,0,0
2026-09-16 18:43:11.318736,4000.00,reptiloid,0,0,0
2026-09-16 18:38:38.316421,4500.00,reptiloid,0,0,0
2026-09-16 18:37:20.264019,4240.00,reptiloid,0,0,0
2026-09-16 18:14:21.926911,2300.00,reptiloid,0,0,0
2026-09-16 17:56:20.051886,4600.00,transa,0,0,0
2026-09-16 17:44:54.542018,4400.00,reptiloid,0,0,0
2026-09-16 17:30:02.818096,4500.00,reptiloid,0,0,0
2026-09-16 17:09:32.799124,4400.00,reptiloid,0,0,0
2026-09-16 17:09:07.82806,4400.00,reptiloid,0,0,0
2026-09-16 17:05:09.314897,4400.00,reptiloid,0,0,0
2026-09-16 17:03:39.96905,9000.00,reptiloid,0,0,0
2026-09-16 16:58:44.751011,4600.00,transa,0,0,0
2026-09-16 16:58:15.718448,4600.00,reptiloid,0,0,0
2026-09-16 16:48:42.518217,4350.00,reptiloid,0,0,0
2026-09-16 16:46:55.516928,4600.00,reptiloid,0,0,0
2026-09-16 16:41:03.608736,2600.00,reptiloid,0,0,0
2026-09-16 16:05:06.49779,500.00,reptiloid,0,0,0
2026-09-16 16:01:43.802655,4400.00,reptiloid,0,0,0
2026-09-16 16:01:25.215288,4000.00,reptiloid,0,0,0
2026-09-16 15:58:15.903095,2000.00,reptiloid,0,0,0
2026-09-16 15:51:12.561461,4600.00,reptiloid,0,0,0
2026-09-16 15:49:22.572196,4600.00,reptiloid,0,0,0
2026-09-16 15:13:33.933674,500.00,card,0,0,0
2026-09-16 15:12:54.410647,3900.00,card,0,0,0
2026-09-16 15:08:18.227522,4600.00,reptiloid,0,0,0
2026-09-16 15:03:15.744867,3200.00,reptiloid,0,0,0
2026-09-16 14:48:51.84821,4600.00,merchant001,0,0,0
2026-09-16 14:10:54.22214,4600.00,reptiloid,0,0,0
2026-09-16 14:06:56.536807,4600.00,reptiloid,0,0,0
2026-09-16 14:01:10.135356,4400.00,reptiloid,0,0,0
2026-09-16 13:54:16.392672,4600.00,reptiloid,0,0,0
2026-09-16 13:50:17.030562,2350.00,reptiloid,0,0,0
2026-09-16 13:40:07.039729,4600.00,onlypays,0,0,0
2026-09-16 13:15:24.063196,1150.00,reptiloid,0,0,0
2026-09-16 13:11:58.994029,2300.00,reptiloid,0,0,0
2026-09-16 13:10:41.23088,1300.00,reptiloid,0,0,0
2026-09-16 13:02:33.786535,4200.00,reptiloid,0,0,0
2026-09-16 13:00:15.466732,4300.00,reptiloid,0,0,0
2026-09-16 12:49:41.510078,3450.0000,USDT,0,0,43.823000
2026-09-16 12:46:09.624638,4500.00,reptiloid,0,0,0
2026-09-16 12:40:53.789135,4500.00,reptiloid,0,0,0
2026-09-16 12:39:12.993139,4500.00,reptiloid,0,0,0
2026-09-16 12:24:47.397903,9000.00,reptiloid,0,0,0
2026-09-16 12:20:00.041893,4400.00,reptiloid,0,0,0
2026-09-16 12:06:36.736443,500.00,reptiloid,0,0,0
2026-09-16 11:58:08.868564,2000.00,reptiloid,0,0,0
2026-09-16 11:57:36.151866,4500.00,reptiloid,0,0,0
2026-09-16 11:55:35.256951,4300.00,reptiloid,0,0,0
2026-09-16 11:54:42.307248,2370.00,reptiloid,0,0,0
2026-09-16 11:51:53.753035,4600.00,reptiloid,0,0,0
2026-09-16 11:50:06.594812,1900.00,reptiloid,0,0,0
2026-09-16 11:31:32.394568,4600.00,reptiloid,0,0,0
2026-09-16 11:29:19.478086,4600.00,reptiloid,0,0,0
2026-09-16 11:15:53.515507,4305.00,reptiloid,0,0,0
2026-09-16 10:36:14.114198,1100.00,reptiloid,0,0,0
2026-09-16 10:32:18.782113,3200.00,reptiloid,0,0,0
2026-09-16 10:13:02.219147,4100.00,reptiloid,0,0,0
2026-09-16 09:46:15.301934,4500.00,reptiloid,0,0,0
2026-09-16 09:43:44.751342,4300.00,reptiloid,0,0,0
2026-09-16 09:35:45.683177,4600.00,transa,0,0,0
2026-09-16 09:30:13.924995,4600.00,card,0,0,0
2026-09-16 09:14:04.522677,2380.00,card,0,0,0
2026-09-16 09:12:28.375159,4600.00,reptiloid,0,0,0
2026-09-16 08:47:06.227873,12900.00,reptiloid,0,0,0
2026-09-16 05:42:44.550317,700.00,card,0,0,0
2026-09-16 04:37:28.829726,2150.00,reptiloid,0,0,0
2026-09-16 03:10:17.477128,4600.00,reptiloid,0,0,0
2026-09-16 02:33:11.070706,4600.00,reptiloid,0,0,0
2026-09-16 01:20:37.670756,2300.00,reptiloid,0,0,0
2026-09-16 00:50:05.937698,4600.00,reptiloid,0,0,0
2026-09-16 00:11:09.952671,3450.0000,USDT,0,0,43.823000
2026-09-16 00:09:53.878747,4600.00,card,0,0,0
2026-09-15 23:55:17.368183,4500.00,reptiloid,0,0,0
2026-09-15 23:53:22.898028,4400.00,reptiloid,0,0,0
2026-09-15 23:46:10.000041,4600.00,reptiloid,0,0,0
2026-09-15 23:03:32.906659,4600.00,reptiloid,0,0,0
2026-09-15 22:55:14.921388,4500.00,reptiloid,0,0,0
2026-09-15 22:50:56.954714,2700.00,reptiloid,0,0,0
2026-09-15 22:39:15.485503,4600.00,card,0,0,0
2026-09-15 22:20:36.565307,500.00,reptiloid,0,0,0
2026-09-15 21:58:32.317083,4600.00,reptiloid,0,0,0
2026-09-15 21:47:23.440606,4600.00,merchant001,0,0,0
2026-09-15 21:42:40.933123,2000.00,reptiloid,0,0,0
2026-09-15 21:39:58.16708,1900.00,reptiloid,0,0,0
2026-09-15 21:32:04.455725,4100.00,reptiloid,0,0,0
2026-09-15 21:31:09.88702,4000.00,reptiloid,0,0,0
2026-09-15 21:01:08.752188,4300.00,reptiloid,0,0,0
2026-09-15 20:51:36.948999,1850.00,reptiloid,0,0,0
2026-09-15 20:50:31.697252,4400.00,reptiloid,0,0,0
2026-09-15 20:49:30.892981,4400.00,reptiloid,0,0,0
2026-09-15 20:45:51.157271,2300.00,reptiloid,0,0,0
2026-09-15 20:25:18.194987,2500.00,reptiloid,0,0,0
2026-09-15 19:59:48.726508,4300.00,reptiloid,0,0,0
2026-09-15 19:49:36.645588,2300.00,reptiloid,0,0,0
2026-09-15 19:25:56.034681,2600.00,card,0,0,0
2026-09-15 19:16:10.349403,4600.00,transa,0,0,0
2026-09-15 19:00:14.306899,4600.00,reptiloid,0,0,0
2026-09-15 18:57:54.567628,3570.00,reptiloid,0,0,0
2026-09-15 18:41:24.26165,2500.00,reptiloid,0,0,0
2026-09-15 18:36:17.571838,2700.00,card,0,0,0
2026-09-15 18:19:53.007045,4600.00,reptiloid,0,0,0
2026-09-15 17:58:16.674377,4400.00,reptiloid,0,0,0
2026-09-15 17:39:56.269822,1300.00,reptiloid,0,0,0
2026-09-15 17:33:11.512149,4400.00,reptiloid,0,0,0
2026-09-15 17:12:17.389374,4400.00,reptiloid,0,0,0
2026-09-15 17:11:26.920501,4600.00,reptiloid,0,0,0
2026-09-15 17:00:48.711381,4600.00,card,0,0,0
2026-09-15 16:29:23.152556,4600.00,transa,0,0,0
2026-09-15 16:28:49.260998,4300.00,reptiloid,0,0,0
2026-09-15 16:23:00.108336,4600.00,transa,0,0,0
2026-09-15 16:20:00.611483,4500.00,reptiloid,0,0,0
2026-09-15 16:08:59.457485,4400.00,reptiloid,0,0,0
2026-09-15 16:00:49.568546,4400.00,reptiloid,0,0,0
2026-09-15 15:53:54.46455,4600.00,reptiloid,0,0,0
2026-09-15 15:52:40.228411,4600.00,reptiloid,0,0,0
2026-09-15 15:51:22.966204,4600.00,transa,0,0,0
2026-09-15 15:50:48.157417,900.00,BTC,0.00013717,0,0
2026-09-15 15:42:35.722932,4000.00,reptiloid,0,0,0
2026-09-15 15:04:35.081937,2200.00,reptiloid,0,0,0
2026-09-15 15:00:44.717497,2700.00,merchant001,0,0,0
2026-09-15 14:48:56.842889,4300.00,reptiloid,0,0,0
2026-09-15 14:25:05.430255,3450.0000,USDT,0,0,43.823000
2026-09-15 14:09:08.468614,4385.00,reptiloid,0,0,0
2026-09-15 12:53:33.810103,4200.00,reptiloid,0,0,0
2026-09-15 12:47:32.121174,4350.00,reptiloid,0,0,0
2026-09-15 12:41:28.728555,2950.00,reptiloid,0,0,0
2026-09-15 12:35:13.699912,4600.00,reptiloid,0,0,0
2026-09-15 12:16:13.117597,500.00,reptiloid,0,0,0
2026-09-15 12:02:40.387989,2100.00,card,0,0,0
2026-09-15 11:06:51.80886,4400.00,reptiloid,0,0,0
2026-09-15 10:45:44.596818,500.00,reptiloid,0,0,0
2026-09-15 10:44:45.294664,4600.00,reptiloid,0,0,0
2026-09-15 10:43:22.661689,4300.00,reptiloid,0,0,0
2026-09-15 10:34:54.541894,4600.00,reptiloid,0,0,0
2026-09-15 10:31:12.67148,4600.00,reptiloid,0,0,0
2026-09-15 10:20:34.404185,4600.00,reptiloid,0,0,0
2026-09-15 09:52:27.025471,2700.00,card,0,0,0
2026-09-15 09:50:45.165797,4600.00,card,0,0,0
2026-09-15 09:47:04.82097,2000.00,reptiloid,0,0,0
2026-09-15 09:21:53.588304,2400.00,card,0,0,0
2026-09-15 09:15:57.183164,4500.00,reptiloid,0,0,0
2026-09-15 09:07:08.438566,4600.00,reptiloid,0,0,0
2026-09-15 09:06:53.047952,1400.00,reptiloid,0,0,0
2026-09-15 08:22:14.97737,2500.00,card,0,0,0
2026-09-15 07:53:34.840758,4000.00,reptiloid,0,0,0
2026-09-15 07:30:38.040024,2600.00,card,0,0,0
2026-09-15 07:14:58.69375,700.00,reptiloid,0,0,0
2026-09-15 07:03:50.145588,2250.00,reptiloid,0,0,0
2026-09-15 06:25:40.099298,4600.00,reptiloid,0,0,0
2026-09-15 05:17:26.277364,2700.00,card,0,0,0
2026-09-15 04:58:56.356573,2700.00,merchant001,0,0,0
2026-09-15 04:51:54.814334,9000.00,reptiloid,0,0,0
2026-09-15 04:38:56.629646,4600.00,reptiloid,0,0,0
2026-09-15 04:25:05.387237,4250.00,reptiloid,0,0,0
2026-09-15 03:25:34.310975,4200.00,reptiloid,0,0,0
2026-09-15 02:42:25.855079,4400.00,reptiloid,0,0,0
2026-09-15 01:55:08.135623,4600.00,reptiloid,0,0,0
2026-09-15 01:54:43.210932,4600.00,reptiloid,0,0,0
2026-09-15 01:22:44.789539,4600.00,reptiloid,0,0,0
2026-09-15 01:14:29.598945,4600.00,reptiloid,0,0,0
2026-09-15 01:05:46.963083,4600.00,reptiloid,0,0,0
2026-09-15 01:03:49.484919,2400.00,reptiloid,0,0,0
2026-09-15 00:50:20.235217,2600.00,reptiloid,0,0,0
2026-09-15 00:26:24.090152,4600.00,reptiloid,0,0,0
2026-09-14 23:54:50.757465,4300.00,reptiloid,0,0,0
2026-09-14 23:20:50.264962,2600.00,reptiloid,0,0,0
2026-09-14 22:44:36.828823,2200.00,reptiloid,0,0,0
2026-09-14 22:29:20.817076,4600.00,transa,0,0,0
2026-09-14 21:58:27.364004,500.00,reptiloid,0,0,0
2026-09-14 21:52:52.527443,4100.00,reptiloid,0,0,0
2026-09-14 21:50:32.981603,4400.00,reptiloid,0,0,0
2026-09-14 21:50:04.585991,4300.00,reptiloid,0,0,0
2026-09-14 21:15:52.989487,1800.00,reptiloid,0,0,0
2026-09-14 21:13:50.537788,4200.00,reptiloid,0,0,0
2026-09-14 21:08:57.565229,2400.00,reptiloid,0,0,0
2026-09-14 20:47:58.128175,2000.00,reptiloid,0,0,0
2026-09-14 20:37:16.703762,1500.00,reptiloid,0,0,0
2026-09-14 20:36:58.566751,3100.00,reptiloid,0,0,0
2026-09-14 20:34:18.383308,2400.00,reptiloid,0,0,0
2026-09-14 20:27:33.776543,2250.00,reptiloid,0,0,0
2026-09-14 20:22:14.766415,2300.00,reptiloid,0,0,0
2026-09-14 20:02:01.293347,4600.00,transa,0,0,0
2026-09-14 19:50:14.083811,500.00,reptiloid,0,0,0
2026-09-14 19:44:02.325788,4400.00,reptiloid,0,0,0
2026-09-14 19:36:58.549641,2000.00,reptiloid,0,0,0
2026-09-14 19:36:03.176262,2400.00,reptiloid,0,0,0
2026-09-14 19:29:58.096015,4500.00,reptiloid,0,0,0
2026-09-14 19:22:03.62474,500.00,reptiloid,0,0,0
2026-09-14 19:18:08.090925,4600.00,reptiloid,0,0,0
2026-09-14 19:11:03.099394,1700.00,reptiloid,0,0,0
2026-09-14 19:07:45.520805,4286.00,reptiloid,0,0,0
2026-09-14 19:07:07.805425,4250.00,reptiloid,0,0,0
2026-09-14 19:06:49.002787,500.00,reptiloid,0,0,0
2026-09-14 19:06:24.558248,4600.00,reptiloid,0,0,0
2026-09-14 18:59:05.346594,4600.00,reptiloid,0,0,0
2026-09-14 18:08:20.456141,4400.00,reptiloid,0,0,0
2026-09-14 18:02:22.530241,2250.00,reptiloid,0,0,0
2026-09-14 16:07:59.588641,6000.00,reptiloid,0,0,0
2026-09-14 16:01:04.527507,3650.00,reptiloid,0,0,0
2026-09-14 15:41:51.961944,4300.00,reptiloid,0,0,0
2026-09-14 15:39:11.692049,4500.00,card,0,0,0
2026-09-14 15:29:19.347808,4500.00,reptiloid,0,0,0
2026-09-14 15:15:36.934888,4500.00,reptiloid,0,0,0
2026-09-14 15:13:13.850081,4500.00,transa,0,0,0
2026-09-14 15:05:22.138749,4500.00,transa,0,0,0
2026-09-14 15:01:41.534992,4500.00,transa,0,0,0
2026-09-14 14:40:06.299238,2300.00,reptiloid,0,0,0
2026-09-14 14:37:06.257103,4500.00,card,0,0,0
2026-09-14 14:19:58.087813,4300.00,reptiloid,0,0,0
2026-09-14 14:08:31.707381,500.00,reptiloid,0,0,0
2026-09-14 13:40:48.97815,4280.00,reptiloid,0,0,0
2026-09-14 13:16:02.41768,4300.00,reptiloid,0,0,0
2026-09-14 13:04:01.057476,4500.00,reptiloid,0,0,0
2026-09-14 12:38:30.858442,2250.00,reptiloid,0,0,0
2026-09-14 12:31:25.459003,4500.00,reptiloid,0,0,0
2026-09-14 12:14:03.107006,3950.00,reptiloid,0,0,0
2026-09-14 12:10:18.184412,4500.00,reptiloid,0,0,0
2026-09-14 11:03:33.527178,2250.00,reptiloid,0,0,0
2026-09-14 10:39:33.20416,4200.00,reptiloid,0,0,0
2026-09-14 09:21:08.995046,4000.00,reptiloid,0,0,0
2026-09-14 09:19:24.251632,4500.00,reptiloid,0,0,0
2026-09-14 09:15:53.369141,2444.00,USDT,0,0,23.283000
2026-09-14 09:12:05.977317,4250.00,reptiloid,0,0,0
2026-09-14 09:01:16.416908,2400.00,reptiloid,0,0,0
2026-09-14 08:36:11.730033,4300.00,reptiloid,0,0,0
2026-09-14 08:18:42.553262,500.00,reptiloid,0,0,0
2026-09-14 07:53:52.398458,4300.00,reptiloid,0,0,0
2026-09-14 07:53:50.417748,2100.00,reptiloid,0,0,0
2026-09-14 05:57:12.873586,4500.00,reptiloid,0,0,0
2026-09-14 05:43:46.175092,4300.00,reptiloid,0,0,0
2026-09-14 04:20:33.823548,4300.00,reptiloid,0,0,0
2026-09-14 03:39:32.258969,2300.00,reptiloid,0,0,0
2026-09-14 01:47:04.195215,4500.00,reptiloid,0,0,0
2026-09-14 01:09:53.647414,4500.00,reptiloid,0,0,0
2026-09-14 01:07:18.477999,4300.00,reptiloid,0,0,0
2026-09-14 00:38:34.198998,6700.00,reptiloid,0,0,0
2026-09-14 00:23:20.510835,2170.00,reptiloid,0,0,0
2026-09-13 23:22:00.647258,4350.00,reptiloid,0,0,0
2026-09-13 23:07:42.17873,4500.00,reptiloid,0,0,0
2026-09-13 23:04:39.312114,4500.00,reptiloid,0,0,0
2026-09-13 22:45:45.607739,4500.00,reptiloid,0,0,0
2026-09-13 22:35:30.038159,500.00,reptiloid,0,0,0
2026-09-13 22:27:49.929962,4300.00,reptiloid,0,0,0
2026-09-13 22:14:18.188863,2150.00,reptiloid,0,0,0
2026-09-13 22:05:41.213577,4000.00,reptiloid,0,0,0
2026-09-13 21:33:45.712539,4300.00,reptiloid,0,0,0
2026-09-13 21:33:31.700394,4500.00,reptiloid,0,0,0
2026-09-13 21:29:40.398984,4500.00,reptiloid,0,0,0
2026-09-13 21:27:27.65214,4282.00,reptiloid,0,0,0
2026-09-13 21:17:22.910379,4500.00,reptiloid,0,0,0
2026-09-13 20:59:53.728725,2200.00,reptiloid,0,0,0
2026-09-13 20:27:14.174835,4500.00,reptiloid,0,0,0
2026-09-13 20:12:34.093214,2400.00,reptiloid,0,0,0
2026-09-13 20:02:45.359224,4500.00,reptiloid,0,0,0
2026-09-13 19:54:54.176309,4300.00,reptiloid,0,0,0
2026-09-13 19:41:34.216853,4400.00,reptiloid,0,0,0
2026-09-13 19:32:56.026584,500.00,reptiloid,0,0,0
2026-09-13 19:29:27.949463,4500.00,reptiloid,0,0,0
2026-09-13 19:20:34.683105,2000.00,reptiloid,0,0,0
2026-09-13 19:15:41.128439,4500.00,transa,0,0,0
2026-09-13 18:55:34.262818,1800.00,reptiloid,0,0,0
2026-09-13 18:51:42.747445,4300.00,reptiloid,0,0,0
2026-09-13 18:38:21.246989,4500.00,reptiloid,0,0,0
2026-09-13 18:33:21.590853,4500.00,reptiloid,0,0,0
2026-09-13 18:13:51.822622,1800.00,reptiloid,0,0,0
2026-09-13 18:07:54.489002,11000.00,card,0,0,0
2026-09-13 17:56:50.073153,4500.00,reptiloid,0,0,0
2026-09-13 17:50:31.506537,4200.00,reptiloid,0,0,0
2026-09-13 17:49:14.292073,2250.00,reptiloid,0,0,0
2026-09-13 17:47:16.900905,4500.00,transa,0,0,0
2026-09-13 17:41:38.841775,4500.00,reptiloid,0,0,0
2026-09-13 17:34:48.559004,2300.00,reptiloid,0,0,0
2026-09-13 17:15:30.385852,4500.00,reptiloid,0,0,0
2026-09-13 17:12:19.2173,3550.00,reptiloid,0,0,0
2026-09-13 17:06:06.773382,4400.00,reptiloid,0,0,0
2026-09-13 16:58:56.022342,2000.00,reptiloid,0,0,0
2026-09-13 16:49:55.6012,4500.00,reptiloid,0,0,0
2026-09-13 16:39:48.759936,4300.00,reptiloid,0,0,0
2026-09-13 16:36:07.815468,1700.00,reptiloid,0,0,0
2026-09-13 16:35:14.693593,4500.00,reptiloid,0,0,0
2026-09-13 16:32:50.83466,4300.00,reptiloid,0,0,0
2026-09-13 16:11:10.175466,4300.00,reptiloid,0,0,0
2026-09-13 16:09:15.751095,4300.00,reptiloid,0,0,0
2026-09-13 16:08:38.690296,4500.00,transa,0,0,0
2026-09-13 15:59:37.004442,4000.00,reptiloid,0,0,0
2026-09-13 15:43:52.608869,4500.00,reptiloid,0,0,0
2026-09-13 15:37:12.982011,2800.00,reptiloid,0,0,0
2026-09-13 15:24:50.506189,2255.00,reptiloid,0,0,0
2026-09-13 15:23:20.604163,4500.00,reptiloid,0,0,0
2026-09-13 15:09:58.296011,4300.00,reptiloid,0,0,0
2026-09-13 14:51:40.029804,4000.00,reptiloid,0,0,0
2026-09-13 14:47:43.809124,4350.00,reptiloid,0,0,0
2026-09-13 14:31:09.179712,2500.00,reptiloid,0,0,0
2026-09-13 14:29:29.303838,4300.00,reptiloid,0,0,0
2026-09-13 14:24:51.922995,4500.00,reptiloid,0,0,0
2026-09-13 14:03:40.178815,4300.00,reptiloid,0,0,0
2026-09-13 13:49:21.953857,4500.00,transa,0,0,0
2026-09-13 13:44:58.308261,4350.00,reptiloid,0,0,0
2026-09-13 13:20:28.237093,4500.00,card,0,0,0
2026-09-13 13:12:21.771239,4500.00,reptiloid,0,0,0
2026-09-13 12:52:59.925097,4000.00,reptiloid,0,0,0
2026-09-13 12:43:24.284631,4500.00,transa,0,0,0
2026-09-13 12:07:29.73507,4300.00,reptiloid,0,0,0
2026-09-13 11:51:34.674099,4000.00,reptiloid,0,0,0
2026-09-13 11:42:12.224898,3000.00,USDT,0,0,28.580000
2026-09-13 11:39:43.78027,6600.00,reptiloid,0,0,0
2026-09-13 11:27:46.165769,4500.00,card,0,0,0
2026-09-13 11:15:41.145508,4400.00,nirvana,0,0,0
2026-09-13 10:37:12.327994,700.00,reptiloid,0,0,0
2026-09-13 10:04:05.059802,3375.0000,USDT,0,0,42.870000
2026-09-13 09:52:04.350483,4000.00,nirvana,0,0,0
2026-09-13 09:20:38.290128,4500.00,reptiloid,0,0,0
2026-09-13 08:08:16.086346,2500.00,reptiloid,0,0,0
2026-09-13 07:43:54.238421,4370.00,reptiloid,0,0,0
2026-09-13 07:14:59.025357,4500.00,reptiloid,0,0,0
2026-09-13 07:10:47.066823,2800.00,reptiloid,0,0,0
2026-09-13 04:39:27.249545,2800.00,reptiloid,0,0,0
2026-09-13 03:21:43.94581,4280.00,reptiloid,0,0,0
2026-09-13 03:11:17.454672,2800.00,reptiloid,0,0,0
2026-09-13 03:04:45.942212,2000.00,reptiloid,0,0,0
2026-09-13 02:47:58.967795,2300.00,reptiloid,0,0,0
2026-09-13 02:38:45.140646,4500.00,transa,0,0,0
2026-09-13 02:16:02.497297,4200.00,reptiloid,0,0,0
2026-09-13 02:11:41.790433,2250.00,reptiloid,0,0,0
2026-09-13 01:27:21.652429,4000.00,card,0,0,0
2026-09-13 00:36:57.182167,4500.00,transa,0,0,0
2026-09-13 00:15:55.628117,4500.00,reptiloid,0,0,0
2026-09-12 23:55:57.037391,4500.00,reptiloid,0,0,0
2026-09-12 23:11:52.703646,4500.00,card,0,0,0
2026-09-12 23:00:03.249604,4500.00,card,0,0,0
2026-09-12 22:49:00.908642,4500.00,reptiloid,0,0,0
2026-09-12 22:46:18.667962,4500.00,reptiloid,0,0,0
2026-09-12 22:45:35.478776,4500.00,reptiloid,0,0,0
2026-09-12 22:43:49.656026,4500.00,reptiloid,0,0,0
2026-09-12 22:38:18.980459,4500.00,reptiloid,0,0,0
2026-09-12 22:35:20.595158,500.00,reptiloid,0,0,0
2026-09-12 22:32:03.36171,4500.00,transa,0,0,0
2026-09-12 22:22:24.554719,4500.00,reptiloid,0,0,0
2026-09-12 22:18:16.975367,3700.00,reptiloid,0,0,0
2026-09-12 22:11:48.911285,4000.00,card,0,0,0
2026-09-12 22:06:59.493726,4500.00,reptiloid,0,0,0
2026-09-12 22:00:49.806818,4500.00,reptiloid,0,0,0
2026-09-12 21:54:30.449391,4000.00,card,0,0,0
2026-09-12 21:41:28.304357,3400.00,card,0,0,0
2026-09-12 20:57:05.851551,4500.00,reptiloid,0,0,0
2026-09-12 20:45:16.684055,4500.00,reptiloid,0,0,0
2026-09-12 20:44:16.869729,4500.00,reptiloid,0,0,0
2026-09-12 20:40:50.592369,4000.00,reptiloid,0,0,0
2026-09-12 20:21:34.088009,4500.00,transa,0,0,0
2026-09-12 20:21:19.346676,4500.00,card,0,0,0
2026-09-12 20:12:13.562935,3000.00,card,0,0,0
2026-09-12 20:11:32.472701,4300.00,reptiloid,0,0,0
2026-09-12 19:37:25.169175,800.00,reptiloid,0,0,0
2026-09-12 19:35:25.014042,4400.00,reptiloid,0,0,0
2026-09-12 19:33:13.06581,4500.00,reptiloid,0,0,0
2026-09-12 19:28:27.591666,4500.00,reptiloid,0,0,0
2026-09-12 19:25:24.139822,2500.00,reptiloid,0,0,0
2026-09-12 19:21:04.504411,4500.00,reptiloid,0,0,0
2026-09-12 19:20:49.775542,4500.00,transa,0,0,0
2026-09-12 19:19:51.049405,4500.00,reptiloid,0,0,0
2026-09-12 19:17:01.600385,4300.00,reptiloid,0,0,0
2026-09-12 19:11:06.643455,4500.00,transa,0,0,0
2026-09-12 19:00:18.810968,4200.00,reptiloid,0,0,0
2026-09-12 18:59:47.43117,2450.00,reptiloid,0,0,0
2026-09-12 18:56:24.627314,4200.00,reptiloid,0,0,0
2026-09-12 18:32:14.497118,2300.00,reptiloid,0,0,0
2026-09-12 18:31:18.695416,4300.00,reptiloid,0,0,0
2026-09-12 18:21:00.277448,3500.00,reptiloid,0,0,0
2026-09-12 18:19:36.981672,2100.00,reptiloid,0,0,0
2026-09-12 18:12:18.61985,2800.00,reptiloid,0,0,0
2026-09-12 17:51:15.809822,2150.00,reptiloid,0,0,0
2026-09-12 17:45:39.081595,4250.00,reptiloid,0,0,0
2026-09-12 17:23:23.33189,4400.00,reptiloid,0,0,0
2026-09-12 17:22:26.91477,4300.00,reptiloid,0,0,0
2026-09-12 16:58:41.186309,4500.00,reptiloid,0,0,0
2026-09-12 16:42:41.804982,4100.00,reptiloid,0,0,0
2026-09-12 16:42:22.646199,4500.00,transa,0,0,0
2026-09-12 16:34:45.094735,4100.00,reptiloid,0,0,0
2026-09-12 16:28:44.286602,2100.00,reptiloid,0,0,0
2026-09-12 16:22:27.447562,12500.00,reptiloid,0,0,0
2026-09-12 16:21:27.320207,4400.00,reptiloid,0,0,0
2026-09-12 16:19:01.340888,500.00,reptiloid,0,0,0
2026-09-12 16:14:04.474999,3200.00,reptiloid,0,0,0
2026-09-12 16:11:09.861758,12500.00,reptiloid,0,0,0
2026-09-12 16:06:22.918359,4500.00,reptiloid,0,0,0
2026-09-12 16:05:26.410782,12500.00,reptiloid,0,0,0
2026-09-12 16:03:30.532318,2300.00,reptiloid,0,0,0
2026-09-12 16:03:17.470184,12500.00,reptiloid,0,0,0
2026-09-12 15:54:53.114269,2000.00,reptiloid,0,0,0
2026-09-12 15:43:55.753848,2050.00,reptiloid,0,0,0
2026-09-12 15:41:15.390858,2000.00,reptiloid,0,0,0
2026-09-12 15:36:31.655421,4500.00,reptiloid,0,0,0
2026-09-12 15:32:13.279055,2300.00,reptiloid,0,0,0
2026-09-12 15:24:46.858783,4000.00,reptiloid,0,0,0
2026-09-12 15:05:46.73153,4500.00,reptiloid,0,0,0
2026-09-12 15:05:41.376053,4286.00,reptiloid,0,0,0
2026-09-12 14:55:49.371089,4200.00,reptiloid,0,0,0
2026-09-12 14:51:34.369206,4500.00,reptiloid,0,0,0
2026-09-12 14:46:26.654506,4000.00,reptiloid,0,0,0
2026-09-12 14:43:01.680829,4350.00,reptiloid,0,0,0
2026-09-12 14:42:56.689475,4390.00,reptiloid,0,0,0
2026-09-12 14:28:16.939048,4500.00,reptiloid,0,0,0
2026-09-12 14:25:48.003734,4320.00,reptiloid,0,0,0
2026-09-12 14:15:36.375602,4300.00,reptiloid,0,0,0
2026-09-12 14:15:10.508361,4500.00,reptiloid,0,0,0
2026-09-12 14:06:24.203979,4300.00,reptiloid,0,0,0
2026-09-12 14:01:19.061432,2500.00,reptiloid,0,0,0
2026-09-12 13:48:42.286595,4100.00,reptiloid,0,0,0
2026-09-12 13:30:39.433451,3550.00,reptiloid,0,0,0
2026-09-12 13:25:03.789855,4100.00,reptiloid,0,0,0
2026-09-12 13:20:06.032299,4500.00,transa,0,0,0
2026-09-12 13:11:02.52021,4560.00,reptiloid,0,0,0
2026-09-12 13:06:22.25558,4500.00,transa,0,0,0
2026-09-12 13:02:10.378563,4500.00,reptiloid,0,0,0
2026-09-12 12:57:16.067457,4350.00,reptiloid,0,0,0
2026-09-12 12:53:57.526131,4300.00,reptiloid,0,0,0
2026-09-12 12:42:00.120777,4200.00,reptiloid,0,0,0
2026-09-12 12:34:29.770432,12500.00,reptiloid,0,0,0
2026-09-12 12:32:08.023689,12500.00,reptiloid,0,0,0
2026-09-12 12:18:22.778023,4500.00,reptiloid,0,0,0
2026-09-12 11:58:43.934957,2300.00,reptiloid,0,0,0
2026-09-12 11:53:12.792754,4270.00,reptiloid,0,0,0
2026-09-12 11:39:36.923775,4500.00,reptiloid,0,0,0
2026-09-12 11:38:35.904789,2600.00,card,0,0,0
2026-09-12 11:35:29.54314,4250.00,reptiloid,0,0,0
2026-09-12 11:28:43.501471,4500.00,reptiloid,0,0,0
2026-09-12 11:25:42.170117,4700.00,card,0,0,0
2026-09-12 11:11:40.056158,4400.00,reptiloid,0,0,0
2026-09-12 10:42:53.862394,4300.00,reptiloid,0,0,0
2026-09-12 10:27:38.484036,1700.00,reptiloid,0,0,0
2026-09-12 10:13:56.833455,8790.00,reptiloid,0,0,0
2026-09-12 09:59:22.997768,4300.00,reptiloid,0,0,0
2026-09-12 09:55:06.712061,4050.00,reptiloid,0,0,0
2026-09-12 09:52:36.500871,4000.00,reptiloid,0,0,0
2026-09-12 09:46:20.822639,12500.00,reptiloid,0,0,0
2026-09-12 09:43:54.151872,12500.00,reptiloid,0,0,0
2026-09-12 09:42:12.431457,2800.00,reptiloid,0,0,0
2026-09-12 09:26:36.314467,4000.00,reptiloid,0,0,0
2026-09-12 09:19:57.140359,12500.00,reptiloid,0,0,0
2026-09-12 09:10:27.767786,4500.00,transa,0,0,0
2026-09-12 08:46:41.592641,4500.00,reptiloid,0,0,0
2026-09-12 08:11:57.071492,4500.00,reptiloid,0,0,0
2026-09-12 08:09:58.348264,4500.00,transa,0,0,0
2026-09-12 08:08:21.886385,4250.00,reptiloid,0,0,0
2026-09-12 08:07:19.765162,4500.00,reptiloid,0,0,0
2026-09-12 08:06:23.194852,4500.00,transa,0,0,0
2026-09-12 06:43:55.914234,4500.00,transa,0,0,0
2026-09-12 06:13:03.361788,2800.00,reptiloid,0,0,0
2026-09-12 05:50:40.259877,4300.00,reptiloid,0,0,0
2026-09-12 05:18:31.322816,4500.00,transa,0,0,0
2026-09-12 04:46:32.305001,4500.00,reptiloid,0,0,0
2026-09-12 04:09:33.099334,4500.00,reptiloid,0,0,0
2026-09-12 04:02:40.537964,2600.00,reptiloid,0,0,0
2026-09-12 03:26:17.915018,3900.00,reptiloid,0,0,0
2026-09-12 02:57:16.546574,4500.00,reptiloid,0,0,0
2026-09-12 02:52:37.904601,4000.00,reptiloid,0,0,0
2026-09-12 02:11:22.48571,4500.00,reptiloid,0,0,0
2026-09-12 02:09:01.850592,2700.00,nirvana,0,0,0
2026-09-12 01:07:56.663624,4500.00,reptiloid,0,0,0
2026-09-12 00:39:57.266619,4500.00,reptiloid,0,0,0
2026-09-12 00:26:02.096009,4300.00,reptiloid,0,0,0
2026-09-12 00:19:19.639226,2390.00,reptiloid,0,0,0
2026-09-11 23:39:56.447924,4500.00,reptiloid,0,0,0
2026-09-11 23:38:45.550589,4200.00,reptiloid,0,0,0
2026-09-11 23:35:11.293579,4500.00,reptiloid,0,0,0
2026-09-11 23:28:10.135562,2300.00,reptiloid,0,0,0
2026-09-11 23:13:28.825115,4000.00,reptiloid,0,0,0
2026-09-11 22:43:18.47226,4500.00,transa,0,0,0
2026-09-11 22:33:55.817079,4500.00,reptiloid,0,0,0
2026-09-11 22:30:54.257394,4000.00,reptiloid,0,0,0
2026-09-11 22:19:38.911571,4500.00,reptiloid,0,0,0
2026-09-11 22:14:09.768258,4500.00,transa,0,0,0
2026-09-11 22:06:07.275608,4300.00,reptiloid,0,0,0
2026-09-11 22:04:34.774411,4300.00,reptiloid,0,0,0
2026-09-11 21:48:32.047165,4200.00,reptiloid,0,0,0
2026-09-11 21:38:02.44486,2000.00,reptiloid,0,0,0
2026-09-11 21:19:38.692738,4350.00,reptiloid,0,0,0
2026-09-11 21:15:21.650287,3375.0000,USDT,0,0,42.870000
2026-09-11 21:13:44.682974,2350.00,reptiloid,0,0,0
2026-09-11 21:06:08.187383,4500.00,reptiloid,0,0,0
2026-09-11 21:00:37.9273,2800.00,reptiloid,0,0,0
2026-09-11 20:53:13.297437,1800.00,reptiloid,0,0,0
2026-09-11 20:51:49.421171,4000.00,reptiloid,0,0,0
2026-09-11 20:27:16.405831,4500.00,reptiloid,0,0,0
2026-09-11 20:04:52.703266,4500.00,reptiloid,0,0,0
2026-09-11 20:01:19.720665,2000.00,reptiloid,0,0,0
2026-09-11 19:59:30.122679,4500.00,transa,0,0,0
2026-09-11 19:40:09.922561,4500.00,reptiloid,0,0,0
2026-09-11 19:37:55.756676,4500.00,reptiloid,0,0,0
2026-09-11 19:27:01.987227,4500.00,card,0,0,0
2026-09-11 19:26:30.923191,4500.00,card,0,0,0
2026-09-11 19:18:33.959058,4300.00,reptiloid,0,0,0
2026-09-11 19:11:21.931312,4500.00,reptiloid,0,0,0
2026-09-11 18:55:42.211422,4500.00,transa,0,0,0
2026-09-11 18:42:33.142081,4100.00,reptiloid,0,0,0
2026-09-11 18:35:14.662031,4500.00,reptiloid,0,0,0
2026-09-11 18:14:44.964155,4300.00,reptiloid,0,0,0
2026-09-11 17:58:40.061335,4500.00,transa,0,0,0
2026-09-11 17:55:20.680117,500.00,reptiloid,0,0,0
2026-09-11 17:47:31.233175,4500.00,reptiloid,0,0,0
2026-09-11 17:37:40.968608,2000.00,reptiloid,0,0,0
2026-09-11 17:27:17.851788,4500.00,card,0,0,0
2026-09-11 17:25:59.360085,4500.00,reptiloid,0,0,0
2026-09-11 17:03:08.68633,8000.00,reptiloid,0,0,0
2026-09-11 16:54:51.715712,4240.00,reptiloid,0,0,0
2026-09-11 16:40:45.381027,4250.00,reptiloid,0,0,0
2026-09-11 16:20:45.933461,4000.00,card,0,0,0
2026-09-11 16:17:45.678992,4300.00,reptiloid,0,0,0
2026-09-11 16:15:55.080939,4500.00,reptiloid,0,0,0
2026-09-11 16:11:35.258292,800.00,reptiloid,0,0,0
2026-09-11 15:51:35.129492,2000.00,card,0,0,0
2026-09-11 15:48:24.757409,4500.00,transa,0,0,0
2026-09-11 15:42:16.495323,4500.00,transa,0,0,0
2026-09-11 15:32:39.367599,4500.00,reptiloid,0,0,0
2026-09-11 15:29:50.372965,2300.00,reptiloid,0,0,0
2026-09-11 15:22:53.160409,4500.00,card,0,0,0
2026-09-11 15:20:28.163099,3700.00,reptiloid,0,0,0
2026-09-11 15:02:53.827167,4500.00,transa,0,0,0
2026-09-11 14:51:04.36342,4500.00,reptiloid,0,0,0
2026-09-11 14:46:13.98205,4500.00,card,0,0,0
2026-09-11 14:35:12.718718,4500.00,transa,0,0,0
2026-09-11 14:32:58.226824,4500.00,transa,0,0,0
2026-09-11 14:28:40.716066,4500.00,reptiloid,0,0,0
2026-09-11 14:21:00.73133,4500.00,reptiloid,0,0,0
2026-09-11 14:17:24.079979,4500.00,reptiloid,0,0,0
2026-09-11 14:14:13.605674,4500.00,reptiloid,0,0,0
2026-09-11 14:10:04.902108,4000.00,card,0,0,0
2026-09-11 14:02:56.458322,1400.00,card,0,0,0
2026-09-11 14:00:27.737153,4100.00,reptiloid,0,0,0
2026-09-11 14:00:08.295126,4500.00,reptiloid,0,0,0
2026-09-11 13:59:12.565851,2500.00,reptiloid,0,0,0
2026-09-11 13:49:37.610525,4500.00,reptiloid,0,0,0
2026-09-11 13:43:19.702074,4500.00,transa,0,0,0
2026-09-11 13:38:51.503728,4500.00,reptiloid,0,0,0
2026-09-11 13:17:26.121626,4150.00,reptiloid,0,0,0
2026-09-11 12:44:36.607616,2800.00,reptiloid,0,0,0
2026-09-11 12:09:50.220592,4300.00,reptiloid,0,0,0
2026-09-11 11:33:09.424061,4286.00,reptiloid,0,0,0
2026-09-11 11:18:20.545496,500.00,card,0,0,0
2026-09-11 11:09:16.787215,4300.00,card,0,0,0
2026-09-11 10:53:29.500701,4000.00,reptiloid,0,0,0
2026-09-11 10:48:41.139712,4500.00,card,0,0,0
2026-09-11 10:41:59.346768,4500.00,transa,0,0,0
2026-09-11 10:41:38.229479,4000.00,reptiloid,0,0,0
2026-09-11 09:57:54.248993,4150.00,reptiloid,0,0,0
2026-09-11 09:56:36.373094,2000.00,reptiloid,0,0,0
2026-09-11 09:53:46.100686,4000.00,card,0,0,0
2026-09-11 09:45:06.531982,4500.00,reptiloid,0,0,0
2026-09-11 09:37:35.930544,2050.00,reptiloid,0,0,0
2026-09-11 09:26:21.617364,2450.00,reptiloid,0,0,0
2026-09-11 09:13:20.687139,3800.00,reptiloid,0,0,0
2026-09-11 09:12:16.232335,2200.00,reptiloid,0,0,0
2026-09-11 09:09:01.712261,4200.00,reptiloid,0,0,0
2026-09-11 07:33:11.364582,4500.00,transa,0,0,0
2026-09-11 07:30:06.768919,4500.00,transa,0,0,0
2026-09-11 06:54:36.610407,4400.00,reptiloid,0,0,0
2026-09-11 06:03:35.759681,2280.00,reptiloid,0,0,0
2026-09-11 06:01:00.37901,4100.00,reptiloid,0,0,0
2026-09-11 05:44:10.671326,2900.00,reptiloid,0,0,0
2026-09-11 05:31:51.716265,4500.00,reptiloid,0,0,0
2026-09-11 05:01:50.345647,4000.00,reptiloid,0,0,0
2026-09-11 02:53:06.502683,1800.00,reptiloid,0,0,0
2026-09-11 02:08:21.963955,4500.00,transa,0,0,0
2026-09-11 02:06:42.68871,4500.00,transa,0,0,0
2026-09-11 01:22:34.905419,3900.00,reptiloid,0,0,0
2026-09-10 23:39:26.09605,4500.00,reptiloid,0,0,0
2026-09-10 23:29:52.527029,4500.00,reptiloid,0,0,0
2026-09-10 23:25:53.049721,4000.00,reptiloid,0,0,0
2026-09-10 23:17:06.813966,4500.00,reptiloid,0,0,0
2026-09-10 23:07:29.053221,4500.00,reptiloid,0,0,0
2026-09-10 23:02:10.297792,4500.00,card,0,0,0
2026-09-10 22:53:38.742053,1900.00,reptiloid,0,0,0
2026-09-10 22:44:12.132224,3700.00,reptiloid,0,0,0
2026-09-10 22:27:51.117369,4500.00,reptiloid,0,0,0
2026-09-10 22:07:07.082869,4500.00,reptiloid,0,0,0
2026-09-10 21:58:49.028564,4300.00,reptiloid,0,0,0
2026-09-10 21:53:26.297109,4500.00,reptiloid,0,0,0
2026-09-10 21:32:38.55994,2900.00,reptiloid,0,0,0
2026-09-10 21:27:26.67269,4500.00,transa,0,0,0
2026-09-10 21:26:07.57281,2500.00,reptiloid,0,0,0
2026-09-10 21:19:37.514223,3800.00,reptiloid,0,0,0
2026-09-10 21:14:10.184937,2300.00,reptiloid,0,0,0
2026-09-10 21:00:35.207297,4500.00,transa,0,0,0
2026-09-10 20:59:35.146617,4500.00,reptiloid,0,0,0
2026-09-10 20:55:29.715152,4300.00,reptiloid,0,0,0
2026-09-10 20:46:59.171355,4500.00,reptiloid,0,0,0
2026-09-10 20:37:16.160481,4500.00,reptiloid,0,0,0
2026-09-10 19:56:06.241458,1800.00,reptiloid,0,0,0
2026-09-10 19:42:43.778471,4500.00,card,0,0,0
2026-09-10 19:41:51.631656,2500.00,reptiloid,0,0,0
2026-09-10 19:33:37.782111,4500.00,reptiloid,0,0,0
2026-09-10 19:27:46.518464,4500.00,card,0,0,0
2026-09-10 19:26:34.46638,4159.00,reptiloid,0,0,0
2026-09-10 19:24:14.459811,2300.00,reptiloid,0,0,0
2026-09-10 19:16:39.478428,4250.00,reptiloid,0,0,0
2026-09-10 19:14:37.978945,8000.00,card,0,0,0
2026-09-10 19:13:40.928267,4500.00,card,0,0,0
2026-09-10 19:08:59.637584,2900.00,reptiloid,0,0,0
2026-09-10 19:08:26.84307,2900.00,reptiloid,0,0,0
2026-09-10 18:47:57.671618,4500.00,transa,0,0,0
2026-09-10 18:39:42.72473,4500.00,reptiloid,0,0,0
2026-09-10 18:37:12.470959,2300.00,reptiloid,0,0,0
2026-09-10 18:13:30.753047,4100.00,reptiloid,0,0,0
2026-09-10 18:09:10.418659,3825.0000,LTC,0,1.0014928,0
2026-09-10 17:59:28.368022,4500.00,reptiloid,0,0,0
2026-09-10 17:50:11.646212,1725.00,reptiloid,0,0,0
2026-09-10 17:50:00.8235,4500.00,reptiloid,0,0,0
2026-09-10 17:34:26.159361,9000.00,reptiloid,0,0,0
2026-09-10 17:25:38.232803,4500.00,transa,0,0,0
2026-09-10 17:21:46.66607,2450.00,reptiloid,0,0,0
2026-09-10 17:18:30.231675,4500.00,transa,0,0,0
2026-09-10 17:06:49.078143,4500.00,transa,0,0,0
2026-09-10 16:51:10.569087,3500.00,card,0,0,0
2026-09-10 16:40:10.73077,4500.00,transa,0,0,0
2026-09-10 16:14:56.366127,4500.00,reptiloid,0,0,0
2026-09-10 15:32:29.977004,4285.00,reptiloid,0,0,0
2026-09-10 15:17:47.346253,4300.00,reptiloid,0,0,0
2026-09-10 15:11:27.314248,4500.00,reptiloid,0,0,0
2026-09-10 15:00:24.266191,4000.00,card,0,0,0
2026-09-10 14:41:08.368367,2300.00,card,0,0,0
2026-09-10 14:34:55.5364,4400.00,reptiloid,0,0,0
2026-09-10 14:22:59.600182,4500.00,reptiloid,0,0,0
2026-09-10 14:10:44.218967,2300.00,reptiloid,0,0,0
2026-09-10 14:06:46.290049,4250.00,reptiloid,0,0,0
2026-09-10 13:41:51.954957,2300.00,reptiloid,0,0,0
2026-09-10 13:37:51.753097,4500.00,reptiloid,0,0,0
2026-09-10 13:27:20.171802,4050.00,reptiloid,0,0,0
2026-09-10 13:24:57.298652,4500.00,reptiloid,0,0,0
2026-09-10 13:23:14.839656,4500.00,transa,0,0,0
2026-09-10 13:22:27.965142,4000.00,reptiloid,0,0,0
2026-09-10 13:08:21.368512,2300.00,reptiloid,0,0,0
2026-09-10 12:50:35.384595,4500.00,transa,0,0,0
2026-09-10 12:50:33.071258,2500.00,card,0,0,0
2026-09-10 12:40:54.872851,4500.00,transa,0,0,0
2026-09-10 12:18:28.261345,2900.00,reptiloid,0,0,0
2026-09-10 12:18:07.515946,4500.00,reptiloid,0,0,0
2026-09-10 12:17:08.217262,2600.00,card,0,0,0
2026-09-10 12:10:36.079863,4100.00,reptiloid,0,0,0
2026-09-10 12:07:45.993155,4500.00,reptiloid,0,0,0
2026-09-10 11:57:25.081233,4500.00,reptiloid,0,0,0
2026-09-10 11:49:20.702252,4500.00,reptiloid,0,0,0
2026-09-10 11:38:46.643884,4500.00,transa,0,0,0
2026-09-10 11:31:50.277862,1950.00,card,0,0,0
2026-09-10 11:29:53.977868,2300.00,reptiloid,0,0,0
2026-09-10 11:20:37.62331,4500.00,transa,0,0,0
2026-09-10 11:14:05.64329,4500.00,transa,0,0,0
2026-09-10 11:06:42.449111,4000.00,reptiloid,0,0,0
2026-09-10 11:02:19.733768,4500.00,transa,0,0,0
2026-09-10 10:19:18.714879,4500.00,transa,0,0,0
2026-09-10 09:51:06.286212,4500.00,transa,0,0,0
2026-09-10 09:30:13.200346,4400.00,reptiloid,0,0,0
2026-09-10 09:20:32.346923,4000.00,reptiloid,0,0,0
2026-09-10 03:28:54.020388,4500.00,reptiloid,0,0,0
2026-09-10 03:19:16.039442,9000.00,reptiloid,0,0,0
2026-09-10 02:45:29.989112,2900.00,reptiloid,0,0,0
2026-09-10 01:06:04.65972,4500.00,transa,0,0,0
2026-09-10 01:03:51.362629,3850.00,reptiloid,0,0,0
2026-09-09 23:26:04.648746,4500.00,transa,0,0,0
2026-09-09 22:58:52.463332,3700.00,reptiloid,0,0,0
2026-09-09 22:46:34.173598,4500.00,transa,0,0,0
2026-09-09 22:31:25.26614,4290.00,reptiloid,0,0,0
2026-09-09 22:28:12.878978,3900.00,reptiloid,0,0,0
2026-09-09 21:50:57.166242,4250.00,reptiloid,0,0,0
2026-09-09 21:48:29.241613,4000.00,reptiloid,0,0,0
2026-09-09 21:22:35.194736,2900.00,reptiloid,0,0,0
2026-09-09 21:04:56.343734,4500.00,transa,0,0,0
2026-09-09 21:01:08.390225,4500.00,reptiloid,0,0,0
2026-09-09 20:27:20.031389,4500.00,reptiloid,0,0,0
2026-09-09 20:22:21.768184,4270.00,reptiloid,0,0,0
2026-09-09 20:20:41.590468,4300.00,reptiloid,0,0,0
2026-09-09 20:14:02.66416,4050.00,reptiloid,0,0,0
2026-09-09 19:52:01.186962,4500.00,transa,0,0,0
2026-09-09 19:29:19.502972,4289.00,reptiloid,0,0,0
2026-09-09 18:54:41.74173,4400.00,reptiloid,0,0,0
2026-09-09 18:53:12.904584,4500.00,transa,0,0,0
2026-09-09 18:38:07.025844,4500.00,transa,0,0,0
2026-09-09 18:17:47.505551,4500.00,transa,0,0,0
2026-09-09 18:15:45.119539,4230.00,reptiloid,0,0,0
2026-09-09 18:14:08.08086,2150.00,reptiloid,0,0,0
2026-09-09 18:06:46.439709,2900.00,reptiloid,0,0,0
2026-09-09 18:05:09.812394,1600.00,reptiloid,0,0,0
2026-09-09 17:50:46.115002,2000.00,reptiloid,0,0,0
2026-09-09 17:47:00.839016,2400.00,reptiloid,0,0,0
2026-09-09 17:27:22.149942,4310.00,reptiloid,0,0,0
2026-09-09 17:24:12.839208,4500.00,reptiloid,0,0,0
2026-09-09 17:19:19.01524,4500.00,reptiloid,0,0,0
2026-09-09 17:12:08.284694,2500.00,reptiloid,0,0,0
2026-09-09 17:05:58.135022,4500.00,transa,0,0,0
2026-09-09 16:58:40.586185,4500.00,reptiloid,0,0,0
2026-09-09 16:57:18.244274,2760.00,reptiloid,0,0,0
2026-09-09 16:20:46.91019,4385.00,reptiloid,0,0,0
2026-09-09 16:19:23.431751,4500.00,card,0,0,0
2026-09-09 16:14:42.553948,4200.00,reptiloid,0,0,0
2026-09-09 16:13:20.205623,4000.00,reptiloid,0,0,0
2026-09-09 16:11:31.685201,4220.00,nirvana,0,0,0
2026-09-09 15:28:07.21701,4100.00,reptiloid,0,0,0
2026-09-09 15:22:27.228191,4500.00,reptiloid,0,0,0
2026-09-09 15:12:38.789962,2175.0000,USDT,0,0,27.627000
2026-09-09 15:01:54.61555,2900.00,card,0,0,0
2026-09-09 14:54:46.722946,4290.00,reptiloid,0,0,0
2026-09-09 14:50:14.852104,2400.00,reptiloid,0,0,0
2026-09-09 14:37:13.873069,4500.00,transa,0,0,0
2026-09-09 14:29:06.91006,4280.00,reptiloid,0,0,0
2026-09-09 14:28:06.885489,3600.00,reptiloid,0,0,0
2026-09-09 14:20:00.318216,2250.00,reptiloid,0,0,0
2026-09-09 14:17:41.010207,4300.00,reptiloid,0,0,0
2026-09-09 14:00:35.26847,4500.00,reptiloid,0,0,0
2026-09-09 13:45:28.304754,4500.00,transa,0,0,0
2026-09-09 13:44:29.916031,4200.00,reptiloid,0,0,0
2026-09-09 13:34:38.691054,3500.00,reptiloid,0,0,0
2026-09-09 13:31:48.14599,800.00,reptiloid,0,0,0
2026-09-09 13:26:30.235605,4100.00,reptiloid,0,0,0
2026-09-09 12:57:52.464393,4500.00,card,0,0,0
2026-09-09 12:55:49.521928,3825.0000,LTC,0,0.97015271,0
2026-09-09 12:52:30.927106,4500.00,reptiloid,0,0,0
2026-09-09 12:42:43.589682,4200.00,reptiloid,0,0,0
2026-09-09 12:40:17.707016,4200.00,reptiloid,0,0,0
2026-09-09 12:25:25.456806,3800.00,reptiloid,0,0,0
2026-09-09 12:09:10.495775,4500.00,reptiloid,0,0,0
2026-09-09 12:07:24.242824,2210.00,reptiloid,0,0,0
2026-09-09 11:59:50.128046,4500.00,reptiloid,0,0,0
2026-09-09 11:47:20.298305,2400.00,reptiloid,0,0,0
2026-09-09 11:39:00.185927,4500.00,reptiloid,0,0,0
2026-09-09 11:35:46.690151,4300.00,reptiloid,0,0,0
2026-09-09 11:30:08.94745,4300.00,reptiloid,0,0,0
2026-09-09 10:59:45.661901,2500.00,reptiloid,0,0,0
2026-09-09 10:04:07.821668,3500.00,reptiloid,0,0,0
2026-09-09 09:54:22.648572,1000.00,reptiloid,0,0,0
2026-09-09 09:51:46.239067,4400.00,reptiloid,0,0,0
2026-09-09 09:49:02.350983,4250.00,reptiloid,0,0,0
2026-09-09 09:34:50.299056,3500.00,reptiloid,0,0,0
2026-09-09 06:50:58.528133,1950.00,reptiloid,0,0,0
2026-09-09 06:36:17.875628,4500.00,transa,0,0,0
2026-09-09 05:48:22.553949,1400.00,reptiloid,0,0,0
2026-09-09 04:49:55.606431,4350.00,reptiloid,0,0,0
2026-09-09 04:19:22.631325,4500.00,transa,0,0,0
2026-09-09 04:04:13.032556,4100.00,reptiloid,0,0,0
2026-09-09 02:16:31.154324,1600.00,reptiloid,0,0,0
2026-09-09 01:17:50.171725,4500.00,reptiloid,0,0,0
2026-09-09 01:14:09.502839,500.00,reptiloid,0,0,0
2026-09-09 01:10:42.464368,13500.00,reptiloid,0,0,0
2026-09-09 01:03:46.301031,12400.00,reptiloid,0,0,0
2026-09-09 00:53:35.599779,2318.00,reptiloid,0,0,0
2026-09-09 00:35:47.321483,11250.00,reptiloid,0,0,0
2026-09-08 21:59:50.158663,1900.00,reptiloid,0,0,0
2026-09-08 21:34:31.132356,4000.00,reptiloid,0,0,0
2026-09-08 21:11:04.809203,2350.00,reptiloid,0,0,0
2026-09-08 20:41:23.260185,2300.00,reptiloid,0,0,0
2026-09-08 20:39:23.160321,2300.00,card,0,0,0
2026-09-08 20:38:54.973482,4500.00,transa,0,0,0
2026-09-08 20:36:41.34207,4300.00,reptiloid,0,0,0
2026-09-08 20:30:51.74241,4500.00,card,0,0,0
2026-09-08 20:04:59.651187,4500.00,transa,0,0,0
2026-09-08 20:00:44.371511,2300.00,reptiloid,0,0,0
2026-09-08 19:48:01.814044,4500.00,reptiloid,0,0,0
2026-09-08 19:46:26.855529,4500.00,reptiloid,0,0,0
2026-09-08 19:25:27.270616,4500.00,reptiloid,0,0,0
2026-09-08 19:10:48.517628,4500.00,reptiloid,0,0,0
2026-09-08 18:54:08.185105,4500.00,transa,0,0,0
2026-09-08 18:33:23.07884,4500.00,veyfora,0,0,0
2026-09-08 18:32:41.18793,4500.00,card,0,0,0
2026-09-08 18:22:40.864806,2200.00,reptiloid,0,0,0
2026-09-08 18:18:39.414765,4500.00,reptiloid,0,0,0
2026-09-08 18:14:10.657202,1800.00,reptiloid,0,0,0
2026-09-08 18:11:30.365184,4300.00,reptiloid,0,0,0
2026-09-08 18:10:29.600101,3000.0000,USDT,0,0,38.107000
2026-09-08 18:05:10.314073,2200.00,reptiloid,0,0,0
2026-09-08 17:52:38.533211,4500.00,reptiloid,0,0,0
2026-09-08 17:51:04.297164,2100.00,reptiloid,0,0,0
2026-09-08 17:38:48.735451,4500.00,reptiloid,0,0,0
2026-09-08 17:17:14.47557,3800.00,reptiloid,0,0,0
2026-09-08 17:09:43.447449,3800.00,reptiloid,0,0,0
2026-09-08 17:00:28.533073,4500.00,reptiloid,0,0,0
2026-09-08 16:59:40.144365,4500.00,transa,0,0,0
2026-09-08 16:41:52.351267,9000.00,card,0,0,0
2026-09-08 16:38:22.534864,4400.00,reptiloid,0,0,0
2026-09-08 15:18:21.951003,4000.00,reptiloid,0,0,0
2026-09-08 14:58:58.663964,4200.00,reptiloid,0,0,0
2026-09-08 14:58:52.809063,2000.00,reptiloid,0,0,0
2026-09-08 14:26:49.972622,3600.00,reptiloid,0,0,0
2026-09-08 14:24:39.272333,4500.00,reptiloid,0,0,0
2026-09-08 14:22:43.787735,500.00,reptiloid,0,0,0
2026-09-08 14:16:24.327233,3800.00,veyfora,0,0,0
2026-09-08 14:15:58.395795,4500.00,reptiloid,0,0,0
2026-09-08 14:12:16.736205,4500.00,veyfora,0,0,0
2026-09-08 13:52:23.784931,4300.00,reptiloid,0,0,0
2026-09-08 13:44:00.694196,4400.00,reptiloid,0,0,0
2026-09-08 13:08:28.623336,1600.00,reptiloid,0,0,0
2026-09-08 12:54:47.165008,4400.00,reptiloid,0,0,0
2026-09-08 12:54:01.934402,4200.00,reptiloid,0,0,0
2026-09-08 12:36:15.893698,1500.00,reptiloid,0,0,0
2026-09-08 12:23:49.92818,3800.00,reptiloid,0,0,0
2026-09-08 12:13:21.642137,2286.00,reptiloid,0,0,0
2026-09-08 12:06:47.852846,4286.00,reptiloid,0,0,0
2026-09-08 11:38:46.986362,4350.00,card,0,0,0
2026-09-08 11:11:49.322247,4250.00,reptiloid,0,0,0
2026-09-08 10:50:43.870405,4290.00,reptiloid,0,0,0
2026-09-08 10:38:22.180167,4300.00,reptiloid,0,0,0
2026-09-08 10:29:07.647728,4280.00,reptiloid,0,0,0
2026-09-08 10:16:05.903884,4500.00,reptiloid,0,0,0
2026-09-08 08:36:45.698216,4500.00,reptiloid,0,0,0
2026-09-08 08:33:05.397339,2300.00,reptiloid,0,0,0
2026-09-08 06:28:55.984266,4500.00,transa,0,0,0
2026-09-08 05:56:07.459471,4500.00,veyfora,0,0,0
2026-09-08 05:10:29.232723,4500.00,transa,0,0,0
2026-09-08 02:53:54.182891,4300.00,reptiloid,0,0,0
2026-09-08 02:20:26.609282,3500.00,reptiloid,0,0,0
2026-09-08 00:30:33.943488,2700.00,reptiloid,0,0,0
2026-09-08 00:11:03.29285,4100.00,reptiloid,0,0,0
2026-09-07 22:48:19.858666,500.00,reptiloid,0,0,0
2026-09-07 22:41:43.385699,3700.00,veyfora,0,0,0
2026-09-07 22:39:22.839278,3800.00,reptiloid,0,0,0
2026-09-07 22:08:17.867795,4250.00,reptiloid,0,0,0
2026-09-07 22:00:04.697225,3900.00,reptiloid,0,0,0
2026-09-07 21:54:57.608442,4000.00,reptiloid,0,0,0
2026-09-07 21:45:02.244392,3900.00,reptiloid,0,0,0
2026-09-07 21:40:16.06941,4300.00,reptiloid,0,0,0
2026-09-07 21:38:00.242791,4500.00,reptiloid,0,0,0
2026-09-07 21:27:01.05739,4500.00,card,0,0,0
2026-09-07 20:44:46.648123,4500.00,reptiloid,0,0,0
2026-09-07 20:40:19.474421,4000.00,reptiloid,0,0,0
2026-09-07 20:20:42.262536,3800.00,reptiloid,0,0,0
2026-09-07 20:08:41.333048,4400.00,reptiloid,0,0,0
2026-09-07 20:03:11.508046,4500.00,reptiloid,0,0,0
2026-09-07 19:57:37.106381,4500.00,reptiloid,0,0,0
2026-09-07 19:53:57.945299,4500.00,reptiloid,0,0,0
2026-09-07 19:52:18.770957,2150.00,reptiloid,0,0,0
2026-09-07 19:47:58.704924,4000.00,reptiloid,0,0,0
2026-09-07 19:40:18.088604,4500.00,reptiloid,0,0,0
2026-09-07 19:38:06.121981,500.00,reptiloid,0,0,0
2026-09-07 19:31:08.370852,4400.00,card,0,0,0
2026-09-07 19:25:18.815172,2200.00,reptiloid,0,0,0
2026-09-07 19:08:53.847915,4350.00,reptiloid,0,0,0
2026-09-07 19:07:01.000652,4500.00,reptiloid,0,0,0
2026-09-07 19:04:58.760948,3000.00,card,0,0,0
2026-09-07 18:59:54.364846,3800.00,reptiloid,0,0,0
2026-09-07 18:53:07.495224,3760.00,reptiloid,0,0,0
2026-09-07 18:48:50.580499,4500.00,transa,0,0,0
2026-09-07 18:38:59.76594,4500.00,card,0,0,0
2026-09-07 18:23:48.163162,2600.00,reptiloid,0,0,0
2026-09-07 18:20:57.294461,4400.00,reptiloid,0,0,0
2026-09-07 18:14:04.784483,4500.00,veyfora,0,0,0
2026-09-07 18:01:42.969738,1350.00,reptiloid,0,0,0
2026-09-07 17:32:22.10984,4300.00,reptiloid,0,0,0
2026-09-07 17:22:51.640646,2300.00,reptiloid,0,0,0
2026-09-07 17:20:52.762668,4400.00,card,0,0,0
2026-09-07 17:13:00.691407,3700.00,reptiloid,0,0,0
2026-09-07 17:11:48.565923,3800.00,reptiloid,0,0,0
2026-09-07 16:57:13.014918,2300.00,card,0,0,0
2026-09-07 16:52:54.029546,1700.00,reptiloid,0,0,0
2026-09-07 16:51:49.714587,1000.00,reptiloid,0,0,0
2026-09-07 16:42:38.073222,4500.00,veyfora,0,0,0
2026-09-07 16:29:10.783294,2500.00,reptiloid,0,0,0
2026-09-07 16:27:50.186066,2300.00,reptiloid,0,0,0
2026-09-07 16:17:46.502556,3900.00,reptiloid,0,0,0
2026-09-07 16:14:45.21004,1930.00,reptiloid,0,0,0
2026-09-07 16:12:46.907033,4400.00,card,0,0,0
2026-09-07 15:50:29.443333,2900.00,card,0,0,0
2026-09-07 15:49:27.20544,4500.00,reptiloid,0,0,0
2026-09-07 15:42:57.710682,4500.00,transa,0,0,0
2026-09-07 15:35:12.963183,4300.00,reptiloid,0,0,0
2026-09-07 15:35:12.132474,4400.00,card,0,0,0
2026-09-07 15:32:39.931104,4300.00,reptiloid,0,0,0
2026-09-07 15:26:10.125468,4500.00,veyfora,0,0,0
2026-09-07 14:42:39.791804,4500.00,reptiloid,0,0,0
2026-09-07 14:27:34.720083,4000.00,veyfora,0,0,0
2026-09-07 14:25:55.784199,4200.00,reptiloid,0,0,0
2026-09-07 14:20:58.5492,4500.00,transa,0,0,0
2026-09-07 13:51:22.170627,4400.00,reptiloid,0,0,0
2026-09-07 13:20:27.143484,4500.00,reptiloid,0,0,0
2026-09-07 13:12:44.685583,4500.00,card,0,0,0
2026-09-07 13:06:29.311598,2100.00,reptiloid,0,0,0
2026-09-07 12:35:53.415743,3700.00,reptiloid,0,0,0
2026-09-07 12:26:19.788928,1500.00,reptiloid,0,0,0
2026-09-07 12:23:56.129514,2500.00,reptiloid,0,0,0
2026-09-07 12:17:31.434033,3050.00,reptiloid,0,0,0
2026-09-07 12:11:20.755029,4300.00,reptiloid,0,0,0
2026-09-07 12:09:27.963865,4500.00,reptiloid,0,0,0
2026-09-07 11:47:17.006645,4500.00,card,0,0,0
2026-09-07 11:43:14.620593,5000.00,card,0,0,0
2026-09-07 11:43:12.219774,750.00,reptiloid,0,0,0
2026-09-07 11:38:38.246573,4500.00,reptiloid,0,0,0
2026-09-07 11:35:54.721501,4500.00,reptiloid,0,0,0
2026-09-07 11:23:11.407629,4000.00,reptiloid,0,0,0
2026-09-07 11:11:39.746647,4300.00,reptiloid,0,0,0
2026-09-07 11:00:44.937119,4500.00,veyfora,0,0,0
2026-09-07 10:43:49.659746,2700.00,reptiloid,0,0,0
2026-09-07 07:45:04.672796,4235.00,reptiloid,0,0,0
2026-09-07 07:33:12.220663,500.00,reptiloid,0,0,0
2026-09-07 07:20:16.246698,1900.00,reptiloid,0,0,0
2026-09-07 07:05:18.445316,11000.00,reptiloid,0,0,0
2026-09-07 07:03:41.458555,4000.00,card,0,0,0
2026-09-07 06:35:01.277598,3000.00,reptiloid,0,0,0
2026-09-07 02:47:47.355949,4380.00,reptiloid,0,0,0
2026-09-07 01:35:23.588136,4500.00,reptiloid,0,0,0
2026-09-07 01:21:36.480602,4300.00,reptiloid,0,0,0
2026-09-07 00:24:34.725398,4400.00,reptiloid,0,0,0
2026-09-07 00:22:13.399005,4500.00,reptiloid,0,0,0
2026-09-07 00:16:06.472078,4300.00,reptiloid,0,0,0
2026-09-07 00:08:52.870577,4300.00,reptiloid,0,0,0
2026-09-06 23:50:21.194629,4100.00,reptiloid,0,0,0
2026-09-06 23:49:47.500546,4500.00,veyfora,0,0,0
2026-09-06 23:31:43.795097,4000.00,reptiloid,0,0,0
2026-09-06 23:11:39.717007,3850.00,reptiloid,0,0,0
2026-09-06 22:55:01.060892,3500.00,reptiloid,0,0,0
2026-09-06 22:41:10.524409,2200.00,reptiloid,0,0,0
2026-09-06 22:39:17.607449,3000.00,card,0,0,0
2026-09-06 22:30:19.688785,4500.00,reptiloid,0,0,0
2026-09-06 22:07:41.699087,4300.00,reptiloid,0,0,0
2026-09-06 22:07:22.126896,4000.00,veyfora,0,0,0
2026-09-06 21:29:57.728807,4000.00,reptiloid,0,0,0
2026-09-06 21:10:35.547249,4000.00,reptiloid,0,0,0
2026-09-06 20:46:06.610669,3800.00,veyfora,0,0,0
2026-09-06 20:34:17.571561,4500.00,reptiloid,0,0,0
2026-09-06 20:25:53.651484,4500.00,reptiloid,0,0,0
2026-09-06 20:17:22.830096,4300.00,reptiloid,0,0,0
2026-09-06 19:52:48.622073,3400.00,card,0,0,0
2026-09-06 19:50:47.163211,4500.00,reptiloid,0,0,0
2026-09-06 19:37:01.625765,4100.00,reptiloid,0,0,0
2026-09-06 19:32:50.488019,4280.00,reptiloid,0,0,0
2026-09-06 19:16:32.690588,4500.00,card,0,0,0
2026-09-06 19:09:47.836792,4500.00,reptiloid,0,0,0
2026-09-06 19:06:28.875625,4500.00,reptiloid,0,0,0
2026-09-06 19:05:00.294548,4286.00,reptiloid,0,0,0
2026-09-06 19:04:55.495541,4500.00,reptiloid,0,0,0
2026-09-06 19:00:10.382537,3750.00,reptiloid,0,0,0
2026-09-06 18:35:44.083566,4500.00,reptiloid,0,0,0
2026-09-06 18:26:19.297547,3600.00,reptiloid,0,0,0
2026-09-06 18:15:00.128752,3200.00,reptiloid,0,0,0
2026-09-06 18:11:40.481106,3900.00,reptiloid,0,0,0
2026-09-06 18:05:28.942912,4500.00,card,0,0,0
2026-09-06 18:03:19.646966,4400.00,reptiloid,0,0,0
2026-09-06 17:51:17.487174,2250.00,reptiloid,0,0,0
2026-09-06 17:21:48.844109,4500.00,reptiloid,0,0,0
2026-09-06 16:59:32.73317,4100.00,reptiloid,0,0,0
2026-09-06 16:29:47.421125,1800.00,reptiloid,0,0,0
2026-09-06 16:20:48.15918,2700.00,reptiloid,0,0,0
2026-09-06 16:18:55.86655,2050.00,reptiloid,0,0,0
2026-09-06 16:11:06.788058,4500.00,reptiloid,0,0,0
2026-09-06 15:47:17.032431,4500.00,reptiloid,0,0,0
2026-09-06 15:17:53.605769,4360.00,reptiloid,0,0,0
2026-09-06 15:13:30.039285,4500.00,reptiloid,0,0,0
2026-09-06 15:00:14.377216,4300.00,reptiloid,0,0,0
2026-09-06 14:25:52.842698,2400.00,reptiloid,0,0,0
2026-09-06 14:16:44.294008,2000.00,reptiloid,0,0,0
2026-09-06 14:16:38.221057,750.00,reptiloid,0,0,0
2026-09-06 14:04:09.313066,2200.00,reptiloid,0,0,0
2026-09-06 13:56:44.399228,4000.00,veyfora,0,0,0
2026-09-06 13:54:52.278613,2300.00,reptiloid,0,0,0
2026-09-06 13:33:49.693858,4400.00,reptiloid,0,0,0
2026-09-06 13:25:43.155071,3200.00,reptiloid,0,0,0
2026-09-06 13:07:49.865994,2500.00,reptiloid,0,0,0
2026-09-06 12:45:24.100643,4500.00,reptiloid,0,0,0
2026-09-06 12:35:56.64089,3200.00,card,0,0,0
2026-09-06 12:22:10.652918,4200.00,reptiloid,0,0,0
2026-09-06 12:12:13.912511,4100.00,reptiloid,0,0,0
2026-09-06 11:55:54.044226,4500.00,transa,0,0,0
2026-09-06 11:54:50.533932,4300.00,reptiloid,0,0,0
2026-09-06 11:11:35.464148,4500.00,reptiloid,0,0,0
2026-09-06 11:03:13.30946,4200.00,reptiloid,0,0,0
2026-09-06 10:39:15.192937,4290.00,reptiloid,0,0,0
2026-09-06 10:31:19.05892,4000.00,reptiloid,0,0,0
2026-09-06 10:29:24.699256,2500.00,card,0,0,0
2026-09-06 10:22:04.263372,3200.00,reptiloid,0,0,0
2026-09-06 09:57:13.822856,1000.00,reptiloid,0,0,0
2026-09-06 09:53:27.368641,2900.00,reptiloid,0,0,0
2026-09-06 09:52:32.3946,2950.00,reptiloid,0,0,0
2026-09-06 09:24:50.734967,4110.00,reptiloid,0,0,0
2026-09-06 08:36:36.229842,4500.00,reptiloid,0,0,0
2026-09-06 06:57:20.123948,885.00,reptiloid,0,0,0
2026-09-06 06:51:59.431242,1500.00,reptiloid,0,0,0
2026-09-06 05:07:10.039762,4500.00,veyfora,0,0,0
2026-09-06 03:28:49.22826,4500.00,veyfora,0,0,0
2026-09-06 03:02:04.789727,3050.00,reptiloid,0,0,0
2026-09-06 02:56:13.502645,4300.00,reptiloid,0,0,0
2026-09-06 02:39:43.172752,4500.00,veyfora,0,0,0
2026-09-06 02:08:49.942171,4500.00,nirvana,0,0,0
2026-09-06 01:43:57.807588,4300.00,reptiloid,0,0,0
2026-09-06 01:21:03.702929,2300.00,reptiloid,0,0,0
2026-09-06 01:20:39.259318,2700.00,nirvana,0,0,0
2026-09-06 00:49:21.588857,500.00,reptiloid,0,0,0
2026-09-06 00:43:21.451496,1600.00,reptiloid,0,0,0
2026-09-06 00:24:11.982597,4500.00,veyfora,0,0,0
2026-09-05 23:48:34.403176,500.00,reptiloid,0,0,0
2026-09-05 23:37:45.150966,4500.00,reptiloid,0,0,0
2026-09-05 23:28:45.209064,3200.00,nirvana,0,0,0
2026-09-05 22:45:02.435786,4600.00,reptiloid,0,0,0
2026-09-05 22:39:19.33406,3200.00,nirvana,0,0,0
2026-09-05 22:35:59.646866,3050.00,reptiloid,0,0,0
2026-09-05 22:28:09.431121,4300.00,reptiloid,0,0,0
2026-09-05 22:21:01.373583,2600.00,reptiloid,0,0,0
2026-09-05 22:14:45.550907,4500.00,transa,0,0,0
2026-09-05 22:11:43.859223,4000.00,reptiloid,0,0,0
2026-09-05 21:12:30.153387,3200.00,reptiloid,0,0,0
2026-09-05 21:07:31.412817,3200.00,nirvana,0,0,0
2026-09-05 21:07:03.66238,4300.00,reptiloid,0,0,0
2026-09-05 21:04:10.162935,4500.00,veyfora,0,0,0
2026-09-05 21:02:02.461249,2400.00,reptiloid,0,0,0
2026-09-05 20:56:52.942025,4500.00,reptiloid,0,0,0
2026-09-05 20:47:07.069236,4500.00,transa,0,0,0
2026-09-05 20:43:39.730167,2900.00,reptiloid,0,0,0
2026-09-05 20:32:37.218604,3000.00,reptiloid,0,0,0
2026-09-05 20:25:57.516976,3900.00,reptiloid,0,0,0
2026-09-05 20:19:58.84863,4500.00,reptiloid,0,0,0
2026-09-05 20:18:24.279184,4500.00,reptiloid,0,0,0
2026-09-05 20:17:03.501694,4500.00,reptiloid,0,0,0
2026-09-05 20:00:49.11457,4500.00,reptiloid,0,0,0
2026-09-05 19:30:47.88277,4500.00,reptiloid,0,0,0
2026-09-05 19:28:48.427171,4300.00,reptiloid,0,0,0
2026-09-05 19:21:26.180422,1400.00,reptiloid,0,0,0
2026-09-05 19:16:34.193838,4300.00,reptiloid,0,0,0
2026-09-05 18:23:35.290187,4500.00,veyfora,0,0,0
2026-09-05 18:12:29.41043,4400.00,reptiloid,0,0,0
2026-09-05 17:48:16.829224,3800.00,reptiloid,0,0,0
2026-09-05 17:39:08.429575,4500.00,nirvana,0,0,0
2026-09-05 17:37:54.010945,4500.00,reptiloid,0,0,0
2026-09-05 17:19:11.450037,4500.00,reptiloid,0,0,0
2026-09-05 17:16:54.864045,4500.00,card,0,0,0
2026-09-05 17:14:47.555087,2900.00,reptiloid,0,0,0
2026-09-05 17:04:38.755672,4300.00,reptiloid,0,0,0
2026-09-05 17:02:50.98489,4300.00,reptiloid,0,0,0
2026-09-05 16:58:46.991398,4500.00,card,0,0,0
2026-09-05 16:58:18.379148,3200.00,card,0,0,0
2026-09-05 16:56:52.532141,4500.00,reptiloid,0,0,0
2026-09-05 16:47:40.837134,4300.00,reptiloid,0,0,0
2026-09-05 16:42:32.552015,4500.00,reptiloid,0,0,0
2026-09-05 16:40:28.938069,4500.00,card,0,0,0
2026-09-05 16:38:19.254225,4500.00,reptiloid,0,0,0
2026-09-05 16:23:01.792051,3200.00,reptiloid,0,0,0
2026-09-05 16:22:54.772598,2273.00,reptiloid,0,0,0
2026-09-05 16:21:06.498932,3000.00,reptiloid,0,0,0
2026-09-05 16:09:33.412696,4500.00,reptiloid,0,0,0
2026-09-05 16:09:28.623364,500.00,reptiloid,0,0,0
2026-09-05 16:07:30.609309,4500.00,reptiloid,0,0,0
2026-09-05 15:24:38.084594,4500.00,nirvana,0,0,0
2026-09-05 15:19:51.844089,3900.00,veyfora,0,0,0
2026-09-05 15:13:52.925862,4250.00,reptiloid,0,0,0
2026-09-05 15:11:34.411091,4500.00,reptiloid,0,0,0
2026-09-05 14:57:53.739464,4500.00,veyfora,0,0,0
2026-09-05 14:54:07.226804,4500.00,reptiloid,0,0,0
2026-09-05 14:29:07.704814,4500.00,reptiloid,0,0,0
2026-09-05 14:22:56.530145,2900.00,card,0,0,0
2026-09-05 14:12:20.02566,4200.00,reptiloid,0,0,0
2026-09-05 14:00:24.892433,4500.00,card,0,0,0
2026-09-05 13:59:14.094246,4100.00,reptiloid,0,0,0
2026-09-05 13:55:57.652771,2500.00,card,0,0,0
2026-09-05 13:45:41.838045,4100.00,reptiloid,0,0,0
2026-09-05 13:43:55.376875,3900.00,card,0,0,0
2026-09-05 13:31:17.461919,4500.00,reptiloid,0,0,0
2026-09-05 13:30:56.230279,1800.00,reptiloid,0,0,0
2026-09-05 12:55:28.891548,3600.00,reptiloid,0,0,0
2026-09-05 12:26:05.525548,4500.00,card,0,0,0
2026-09-05 12:16:54.510537,4500.00,reptiloid,0,0,0
2026-09-05 12:00:59.626899,4500.00,transa,0,0,0
2026-09-05 11:57:45.329661,2900.00,reptiloid,0,0,0
2026-09-05 11:54:06.469965,4282.00,reptiloid,0,0,0
2026-09-05 11:28:09.10617,4300.00,reptiloid,0,0,0
2026-09-05 11:18:49.566831,3200.00,reptiloid,0,0,0
2026-09-05 11:13:29.812184,4500.00,reptiloid,0,0,0
2026-09-05 11:03:06.310705,4200.00,reptiloid,0,0,0
2026-09-05 10:52:03.501258,3400.00,reptiloid,0,0,0
2026-09-05 10:29:26.693319,4310.00,reptiloid,0,0,0
2026-09-05 10:13:13.704253,4500.00,reptiloid,0,0,0
2026-09-05 09:50:04.342462,3700.00,reptiloid,0,0,0
2026-09-05 09:49:38.634251,2900.00,reptiloid,0,0,0
2026-09-05 09:37:05.613607,1300.00,reptiloid,0,0,0
2026-09-05 09:36:13.328225,4300.00,reptiloid,0,0,0
2026-09-05 09:34:08.343627,2300.00,reptiloid,0,0,0
2026-09-05 08:46:16.97801,2000.00,reptiloid,0,0,0
2026-09-05 08:43:29.474431,2290.00,reptiloid,0,0,0
2026-09-05 08:07:07.768204,2300.00,reptiloid,0,0,0
2026-09-05 06:38:41.749226,4500.00,veyfora,0,0,0
2026-09-05 06:12:37.242803,4500.00,transa,0,0,0
2026-09-05 05:41:05.129694,3200.00,reptiloid,0,0,0
2026-09-05 05:12:11.924882,3700.00,reptiloid,0,0,0
2026-09-05 05:01:28.910277,4500.00,veyfora,0,0,0
2026-09-05 04:54:22.990167,4500.00,reptiloid,0,0,0
2026-09-05 04:11:54.815851,3200.00,reptiloid,0,0,0
2026-09-05 04:02:10.465705,4000.00,reptiloid,0,0,0
2026-09-05 03:56:38.332418,3750.00,reptiloid,0,0,0
2026-09-05 03:08:34.100747,1300.00,reptiloid,0,0,0
2026-09-05 02:13:18.604439,3600.00,reptiloid,0,0,0
2026-09-05 02:04:04.587466,3200.00,nirvana,0,0,0
2026-09-05 01:57:13.332066,2300.00,reptiloid,0,0,0
2026-09-05 01:36:16.968459,4500.00,veyfora,0,0,0
2026-09-05 01:32:20.355029,4500.00,veyfora,0,0,0
2026-09-05 01:28:31.146152,4500.00,veyfora,0,0,0
2026-09-05 00:24:49.316848,4500.00,reptiloid,0,0,0
2026-09-05 00:18:18.461803,2900.00,reptiloid,0,0,0
2026-09-04 23:36:05.445668,2600.00,reptiloid,0,0,0
2026-09-04 23:20:16.667226,7000.00,reptiloid,0,0,0
2026-09-04 22:54:32.985711,500.00,reptiloid,0,0,0
2026-09-04 22:44:20.846581,1900.00,reptiloid,0,0,0
2026-09-04 22:35:33.295076,2400.00,reptiloid,0,0,0
2026-09-04 22:30:07.681731,2300.00,reptiloid,0,0,0
2026-09-04 22:28:25.209961,500.00,reptiloid,0,0,0
2026-09-04 22:24:23.76623,4300.00,reptiloid,0,0,0
2026-09-04 22:20:21.988456,2500.00,reptiloid,0,0,0
2026-09-04 21:49:28.020791,3900.00,reptiloid,0,0,0
2026-09-04 21:49:13.554641,4400.00,reptiloid,0,0,0
2026-09-04 21:40:43.373483,2300.00,reptiloid,0,0,0
2026-09-04 21:36:24.258736,3900.00,reptiloid,0,0,0
2026-09-04 21:18:15.59272,1300.00,reptiloid,0,0,0
2026-09-04 20:49:05.439194,3200.00,reptiloid,0,0,0
2026-09-04 20:27:29.233509,7450.00,reptiloid,0,0,0
2026-09-04 20:19:27.884438,2500.00,reptiloid,0,0,0
2026-09-04 20:06:26.938885,4500.00,nirvana,0,0,0
2026-09-04 19:58:47.994028,4100.00,reptiloid,0,0,0
2026-09-04 19:56:36.226612,7200.00,reptiloid,0,0,0
2026-09-04 19:56:02.535682,4150.00,reptiloid,0,0,0
2026-09-04 19:50:52.980691,4500.00,reptiloid,0,0,0
2026-09-04 19:49:27.526839,4500.00,reptiloid,0,0,0
2026-09-04 19:34:01.914384,4500.00,reptiloid,0,0,0
2026-09-04 19:02:46.47073,4500.00,reptiloid,0,0,0
2026-09-04 19:02:04.571111,4500.00,reptiloid,0,0,0
2026-09-04 18:59:05.764421,4500.00,reptiloid,0,0,0
2026-09-04 18:54:37.702702,700.00,reptiloid,0,0,0
2026-09-04 18:36:33.669512,2900.00,reptiloid,0,0,0
2026-09-04 18:36:06.115257,4200.00,reptiloid,0,0,0
2026-09-04 18:27:50.835494,4500.00,reptiloid,0,0,0
2026-09-04 18:26:15.991707,4500.00,veyfora,0,0,0
2026-09-04 18:25:23.270271,4500.00,transa,0,0,0
2026-09-04 18:24:47.397981,4500.00,transa,0,0,0
2026-09-04 18:21:47.286498,4300.00,reptiloid,0,0,0
2026-09-04 18:09:53.735357,1900.00,reptiloid,0,0,0
2026-09-04 18:09:12.992808,4300.00,reptiloid,0,0,0
2026-09-04 18:07:52.482886,3100.00,reptiloid,0,0,0
2026-09-04 18:06:41.069752,4500.00,reptiloid,0,0,0
2026-09-04 17:45:38.925304,4500.00,card,0,0,0
2026-09-04 17:40:02.215777,4500.00,card,0,0,0
2026-09-04 17:38:14.409282,17000.00,reptiloid,0,0,0
2026-09-04 17:35:40.791379,4200.00,reptiloid,0,0,0
2026-09-04 17:07:23.362278,4000.00,reptiloid,0,0,0
2026-09-04 17:02:22.976591,4015.00,reptiloid,0,0,0
2026-09-04 16:55:27.629605,3900.00,reptiloid,0,0,0
2026-09-04 16:54:02.750194,500.00,reptiloid,0,0,0
2026-09-04 16:53:06.849209,3650.00,reptiloid,0,0,0
2026-09-04 16:52:32.223485,4500.00,veyfora,0,0,0
2026-09-04 16:45:32.4874,4200.00,reptiloid,0,0,0
2026-09-04 16:32:57.289025,4500.00,reptiloid,0,0,0
2026-09-04 16:31:50.303162,3600.00,reptiloid,0,0,0
2026-09-04 16:12:21.92363,3800.00,reptiloid,0,0,0
2026-09-04 16:03:34.985649,2800.00,reptiloid,0,0,0
2026-09-04 15:50:18.170109,4300.00,reptiloid,0,0,0
2026-09-04 15:30:37.962275,3900.00,reptiloid,0,0,0
2026-09-04 15:18:22.85722,4500.00,reptiloid,0,0,0
2026-09-04 15:16:35.934369,3700.00,reptiloid,0,0,0
2026-09-04 15:14:10.474619,4500.00,reptiloid,0,0,0
2026-09-04 15:07:55.753804,4500.00,reptiloid,0,0,0
2026-09-04 14:50:06.532771,4250.00,reptiloid,0,0,0
2026-09-04 14:49:35.886294,500.00,reptiloid,0,0,0
2026-09-04 14:44:50.041336,4300.00,reptiloid,0,0,0
2026-09-04 14:37:34.381961,4500.00,veyfora,0,0,0
2026-09-04 14:24:27.780478,4100.00,reptiloid,0,0,0
2026-09-04 14:10:53.170255,4000.00,reptiloid,0,0,0
2026-09-04 14:10:19.698422,1400.00,reptiloid,0,0,0
2026-09-04 14:07:02.523622,500.00,reptiloid,0,0,0
2026-09-04 14:02:28.971258,3900.00,reptiloid,0,0,0
2026-09-04 13:32:14.389483,4500.00,reptiloid,0,0,0
2026-09-04 13:13:05.259918,3700.00,reptiloid,0,0,0
2026-09-04 13:07:45.765771,500.00,reptiloid,0,0,0
2026-09-04 12:55:07.494574,4350.00,reptiloid,0,0,0
2026-09-04 12:48:50.255874,3900.00,reptiloid,0,0,0
2026-09-04 12:47:04.179681,3500.00,reptiloid,0,0,0
2026-09-04 12:43:33.319775,2500.00,reptiloid,0,0,0
2026-09-04 12:21:35.220478,4500.00,transa,0,0,0
2026-09-04 12:06:43.7212,878.00,reptiloid,0,0,0
2026-09-04 12:01:10.788624,1000.00,reptiloid,0,0,0
2026-09-04 11:51:32.60756,1100.00,reptiloid,0,0,0
2026-09-04 11:45:06.388236,4100.00,reptiloid,0,0,0
2026-09-04 11:44:52.018646,4500.00,reptiloid,0,0,0
2026-09-04 11:34:24.52214,4500.00,reptiloid,0,0,0
2026-09-04 11:22:27.576827,9950.00,card,0,0,0
2026-09-04 10:36:22.983141,4500.00,transa,0,0,0
2026-09-04 10:35:55.450256,2800.00,card,0,0,0
2026-09-04 10:16:09.500438,2500.00,card,0,0,0
2026-09-04 10:16:09.286052,4500.00,reptiloid,0,0,0
2026-09-04 09:58:05.666176,4250.00,reptiloid,0,0,0
2026-09-04 09:35:20.977258,2200.00,reptiloid,0,0,0
2026-09-04 09:17:33.460091,4500.00,reptiloid,0,0,0
2026-09-04 09:04:19.520385,3700.00,reptiloid,0,0,0
2026-09-04 08:13:41.593271,4300.00,reptiloid,0,0,0
2026-09-04 07:10:49.215213,2000.00,reptiloid,0,0,0
2026-09-04 06:21:30.650128,3000.00,reptiloid,0,0,0
2026-09-04 05:33:38.947159,2350.00,reptiloid,0,0,0
2026-09-04 04:48:37.242637,4350.00,reptiloid,0,0,0
2026-09-04 04:46:54.687814,500.00,reptiloid,0,0,0
2026-09-04 03:10:20.38211,4500.00,reptiloid,0,0,0
2026-09-04 02:40:29.280009,4500.00,reptiloid,0,0,0
2026-09-04 02:30:02.189817,2800.00,card,0,0,0
2026-09-04 02:21:59.115382,4500.00,reptiloid,0,0,0
2026-09-04 02:16:21.294031,4500.00,reptiloid,0,0,0
2026-09-04 02:10:30.112406,2100.00,reptiloid,0,0,0
2026-09-04 01:47:04.115678,4000.00,reptiloid,0,0,0
2026-09-04 01:23:52.676562,4500.00,card,0,0,0
2026-09-04 01:11:05.070248,4300.00,reptiloid,0,0,0
2026-09-04 01:02:46.427298,4500.00,reptiloid,0,0,0
2026-09-04 00:02:18.588486,4500.00,transa,0,0,0
2026-09-03 23:36:42.457557,2050.00,reptiloid,0,0,0
2026-09-03 23:34:16.622684,4500.00,reptiloid,0,0,0
2026-09-03 23:05:20.491463,4300.00,reptiloid,0,0,0
2026-09-03 23:03:12.817652,2800.00,card,0,0,0
2026-09-03 22:59:16.212924,4280.00,reptiloid,0,0,0
2026-09-03 22:48:23.479948,4500.00,reptiloid,0,0,0
2026-09-03 22:47:34.395181,2720.00,reptiloid,0,0,0
2026-09-03 22:21:46.821982,4500.00,card,0,0,0
2026-09-03 22:20:54.981379,1800.00,card,0,0,0
2026-09-03 22:17:19.63313,4500.00,veyfora,0,0,0
2026-09-03 22:15:33.023793,4500.00,reptiloid,0,0,0
2026-09-03 22:09:13.350987,4500.00,reptiloid,0,0,0
2026-09-03 22:00:10.361061,4650.00,reptiloid,0,0,0
2026-09-03 21:57:12.339152,4500.00,transa,0,0,0
2026-09-03 21:51:50.336912,4050.00,reptiloid,0,0,0
2026-09-03 21:38:42.29558,4200.00,reptiloid,0,0,0
2026-09-03 20:47:50.407679,2200.00,reptiloid,0,0,0
2026-09-03 20:47:36.280004,4500.00,reptiloid,0,0,0
2026-09-03 20:36:43.51702,4280.00,reptiloid,0,0,0
2026-09-03 20:31:09.199481,4500.00,card,0,0,0
2026-09-03 20:18:29.521402,4500.00,reptiloid,0,0,0
2026-09-03 20:16:53.390742,4200.00,reptiloid,0,0,0
2026-09-03 20:16:49.439842,4500.00,reptiloid,0,0,0
2026-09-03 20:06:05.70388,4500.00,veyfora,0,0,0
2026-09-03 19:56:55.516247,2800.00,card,0,0,0
2026-09-03 19:24:37.569185,2300.00,reptiloid,0,0,0
2026-09-03 19:02:33.131928,4300.00,reptiloid,0,0,0
2026-09-03 18:46:09.828457,4500.00,card,0,0,0
2026-09-03 18:39:55.03292,4300.00,reptiloid,0,0,0
2026-09-03 18:32:10.591995,4100.00,card,0,0,0
2026-09-03 18:27:09.371652,4500.00,reptiloid,0,0,0
2026-09-03 18:08:12.248989,4300.00,reptiloid,0,0,0
2026-09-03 18:06:02.913907,4500.00,card,0,0,0
2026-09-03 18:01:36.373454,3900.00,reptiloid,0,0,0
2026-09-03 18:00:58.081841,4500.00,transa,0,0,0
2026-09-03 17:52:42.066997,4500.00,card,0,0,0
2026-09-03 17:49:17.032059,4500.00,transa,0,0,0
2026-09-03 17:39:49.02915,3200.00,reptiloid,0,0,0
2026-09-03 17:26:51.686992,2800.00,card,0,0,0
2026-09-03 16:42:47.852301,4500.00,reptiloid,0,0,0
2026-09-03 16:41:06.442776,1900.00,reptiloid,0,0,0
2026-09-03 16:38:26.33367,4500.00,card,0,0,0
2026-09-03 16:32:27.114095,4500.00,reptiloid,0,0,0
2026-09-03 16:32:02.254413,3700.00,reptiloid,0,0,0
2026-09-03 16:25:17.670093,4500.00,reptiloid,0,0,0
2026-09-03 16:15:18.995478,4000.00,reptiloid,0,0,0
2026-09-03 16:13:20.993878,4375.00,reptiloid,0,0,0
2026-09-03 16:09:33.756893,4500.00,reptiloid,0,0,0
2026-09-03 16:05:03.251181,4500.00,card,0,0,0
2026-09-03 15:52:45.962899,3700.00,veyfora,0,0,0
2026-09-03 15:51:13.889484,2500.00,reptiloid,0,0,0
2026-09-03 15:51:00.229028,3100.00,reptiloid,0,0,0
2026-09-03 15:42:43.460279,1800.00,reptiloid,0,0,0
2026-09-03 15:41:40.608436,500.00,reptiloid,0,0,0
2026-09-03 15:36:47.142167,2800.00,reptiloid,0,0,0
2026-09-03 15:33:29.504346,4250.00,reptiloid,0,0,0
2026-09-03 15:27:01.017184,4500.00,transa,0,0,0
2026-09-03 15:01:33.787301,4500.00,reptiloid,0,0,0
2026-09-03 15:00:08.192107,4500.00,reptiloid,0,0,0
2026-09-03 14:59:58.895374,4500.00,reptiloid,0,0,0
2026-09-03 14:33:11.704212,4500.00,transa,0,0,0
2026-09-03 14:30:53.823166,3200.00,veyfora,0,0,0
2026-09-03 14:26:54.368255,4300.00,reptiloid,0,0,0
2026-09-03 14:21:13.666081,3900.00,reptiloid,0,0,0
2026-09-03 14:18:30.417585,2390.00,reptiloid,0,0,0
2026-09-03 14:17:46.183867,3900.00,reptiloid,0,0,0
2026-09-03 14:00:56.277919,4500.00,veyfora,0,0,0
2026-09-03 13:54:33.21368,2500.00,reptiloid,0,0,0
2026-09-03 13:45:17.368743,4500.00,veyfora,0,0,0
2026-09-03 13:41:58.410424,4500.00,transa,0,0,0
2026-09-03 13:36:32.625706,4500.00,card,0,0,0
2026-09-03 13:23:49.740101,4500.00,card,0,0,0
2026-09-03 13:21:58.828134,4275.00,reptiloid,0,0,0
2026-09-03 13:19:45.892787,3050.00,reptiloid,0,0,0
2026-09-03 13:11:37.294321,3700.00,reptiloid,0,0,0
2026-09-03 13:02:18.916379,4500.00,veyfora,0,0,0
2026-09-03 12:52:20.858576,4500.00,reptiloid,0,0,0
2026-09-03 12:52:13.319022,4500.00,transa,0,0,0
2026-09-03 12:43:54.385765,4100.00,reptiloid,0,0,0
2026-09-03 12:43:46.514965,4500.00,card,0,0,0
2026-09-03 12:06:33.925676,4500.00,reptiloid,0,0,0
2026-09-03 11:40:06.871168,1200.00,card,0,0,0
2026-09-03 11:36:17.442129,4500.00,card,0,0,0
2026-09-03 11:20:15.351865,4200.00,card,0,0,0
2026-09-03 11:13:20.893427,1400.00,card,0,0,0
2026-09-03 10:39:56.11705,4500.00,card,0,0,0
2026-09-03 10:29:32.653856,4300.00,reptiloid,0,0,0
2026-09-03 10:16:45.481782,3000.00,reptiloid,0,0,0
2026-09-03 10:07:15.443539,4500.00,veyfora,0,0,0
2026-09-03 10:00:55.912316,2900.00,card,0,0,0
2026-09-03 09:58:49.476945,3042.00,reptiloid,0,0,0
2026-09-03 09:57:37.822829,4500.00,card,0,0,0
2026-09-03 09:53:28.815487,4500.00,card,0,0,0
2026-09-03 09:45:17.233264,4250.00,reptiloid,0,0,0
2026-09-03 09:33:46.627162,2300.00,reptiloid,0,0,0
2026-09-03 09:32:24.556873,4500.00,reptiloid,0,0,0
2026-09-03 09:19:25.920405,4500.00,card,0,0,0
2026-09-03 08:38:38.059952,4500.00,card,0,0,0
2026-09-03 08:38:14.900432,800.00,card,0,0,0
2026-09-03 08:19:30.237598,4500.00,card,0,0,0
2026-09-03 07:10:02.411786,4500.00,reptiloid,0,0,0
2026-09-03 06:57:54.2742,4500.00,reptiloid,0,0,0
2026-09-03 06:53:32.309795,4500.00,reptiloid,0,0,0
2026-09-03 06:47:00.522739,2800.00,card,0,0,0
2026-09-03 06:40:17.02263,750.00,reptiloid,0,0,0
2026-09-03 06:37:26.284185,4100.00,reptiloid,0,0,0
2026-09-03 06:08:15.347294,8250.00,reptiloid,0,0,0
2026-09-03 05:00:52.10635,4500.00,reptiloid,0,0,0
2026-09-03 04:37:33.129062,3900.00,reptiloid,0,0,0
2026-09-03 04:32:07.042089,4500.00,card,0,0,0
2026-09-03 04:11:09.494357,4050.00,reptiloid,0,0,0
2026-09-03 03:42:03.867325,1980.00,reptiloid,0,0,0
2026-09-03 03:34:53.395912,9000.00,reptiloid,0,0,0
2026-09-03 01:31:39.50281,4500.00,reptiloid,0,0,0
2026-09-03 01:12:57.470893,2810.00,nirvana,0,0,0
2026-09-03 01:09:49.55863,3315.0000,LTC,0,0.89985935,0
2026-09-03 01:04:18.253975,2000.00,reptiloid,0,0,0
2026-09-03 00:26:24.682745,4500.00,veyfora,0,0,0
2026-09-03 00:24:19.11384,2100.00,reptiloid,0,0,0
2026-09-03 00:20:17.281571,4500.00,card,0,0,0
2026-09-03 00:10:01.480932,4300.00,card,0,0,0
2026-09-02 23:47:39.37994,4500.00,reptiloid,0,0,0
2026-09-02 23:18:13.299418,3700.00,reptiloid,0,0,0
2026-09-02 22:49:09.430771,4000.00,reptiloid,0,0,0
2026-09-02 22:44:35.113115,4250.00,reptiloid,0,0,0
2026-09-02 22:39:47.827743,2200.00,reptiloid,0,0,0
2026-09-02 22:38:48.795488,4150.00,reptiloid,0,0,0
2026-09-02 22:21:31.814781,4500.00,reptiloid,0,0,0
2026-09-02 22:20:59.81733,3200.00,reptiloid,0,0,0
2026-09-02 22:19:11.945991,800.00,reptiloid,0,0,0
2026-09-02 21:48:50.38516,4500.00,reptiloid,0,0,0
2026-09-02 21:36:36.810629,3825.0000,LTC,0,1.04478862,0
2026-09-02 21:19:05.003351,4500.00,reptiloid,0,0,0
2026-09-02 20:59:02.083485,4500.00,reptiloid,0,0,0
2026-09-02 20:57:52.724722,1200.00,reptiloid,0,0,0
2026-09-02 20:54:51.628804,4500.00,reptiloid,0,0,0
2026-09-02 20:41:58.00584,4400.00,reptiloid,0,0,0
2026-09-02 20:27:16.016205,3900.00,reptiloid,0,0,0
2026-09-02 20:20:06.856401,2300.00,reptiloid,0,0,0
2026-09-02 19:35:41.789988,4500.00,reptiloid,0,0,0
2026-09-02 19:31:56.551185,4500.00,card,0,0,0
2026-09-02 19:26:26.030776,2100.00,reptiloid,0,0,0
2026-09-02 19:05:11.346168,500.00,reptiloid,0,0,0
2026-09-02 19:01:50.786551,4500.00,reptiloid,0,0,0
2026-09-02 18:46:34.251572,4300.00,reptiloid,0,0,0
2026-09-02 18:43:01.335247,2350.00,reptiloid,0,0,0
2026-09-02 18:42:52.380015,3900.00,reptiloid,0,0,0
2026-09-02 18:42:43.634268,4000.00,reptiloid,0,0,0
2026-09-02 18:28:41.322005,500.00,nirvana,0,0,0
2026-09-02 18:19:19.268864,4260.00,reptiloid,0,0,0
2026-09-02 18:09:16.188565,3900.00,reptiloid,0,0,0
2026-09-02 18:06:28.916726,4500.00,reptiloid,0,0,0
2026-09-02 18:02:50.947977,4500.00,reptiloid,0,0,0
2026-09-02 17:58:40.301116,4500.00,reptiloid,0,0,0
2026-09-02 17:51:33.546555,2100.00,reptiloid,0,0,0
2026-09-02 17:45:52.566027,4300.00,reptiloid,0,0,0
2026-09-02 17:37:57.14646,3900.00,USDT,0,0,37.154000
2026-09-02 16:50:33.608508,4500.00,reptiloid,0,0,0
2026-09-02 16:37:36.863806,4350.00,reptiloid,0,0,0
2026-09-02 16:36:53.592298,4300.00,reptiloid,0,0,0
2026-09-02 16:34:44.365785,670.00,reptiloid,0,0,0
2026-09-02 16:10:33.747083,4500.00,reptiloid,0,0,0
2026-09-02 15:59:47.604852,4300.00,reptiloid,0,0,0
2026-09-02 15:58:36.697281,4500.00,card,0,0,0
2026-09-02 15:54:01.013026,3120.00,reptiloid,0,0,0
2026-09-02 15:38:26.834091,4500.00,reptiloid,0,0,0
2026-09-02 15:18:45.56907,4500.00,reptiloid,0,0,0
2026-09-02 15:11:11.878533,4500.00,reptiloid,0,0,0
2026-09-02 15:01:33.445228,4500.00,reptiloid,0,0,0
2026-09-02 14:30:15.085761,3000.00,reptiloid,0,0,0
2026-09-02 14:29:07.053265,4500.00,transa,0,0,0
2026-09-02 14:25:44.423856,4500.00,reptiloid,0,0,0
2026-09-02 14:23:15.712662,4350.00,reptiloid,0,0,0
2026-09-02 14:19:08.222104,2400.00,reptiloid,0,0,0
2026-09-02 13:57:50.712893,3900.00,reptiloid,0,0,0
2026-09-02 13:50:38.669224,4000.00,reptiloid,0,0,0
2026-09-02 13:40:43.83116,4500.00,reptiloid,0,0,0
2026-09-02 13:33:59.864925,4250.00,reptiloid,0,0,0
2026-09-02 13:29:09.713116,4400.00,reptiloid,0,0,0
2026-09-02 13:27:00.21505,4000.00,reptiloid,0,0,0
2026-09-02 13:17:16.092219,560.00,LTC,0,0.13083587,0
2026-09-02 13:16:28.544997,4500.00,reptiloid,0,0,0
2026-09-02 13:15:58.438875,4500.00,reptiloid,0,0,0
2026-09-02 12:52:26.125407,2500.00,card,0,0,0
2026-09-02 12:38:25.039956,4500.00,card,0,0,0
2026-09-02 12:32:23.00466,2000.00,reptiloid,0,0,0
2026-09-02 12:26:49.661127,2500.00,reptiloid,0,0,0
2026-09-02 11:54:19.741323,4500.00,reptiloid,0,0,0
2026-09-02 11:34:48.803089,4500.00,card,0,0,0
2026-09-02 11:29:02.763017,1700.00,card,0,0,0
2026-09-02 11:15:12.638237,4300.00,reptiloid,0,0,0
2026-09-02 10:52:38.719924,1200.00,card,0,0,0
2026-09-02 10:42:16.506532,2300.00,card,0,0,0
2026-09-02 10:32:29.801744,3000.00,reptiloid,0,0,0
2026-09-02 10:12:39.828528,4500.00,card,0,0,0
2026-09-02 09:12:42.028778,2245.00,reptiloid,0,0,0
2026-09-02 09:05:12.302994,4300.00,reptiloid,0,0,0
2026-09-02 08:44:02.332626,4500.00,transa,0,0,0
2026-09-02 08:38:24.27316,2700.00,reptiloid,0,0,0
2026-09-02 07:56:09.630534,2800.00,card,0,0,0
2026-09-02 07:50:01.741699,4400.00,reptiloid,0,0,0
2026-09-02 07:34:57.318897,4500.00,reptiloid,0,0,0
2026-09-02 07:14:22.792245,4500.00,reptiloid,0,0,0
2026-09-02 07:14:14.15056,2800.00,card,0,0,0
2026-09-02 06:58:59.26172,2900.00,reptiloid,0,0,0
2026-09-02 03:29:56.789074,2050.00,reptiloid,0,0,0
2026-09-02 01:41:33.18913,4100.00,reptiloid,0,0,0
2026-09-02 01:14:19.927566,2100.00,card,0,0,0
2026-09-02 01:02:36.307909,3200.00,card,0,0,0
2026-09-02 00:45:55.838019,4500.00,reptiloid,0,0,0
2026-09-02 00:29:37.678481,2286.00,reptiloid,0,0,0
2026-09-02 00:17:53.228199,4500.00,reptiloid,0,0,0
2026-09-01 23:19:38.47859,1850.00,reptiloid,0,0,0
2026-09-01 23:13:33.004353,2175.0000,USDT,0,0,27.627000
2026-09-01 22:57:29.627619,3800.00,reptiloid,0,0,0
2026-09-01 22:41:47.309536,2300.00,reptiloid,0,0,0
2026-09-01 22:41:21.930873,3700.00,reptiloid,0,0,0
2026-09-01 22:37:18.600565,4500.00,reptiloid,0,0,0
2026-09-01 22:03:17.494064,4300.00,reptiloid,0,0,0
2026-09-01 21:57:14.833527,4500.00,transa,0,0,0
2026-09-01 21:53:31.351852,4500.00,reptiloid,0,0,0
2026-09-01 21:19:49.928173,2800.00,reptiloid,0,0,0
2026-09-01 21:03:58.187765,1600.00,reptiloid,0,0,0
2026-09-01 21:01:01.184454,2400.00,reptiloid,0,0,0
2026-09-01 20:46:24.814746,2800.00,reptiloid,0,0,0
2026-09-01 20:35:34.461308,2250.00,reptiloid,0,0,0
2026-09-01 20:33:49.01067,2000.00,card,0,0,0
2026-09-01 20:27:43.209348,4500.00,card,0,0,0
2026-09-01 20:21:09.490191,3200.00,reptiloid,0,0,0
2026-09-01 20:14:32.242164,3070.00,reptiloid,0,0,0
2026-09-01 20:09:42.512943,4500.00,card,0,0,0
2026-09-01 19:51:22.457399,4250.00,reptiloid,0,0,0
2026-09-01 19:29:22.418686,2400.00,card,0,0,0
2026-09-01 18:52:34.762002,13000.00,reptiloid,0,0,0
2026-09-01 18:52:15.483988,4500.00,transa,0,0,0
2026-09-01 18:32:37.997309,2500.00,reptiloid,0,0,0
2026-09-01 18:30:33.01161,2800.00,reptiloid,0,0,0
2026-09-01 18:13:19.468326,8500.00,reptiloid,0,0,0
2026-09-01 18:12:08.522345,3000.00,reptiloid,0,0,0
2026-09-01 18:11:39.095548,8500.00,reptiloid,0,0,0
2026-09-01 18:05:42.740688,2300.00,reptiloid,0,0,0
2026-09-01 18:04:17.539627,4500.00,reptiloid,0,0,0
2026-09-01 18:00:31.097486,2800.00,card,0,0,0
2026-09-01 17:50:51.262364,1800.00,reptiloid,0,0,0
2026-09-01 17:48:38.97061,4500.00,reptiloid,0,0,0
2026-09-01 17:47:42.72908,600.00,reptiloid,0,0,0
2026-09-01 17:41:45.762106,1000.00,reptiloid,0,0,0
2026-09-01 17:37:26.62737,700.00,reptiloid,0,0,0
2026-09-01 17:34:28.032544,4100.00,reptiloid,0,0,0
2026-09-01 17:19:28.896414,2800.00,reptiloid,0,0,0
2026-09-01 17:16:53.366923,2200.00,reptiloid,0,0,0
2026-09-01 17:16:11.528198,2200.00,reptiloid,0,0,0
2026-09-01 17:09:38.869119,4500.00,card,0,0,0
2026-09-01 16:57:51.347152,4500.00,transa,0,0,0
2026-09-01 16:47:59.809074,2280.00,reptiloid,0,0,0
2026-09-01 16:38:05.828207,2300.00,reptiloid,0,0,0
2026-09-01 16:31:33.656758,2800.00,card,0,0,0
2026-09-01 16:30:18.317588,1300.00,reptiloid,0,0,0
2026-09-01 16:28:30.527637,4500.00,reptiloid,0,0,0
2026-09-01 16:24:35.424966,4300.00,reptiloid,0,0,0
2026-09-01 16:23:38.094647,2300.00,reptiloid,0,0,0
2026-09-01 16:22:22.564065,1300.00,reptiloid,0,0,0
2026-09-01 16:21:07.928314,4300.00,reptiloid,0,0,0
2026-09-01 16:19:51.763495,4300.00,reptiloid,0,0,0
2026-09-01 16:11:39.974795,4500.00,transa,0,0,0
2026-09-01 16:08:03.916097,3800.00,reptiloid,0,0,0
2026-09-01 16:01:08.023222,4500.00,reptiloid,0,0,0
2026-09-01 15:58:06.303125,3100.00,reptiloid,0,0,0
2026-09-01 15:54:52.603013,2300.00,reptiloid,0,0,0
2026-09-01 15:43:49.804378,4300.00,reptiloid,0,0,0
2026-09-01 15:38:55.683309,4300.00,reptiloid,0,0,0
2026-09-01 15:33:08.249557,4500.00,reptiloid,0,0,0
2026-09-01 15:32:53.246466,3200.00,card,0,0,0
2026-09-01 14:42:02.268375,4500.00,reptiloid,0,0,0
2026-09-01 14:32:19.216927,2800.00,card,0,0,0
2026-09-01 14:17:04.485912,4500.00,card,0,0,0
2026-09-01 14:11:20.699636,5500.00,card,0,0,0
2026-09-01 14:09:30.63532,4150.00,reptiloid,0,0,0
2026-09-01 14:04:30.938461,2680.00,reptiloid,0,0,0
2026-09-01 13:56:48.237886,4500.00,reptiloid,0,0,0
2026-09-01 13:38:06.105057,500.00,reptiloid,0,0,0
2026-09-01 13:31:21.581592,4200.00,reptiloid,0,0,0
2026-09-01 13:18:48.527814,4500.00,reptiloid,0,0,0
2026-09-01 13:10:56.943133,4500.00,reptiloid,0,0,0
2026-09-01 13:05:10.837443,600.00,reptiloid,0,0,0
2026-09-01 12:45:20.134612,4050.00,reptiloid,0,0,0
2026-09-01 12:42:51.832328,4050.00,reptiloid,0,0,0
2026-09-01 12:36:17.556018,4250.00,reptiloid,0,0,0
2026-09-01 12:33:23.879666,1200.00,reptiloid,0,0,0
2026-09-01 12:24:12.379829,4500.00,reptiloid,0,0,0
2026-09-01 12:23:29.081101,4285.00,reptiloid,0,0,0
2026-09-01 12:02:36.79225,3200.00,card,0,0,0
2026-09-01 12:02:11.844853,4100.00,reptiloid,0,0,0
2026-09-01 12:00:29.138799,2800.00,card,0,0,0
2026-09-01 11:57:50.646414,2300.00,reptiloid,0,0,0
2026-09-01 11:56:21.49573,3000.00,reptiloid,0,0,0
2026-09-01 11:27:11.98526,4000.00,reptiloid,0,0,0
2026-09-01 11:18:07.482978,590.00,reptiloid,0,0,0
2026-09-01 11:17:28.514046,4500.00,reptiloid,0,0,0
2026-09-01 10:48:56.045442,2400.00,reptiloid,0,0,0
2026-09-01 10:29:46.730171,4500.00,reptiloid,0,0,0
2026-09-01 10:22:47.265089,4500.00,reptiloid,0,0,0
2026-09-01 10:22:31.382772,4500.00,reptiloid,0,0,0
2026-09-01 10:12:00.494825,950.00,reptiloid,0,0,0
2026-09-01 09:50:45.569966,4300.00,reptiloid,0,0,0
2026-09-01 09:46:52.990772,4500.00,reptiloid,0,0,0
2026-09-01 07:43:00.696352,500.00,reptiloid,0,0,0
2026-09-01 07:22:36.074421,4500.00,reptiloid,0,0,0
2026-09-01 07:06:07.024607,4500.00,reptiloid,0,0,0
2026-09-01 03:07:43.325069,4230.00,reptiloid,0,0,0
2026-09-01 02:15:45.092801,4400.00,reptiloid,0,0,0
2026-09-01 02:15:44.148755,4000.00,reptiloid,0,0,0
2026-09-01 02:06:27.352236,4500.00,transa,0,0,0
2026-09-01 01:27:45.328034,2100.00,reptiloid,0,0,0
2026-09-01 00:23:32.419636,1900.00,reptiloid,0,0,0
2026-09-01 00:13:24.035562,4500.00,transa,0,0,0
2026-08-31 23:54:16.240812,4500.00,card,0,0,0
2026-08-31 23:54:00.527536,4250.00,reptiloid,0,0,0
2026-08-31 23:34:50.44494,2847.00,reptiloid,0,0,0
2026-08-31 23:32:44.761477,4100.00,reptiloid,0,0,0
2026-08-31 23:14:21.805714,3900.00,reptiloid,0,0,0
2026-08-31 22:37:05.037562,4500.00,reptiloid,0,0,0
2026-08-31 22:16:27.166642,2300.00,reptiloid,0,0,0
2026-08-31 21:59:34.123194,4500.00,reptiloid,0,0,0
2026-08-31 21:13:08.0795,4350.00,reptiloid,0,0,0
2026-08-31 21:00:54.193305,4200.00,reptiloid,0,0,0
2026-08-31 20:59:18.578773,2300.00,reptiloid,0,0,0
2026-08-31 20:57:05.258363,4500.00,transa,0,0,0
2026-08-31 20:54:39.779038,2200.00,reptiloid,0,0,0
2026-08-31 20:48:09.753097,2400.00,reptiloid,0,0,0
